timestamp,machine_id,cpu_percent,cpu_freq_current,cpu_user_time_percent,cpu_system_time_percent,cpu_ctx_switches_per_sec,cpu_interrupts_per_sec,memory_percent,memory_available_mb,memory_used_mb,swap_percent,disk_usage_percent,disk_read_bytes_per_sec,disk_write_bytes_per_sec,disk_read_count_per_sec,disk_write_count_per_sec,net_bytes_sent_per_sec,net_bytes_recv_per_sec,net_packets_sent_per_sec,net_packets_recv_per_sec,net_errors_total,net_drops_total,process_count
2026-10-02T18:43:01.979265+00:00,SivaChowdary,20.9,2600.0,3.3,16.9,42827.2,28591.4,60.4,12887.1,19622.4,4.4,54.1,145856.0,158010.7,7.9,17.8,16593.0,4442.3,23.7,31.7,0.0,294.0,345.0
2026-10-02T18:43:02.825930+00:00,SivaChowdary,14.3,2600.0,3.3,9.8,28491.3,22227.0,60.3,12891.6,19617.9,4.4,54.1,24553.9,405139.2,1.0,9.0,1158.0,1594.6,12.0,20.0,0.0,294.0,345.0
2026-10-02T18:43:03.815951+00:00,SivaChowdary,14.8,2600.0,4.6,9.2,29602.8,19820.5,60.3,12909.0,19600.5,4.4,54.1,0.0,4092.4,0.0,1.0,3529.9,2560.7,23.0,30.0,0.0,294.0,347.0
2026-10-02T18:43:04.939179+00:00,SivaChowdary,19.9,2600.0,4.4,14.8,45624.0,31113.2,60.3,12896.6,19612.9,4.4,54.1,49212.4,127132.1,2.0,22.0,36303.6,27285.5,63.1,88.1,0.0,294.0,345.0
2026-10-02T18:43:05.842109+00:00,SivaChowdary,11.8,2600.0,5.2,6.2,16937.2,10747.9,60.4,12877.9,19631.6,4.4,54.1,0.0,130973.4,0.0,1.0,11596.3,12624.5,71.9,78.9,0.0,294.0,345.0
2026-10-02T18:43:06.880548+00:00,SivaChowdary,22.4,2600.0,6.5,14.7,21317.2,14482.9,60.5,12846.0,19663.5,4.4,54.1,0.0,45071.1,0.0,10.0,1351.5,2437.8,16.0,28.0,0.0,294.0,347.0
2026-10-02T18:43:07.927953+00:00,SivaChowdary,13.1,2600.0,3.5,9.0,42491.6,27005.2,60.5,12836.9,19672.6,4.4,54.1,137308.3,368887.9,34.0,25.0,1298.9,2023.4,13.0,25.0,0.0,294.0,345.0
2026-10-02T18:43:08.855838+00:00,SivaChowdary,18.0,2600.0,4.5,11.9,17408.4,11477.1,60.5,12838.0,19671.5,4.4,54.1,0.0,20460.5,0.0,4.0,1477.6,894.1,2.0,14.0,0.0,294.0,345.0
2026-10-02T18:43:09.966974+00:00,SivaChowdary,11.2,2600.0,3.8,6.7,20604.4,12587.6,60.6,12820.3,19689.2,4.4,54.1,0.0,81969.4,0.0,13.0,168.1,648.4,2.0,11.0,0.0,294.0,347.0
2026-10-02T18:43:10.870719+00:00,SivaChowdary,26.7,2600.0,4.7,21.1,61794.3,48082.0,60.5,12835.0,19674.5,4.4,54.1,0.0,36864.8,0.0,3.0,1812.0,1022.0,20.0,14.0,0.0,294.0,345.0
2026-10-02T18:43:11.929836+00:00,SivaChowdary,14.3,2600.0,4.8,8.1,47496.6,35664.4,60.5,12838.1,19671.4,4.4,54.1,32749.1,294742.2,2.0,21.0,54862.4,12697.7,89.9,111.9,0.0,294.0,345.0
2026-10-02T18:43:12.916287+00:00,SivaChowdary,14.1,2600.0,3.2,9.7,21882.3,14190.3,60.5,12849.7,19659.8,4.4,54.1,0.0,16392.4,0.0,4.0,619.3,661.3,6.0,9.0,0.0,294.0,347.0
2026-10-02T18:43:13.929809+00:00,SivaChowdary,15.3,2600.0,2.8,11.6,37717.1,25664.4,60.5,12851.9,19657.6,4.4,54.1,0.0,0.0,0.0,0.0,1544.2,1110.4,3.0,17.0,0.0,294.0,345.0
2026-10-02T18:43:14.843125+00:00,SivaChowdary,8.7,2600.0,1.9,5.8,17752.4,10750.4,60.5,12848.0,19661.5,4.4,54.1,0.0,135285.7,0.0,2.0,53023.1,29246.4,92.1,103.1,0.0,294.0,345.0
2026-10-02T18:43:15.914172+00:00,SivaChowdary,17.2,2600.0,4.1,12.5,20049.1,12882.1,60.5,12843.0,19666.5,4.4,54.1,0.0,98235.9,0.0,4.0,11715.9,28152.5,50.0,129.9,0.0,294.0,347.0
2026-10-02T18:43:16.891217+00:00,SivaChowdary,11.6,2600.0,3.9,6.8,41327.0,26441.2,60.5,12852.2,19657.4,4.4,54.1,0.0,0.0,0.0,0.0,703.7,12722.8,5.0,216.9,0.0,294.0,345.0
2026-10-02T18:43:17.843442+00:00,SivaChowdary,15.0,2600.0,2.5,11.4,22302.9,15345.4,60.3,12916.2,19593.3,4.4,54.1,0.0,151694.2,0.0,11.0,1342.3,8370.8,14.0,139.1,0.0,294.0,345.0
2026-10-02T18:43:18.993115+00:00,SivaChowdary,7.8,2600.0,2.7,4.5,15175.6,9485.9,60.3,12896.9,19612.7,4.4,54.1,0.0,94137.1,0.0,5.0,29398.8,9447.9,51.0,120.9,0.0,294.0,347.0
2026-10-02T18:43:19.846564+00:00,SivaChowdary,27.4,2600.0,6.3,20.3,32509.7,21644.8,60.4,12871.6,19637.9,4.4,54.1,0.0,131179.7,0.0,16.0,6874.6,24039.7,53.0,72.1,0.0,294.0,347.0
2026-10-02T18:43:20.962558+00:00,SivaChowdary,9.3,2600.0,1.7,6.2,29742.2,20168.5,60.3,12890.6,19618.9,4.4,54.1,0.0,45063.9,0.0,4.0,1301.2,1884.3,14.0,22.0,0.0,294.0,345.0
2026-10-02T18:43:21.842916+00:00,SivaChowdary,16.2,2600.0,2.4,12.6,18216.9,12004.0,60.4,12885.7,19623.8,4.4,54.1,0.0,122838.7,0.0,23.0,1002.7,1759.4,10.0,22.0,0.0,294.0,347.0
2026-10-02T18:43:22.906615+00:00,SivaChowdary,40.2,2600.0,19.8,18.8,82181.5,57418.0,62.7,12135.3,20374.3,4.4,54.1,16384.3,237572.3,1.0,23.0,45189.8,60824.1,133.0,161.0,0.0,294.0,348.0
2026-10-02T18:43:23.845525+00:00,SivaChowdary,22.8,2600.0,10.0,11.4,42996.7,32102.3,62.5,12183.1,20326.4,4.4,54.1,32769.3,135173.4,2.0,19.0,2189.1,1577.1,8.0,21.0,0.0,294.0,348.0
2026-10-02T18:43:24.942667+00:00,SivaChowdary,22.0,2600.0,10.0,11.6,21800.6,16459.2,62.6,12156.7,20352.9,4.4,54.1,0.0,73692.9,0.0,11.0,39054.4,8976.7,62.0,45.0,0.0,294.0,351.0
2026-10-02T18:43:25.838399+00:00,SivaChowdary,36.5,2600.0,19.8,15.7,70736.6,44281.4,62.9,12047.0,20462.5,4.4,54.1,12295.1,217212.7,3.0,23.0,76270.8,1131033.3,386.2,1028.6,0.0,294.0,350.0
2026-10-02T18:43:26.836343+00:00,SivaChowdary,26.6,2600.0,11.2,14.6,44724.1,29059.0,63.7,11788.4,20721.2,4.4,54.1,418174.1,409472.8,17.0,20.0,84547.7,4944594.9,739.8,3945.8,0.0,294.0,350.0
2026-10-02T18:43:27.940525+00:00,SivaChowdary,31.5,2600.0,23.3,7.3,36606.7,23876.2,64.1,11662.7,20846.9,4.4,54.1,306459.6,13134275.1,15.0,82.9,44106.1,843104.6,272.8,794.4,0.0,294.0,352.0
2026-10-02T18:43:28.859516+00:00,SivaChowdary,39.7,2600.0,20.0,18.7,49540.2,35866.8,63.9,11752.1,20757.4,4.4,54.1,196787.7,53296.7,4.0,6.0,1847.7,2595.4,5.0,20.0,0.0,294.0,350.0
2026-10-02T18:43:29.940966+00:00,SivaChowdary,12.4,2600.0,6.0,6.8,38289.9,23616.2,63.8,11779.3,20730.2,4.4,54.1,98308.9,13406879.3,5.0,100.0,15378.8,5539.3,28.0,43.0,0.0,294.0,350.0
2026-10-02T18:43:30.850722+00:00,SivaChowdary,19.4,2600.0,4.4,13.3,29776.2,19996.7,63.7,11786.0,20723.5,4.4,54.1,180140.4,491291.9,3.0,15.0,66.0,774.6,1.0,13.0,0.0,294.0,352.0
2026-10-02T18:43:31.922659+00:00,SivaChowdary,17.9,2600.0,6.1,10.8,55225.2,33183.5,63.7,11792.1,20717.4,4.4,54.1,25578.8,0.0,3.0,0.0,42362.9,1560835.8,257.8,1289.9,0.0,294.0,350.0
2026-10-02T18:43:32.849383+00:00,SivaChowdary,19.6,2600.0,6.9,12.1,31019.2,18970.3,63.8,11779.4,20730.1,4.4,54.1,0.0,356733.9,0.0,17.0,57239.3,3060085.8,439.5,2444.6,0.0,294.0,350.0
2026-10-02T18:43:33.949135+00:00,SivaChowdary,17.0,2600.0,8.2,8.4,26389.8,18468.1,63.5,11868.6,20640.9,4.4,54.1,245721.3,544682.3,6.0,25.0,53282.6,3812002.2,447.9,3006.5,0.0,294.0,352.0
2026-10-02T18:43:34.851377+00:00,SivaChowdary,17.8,2600.0,3.0,14.4,47720.6,30361.1,63.5,11872.6,20637.0,4.4,54.1,16387.3,81936.5,1.0,10.0,1648.3,2801.6,18.0,27.0,0.0,294.0,350.0
2026-10-02T18:43:35.904441+00:00,SivaChowdary,8.9,2600.0,2.1,6.7,14302.4,8769.9,63.5,11871.3,20638.2,4.4,54.1,32782.6,225380.2,2.0,38.0,20671.2,15564.9,55.0,72.0,0.0,294.0,350.0
2026-10-02T18:43:36.899194+00:00,SivaChowdary,11.2,2600.0,2.8,8.5,31115.9,23515.1,63.5,11860.4,20649.1,4.4,54.1,98300.4,323572.1,2.0,20.0,2689.9,13810.5,29.0,47.0,0.0,294.0,352.0
2026-10-02T18:43:37.900393+00:00,SivaChowdary,18.7,1496.0,3.9,14.4,54068.7,36229.0,63.4,11888.8,20620.7,4.4,54.1,0.0,155549.4,0.0,6.0,48620.2,1937576.2,278.8,1565.0,0.0,294.0,352.0
2026-10-02T18:43:38.855844+00:00,SivaChowdary,9.4,2600.0,2.2,6.4,21017.5,13487.1,63.3,11932.6,20576.9,4.4,54.1,0.0,8190.3,0.0,2.0,2336.5,1938.6,11.0,24.0,0.0,294.0,350.0
2026-10-02T18:43:39.928692+00:00,SivaChowdary,12.9,2600.0,3.3,9.4,15303.8,10222.2,63.3,11936.0,20573.5,4.4,54.1,0.0,106550.2,0.0,15.0,884.5,1468.7,10.0,20.0,0.0,294.0,352.0
2026-10-02T18:43:40.856811+00:00,SivaChowdary,14.9,2600.0,4.0,10.1,48554.9,29723.6,63.3,11932.0,20577.5,4.4,54.1,0.0,12289.5,0.0,3.0,0.0,857.1,0.0,13.0,0.0,294.0,350.0
2026-10-02T18:43:41.851243+00:00,SivaChowdary,17.3,2600.0,4.7,12.5,16307.0,10922.7,63.3,11935.2,20574.3,4.4,54.1,0.0,32782.0,0.0,5.0,3202.4,1923.8,11.0,21.0,0.0,294.0,350.0
2026-10-02T18:43:42.944429+00:00,SivaChowdary,9.9,2600.0,4.5,5.0,19049.6,10842.6,63.3,11938.2,20571.4,4.4,54.1,0.0,8188.0,0.0,2.0,22745.8,1209376.9,146.9,973.5,0.0,294.0,352.0
2026-10-02T18:43:43.873192+00:00,SivaChowdary,22.8,2600.0,3.9,18.1,38033.6,28054.7,63.3,11939.9,20569.7,4.4,54.1,0.0,0.0,0.0,0.0,44063.6,5469.5,49.0,49.9,0.0,294.0,350.0
2026-10-02T18:43:44.895253+00:00,SivaChowdary,9.5,2600.0,4.3,4.9,28134.3,16312.8,63.2,11950.8,20558.7,4.4,54.1,32813.8,369155.2,1.0,50.1,535.7,1834.6,5.0,12.0,0.0,294.0,350.0
2026-10-02T18:43:45.865366+00:00,SivaChowdary,18.6,2600.0,4.7,13.2,21031.7,13262.9,63.3,11939.4,20570.1,4.4,54.1,0.0,57335.0,0.0,8.0,1534.8,11353.2,14.0,24.0,0.0,294.0,352.0
2026-10-02T18:43:46.889361+00:00,SivaChowdary,11.1,2600.0,3.4,7.8,42217.7,26993.7,63.3,11927.5,20582.0,4.4,54.1,0.0,0.0,0.0,0.0,2905.7,5070.7,19.0,27.0,0.0,294.0,350.0
2026-10-02T18:43:47.848812+00:00,SivaChowdary,14.1,2600.0,3.7,9.2,25149.7,16869.8,63.3,11932.7,20576.8,4.4,54.1,4095.0,511871.5,1.0,39.0,336.9,844.8,4.0,13.0,0.0,294.0,350.0
2026-10-02T18:43:49.019150+00:00,SivaChowdary,15.4,2600.0,5.4,9.6,25924.9,15295.8,63.3,11929.8,20579.8,4.4,54.1,0.0,196554.3,0.0,29.0,4217.8,3208.1,27.0,38.0,0.0,294.0,352.0
2026-10-02T18:43:49.819613+00:00,SivaChowdary,20.9,2600.0,3.9,15.7,49997.4,33260.9,63.4,11899.1,20610.4,4.4,54.1,0.0,114746.4,0.0,26.0,24559.5,1092167.4,171.1,883.4,0.0,294.0,350.0
2026-10-02T18:43:50.826110+00:00,SivaChowdary,14.4,2600.0,4.2,8.9,28971.0,19914.5,63.4,11903.7,20605.8,4.4,54.1,0.0,143399.6,0.0,4.0,678.2,1487.4,8.0,19.0,0.0,294.0,350.0
2026-10-02T18:43:51.816810+00:00,SivaChowdary,11.9,1496.0,2.7,8.3,23131.7,13862.0,63.4,11908.6,20600.9,4.4,54.1,0.0,122809.2,0.0,25.0,4300.5,3107.2,23.0,33.0,0.0,294.0,352.0
2026-10-02T18:43:52.819421+00:00,SivaChowdary,21.4,2600.0,6.6,13.8,58912.0,36717.4,63.3,11928.5,20581.0,4.4,54.1,0.0,143416.1,0.0,31.0,20265.9,15396.0,51.0,60.0,0.0,294.0,350.0
2026-10-02T18:43:53.890607+00:00,SivaChowdary,14.0,2600.0,6.2,7.6,37847.4,27485.2,63.4,11892.1,20617.4,4.4,54.1,0.0,118763.4,0.0,19.0,24449.8,24162.8,71.0,96.0,0.0,294.0,351.0
2026-10-02T18:43:54.907196+00:00,SivaChowdary,22.4,2600.0,8.2,13.1,23761.3,17201.8,63.4,11898.9,20610.6,4.4,54.1,0.0,8193.8,0.0,2.0,19799.4,1129773.2,119.0,904.2,0.0,294.0,353.0
2026-10-02T18:43:55.906133+00:00,SivaChowdary,10.8,2600.0,3.1,6.9,43855.7,26413.8,63.4,11896.2,20613.3,4.4,54.1,16349.2,429166.7,1.0,48.9,149.7,758.4,2.0,13.0,0.0,294.0,351.0
2026-10-02T18:43:56.834962+00:00,SivaChowdary,14.2,2600.0,3.1,10.6,17519.4,11705.3,63.4,11900.2,20609.3,4.4,54.1,0.0,86194.9,0.0,19.0,569.2,890.8,6.0,11.0,0.0,294.0,351.0
2026-10-02T18:43:58.014160+00:00,SivaChowdary,11.0,2600.0,3.8,6.1,28814.1,18066.1,63.4,11910.8,20598.7,4.4,54.1,147497.7,798945.7,7.0,63.0,421.1,943.3,5.0,15.0,0.0,294.0,352.0
2026-10-02T18:43:58.852055+00:00,SivaChowdary,30.1,2600.0,7.6,21.8,32460.7,21541.6,63.4,11899.5,20610.0,4.4,54.1,0.0,16367.7,0.0,3.0,30534.6,1360574.4,190.8,1109.9,0.0,294.0,352.0
2026-10-02T18:43:59.937547+00:00,SivaChowdary,8.6,2600.0,3.8,4.6,33559.0,19888.9,63.3,11922.9,20586.6,4.4,54.1,0.0,384944.1,0.0,25.0,460.9,1052.8,5.0,16.0,0.0,294.0,350.0
2026-10-02T18:44:00.875988+00:00,SivaChowdary,28.0,2600.0,5.8,21.3,26485.6,18981.0,63.4,11898.5,20611.0,4.4,54.1,0.0,53301.5,0.0,12.0,2519.5,88579.8,21.0,214.2,0.0,294.0,353.0
2026-10-02T18:44:02.008758+00:00,SivaChowdary,19.4,2600.0,6.1,12.0,47246.0,28774.6,63.4,11902.4,20607.1,4.4,54.1,57295.5,282384.8,1.0,27.0,43032.5,273680.2,94.9,461.6,0.0,294.0,351.0
2026-10-02T18:44:02.848049+00:00,SivaChowdary,37.0,2600.0,16.7,19.6,40069.5,25188.2,63.6,11827.4,20682.1,4.4,54.1,478345.0,1606091.9,12.0,27.0,71636.5,1573636.6,342.1,1507.4,0.0,294.0,351.0
2026-10-02T18:44:03.963081+00:00,SivaChowdary,23.6,2600.0,15.4,6.7,35437.9,20627.4,64.1,11674.6,20834.9,4.4,54.1,122983.9,1996438.9,3.0,42.0,90499.5,4501131.3,573.5,3678.1,0.0,294.0,353.0
2026-10-02T18:44:04.844336+00:00,SivaChowdary,33.2,2600.0,10.8,20.8,29436.9,21034.6,64.0,11707.6,20801.9,4.4,54.1,654913.0,1600443.5,14.0,55.0,13560.7,247700.9,86.9,242.8,0.0,294.0,353.0
2026-10-02T18:44:05.850800+00:00,SivaChowdary,10.2,2600.0,4.6,4.5,49995.9,28944.5,64.0,11707.1,20802.4,4.4,54.1,0.0,0.0,0.0,0.0,1374.0,2905.1,14.0,24.0,0.0,294.0,351.0
2026-10-02T18:44:06.873243+00:00,SivaChowdary,23.4,2600.0,11.0,11.9,25876.8,16800.6,64.1,11681.5,20828.0,4.4,54.1,16393.3,184425.1,1.0,28.0,39498.5,2185925.1,239.1,1715.0,0.0,294.0,353.0
2026-10-02T18:44:07.920019+00:00,SivaChowdary,21.6,2600.0,9.7,11.4,63993.8,36443.3,64.0,11697.3,20812.2,4.4,54.1,0.0,36825.9,0.0,8.0,56888.2,2070648.9,267.7,1662.3,0.0,294.0,351.0
2026-10-02T18:44:08.854322+00:00,SivaChowdary,23.0,2600.0,11.1,11.3,24921.6,15765.9,64.0,11711.7,20797.8,4.4,54.1,0.0,12301.1,0.0,3.0,45015.1,3142548.9,312.3,2476.6,0.0,294.0,351.0
2026-10-02T18:44:09.957487+00:00,SivaChowdary,12.1,2600.0,4.8,6.9,27570.6,18025.2,63.7,11805.0,20704.5,4.4,54.1,0.0,0.0,0.0,0.0,54012.5,3845345.8,401.9,3008.2,0.0,294.0,353.0
2026-10-02T18:44:10.854225+00:00,SivaChowdary,22.8,2600.0,5.2,16.6,55470.2,35548.6,63.7,11794.9,20714.6,4.4,54.1,0.0,8194.7,0.0,2.0,36824.1,2968795.8,294.1,2316.8,0.0,294.0,351.0
2026-10-02T18:44:11.962158+00:00,SivaChowdary,12.4,2600.0,3.9,7.9,22517.5,14068.3,63.6,11828.1,20681.4,4.4,54.1,143261.5,188286.5,5.0,6.0,16730.5,1280246.4,143.9,1031.3,0.0,294.0,351.0
2026-10-02T18:44:12.923695+00:00,SivaChowdary,15.5,2600.0,3.7,10.6,22976.8,15779.1,63.6,11834.0,20675.6,4.4,54.1,0.0,184415.1,0.0,38.0,10820.6,4386.3,33.0,45.0,0.0,294.0,353.0
2026-10-02T18:44:13.942603+00:00,SivaChowdary,19.5,2600.0,4.9,13.3,50201.2,31418.6,63.6,11838.6,20670.9,4.4,54.1,0.0,77768.5,0.0,10.0,1854.7,979.3,6.0,13.0,0.0,294.0,351.0
2026-10-02T18:44:14.831447+00:00,SivaChowdary,19.4,2600.0,7.7,10.6,30177.1,20163.7,63.5,11853.0,20656.5,4.4,54.1,12290.9,221236.0,3.0,7.0,13455.2,781122.4,90.0,635.1,0.0,294.0,351.0
2026-10-02T18:44:15.945330+00:00,SivaChowdary,20.5,2600.0,6.6,12.8,32493.6,21395.0,63.4,11909.2,20600.4,4.4,54.1,16371.7,675333.5,1.0,36.0,51789.2,103512.4,134.9,185.9,0.0,294.0,353.0
2026-10-02T18:44:16.838594+00:00,SivaChowdary,23.3,2600.0,8.7,13.7,56157.1,34402.9,63.9,11730.2,20779.3,4.4,54.1,159892.4,250088.1,2.0,5.0,18386.1,621702.0,151.1,578.5,0.0,294.0,351.0
2026-10-02T18:44:17.887173+00:00,SivaChowdary,29.0,2600.0,18.7,9.9,31845.4,19653.2,64.2,11649.4,20860.1,4.4,54.1,168048.7,766466.2,5.0,35.0,106552.5,3409084.2,593.4,2802.9,0.0,294.0,351.0
2026-10-02T18:44:18.935918+00:00,SivaChowdary,14.9,2600.0,5.7,8.3,22781.2,13862.1,64.1,11661.0,20848.5,4.4,54.1,16380.5,303040.1,1.0,20.0,23570.0,76842.8,103.0,153.0,0.0,294.0,353.0
2026-10-02T18:44:19.922697+00:00,SivaChowdary,30.7,2600.0,5.8,23.3,20474.6,17438.2,64.1,11661.6,20847.9,4.4,54.1,16380.5,438177.7,1.0,41.0,4450.0,20216.6,22.0,40.0,0.0,294.0,353.0
2026-10-02T18:44:20.858459+00:00,SivaChowdary,22.4,2600.0,6.0,14.9,47837.3,31702.6,64.1,11681.7,20827.9,4.4,54.1,0.0,155587.3,0.0,4.0,5055.0,59335.9,29.0,65.0,0.0,294.0,351.0
2026-10-02T18:44:21.972312+00:00,SivaChowdary,22.0,2600.0,3.7,18.0,21072.0,15245.3,63.8,11781.5,20728.1,4.4,54.1,0.0,155640.6,0.0,21.0,2588.9,7342.7,26.0,39.0,0.0,294.0,353.0
2026-10-02T18:44:22.843601+00:00,SivaChowdary,35.5,2600.0,6.0,27.4,63131.6,40687.5,63.3,11946.1,20563.4,4.4,54.1,0.0,421872.0,0.0,22.0,22115.2,821667.9,156.0,668.0,0.0,294.0,351.0
2026-10-02T18:44:23.916726+00:00,SivaChowdary,25.2,1496.0,6.3,17.6,40407.3,27390.7,62.4,12236.5,20273.0,4.4,54.1,0.0,339802.6,0.0,46.0,15366.5,704390.1,123.9,585.7,0.0,294.0,350.0
2026-10-02T18:44:24.946123+00:00,SivaChowdary,13.7,1496.0,5.3,7.2,26665.7,16268.9,62.4,12232.2,20277.3,4.4,54.1,4092.0,175954.2,1.0,8.0,460.5,748.3,5.0,10.0,0.0,294.0,352.0
2026-10-02T18:44:25.842600+00:00,SivaChowdary,22.4,2600.0,4.1,18.0,34321.7,24111.8,62.3,12244.6,20264.9,4.4,54.1,147773.2,508996.7,8.0,76.2,3992.6,612.3,5.0,8.0,0.0,294.0,352.0
2026-10-02T18:44:26.819231+00:00,SivaChowdary,8.3,2600.0,2.3,4.8,52526.9,29817.6,62.4,12229.9,20279.7,4.4,54.1,1652907.6,73690.0,94.0,15.0,18616.4,12676.5,47.0,55.0,0.0,294.0,350.0
2026-10-02T18:44:27.879337+00:00,SivaChowdary,8.6,2600.0,2.9,5.5,18312.4,10825.0,62.4,12225.5,20284.0,4.4,54.1,16387.1,311354.0,1.0,18.0,4947.9,6686.2,24.0,40.0,0.0,294.0,352.0
2026-10-02T18:44:28.900096+00:00,SivaChowdary,26.7,2600.0,10.2,15.2,67366.4,41427.6,62.3,12264.6,20244.9,4.4,54.1,0.0,73778.9,0.0,3.0,10679.4,614526.7,78.1,498.3,0.0,294.0,350.0
2026-10-02T18:44:29.839550+00:00,SivaChowdary,11.2,2600.0,3.0,6.9,22495.4,15421.5,62.2,12293.9,20215.6,4.4,54.1,0.0,343918.0,0.0,15.0,671.7,1257.5,7.0,17.0,0.0,294.0,350.0
2026-10-02T18:44:30.875027+00:00,SivaChowdary,16.2,2600.0,4.3,11.0,31024.9,19612.4,62.2,12285.0,20224.5,4.4,54.1,0.0,155572.1,0.0,26.0,24650.0,892595.4,149.9,733.6,0.0,294.0,352.0
2026-10-02T18:44:31.937888+00:00,SivaChowdary,10.9,2600.0,3.6,6.9,43196.1,28051.5,62.2,12299.5,20210.0,4.4,54.1,0.0,180124.4,0.0,9.0,1958.9,2921.4,18.0,29.0,0.0,294.0,350.0
2026-10-02T18:44:32.855569+00:00,SivaChowdary,20.1,2600.0,4.6,14.8,18651.4,12475.6,62.2,12293.7,20215.9,4.4,54.1,0.0,12295.5,0.0,2.0,546.3,858.5,6.0,11.0,0.0,294.0,350.0
2026-10-02T18:44:33.980172+00:00,SivaChowdary,7.3,2600.0,3.0,3.8,14391.0,8359.4,62.2,12296.7,20212.8,4.4,54.1,0.0,163828.6,0.0,5.0,2192.8,1384.9,10.0,17.0,0.0,294.0,352.0
2026-10-02T18:44:34.836315+00:00,SivaChowdary,27.4,2600.0,4.8,20.6,47776.7,31909.8,62.2,12293.0,20216.5,4.4,54.1,0.0,8193.0,0.0,1.0,293.0,573.1,3.0,8.0,0.0,294.0,351.0
2026-10-02T18:44:35.917456+00:00,SivaChowdary,17.0,2600.0,9.8,6.5,30349.5,19094.5,62.2,12298.4,20211.1,4.4,54.1,0.0,167905.3,0.0,8.0,24757.5,638666.2,131.0,540.9,0.0,294.0,350.0
2026-10-02T18:44:36.885551+00:00,SivaChowdary,22.9,2600.0,8.2,13.3,30711.1,19162.5,62.4,12237.4,20272.1,4.4,54.1,373907.3,53269.0,18.0,13.0,40755.1,598601.8,263.1,555.2,0.0,294.0,352.0
2026-10-02T18:44:37.902767+00:00,SivaChowdary,20.8,2600.0,8.6,10.5,47123.8,31817.1,62.3,12260.2,20249.3,4.4,54.1,81902.3,679789.2,5.0,37.0,501.9,649.9,5.0,7.0,0.0,294.0,350.0
2026-10-02T18:44:38.846573+00:00,SivaChowdary,16.4,2600.0,5.0,10.2,20744.9,12705.8,62.3,12254.1,20255.4,4.4,54.1,98341.4,278634.1,3.0,18.0,1927.7,1031.4,7.0,15.0,0.0,294.0,350.0
2026-10-02T18:44:40.007418+00:00,SivaChowdary,13.1,2600.0,4.1,9.0,20715.3,13739.2,62.3,12257.5,20252.1,4.4,54.1,0.0,49131.4,0.0,6.0,24705.6,1240355.5,173.9,980.6,0.0,294.0,352.0
2026-10-02T18:44:40.861605+00:00,SivaChowdary,22.8,1496.0,5.9,15.3,51331.0,33266.3,62.3,12252.6,20256.9,4.4,54.1,0.0,12293.3,0.0,3.0,20875.0,1144379.1,166.1,920.4,0.0,294.0,350.0
2026-10-02T18:44:41.907673+00:00,SivaChowdary,13.9,2600.0,4.1,9.6,16226.1,10159.7,62.3,12270.5,20239.0,4.4,54.1,0.0,32770.2,0.0,5.0,1235.1,2102.1,13.0,23.0,0.0,294.0,350.0
2026-10-02T18:44:42.874250+00:00,SivaChowdary,9.4,2600.0,2.9,5.7,18937.1,11678.1,62.2,12289.0,20220.5,4.4,54.1,0.0,4091.5,0.0,1.0,913.0,1297.6,9.0,15.0,0.0,294.0,352.0
2026-10-02T18:44:43.908702+00:00,SivaChowdary,18.8,2600.0,2.8,15.6,44203.0,28969.0,62.2,12283.2,20226.3,4.4,54.1,0.0,0.0,0.0,0.0,2807.8,1349.9,16.0,15.0,0.0,294.0,350.0
2026-10-02T18:44:44.870352+00:00,SivaChowdary,8.5,2600.0,2.5,5.0,18102.8,10608.1,62.2,12293.6,20215.9,4.4,54.1,0.0,69639.0,0.0,10.0,36848.7,2331012.4,264.0,1815.2,0.0,294.0,350.0
2026-10-02T18:44:45.891378+00:00,SivaChowdary,19.9,2600.0,5.4,13.3,29893.1,19501.9,62.2,12303.5,20206.0,4.4,54.1,0.0,61465.0,0.0,8.0,20416.3,776505.3,103.0,644.3,0.0,294.0,352.0
2026-10-02T18:44:46.958605+00:00,SivaChowdary,10.8,2600.0,2.5,7.5,38879.5,24699.0,62.1,12315.0,20194.5,4.4,54.1,0.0,24535.3,0.0,5.0,2085.5,2991.0,20.0,30.0,0.0,294.0,350.0
2026-10-02T18:44:47.834527+00:00,SivaChowdary,14.2,1496.0,2.5,10.8,19286.8,13280.6,62.1,12335.2,20174.3,4.4,54.1,0.0,0.0,0.0,0.0,51939.3,7608.8,64.1,70.1,0.0,294.0,349.0
2026-10-02T18:44:48.962386+00:00,SivaChowdary,9.4,2600.0,2.7,5.9,16859.3,9883.6,62.0,12351.8,20157.7,4.4,54.1,0.0,32766.6,0.0,6.0,36667.5,2175648.2,259.0,1698.9,0.0,294.0,350.0
2026-10-02T18:44:49.875563+00:00,SivaChowdary,22.1,2600.0,3.6,18.0,45686.4,30805.1,62.0,12340.2,20169.3,4.4,54.1,16392.0,98352.2,1.0,16.0,15730.7,1310929.6,130.1,1043.5,0.0,294.0,348.0
2026-10-02T18:44:50.936316+00:00,SivaChowdary,12.2,2600.0,2.8,7.9,15018.6,9011.6,62.0,12358.0,20151.5,4.4,54.1,0.0,94161.7,0.0,6.0,1407.3,2114.0,15.0,27.0,0.0,294.0,348.0
2026-10-02T18:44:51.864010+00:00,SivaChowdary,18.1,2600.0,5.1,11.7,19941.6,12309.9,62.0,12351.6,20158.0,4.4,54.1,0.0,69620.2,0.0,13.0,27256.4,1612243.9,186.0,1278.8,0.0,294.0,350.0
2026-10-02T18:44:52.897417+00:00,SivaChowdary,20.2,2600.0,4.5,14.3,43291.1,27682.4,62.0,12350.7,20158.8,4.4,54.1,0.0,40959.1,0.0,9.0,10815.8,812980.6,92.0,661.0,0.0,294.0,348.0
2026-10-02T18:44:53.831931+00:00,SivaChowdary,14.8,2600.0,4.0,9.2,16715.3,9927.9,62.0,12357.3,20152.2,4.4,54.1,0.0,49176.4,0.0,8.0,1774.9,1333.7,5.0,20.0,0.0,294.0,348.0
2026-10-02T18:44:54.933320+00:00,SivaChowdary,15.4,2600.0,4.4,10.2,14543.7,9597.5,62.0,12345.3,20164.2,4.4,54.1,0.0,8192.4,0.0,2.0,20219.0,974505.4,128.0,777.0,0.0,294.0,350.0
2026-10-02T18:44:55.848317+00:00,SivaChowdary,15.4,2600.0,3.7,11.2,54978.3,32715.7,62.0,12352.7,20156.8,4.4,54.1,0.0,28658.6,0.0,4.0,60431.7,3732291.2,531.8,2905.6,0.0,294.0,348.0
2026-10-02T18:44:56.863866+00:00,SivaChowdary,14.8,2600.0,3.5,10.5,20472.6,13847.8,61.8,12420.1,20089.4,4.4,54.1,0.0,184037.9,0.0,29.0,24453.5,1213231.1,192.7,991.5,0.0,294.0,347.0
2026-10-02T18:44:57.966262+00:00,SivaChowdary,9.0,2600.0,3.0,4.9,14376.8,8283.9,61.8,12421.4,20088.1,4.4,54.1,0.0,86170.9,0.0,12.0,1189.1,2148.9,12.0,24.0,0.0,294.0,349.0
2026-10-02T18:44:58.847965+00:00,SivaChowdary,25.6,2600.0,4.9,20.1,27819.8,18975.5,61.8,12411.0,20098.5,4.4,54.1,0.0,16371.5,0.0,3.0,20751.2,17919.3,42.0,58.0,0.0,294.0,349.0
2026-10-02T18:44:59.857023+00:00,SivaChowdary,8.7,1496.0,3.9,4.0,37518.3,23469.5,61.7,12460.6,20048.9,4.4,54.1,0.0,98415.0,0.0,17.0,422.5,843.0,5.0,12.0,0.0,294.0,347.0
2026-10-02T18:45:00.911802+00:00,SivaChowdary,26.1,2600.0,4.7,20.5,15752.2,11809.2,61.7,12447.9,20061.7,4.4,54.1,0.0,12281.9,0.0,3.0,676.7,1186.4,8.0,16.0,0.0,294.0,349.0
2026-10-02T18:45:01.854728+00:00,SivaChowdary,14.6,2600.0,4.3,8.9,41306.7,27129.7,61.7,12450.7,20058.8,4.4,54.1,0.0,106518.5,0.0,5.0,9474.0,169011.7,18.0,139.0,0.0,294.0,347.0
2026-10-02T18:45:02.834355+00:00,SivaChowdary,17.2,2600.0,4.3,12.2,18571.8,12121.4,61.7,12448.6,20061.0,4.4,54.1,0.0,16390.0,0.0,4.0,5954.2,402533.5,46.0,312.1,0.0,294.0,347.0
2026-10-02T18:45:04.001390+00:00,SivaChowdary,6.1,2600.0,2.8,3.4,13816.1,7897.2,61.7,12464.3,20045.2,4.4,54.1,0.0,8193.3,0.0,2.0,11514.8,527610.8,63.0,417.1,0.0,294.0,349.0
2026-10-02T18:45:04.838782+00:00,SivaChowdary,23.8,2600.0,3.5,19.5,30089.6,19547.9,61.7,12448.6,20060.9,4.4,54.1,0.0,61420.8,0.0,9.0,10457.7,395993.9,38.0,311.9,0.0,294.0,349.0
2026-10-02T18:45:05.878588+00:00,SivaChowdary,9.2,2600.0,4.1,4.7,36525.1,20903.2,61.7,12450.1,20059.4,4.4,54.1,0.0,131004.3,0.0,1.0,33375.8,439904.7,106.9,457.8,0.0,294.0,347.0
2026-10-02T18:45:06.893740+00:00,SivaChowdary,15.9,2600.0,3.2,12.4,20742.0,13309.2,61.7,12438.8,20070.7,4.4,54.1,0.0,155685.2,0.0,20.0,44806.7,2477672.9,339.1,1993.5,0.0,294.0,349.0
2026-10-02T18:45:07.941145+00:00,SivaChowdary,13.1,2600.0,4.0,8.3,43598.9,26239.2,61.8,12425.7,20083.8,4.4,54.1,12290.0,385085.1,3.0,9.0,1458.2,1738.3,13.0,16.0,0.0,294.0,349.0
2026-10-02T18:45:08.858014+00:00,SivaChowdary,17.4,2600.0,3.1,13.2,16786.0,11097.6,61.8,12415.3,20094.2,4.4,54.1,204848.7,90133.4,4.0,13.0,2106.5,1326.3,8.0,16.0,0.0,294.0,349.0
2026-10-02T18:45:09.969892+00:00,SivaChowdary,9.2,2600.0,2.9,6.4,16897.1,10462.2,61.8,12422.9,20086.6,4.4,54.1,0.0,0.0,0.0,0.0,1040.3,1442.1,11.0,18.0,0.0,294.0,351.0
2026-10-02T18:45:10.848913+00:00,SivaChowdary,22.2,2600.0,2.4,18.4,41595.4,27339.0,61.8,12422.3,20087.2,4.4,54.1,147542.5,520497.2,3.0,14.0,11462.7,308388.8,57.0,253.1,0.0,294.0,349.0
2026-10-02T18:45:11.918552+00:00,SivaChowdary,20.6,2600.0,10.3,9.5,26852.3,16291.2,61.8,12430.5,20079.0,4.4,54.1,0.0,32740.4,0.0,7.0,39573.6,2534846.4,350.7,1992.3,0.0,294.0,349.0
2026-10-02T18:45:12.892623+00:00,SivaChowdary,15.5,1496.0,4.2,10.7,17072.8,10894.9,61.7,12439.8,20069.7,4.4,54.1,0.0,4098.6,0.0,1.0,84.1,536.3,1.0,9.0,0.0,294.0,351.0
2026-10-02T18:45:13.912181+00:00,SivaChowdary,17.1,2600.0,4.4,12.5,40334.8,25952.9,61.7,12447.4,20062.1,4.4,54.1,0.0,0.0,0.0,0.0,1859.0,1137.0,7.0,16.0,0.0,294.0,349.0
2026-10-02T18:45:14.854037+00:00,SivaChowdary,9.6,2600.0,2.2,6.4,14440.7,8870.0,61.7,12442.4,20067.1,4.4,54.1,0.0,8193.0,0.0,2.0,507.1,759.1,6.0,11.0,0.0,294.0,349.0
2026-10-02T18:45:15.911557+00:00,SivaChowdary,15.1,2600.0,3.6,11.2,15564.2,10407.8,61.7,12436.8,20072.7,4.4,54.1,0.0,49165.3,0.0,7.0,6007.6,9994.7,26.0,28.0,0.0,294.0,351.0
2026-10-02T18:45:16.851052+00:00,SivaChowdary,12.3,2600.0,3.6,7.7,44166.1,28693.2,61.7,12441.1,20068.4,4.4,54.1,0.0,0.0,0.0,0.0,2370.4,3486.7,14.0,27.0,0.0,294.0,349.0
2026-10-02T18:45:17.850200+00:00,SivaChowdary,12.8,2600.0,2.0,10.4,16155.6,10332.6,61.7,12440.1,20069.4,4.4,54.1,0.0,24584.5,0.0,4.0,2077.7,3453.2,18.0,25.0,0.0,294.0,349.0
2026-10-02T18:45:19.000082+00:00,SivaChowdary,7.2,2600.0,3.2,3.7,16060.8,9532.5,61.7,12438.5,20071.1,4.4,54.1,0.0,36842.9,0.0,3.0,30791.4,1335601.8,201.9,1083.4,0.0,294.0,351.0
2026-10-02T18:45:19.854486+00:00,SivaChowdary,23.8,2600.0,2.7,20.5,20382.8,15135.5,61.7,12443.6,20066.0,4.4,54.1,0.0,65603.0,0.0,11.0,1593.6,19330.7,16.0,32.0,0.0,294.0,351.0
2026-10-02T18:45:20.878164+00:00,SivaChowdary,11.2,2600.0,4.1,5.9,42194.4,26736.2,61.7,12465.0,20044.5,4.4,54.1,0.0,155509.4,0.0,4.0,2017.2,2123.1,22.0,24.0,0.0,294.0,349.0
2026-10-02T18:45:21.859866+00:00,SivaChowdary,14.1,1496.0,2.8,10.8,20233.7,13647.9,61.7,12461.6,20047.9,4.4,54.1,0.0,69672.3,0.0,13.0,712.4,1505.9,8.0,21.0,0.0,294.0,351.0
2026-10-02T18:45:22.923291+00:00,SivaChowdary,13.0,2600.0,3.4,9.2,39276.2,25456.1,61.7,12466.5,20043.0,4.4,54.1,98304.6,233473.3,1.0,6.0,1423.0,2246.0,14.0,27.0,0.0,294.0,349.0
2026-10-02T18:45:23.848986+00:00,SivaChowdary,16.9,2600.0,3.5,12.4,25491.8,14724.1,61.7,12463.4,20046.1,4.4,54.1,0.0,16385.2,0.0,4.0,27861.0,1089276.2,196.0,878.1,0.0,294.0,349.0
2026-10-02T18:45:24.977572+00:00,SivaChowdary,10.9,2600.0,3.8,6.8,18032.4,10237.4,61.7,12453.8,20055.7,4.4,54.1,16379.8,81899.0,1.0,9.0,30524.2,2190239.6,260.9,1727.6,0.0,294.0,351.0
2026-10-02T18:45:25.825164+00:00,SivaChowdary,19.1,2600.0,1.9,16.2,41553.4,28451.8,61.7,12456.0,20053.5,4.4,54.1,16373.5,180108.7,1.0,17.0,252.8,420.7,3.0,6.0,0.0,294.0,349.0
2026-10-02T18:45:26.921361+00:00,SivaChowdary,8.0,2600.0,2.7,5.0,14775.0,8433.6,61.7,12465.7,20043.8,4.4,54.1,0.0,20491.1,0.0,4.0,590.3,810.4,6.0,10.0,0.0,294.0,349.0
2026-10-02T18:45:27.873193+00:00,SivaChowdary,13.4,2600.0,2.3,10.2,25634.3,19819.6,61.6,12473.0,20036.5,4.4,54.1,0.0,8197.2,0.0,2.0,1322.8,3192.0,8.0,14.0,0.0,294.0,351.0
2026-10-02T18:45:28.903819+00:00,SivaChowdary,20.7,2600.0,5.6,14.7,42675.0,27728.7,61.6,12477.5,20032.0,4.4,54.1,0.0,208690.5,0.0,14.0,20543.8,878435.8,124.9,697.3,0.0,294.0,349.0
2026-10-02T18:45:29.825467+00:00,SivaChowdary,11.7,2600.0,2.8,7.9,19455.4,12293.7,61.6,12473.8,20035.7,4.4,54.1,0.0,77853.6,0.0,12.0,14610.6,925880.5,130.0,754.3,0.0,294.0,349.0
2026-10-02T18:45:30.961970+00:00,SivaChowdary,12.7,2600.0,2.6,10.2,19050.5,13544.6,61.6,12471.4,20038.1,4.4,54.1,0.0,4097.4,0.0,1.0,234.1,615.2,3.0,9.0,0.0,294.0,351.0
2026-10-02T18:45:31.851267+00:00,SivaChowdary,15.6,2600.0,3.4,11.0,42405.6,28447.3,61.6,12474.4,20035.1,4.4,54.1,0.0,0.0,0.0,0.0,848.2,1574.6,6.0,17.0,0.0,294.0,349.0
2026-10-02T18:45:32.886091+00:00,SivaChowdary,14.5,2600.0,3.9,10.2,17858.7,11943.8,61.7,12465.4,20044.1,4.4,54.1,0.0,135188.1,0.0,11.0,10178.5,14553.2,25.0,39.0,0.0,294.0,349.0
2026-10-02T18:45:33.935512+00:00,SivaChowdary,8.9,2600.0,2.6,6.0,16119.9,9179.9,61.6,12476.4,20033.2,4.4,54.1,0.0,4097.8,0.0,1.0,2530.1,1643.7,13.0,19.0,0.0,294.0,351.0
2026-10-02T18:45:34.889898+00:00,SivaChowdary,20.9,2600.0,3.6,17.0,32654.4,25059.0,61.6,12472.5,20037.0,4.4,54.1,0.0,12287.0,0.0,2.0,1473.9,2327.8,16.0,29.0,0.0,294.0,351.0
2026-10-02T18:45:35.853138+00:00,SivaChowdary,10.7,1496.0,3.6,6.2,32343.4,19489.0,61.6,12483.8,20025.7,4.4,54.1,0.0,0.0,0.0,0.0,438.0,717.0,5.0,10.0,0.0,294.0,349.0
2026-10-02T18:45:36.863007+00:00,SivaChowdary,15.1,2600.0,3.8,11.0,25401.1,17639.3,61.6,12478.9,20030.6,4.4,54.1,16396.3,258242.3,1.0,10.0,13649.3,4457.4,34.0,39.0,0.0,294.0,351.0
2026-10-02T18:45:37.921940+00:00,SivaChowdary,13.3,2600.0,4.0,8.7,39819.2,25626.3,61.6,12478.7,20030.8,4.4,54.1,0.0,249712.8,0.0,20.0,1146.3,1718.0,11.0,16.0,0.0,294.0,349.0
2026-10-02T18:45:38.863838+00:00,SivaChowdary,14.4,2600.0,3.2,10.9,15379.4,10200.0,61.6,12477.7,20031.8,4.4,54.1,0.0,8188.0,0.0,2.0,1773.1,660.7,5.0,8.0,0.0,294.0,349.0
2026-10-02T18:45:39.973387+00:00,SivaChowdary,8.8,2600.0,3.0,5.3,17360.8,10300.3,61.7,12452.5,20057.0,4.4,54.1,0.0,143350.1,0.0,10.0,1137.9,1781.9,12.0,22.0,0.0,294.0,352.0
2026-10-02T18:45:40.874943+00:00,SivaChowdary,24.3,2600.0,3.3,20.2,17820.8,13347.8,61.7,12454.8,20054.7,4.4,54.1,0.0,217133.7,0.0,18.0,13170.8,510060.4,69.0,400.1,0.0,294.0,352.0
2026-10-02T18:45:41.852651+00:00,SivaChowdary,12.4,2600.0,4.1,6.8,48291.7,28867.0,61.7,12463.9,20045.7,4.4,54.1,0.0,20482.8,0.0,4.0,61940.6,4071155.9,545.1,3189.4,0.0,294.0,351.0
2026-10-02T18:45:42.874417+00:00,SivaChowdary,19.1,2600.0,4.8,13.1,30026.8,20280.2,61.7,12453.2,20056.3,4.4,54.1,0.0,8191.7,0.0,2.0,774.0,1362.9,8.0,18.0,0.0,294.0,354.0
2026-10-02T18:45:43.952350+00:00,SivaChowdary,12.6,2600.0,3.5,8.3,46932.3,29361.7,61.7,12459.5,20050.0,4.4,54.1,0.0,0.0,0.0,0.0,1986.2,1015.1,8.0,13.0,0.0,294.0,350.0
2026-10-02T18:45:44.872210+00:00,SivaChowdary,12.9,1496.0,1.7,10.6,14855.9,9105.0,61.7,12461.9,20047.6,4.4,54.1,4098.7,53283.4,1.0,8.0,0.0,392.3,0.0,7.0,0.0,294.0,350.0
2026-10-02T18:45:45.981806+00:00,SivaChowdary,10.6,2600.0,3.3,6.8,15627.0,8652.5,61.7,12451.9,20057.6,4.4,54.1,0.0,73681.0,0.0,7.0,167.9,399.7,2.0,6.0,0.0,294.0,352.0
2026-10-02T18:45:46.816265+00:00,SivaChowdary,19.4,2600.0,2.9,15.7,51162.2,34325.3,61.7,12451.3,20058.2,4.4,54.1,0.0,0.0,0.0,0.0,1356.6,1572.7,11.0,13.0,0.0,294.0,350.0
2026-10-02T18:45:47.957272+00:00,SivaChowdary,7.6,2600.0,2.5,4.6,18336.4,11460.1,61.7,12454.7,20054.8,4.4,54.1,0.0,32774.1,0.0,6.0,671.1,1399.3,7.0,19.0,0.0,294.0,350.0
2026-10-02T18:45:48.887048+00:00,SivaChowdary,12.6,2600.0,2.3,9.8,17792.1,11407.2,61.7,12456.4,20053.1,4.4,54.1,0.0,8189.3,0.0,2.0,2195.3,1439.5,10.0,18.0,0.0,294.0,352.0
2026-10-02T18:45:49.918288+00:00,SivaChowdary,15.0,2600.0,3.3,11.1,41660.3,26098.6,61.7,12449.2,20060.3,4.4,54.1,0.0,143264.6,0.0,6.0,1849.8,2036.6,19.0,23.0,0.0,294.0,350.0
2026-10-02T18:45:50.840529+00:00,SivaChowdary,13.9,2600.0,3.8,9.7,15285.4,9277.9,61.7,12456.1,20053.4,4.4,54.1,0.0,8192.8,0.0,2.0,584.1,708.1,6.0,9.0,0.0,294.0,350.0
2026-10-02T18:45:52.016001+00:00,SivaChowdary,13.2,2600.0,4.3,8.2,21136.0,13559.5,61.7,12459.7,20049.9,4.4,54.1,0.0,32778.8,0.0,3.0,3786.3,17151.7,37.0,51.0,0.0,294.0,352.0
2026-10-02T18:45:52.837632+00:00,SivaChowdary,20.9,2600.0,5.1,15.1,43624.4,28712.4,61.7,12455.1,20054.4,4.4,54.1,0.0,802602.6,0.0,37.0,292.9,516.9,3.0,7.0,0.0,294.0,350.0
2026-10-02T18:45:53.934039+00:00,SivaChowdary,10.3,2600.0,3.0,7.2,15242.9,9173.5,61.7,12462.9,20046.6,4.4,54.1,0.0,12288.7,0.0,2.0,2274.1,1544.1,10.0,20.0,0.0,294.0,350.0
2026-10-02T18:45:54.834904+00:00,SivaChowdary,12.1,2600.0,3.4,8.0,18742.4,10773.1,61.7,12450.0,20059.5,4.4,54.1,0.0,12287.0,0.0,2.0,634.9,1027.9,7.0,14.0,0.0,294.0,352.0
2026-10-02T18:45:55.937864+00:00,SivaChowdary,18.9,2600.0,2.8,15.4,46069.1,27475.0,61.7,12460.5,20049.1,4.4,54.1,0.0,4092.7,0.0,1.0,4305.6,2044.4,17.0,24.0,0.0,294.0,350.0
2026-10-02T18:45:56.838127+00:00,SivaChowdary,8.5,2600.0,1.9,6.2,15138.6,8626.6,61.7,12465.2,20044.3,4.4,54.1,0.0,20505.1,0.0,5.0,956.2,1753.1,11.0,22.0,0.0,294.0,350.0
2026-10-02T18:45:57.895476+00:00,SivaChowdary,14.3,2600.0,3.9,10.1,16900.7,10457.5,61.7,12453.4,20056.1,4.4,54.1,0.0,147391.9,0.0,13.0,506.8,1000.6,6.0,15.0,0.0,294.0,352.0
2026-10-02T18:45:58.877152+00:00,SivaChowdary,11.7,2600.0,3.0,7.7,44423.2,28536.0,61.7,12451.5,20058.0,4.4,54.1,0.0,12293.6,0.0,2.0,1545.7,1016.5,3.0,17.0,0.0,294.0,350.0
2026-10-02T18:45:59.840850+00:00,SivaChowdary,15.1,2600.0,2.6,11.6,17334.3,10691.7,61.7,12453.2,20056.3,4.4,54.1,0.0,49141.5,0.0,7.0,410.9,798.8,4.0,11.0,0.0,294.0,350.0
2026-10-02T18:46:00.986580+00:00,SivaChowdary,11.5,2600.0,3.1,8.0,16906.4,11137.9,61.7,12450.1,20059.4,4.4,54.1,0.0,8197.1,0.0,2.0,1241.8,3601.2,11.0,18.0,0.0,294.0,352.0
2026-10-02T18:46:01.832990+00:00,SivaChowdary,25.0,2600.0,4.6,19.8,40338.2,24637.6,61.7,12440.7,20068.8,4.4,54.1,0.0,0.0,0.0,0.0,68005.5,3848070.6,549.6,3051.6,0.0,294.0,353.0
2026-10-02T18:46:02.934767+00:00,SivaChowdary,9.2,2600.0,4.1,5.1,36132.4,21074.2,61.7,12439.0,20070.5,4.4,54.1,0.0,106512.0,0.0,8.0,1680.3,2227.3,18.0,28.0,0.0,294.0,350.0
2026-10-02T18:46:03.871705+00:00,SivaChowdary,16.0,2600.0,2.7,12.3,17044.2,10743.4,61.7,12444.2,20065.3,4.4,54.1,0.0,12295.4,0.0,3.0,2235.3,1351.8,10.0,17.0,0.0,294.0,352.0
2026-10-02T18:46:04.952125+00:00,SivaChowdary,11.6,2600.0,2.8,8.1,42126.9,26504.1,61.7,12453.1,20056.4,4.4,54.1,0.0,49116.9,0.0,7.0,755.5,1345.0,8.0,18.0,0.0,294.0,350.0
2026-10-02T18:46:05.869829+00:00,SivaChowdary,13.6,2600.0,2.9,9.9,14498.3,9148.4,61.7,12453.2,20056.3,4.4,54.1,4612.2,131192.6,6.0,1.0,1093.0,1709.6,12.0,23.0,0.0,294.0,350.0
2026-10-02T18:46:06.960760+00:00,SivaChowdary,8.8,2600.0,2.8,5.2,16003.2,10162.6,61.7,12443.5,20066.1,4.4,54.1,0.0,208845.8,0.0,28.0,1048.7,2166.5,11.0,31.0,0.0,294.0,352.0
2026-10-02T18:46:07.864536+00:00,SivaChowdary,23.1,2600.0,4.6,18.1,36525.4,26110.7,61.7,12438.2,20071.3,4.4,54.1,0.0,61303.0,0.0,14.0,798.2,1860.8,8.0,26.9,0.0,294.0,350.0
2026-10-02T18:46:08.995108+00:00,SivaChowdary,7.0,2600.0,2.8,3.8,20902.7,12807.5,61.6,12469.1,20040.4,4.4,54.1,0.0,28722.4,0.0,6.0,1859.3,1446.5,6.0,21.0,0.0,294.0,349.0
2026-10-02T18:46:09.910245+00:00,SivaChowdary,15.3,2600.0,3.2,11.5,20368.9,13957.8,61.6,12494.3,20015.2,4.4,54.1,0.0,0.0,0.0,0.0,84.0,895.7,1.0,16.0,0.0,294.0,350.0
2026-10-02T18:46:10.961078+00:00,SivaChowdary,13.5,2600.0,4.1,9.0,44867.1,28327.1,61.6,12490.5,20019.0,4.4,54.1,0.0,24576.1,0.0,4.0,403.0,1004.0,5.0,15.0,0.0,294.0,348.0
2026-10-02T18:46:11.856993+00:00,SivaChowdary,15.9,2600.0,4.0,11.2,16436.1,10422.0,61.6,12485.9,20023.6,4.4,54.1,0.0,40960.2,0.0,7.0,253.0,565.0,3.0,8.0,0.0,294.0,348.0
2026-10-02T18:46:13.007834+00:00,SivaChowdary,11.0,2600.0,3.4,7.4,16975.1,10057.7,61.5,12502.0,20007.5,4.4,54.1,0.0,102376.7,0.0,14.0,590.9,958.8,7.0,13.0,0.0,294.0,350.0
2026-10-02T18:46:13.873462+00:00,SivaChowdary,21.0,2600.0,3.5,17.0,42834.2,28959.7,61.6,12497.3,20012.2,4.4,54.1,0.0,0.0,0.0,0.0,1395.9,823.5,1.0,13.0,0.0,294.0,348.0
2026-10-02T18:46:14.997383+00:00,SivaChowdary,9.1,2600.0,2.9,5.5,13697.5,7874.6,61.5,12502.6,20006.9,4.4,54.1,0.0,4095.3,0.0,1.0,168.0,511.9,2.0,8.0,0.0,294.0,348.0
2026-10-02T18:46:15.908117+00:00,SivaChowdary,14.5,2600.0,3.9,10.2,32182.1,25182.9,61.6,12496.7,20012.8,4.4,54.1,0.0,20471.8,0.0,4.0,902.6,1461.4,9.0,15.0,0.0,294.0,350.0
2026-10-02T18:46:16.929051+00:00,SivaChowdary,18.3,2600.0,4.7,13.0,41430.1,26592.7,61.6,12498.7,20010.8,4.4,54.1,0.0,28616.8,0.0,5.0,4182.9,2916.4,18.0,24.0,0.0,294.0,348.0
2026-10-02T18:46:17.822022+00:00,SivaChowdary,9.2,1496.0,2.4,6.6,13920.1,8436.1,61.5,12502.2,20007.3,4.4,54.1,0.0,0.0,0.0,0.0,1633.1,2632.2,18.1,31.1,0.0,294.0,348.0
2026-10-02T18:46:19.033054+00:00,SivaChowdary,11.3,2600.0,2.9,8.3,15162.0,9612.3,61.6,12495.5,20014.0,4.4,54.1,0.0,12271.8,0.0,2.0,4458.1,2422.8,19.0,28.0,0.0,294.0,350.0
2026-10-02T18:46:19.873053+00:00,SivaChowdary,16.3,2600.0,3.0,12.6,52625.0,37163.1,61.6,12492.7,20016.8,4.4,54.1,0.0,122943.1,0.0,11.0,2185.1,19877.2,23.0,45.0,0.0,294.0,348.0
2026-10-02T18:46:20.898403+00:00,SivaChowdary,15.8,2600.0,4.1,11.1,20408.6,13966.3,61.6,12491.4,20018.1,4.4,54.1,0.0,155728.9,0.0,4.0,1052.5,1593.8,11.0,21.0,0.0,294.0,350.0
2026-10-02T18:46:21.835499+00:00,SivaChowdary,10.6,2600.0,3.3,6.5,21889.3,12264.1,61.6,12490.0,20019.5,4.4,54.1,0.0,229378.6,0.0,24.0,1651.0,2575.0,16.0,31.0,0.0,294.0,350.0
2026-10-02T18:46:22.902022+00:00,SivaChowdary,18.8,2600.0,2.9,15.5,42538.4,28823.3,61.6,12492.4,20017.1,4.4,54.1,0.0,49149.0,0.0,9.0,814.0,1766.9,8.0,24.0,0.0,294.0,348.0
2026-10-02T18:46:23.851997+00:00,SivaChowdary,8.0,2600.0,3.1,4.6,17132.9,10187.6,61.6,12498.8,20010.7,4.4,54.1,0.0,16375.3,0.0,4.0,20360.2,23197.7,67.0,72.0,0.0,294.0,348.0
2026-10-02T18:46:24.891747+00:00,SivaChowdary,17.8,2600.0,4.7,12.7,21828.7,13826.8,61.6,12486.8,20022.7,4.4,54.1,0.0,49151.3,0.0,7.0,46174.3,2716549.5,340.0,2154.0,0.0,294.0,350.0
2026-10-02T18:46:25.933790+00:00,SivaChowdary,9.5,1496.0,3.3,6.1,46864.7,30018.8,61.6,12484.4,20025.1,4.4,54.1,0.0,40981.6,0.0,6.0,4291.3,2117.1,17.0,23.0,0.0,294.0,348.0
2026-10-02T18:46:26.826718+00:00,SivaChowdary,15.5,2600.0,2.8,12.1,16372.5,10304.3,61.6,12488.1,20021.4,4.4,54.1,212999.0,557074.3,1.0,24.0,1097.0,1526.1,11.0,19.0,0.0,294.0,348.0
2026-10-02T18:46:28.034674+00:00,SivaChowdary,7.8,2600.0,3.4,4.1,14898.1,8807.5,61.6,12487.7,20021.8,4.4,54.1,0.0,12265.0,0.0,3.0,1560.1,597.9,3.0,7.0,0.0,294.0,350.0
2026-10-02T18:46:28.846399+00:00,SivaChowdary,25.5,2600.0,3.9,21.1,16503.7,11761.7,61.6,12478.5,20031.0,4.4,54.1,0.0,98427.3,0.0,6.0,0.0,719.9,0.0,12.0,0.0,294.0,350.0
2026-10-02T18:46:29.909796+00:00,SivaChowdary,8.0,2600.0,3.2,4.0,39961.6,24163.4,61.6,12493.3,20016.2,4.4,54.1,0.0,32784.9,0.0,4.0,84.0,600.3,1.0,10.0,0.0,294.0,348.0
2026-10-02T18:46:30.883959+00:00,SivaChowdary,16.1,2600.0,3.5,12.6,20010.0,14263.5,61.6,12480.2,20029.3,4.4,54.1,0.0,8187.1,0.0,2.0,336.8,788.5,4.0,12.0,0.0,294.0,350.0
2026-10-02T18:46:31.935963+00:00,SivaChowdary,13.8,2600.0,4.1,8.6,48274.9,30157.2,61.6,12487.8,20021.7,4.4,54.1,0.0,28635.2,0.0,6.0,1144.5,1737.8,10.0,17.0,0.0,294.0,348.0
2026-10-02T18:46:32.864897+00:00,SivaChowdary,16.9,2600.0,4.0,12.3,18746.0,12935.2,61.6,12480.0,20029.5,4.4,54.1,0.0,12302.4,0.0,2.0,840.0,952.1,9.0,11.0,0.0,294.0,348.0
2026-10-02T18:46:34.059566+00:00,SivaChowdary,8.9,2600.0,3.4,5.0,15325.3,8466.4,61.6,12489.8,20019.7,4.4,54.1,0.0,0.0,0.0,0.0,2149.6,1361.4,9.0,17.0,0.0,294.0,350.0
2026-10-02T18:46:34.860825+00:00,SivaChowdary,25.5,2600.0,4.7,19.9,19856.6,13984.7,61.6,12483.6,20025.9,4.4,54.1,0.0,16367.2,0.0,3.0,1132.8,1266.7,12.0,14.0,0.0,294.0,350.0
2026-10-02T18:46:35.956277+00:00,SivaChowdary,8.7,2600.0,3.2,5.3,39992.0,25688.0,61.6,12492.0,20017.5,4.4,54.1,0.0,131255.9,0.0,1.0,842.2,1401.0,9.0,18.0,0.0,294.0,348.0
2026-10-02T18:46:36.861942+00:00,SivaChowdary,16.4,2600.0,3.4,12.2,15900.4,10264.0,61.6,12489.8,20019.7,4.4,54.1,0.0,143318.4,0.0,4.0,1632.5,2154.4,16.0,22.0,0.0,294.0,350.0
2026-10-02T18:46:37.946173+00:00,SivaChowdary,14.6,2600.0,4.7,9.2,43339.9,26919.9,61.6,12483.8,20025.7,4.4,54.1,0.0,24571.4,0.0,4.0,460.9,996.8,5.0,15.0,0.0,294.0,347.0
2026-10-02T18:46:38.847519+00:00,SivaChowdary,17.7,2600.0,4.2,12.5,18999.0,14298.5,61.6,12488.5,20021.0,4.4,54.1,0.0,8194.6,0.0,2.0,2106.7,1103.3,8.0,13.0,0.0,294.0,347.0
2026-10-02T18:46:39.988792+00:00,SivaChowdary,8.3,2600.0,3.4,5.3,15652.5,8795.4,61.6,12493.0,20016.5,4.4,54.1,0.0,81933.1,0.0,14.0,967.2,1423.2,11.0,19.0,0.0,294.0,350.0
2026-10-02T18:46:40.850876+00:00,SivaChowdary,25.7,1496.0,4.6,20.1,43467.8,29210.9,61.6,12484.3,20025.2,4.4,54.1,0.0,12290.5,0.0,3.0,423.1,1031.2,5.0,15.0,0.0,294.0,347.0
2026-10-02T18:46:41.906055+00:00,SivaChowdary,13.8,2600.0,5.4,7.3,27839.1,15903.9,61.6,12476.5,20033.0,4.4,54.1,0.0,28670.1,0.0,5.0,339.0,1083.9,4.0,16.0,0.0,294.0,347.0
2026-10-02T18:46:42.888289+00:00,SivaChowdary,17.1,2600.0,3.6,12.4,20008.0,13205.4,61.6,12479.0,20030.5,4.4,54.1,163733.3,1645519.8,10.0,253.8,520.7,1249.2,5.0,17.0,0.0,294.0,349.0
2026-10-02T18:46:43.945983+00:00,SivaChowdary,16.6,2600.0,4.4,11.5,46103.3,30073.1,61.6,12490.4,20019.1,4.4,54.1,0.0,151648.4,0.0,3.0,1606.0,656.4,4.0,10.0,0.0,294.0,347.0
2026-10-02T18:46:44.836918+00:00,SivaChowdary,16.0,2600.0,4.7,10.4,17809.7,11981.1,61.6,12490.2,20019.3,4.4,54.1,0.0,12285.1,0.0,2.0,252.9,420.9,3.0,6.0,0.0,294.0,347.0
2026-10-02T18:46:46.012151+00:00,SivaChowdary,13.1,2600.0,3.6,9.1,14565.1,8543.3,61.6,12491.3,20018.2,4.4,54.1,0.0,90093.8,0.0,10.0,2185.6,6129.8,16.0,25.0,0.0,294.0,349.0
2026-10-02T18:46:46.848617+00:00,SivaChowdary,22.0,2600.0,4.8,16.2,46310.5,31423.4,61.6,12491.0,20018.6,4.4,54.1,0.0,0.0,0.0,0.0,973.2,1277.3,7.0,10.0,0.0,294.0,347.0
2026-10-02T18:46:47.956102+00:00,SivaChowdary,12.2,2600.0,3.2,7.7,13825.3,7602.9,61.6,12493.6,20015.9,4.4,54.1,0.0,49131.7,0.0,8.0,43321.1,6556.3,54.0,49.0,0.0,294.0,347.0
2026-10-02T18:46:48.823546+00:00,SivaChowdary,15.3,2600.0,3.7,10.6,20541.5,11774.4,61.6,12491.3,20018.2,4.4,54.1,0.0,20489.4,0.0,5.0,52879.3,2868448.6,409.2,2277.0,0.0,294.0,349.0
2026-10-02T18:46:49.941986+00:00,SivaChowdary,20.4,2600.0,7.8,11.8,49501.8,30593.6,61.6,12485.8,20023.7,4.4,54.1,0.0,28667.8,0.0,7.0,41907.9,2481417.3,374.9,1981.7,0.0,294.0,347.0
2026-10-02T18:46:50.831819+00:00,SivaChowdary,12.4,2600.0,3.4,8.2,16545.7,9938.8,61.5,12500.9,20008.6,4.4,54.1,0.0,143357.0,0.0,3.0,964.0,1291.0,10.0,15.0,0.0,294.0,347.0
2026-10-02T18:46:51.950892+00:00,SivaChowdary,12.2,2600.0,2.4,9.4,21351.0,14420.7,61.6,12497.8,20011.7,4.4,54.1,0.0,49168.2,0.0,9.0,756.2,1010.3,8.0,12.0,0.0,294.0,349.0
2026-10-02T18:46:52.846850+00:00,SivaChowdary,15.8,2600.0,4.2,10.8,44266.0,28445.6,61.6,12499.2,20010.3,4.4,54.1,0.0,32770.9,0.0,8.0,711.1,1039.1,7.0,13.0,0.0,294.0,347.0
2026-10-02T18:46:53.870803+00:00,SivaChowdary,13.4,2600.0,3.2,10.0,14287.9,8982.4,61.5,12510.3,19999.2,4.4,54.1,0.0,143318.9,0.0,5.0,2337.3,1439.6,10.0,19.0,0.0,294.0,347.0
2026-10-02T18:46:54.845870+00:00,SivaChowdary,10.0,2600.0,2.7,6.0,19394.2,11536.0,61.5,12501.5,20008.0,4.4,54.1,0.0,8187.0,0.0,2.0,336.8,851.5,4.0,12.0,0.0,294.0,349.0
2026-10-02T18:46:55.970371+00:00,SivaChowdary,24.8,2600.0,3.0,21.0,17822.6,13003.7,61.6,12499.2,20010.3,4.4,54.1,16383.7,77822.3,1.0,9.0,1364.0,1493.0,14.0,19.0,0.0,294.0,349.0
2026-10-02T18:46:56.845494+00:00,SivaChowdary,19.1,1496.0,4.4,13.0,62407.3,40226.5,61.5,12501.8,20007.7,4.4,54.1,0.0,45090.2,0.0,6.0,25460.3,18209.8,58.0,65.0,0.0,294.0,348.0
2026-10-02T18:46:57.935132+00:00,SivaChowdary,20.6,2600.0,6.4,12.8,20868.7,13966.8,61.8,12417.1,20092.5,4.4,54.1,16379.0,171980.0,1.0,20.0,20475.8,20839.7,75.0,82.0,0.0,294.0,350.0
2026-10-02T18:46:58.863665+00:00,SivaChowdary,18.3,2600.0,5.2,11.8,50973.1,32725.9,61.7,12436.5,20073.0,4.4,54.1,0.0,16386.9,0.0,3.0,1688.3,1469.3,4.0,12.0,0.0,294.0,350.0
2026-10-02T18:46:59.872884+00:00,SivaChowdary,15.4,2600.0,4.0,10.9,23828.6,14765.1,61.7,12441.8,20067.7,4.4,54.1,16374.1,360230.4,1.0,67.0,336.8,620.6,4.0,9.0,0.0,294.0,348.0
2026-10-02T18:47:00.954363+00:00,SivaChowdary,10.6,2600.0,2.7,7.6,15173.1,8737.1,61.7,12437.9,20071.6,4.4,54.1,0.0,69664.5,0.0,12.0,884.4,1300.6,10.0,17.0,0.0,294.0,350.0
2026-10-02T18:47:01.882530+00:00,SivaChowdary,23.8,2600.0,3.9,18.9,15899.4,11757.8,61.7,12436.7,20072.9,4.4,54.1,0.0,36879.0,0.0,7.0,555.2,1026.4,3.0,8.0,0.0,294.0,350.0
2026-10-02T18:47:02.858150+00:00,SivaChowdary,14.3,2600.0,4.5,8.6,48703.0,31639.1,61.8,12427.3,20082.2,4.4,54.1,0.0,16361.8,0.0,2.0,1358.2,1918.4,14.0,23.0,0.0,294.0,348.0
2026-10-02T18:47:03.928305+00:00,SivaChowdary,19.8,2600.0,4.2,14.4,21810.0,13938.8,61.7,12441.4,20068.2,4.4,54.1,39480.1,151767.5,2.0,5.0,2112.0,1115.6,9.0,15.0,0.0,294.0,350.0
2026-10-02T18:47:04.951858+00:00,SivaChowdary,14.1,2600.0,3.6,9.3,42543.5,28187.1,61.7,12441.7,20067.8,4.4,54.1,0.0,85958.3,0.0,9.0,378.7,884.4,4.0,12.0,0.0,294.0,348.0
2026-10-02T18:47:05.846568+00:00,SivaChowdary,14.5,2600.0,2.6,11.6,16794.4,10987.9,61.7,12439.3,20070.2,4.4,54.1,0.0,0.0,0.0,0.0,3458.7,1336.9,8.0,16.0,0.0,294.0,348.0
2026-10-02T18:47:06.949347+00:00,SivaChowdary,8.2,2600.0,2.9,5.1,14135.0,7765.7,61.7,12439.9,20069.6,4.4,54.1,0.0,131118.4,0.0,12.0,2021.7,2869.0,20.0,31.0,0.0,294.0,350.0
2026-10-02T18:47:07.862609+00:00,SivaChowdary,25.6,2600.0,4.8,19.3,39520.9,28539.2,61.7,12437.4,20072.1,4.4,54.1,0.0,36829.4,0.0,4.0,292.7,652.4,3.0,10.0,0.0,294.0,348.0
2026-10-02T18:47:08.969685+00:00,SivaChowdary,7.0,2600.0,3.1,3.5,21423.9,12769.9,61.7,12452.0,20057.5,4.4,54.1,0.0,16395.4,0.0,4.0,2201.5,2540.8,10.0,38.0,0.0,294.0,348.0
2026-10-02T18:47:09.895809+00:00,SivaChowdary,13.8,2600.0,2.1,11.1,17060.0,10683.5,61.7,12438.5,20071.0,4.4,54.1,24581.8,0.0,2.0,0.0,1093.3,1449.3,12.0,17.0,0.0,294.0,350.0
2026-10-02T18:47:10.945360+00:00,SivaChowdary,14.9,2600.0,4.0,10.3,41262.7,25921.9,61.7,12444.6,20064.9,4.4,54.1,0.0,57354.8,0.0,7.0,1009.2,1422.3,11.0,17.0,0.0,294.0,348.0
2026-10-02T18:47:11.835058+00:00,SivaChowdary,15.9,2600.0,3.9,11.3,19295.4,11954.6,61.7,12438.9,20070.6,4.4,54.1,0.0,16379.3,0.0,4.0,22177.6,818525.3,155.0,647.8,0.0,294.0,348.0
2026-10-02T18:47:12.986547+00:00,SivaChowdary,13.6,2600.0,3.7,9.1,19766.1,11371.0,61.7,12442.0,20067.5,4.4,54.1,0.0,4091.7,0.0,1.0,52950.0,3369720.5,446.5,2675.2,0.0,294.0,350.0
2026-10-02T18:47:13.845048+00:00,SivaChowdary,20.9,2600.0,3.6,16.9,49256.6,31929.5,61.7,12437.5,20072.0,4.4,54.1,0.0,127153.1,0.0,3.0,0.0,985.4,0.0,17.0,0.0,294.0,348.0
2026-10-02T18:47:14.988516+00:00,SivaChowdary,8.6,2600.0,2.2,5.9,17176.4,11517.8,61.7,12449.0,20060.5,4.4,54.1,0.0,16356.8,0.0,2.0,1272.9,2731.5,13.0,39.9,0.0,294.0,348.0
2026-10-02T18:47:15.895309+00:00,SivaChowdary,14.6,2600.0,3.2,10.9,20416.9,13918.7,61.7,12444.1,20065.4,4.4,54.1,0.0,196858.2,0.0,46.1,912.2,1502.9,9.0,17.0,0.0,294.0,350.0
2026-10-02T18:47:16.889882+00:00,SivaChowdary,14.8,2600.0,3.1,10.9,41947.6,25899.3,61.7,12446.7,20062.8,4.4,54.1,0.0,28683.4,0.0,5.0,1479.6,1898.8,13.0,17.0,0.0,294.0,348.0
2026-10-02T18:47:17.848427+00:00,SivaChowdary,12.6,2600.0,3.3,8.8,14431.2,8776.1,61.7,12448.8,20060.7,4.4,54.1,0.0,0.0,0.0,0.0,376.9,772.7,4.0,11.0,0.0,294.0,348.0
2026-10-02T18:47:18.977912+00:00,SivaChowdary,14.9,2600.0,3.2,10.8,21837.0,12740.5,61.7,12443.9,20065.7,4.4,54.1,0.0,102428.0,0.0,5.0,4170.1,1955.5,16.0,22.0,0.0,294.0,350.0
2026-10-02T18:47:19.862170+00:00,SivaChowdary,19.2,2600.0,4.5,13.4,43399.9,28747.7,61.8,12434.6,20075.0,4.4,54.1,0.0,8189.3,0.0,2.0,1179.6,18423.0,12.0,22.0,0.0,294.0,348.0
2026-10-02T18:47:20.919515+00:00,SivaChowdary,14.8,2600.0,3.5,10.9,15873.2,11276.7,61.7,12438.7,20070.8,4.4,54.1,0.0,77849.4,0.0,10.0,957.3,1517.5,10.0,20.0,0.0,294.0,348.0
2026-10-02T18:47:21.892431+00:00,SivaChowdary,11.6,2600.0,4.0,6.8,19906.3,12095.4,61.7,12437.7,20071.8,4.4,54.1,0.0,28675.3,0.0,4.0,379.0,1180.1,4.0,17.0,0.0,294.0,350.0
2026-10-02T18:47:22.899471+00:00,SivaChowdary,20.3,2600.0,4.5,15.3,41606.3,26937.8,61.7,12439.0,20070.5,4.4,54.1,0.0,28663.2,0.0,6.0,773.8,1726.5,8.0,24.0,0.0,294.0,348.0
2026-10-02T18:47:23.863650+00:00,SivaChowdary,10.5,2600.0,3.2,6.9,17892.9,10629.7,61.8,12434.0,20075.5,4.4,54.1,0.0,20489.0,0.0,5.0,2782.2,2318.0,16.0,29.0,0.0,294.0,348.0
2026-10-02T18:47:24.958698+00:00,SivaChowdary,15.5,2600.0,3.8,11.4,17240.0,12092.8,61.8,12434.2,20075.3,4.4,54.1,0.0,12276.6,0.0,2.0,713.3,1113.0,8.0,15.0,0.0,294.0,350.0
2026-10-02T18:47:25.829293+00:00,SivaChowdary,14.9,2600.0,4.6,9.5,44735.5,28433.8,61.7,12439.7,20069.9,4.4,54.1,0.0,77870.1,0.0,10.0,42.0,1064.6,1.0,19.0,0.0,294.0,348.0
2026-10-02T18:47:26.876676+00:00,SivaChowdary,14.4,2600.0,2.9,11.0,34993.2,28739.5,61.6,12482.3,20027.2,4.4,54.1,0.0,384883.6,0.0,51.0,631.8,1273.5,7.0,18.0,0.0,294.0,347.0
2026-10-02T18:47:27.925346+00:00,SivaChowdary,10.8,2600.0,5.4,4.8,17981.0,10804.4,61.6,12487.2,20022.3,4.4,54.1,0.0,135198.4,0.0,21.0,84.0,759.2,1.0,11.0,0.0,294.0,349.0
2026-10-02T18:47:28.869490+00:00,SivaChowdary,25.9,2600.0,4.6,20.5,30117.3,21840.5,61.6,12484.8,20024.7,4.4,54.1,0.0,114533.1,0.0,5.0,2152.1,1640.8,10.0,23.0,0.0,294.0,347.0
2026-10-02T18:47:29.848590+00:00,SivaChowdary,7.1,2600.0,2.6,4.1,26242.7,15330.5,61.6,12490.2,20019.3,4.4,54.1,0.0,24605.7,0.0,6.0,502.6,931.1,5.0,12.0,0.0,294.0,347.0
2026-10-02T18:47:30.872590+00:00,SivaChowdary,16.5,2600.0,3.1,12.2,17683.8,11587.1,61.6,12483.4,20026.1,4.4,54.1,0.0,20485.6,0.0,4.0,3702.0,13665.7,20.0,32.0,0.0,294.0,349.0
2026-10-02T18:47:31.953944+00:00,SivaChowdary,12.3,2600.0,3.8,7.9,46112.1,27800.1,61.6,12479.1,20030.4,4.4,54.1,81929.1,458803.0,1.0,68.0,1016.1,2032.2,8.0,24.0,0.0,294.0,347.0
2026-10-02T18:47:32.844689+00:00,SivaChowdary,15.4,2600.0,2.9,12.0,19937.4,13711.4,61.6,12474.8,20034.8,4.4,54.1,0.0,8193.4,0.0,2.0,253.0,645.1,3.0,10.0,0.0,294.0,349.0
2026-10-02T18:47:33.962305+00:00,SivaChowdary,9.2,2600.0,2.7,6.1,17292.7,10345.2,61.6,12487.9,20021.6,4.4,54.1,0.0,131024.1,0.0,8.0,25322.7,1239945.8,164.9,982.6,0.0,294.0,349.0
2026-10-02T18:47:34.854225+00:00,SivaChowdary,23.7,2600.0,3.0,19.6,28922.5,19760.3,61.6,12482.8,20026.7,4.4,54.1,0.0,8192.1,0.0,1.0,23985.4,1358160.0,212.0,1096.0,0.0,294.0,349.0
2026-10-02T18:47:35.914996+00:00,SivaChowdary,6.8,2600.0,2.3,3.9,34013.2,20370.1,61.6,12484.0,20025.6,4.4,54.1,0.0,0.0,0.0,0.0,31472.2,19560.1,92.0,99.0,0.0,294.0,347.0
2026-10-02T18:47:36.909559+00:00,SivaChowdary,13.5,2600.0,2.5,10.9,17742.5,11429.9,61.6,12477.7,20031.8,4.4,54.1,0.0,180238.9,0.0,6.0,7972.7,5674.5,39.0,53.0,0.0,294.0,349.0
2026-10-02T18:47:37.959485+00:00,SivaChowdary,15.5,2600.0,5.3,9.6,52334.4,30793.9,61.6,12475.8,20033.7,4.4,54.1,0.0,40943.9,0.0,5.0,1474.4,2518.0,15.0,29.0,0.0,294.0,347.0
2026-10-02T18:47:38.842569+00:00,SivaChowdary,13.4,2600.0,2.4,10.4,15842.9,10726.0,61.6,12480.0,20029.5,4.4,54.1,0.0,20487.6,0.0,4.0,1778.7,1005.4,5.0,14.0,0.0,294.0,347.0
2026-10-02T18:47:39.977962+00:00,SivaChowdary,9.7,2600.0,2.9,6.2,14336.4,7905.6,61.6,12479.7,20029.8,4.4,54.1,0.0,0.0,0.0,0.0,168.0,680.0,2.0,11.0,0.0,294.0,349.0
2026-10-02T18:47:40.822006+00:00,SivaChowdary,20.4,2600.0,3.9,16.2,41732.8,28300.7,61.6,12479.0,20030.5,4.4,54.1,0.0,53228.6,0.0,9.0,1003.6,729.7,6.0,10.0,0.0,294.0,347.0
2026-10-02T18:47:41.902592+00:00,SivaChowdary,9.8,2600.0,3.5,6.2,19156.8,10769.9,61.6,12480.6,20028.9,4.4,54.1,0.0,32767.6,0.0,4.0,13329.8,14879.8,90.0,92.0,0.0,294.0,347.0
2026-10-02T18:47:42.853085+00:00,SivaChowdary,14.1,2600.0,3.1,10.1,19889.4,13079.8,61.6,12487.9,20021.6,4.4,54.1,0.0,4098.8,0.0,1.0,1245.8,1611.1,11.0,17.0,0.0,294.0,349.0
2026-10-02T18:47:43.959526+00:00,SivaChowdary,13.6,2600.0,4.2,9.4,39529.1,24868.4,61.6,12487.4,20022.2,4.4,54.1,0.0,126921.7,0.0,3.0,2239.0,1869.2,10.0,27.0,0.0,294.0,347.0
2026-10-02T18:47:44.859563+00:00,SivaChowdary,14.0,2600.0,3.3,10.0,18256.2,11929.5,61.6,12489.5,20020.0,4.4,54.1,0.0,12285.4,0.0,3.0,0.0,391.9,0.0,7.0,0.0,294.0,347.0
2026-10-02T18:47:45.984315+00:00,SivaChowdary,15.0,2600.0,3.6,10.9,15803.1,9953.6,61.6,12491.9,20017.6,4.4,54.1,0.0,90181.2,0.0,9.0,465.4,1089.8,5.0,16.0,0.0,294.0,349.0
2026-10-02T18:47:46.847788+00:00,SivaChowdary,20.2,2600.0,4.8,14.3,47333.4,30818.5,61.6,12490.7,20018.8,4.4,54.1,0.0,24568.4,0.0,5.0,892.7,1456.6,7.0,15.0,0.0,294.0,347.0
2026-10-02T18:47:47.927227+00:00,SivaChowdary,14.5,2600.0,6.1,7.8,14417.0,9657.6,61.6,12493.3,20016.2,4.4,54.1,0.0,0.0,0.0,0.0,703.5,1207.1,7.0,16.0,0.0,294.0,347.0
2026-10-02T18:47:48.841115+00:00,SivaChowdary,9.9,2600.0,3.0,6.5,15686.0,8873.6,61.6,12489.2,20020.3,4.4,54.1,0.0,172219.2,0.0,40.0,2121.3,1218.3,9.0,15.0,0.0,294.0,349.0
2026-10-02T18:47:49.915461+00:00,SivaChowdary,15.5,2600.0,2.5,12.8,39091.7,26114.4,61.6,12479.8,20029.8,4.4,54.1,0.0,12283.5,0.0,2.0,4980.2,4240.4,38.0,47.0,0.0,294.0,347.0
2026-10-02T18:47:50.843476+00:00,SivaChowdary,11.6,2600.0,2.8,8.3,16754.5,9408.2,61.6,12491.0,20018.5,4.4,54.1,0.0,12281.7,0.0,2.0,795.6,1570.2,9.0,21.0,0.0,294.0,347.0
2026-10-02T18:47:51.959213+00:00,SivaChowdary,11.3,2600.0,2.3,9.1,15062.9,9631.2,61.6,12494.6,20014.9,4.4,54.1,0.0,28681.4,0.0,5.0,1860.6,2134.7,18.0,24.0,0.0,294.0,349.0
2026-10-02T18:47:52.849353+00:00,SivaChowdary,16.4,2600.0,4.2,11.2,43723.3,28184.2,61.6,12489.6,20019.9,4.4,54.1,0.0,32757.8,0.0,7.0,292.9,714.8,3.0,8.0,0.0,294.0,347.0
2026-10-02T18:47:53.879298+00:00,SivaChowdary,13.0,2600.0,2.2,10.3,15859.8,10459.5,61.6,12491.4,20018.1,4.4,54.1,0.0,143448.7,0.0,6.0,1773.1,917.6,5.0,13.0,0.0,294.0,348.0
2026-10-02T18:47:54.893497+00:00,SivaChowdary,11.4,2600.0,4.3,6.5,17965.3,10464.4,61.6,12490.0,20019.5,4.4,54.1,0.0,12286.2,0.0,2.0,6935.0,1461.8,15.0,17.0,0.0,294.0,349.0
2026-10-02T18:47:55.876256+00:00,SivaChowdary,20.4,2600.0,3.3,16.9,25347.3,17475.1,61.6,12481.1,20028.4,4.4,54.1,0.0,12285.2,0.0,2.0,41297.7,2990391.1,351.9,2356.5,0.0,294.0,349.0
2026-10-02T18:47:56.860483+00:00,SivaChowdary,16.7,2600.0,7.4,8.2,47516.8,25536.0,61.6,12485.8,20023.7,4.4,54.1,167896.3,61425.5,6.0,14.0,531.9,765.8,6.0,10.0,0.0,294.0,347.0
2026-10-02T18:47:57.915533+00:00,SivaChowdary,14.5,2600.0,2.4,11.4,16552.6,11035.4,61.6,12482.7,20026.8,4.4,54.1,0.0,69622.1,0.0,10.0,460.9,702.9,5.0,10.0,0.0,294.0,349.0
2026-10-02T18:47:58.962782+00:00,SivaChowdary,12.7,2600.0,4.0,8.1,44398.6,26108.2,61.6,12482.6,20026.9,4.4,54.1,0.0,8188.6,0.0,2.0,1837.2,780.7,6.0,10.0,0.0,294.0,347.0
2026-10-02T18:47:59.866256+00:00,SivaChowdary,14.9,2600.0,3.1,11.8,15979.4,10762.0,61.6,12488.8,20020.7,4.4,54.1,0.0,20501.0,0.0,4.0,0.0,322.3,0.0,6.0,0.0,294.0,347.0
2026-10-02T18:48:00.977806+00:00,SivaChowdary,11.8,2600.0,3.3,8.2,17148.8,11249.2,61.6,12481.3,20028.2,4.4,54.1,0.0,69627.2,0.0,10.0,461.0,1137.9,5.0,15.0,0.0,294.0,349.0
2026-10-02T18:48:01.847621+00:00,SivaChowdary,24.7,2600.0,3.9,19.2,25823.3,19207.8,61.6,12471.3,20038.2,4.4,54.1,20472.3,45039.1,2.0,8.0,5699.9,14484.6,35.0,46.0,0.0,294.0,349.0
2026-10-02T18:48:02.955772+00:00,SivaChowdary,8.5,1496.0,3.4,4.7,36974.8,22224.7,61.6,12470.5,20039.0,4.4,54.1,0.0,12293.9,0.0,2.0,2350.1,3448.7,24.0,29.0,0.0,294.0,347.0
2026-10-02T18:48:03.911269+00:00,SivaChowdary,15.2,2600.0,2.9,12.0,17741.4,11830.3,61.6,12472.3,20037.2,4.4,54.1,0.0,163844.1,0.0,8.0,1941.0,802.0,7.0,10.0,0.0,294.0,349.0
2026-10-02T18:48:04.945176+00:00,SivaChowdary,12.1,2600.0,3.0,8.5,44230.7,26562.2,61.6,12479.6,20029.9,4.4,54.1,0.0,360437.3,0.0,63.0,1150.0,1542.0,13.0,19.0,0.0,294.0,347.0
2026-10-02T18:48:05.859342+00:00,SivaChowdary,14.8,2600.0,3.2,11.6,18582.0,12463.1,61.6,12479.1,20030.4,4.4,54.1,16389.3,376954.5,1.0,16.0,4624.5,3644.2,10.0,15.0,0.0,294.0,347.0
2026-10-02T18:48:06.984407+00:00,SivaChowdary,10.4,1496.0,3.2,6.7,14304.6,8610.1,61.6,12481.7,20027.9,4.4,54.1,0.0,45035.7,0.0,4.0,4213.1,3374.5,27.0,32.0,0.0,294.0,349.0
2026-10-02T18:48:07.818664+00:00,SivaChowdary,23.7,2600.0,3.6,19.1,47327.8,32639.5,61.6,12473.3,20036.2,4.4,54.1,0.0,36874.8,0.0,6.0,0.0,280.1,0.0,5.0,0.0,294.0,347.0
2026-10-02T18:48:08.933716+00:00,SivaChowdary,10.0,2600.0,2.9,6.7,13876.9,8256.1,61.6,12483.0,20026.5,4.4,54.1,0.0,20475.4,0.0,4.0,2366.5,1189.7,11.0,13.0,0.0,294.0,347.0
2026-10-02T18:48:09.866187+00:00,SivaChowdary,11.0,1496.0,2.7,7.7,16899.6,10533.0,61.6,12480.8,20028.7,4.4,54.1,0.0,0.0,0.0,0.0,514.0,818.1,6.0,11.0,0.0,294.0,349.0
2026-10-02T18:48:10.945695+00:00,SivaChowdary,13.8,2600.0,2.6,11.0,38249.0,25520.0,61.6,12479.2,20030.3,4.4,54.1,0.0,12285.1,0.0,2.0,740.8,1229.7,9.0,17.0,0.0,294.0,347.0
2026-10-02T18:48:11.852143+00:00,SivaChowdary,13.2,2600.0,3.1,9.6,20358.7,13422.8,61.6,12475.3,20034.2,4.4,54.1,0.0,28667.3,0.0,6.0,631.9,1217.8,7.0,17.0,0.0,294.0,347.0
2026-10-02T18:48:12.949480+00:00,SivaChowdary,13.2,2600.0,3.8,8.9,15812.0,10620.9,61.6,12476.8,20032.7,4.4,54.1,0.0,0.0,0.0,0.0,83.9,927.1,1.0,16.0,0.0,294.0,349.0
2026-10-02T18:48:13.863545+00:00,SivaChowdary,14.3,2600.0,3.9,9.6,44122.9,28050.8,61.6,12476.6,20033.0,4.4,54.1,0.0,147686.5,0.0,3.0,1481.3,912.4,2.0,14.0,0.0,294.0,347.0
2026-10-02T18:48:14.855609+00:00,SivaChowdary,14.2,2600.0,2.8,10.7,18083.3,11953.3,61.6,12480.4,20029.1,4.4,54.1,0.0,94147.0,0.0,11.0,703.5,1025.3,7.0,13.0,0.0,294.0,347.0
2026-10-02T18:48:15.974399+00:00,SivaChowdary,13.6,2600.0,5.6,7.5,26316.8,14087.4,61.7,12454.4,20055.1,4.4,54.1,0.0,151631.7,0.0,5.0,2755.4,6987.7,22.0,30.0,0.0,294.0,350.0
2026-10-02T18:48:16.863873+00:00,SivaChowdary,24.2,2600.0,4.0,19.9,21785.1,15552.1,61.7,12461.8,20047.7,4.4,54.1,0.0,151455.6,0.0,9.0,57389.5,3544308.9,386.8,2764.2,0.0,294.0,350.0
2026-10-02T18:48:17.939059+00:00,SivaChowdary,7.5,1496.0,2.7,4.0,43100.6,26506.3,61.7,12466.8,20042.7,4.4,54.1,0.0,0.0,0.0,0.0,23353.6,1228397.2,184.0,982.9,0.0,294.0,348.0
2026-10-02T18:48:18.849449+00:00,SivaChowdary,14.1,2600.0,3.3,10.5,17276.3,10952.8,61.7,12462.5,20047.0,4.4,54.1,0.0,90176.2,0.0,5.0,4779.4,2372.7,23.0,26.0,0.0,294.0,350.0
2026-10-02T18:48:20.066544+00:00,SivaChowdary,14.7,2600.0,5.3,8.7,46966.2,30895.5,61.7,12440.9,20068.6,4.4,54.1,81923.9,524313.0,5.0,64.0,25475.2,49038.3,75.0,117.0,0.0,294.0,349.0
2026-10-02T18:48:20.865640+00:00,SivaChowdary,24.1,2600.0,6.0,17.6,22785.3,15840.2,61.8,12434.1,20075.4,4.4,54.1,24050.6,601776.6,6.0,27.0,20778.4,14163.1,52.0,57.0,0.0,294.0,352.0
2026-10-02T18:48:21.971392+00:00,SivaChowdary,11.5,2600.0,4.0,6.9,20907.3,11859.4,61.8,12427.6,20081.9,4.4,54.1,0.0,1314643.3,0.0,198.0,33153.6,93597.7,113.0,150.0,0.0,294.0,352.0
2026-10-02T18:48:22.846010+00:00,SivaChowdary,24.6,2600.0,4.4,19.4,49485.9,32668.3,61.8,12430.3,20079.2,4.4,54.1,0.0,376823.6,0.0,43.0,60451.7,38771.1,129.0,156.0,0.0,294.0,350.0
2026-10-02T18:48:23.859384+00:00,SivaChowdary,9.1,2600.0,3.4,5.2,16907.1,9954.8,61.8,12425.6,20083.9,4.4,54.1,0.0,397385.8,0.0,36.0,7021.3,7146.3,41.0,43.0,0.0,294.0,350.0
2026-10-02T18:48:24.874216+00:00,SivaChowdary,16.6,2600.0,4.0,11.9,20583.5,12842.4,61.8,12427.9,20081.6,4.4,54.1,0.0,16394.8,0.0,3.0,274297.4,119722.7,340.2,327.2,0.0,294.0,352.0
2026-10-02T18:48:25.923720+00:00,SivaChowdary,14.7,2600.0,3.6,10.5,44736.7,27572.2,61.7,12435.1,20074.4,4.4,54.1,16375.8,171946.2,1.0,35.0,1019.5,3129.4,12.0,19.0,0.0,294.0,350.0
2026-10-02T18:48:26.845973+00:00,SivaChowdary,8.4,2600.0,2.5,5.9,14670.7,9094.1,61.7,12439.7,20069.9,4.4,54.1,0.0,159675.3,0.0,31.0,0.0,535.8,0.0,9.0,0.0,294.0,350.0
2026-10-02T18:48:27.917289+00:00,SivaChowdary,12.6,2600.0,3.5,9.2,17651.9,11535.2,61.8,12429.4,20080.1,4.4,54.1,0.0,94250.4,0.0,20.0,823.4,1236.6,5.0,18.0,0.0,294.0,352.0
2026-10-02T18:48:28.854422+00:00,SivaChowdary,16.6,2600.0,4.1,11.5,42587.8,27301.4,61.8,12430.5,20079.0,4.4,54.1,0.0,20476.5,0.0,3.0,1687.7,1075.8,4.0,15.0,0.0,294.0,350.0
2026-10-02T18:48:29.865467+00:00,SivaChowdary,16.7,2600.0,3.8,11.8,18163.9,12479.3,61.8,12430.1,20079.4,4.4,54.1,0.0,405479.7,0.0,28.0,84.0,312.0,1.0,5.0,0.0,294.0,350.0
2026-10-02T18:48:30.937599+00:00,SivaChowdary,6.1,2600.0,1.9,3.7,15219.4,8353.8,61.8,12430.7,20078.8,4.4,54.1,0.0,286746.5,0.0,28.0,168.0,503.0,2.0,7.0,0.0,294.0,352.0
2026-10-02T18:48:31.852517+00:00,SivaChowdary,21.8,2600.0,2.7,18.5,40985.0,27513.8,61.8,12421.2,20088.3,4.4,54.1,170870.3,167800.7,3.0,25.0,555.6,1058.1,3.0,10.0,0.0,294.0,352.0
2026-10-02T18:48:32.953178+00:00,SivaChowdary,10.2,2600.0,3.9,6.2,25565.4,17199.4,61.8,12409.9,20099.6,4.4,54.1,97350.2,213145.6,3.0,6.0,5361.9,13140.5,40.0,47.0,0.0,294.0,350.0
2026-10-02T18:48:33.895565+00:00,SivaChowdary,16.6,2600.0,3.9,12.4,20213.7,13859.5,61.8,12416.5,20093.0,4.4,54.1,0.0,229384.4,0.0,20.0,2283.1,1504.1,11.0,18.0,0.0,294.0,352.0
2026-10-02T18:48:34.953956+00:00,SivaChowdary,16.6,2600.0,5.9,9.9,49400.4,30386.0,61.8,12414.6,20094.9,4.4,54.1,0.0,65561.8,0.0,16.0,379.1,685.3,4.0,9.0,0.0,294.0,350.0
2026-10-02T18:48:35.890137+00:00,SivaChowdary,17.4,1496.0,4.8,11.7,16450.9,10906.6,61.8,12420.1,20089.4,4.4,54.1,163759.1,605908.5,1.0,20.0,12628.8,13311.4,26.0,39.0,0.0,294.0,350.0
2026-10-02T18:48:36.973645+00:00,SivaChowdary,11.0,2600.0,4.0,6.6,18434.1,11631.1,61.8,12416.3,20093.2,4.4,54.1,0.0,73728.6,0.0,14.0,12253.1,5205.0,32.0,44.0,0.0,294.0,352.0
2026-10-02T18:48:37.835276+00:00,SivaChowdary,21.8,2600.0,4.7,16.4,47152.4,31512.3,61.8,12409.4,20100.1,4.4,54.1,0.0,77834.6,0.0,17.0,737.1,881.1,8.0,11.0,0.0,294.0,350.0
2026-10-02T18:48:38.914518+00:00,SivaChowdary,8.7,2600.0,2.4,5.9,13377.1,7646.1,61.8,12417.7,20091.8,4.4,54.1,0.0,57344.4,0.0,13.0,2323.0,1660.0,12.0,23.0,0.0,294.0,350.0
2026-10-02T18:48:39.892256+00:00,SivaChowdary,12.2,2600.0,3.3,8.5,21711.8,10931.4,61.8,12411.1,20098.4,4.4,54.1,0.0,211664.3,0.0,22.9,60790.7,1822900.3,324.0,1463.8,0.0,294.0,352.0
2026-10-02T18:48:40.896626+00:00,SivaChowdary,27.0,2600.0,10.9,15.5,55314.0,30819.1,61.8,12418.8,20090.7,4.4,54.1,0.0,502912.2,0.0,60.4,42666.5,2977667.1,365.3,2316.7,0.0,294.0,350.0
2026-10-02T18:48:41.857285+00:00,SivaChowdary,14.5,2600.0,6.0,7.8,25119.9,10697.5,61.8,12421.0,20088.5,4.4,54.1,0.0,400529.8,0.0,62.9,3996.2,273669.0,33.9,238.5,0.0,294.0,350.0
2026-10-02T18:48:42.894503+00:00,SivaChowdary,19.7,2600.0,6.5,13.0,29216.5,15369.3,61.8,12416.3,20093.2,4.4,54.1,32858.5,460019.1,2.0,67.2,522.4,1810.0,5.0,26.1,0.0,294.0,352.0
2026-10-02T18:48:43.900252+00:00,SivaChowdary,15.5,2600.0,7.3,7.9,50084.5,26880.1,61.8,12427.0,20082.5,4.4,54.1,0.0,319287.3,0.0,43.0,1812.9,1108.3,6.0,15.0,0.0,294.0,350.0
2026-10-02T18:48:44.863333+00:00,SivaChowdary,19.6,2600.0,6.2,12.5,27270.3,13777.7,61.8,12426.6,20082.9,4.4,54.1,0.0,286733.7,0.0,40.0,84.0,1119.1,1.0,8.0,0.0,294.0,350.0
2026-10-02T18:48:45.987727+00:00,SivaChowdary,14.5,2600.0,6.7,7.3,23287.9,9643.9,61.8,12414.7,20094.8,4.4,54.1,0.0,470937.5,0.0,73.0,891.8,1835.6,8.0,17.0,0.0,294.0,352.0
2026-10-02T18:48:46.862441+00:00,SivaChowdary,26.6,2600.0,7.1,19.0,51241.2,29624.0,61.8,12412.8,20096.7,4.4,54.1,196674.1,946494.2,6.0,108.0,1356.5,1779.6,12.0,17.0,0.0,294.0,351.0
2026-10-02T18:48:47.899950+00:00,SivaChowdary,6.8,2600.0,2.5,3.9,16945.1,9204.8,61.8,12430.6,20078.9,4.4,54.1,0.0,0.0,0.0,0.0,43037.9,7687.3,52.0,64.0,0.0,294.0,351.0
2026-10-02T18:48:48.887366+00:00,SivaChowdary,13.7,2600.0,2.9,10.4,19292.7,11643.2,61.8,12427.0,20082.5,4.4,54.1,65565.5,184402.8,1.0,14.0,2573.2,1278.6,13.0,15.0,0.0,294.0,353.0
2026-10-02T18:48:49.943611+00:00,SivaChowdary,15.3,2600.0,2.5,11.8,42637.4,29094.2,61.8,12418.5,20091.0,4.4,54.1,0.0,430024.0,0.0,49.0,8564.9,24343.8,45.0,59.0,0.0,294.0,351.0
2026-10-02T18:48:50.859119+00:00,SivaChowdary,12.6,2600.0,3.5,8.4,16103.3,8731.8,61.8,12431.7,20077.8,4.4,54.1,0.0,24581.1,0.0,5.0,377.1,708.1,4.0,9.0,0.0,294.0,353.0
2026-10-02T18:48:51.905889+00:00,SivaChowdary,14.7,2600.0,3.5,10.6,16982.4,10918.3,61.8,12429.0,20080.6,4.4,54.1,0.0,118765.5,0.0,23.0,376.9,660.9,4.0,9.0,0.0,294.0,353.0
2026-10-02T18:48:52.872253+00:00,SivaChowdary,16.1,1496.0,5.2,9.7,40814.9,25745.3,61.8,12429.8,20079.7,4.4,54.1,0.0,151477.6,0.0,24.0,506.8,838.6,6.0,11.0,0.0,294.0,351.0
2026-10-02T18:48:53.822121+00:00,SivaChowdary,20.5,1496.0,6.4,13.0,24219.0,13989.0,61.7,12435.3,20074.2,4.4,54.1,0.0,155815.2,0.0,7.0,3037.3,2229.4,19.0,27.0,0.0,294.0,351.0
2026-10-02T18:48:54.967532+00:00,SivaChowdary,10.9,2600.0,4.9,5.5,17918.4,10138.9,61.8,12423.5,20086.0,4.4,54.1,0.0,12269.8,0.0,2.0,1486.8,4451.4,11.0,26.0,0.0,294.0,353.0
2026-10-02T18:48:55.857386+00:00,SivaChowdary,23.0,2600.0,4.0,18.4,39855.4,26901.0,61.8,12415.0,20094.5,4.4,54.1,65614.1,12302.6,1.0,2.0,1119.3,2849.4,6.0,13.0,0.0,294.0,351.0
2026-10-02T18:48:56.909161+00:00,SivaChowdary,9.9,2600.0,3.8,5.5,19413.1,11156.0,61.8,12423.5,20086.0,4.4,54.1,0.0,172032.5,0.0,19.0,4100.0,2203.0,11.0,15.0,0.0,294.0,351.0
2026-10-02T18:48:57.852161+00:00,SivaChowdary,14.8,2600.0,3.2,10.3,20325.5,13627.7,61.8,12424.8,20084.8,4.4,54.1,0.0,163787.9,0.0,13.0,598.8,1412.6,6.0,16.0,0.0,294.0,353.0
2026-10-02T18:48:58.970913+00:00,SivaChowdary,17.4,2600.0,4.3,12.4,44193.4,28308.7,61.8,12413.0,20096.5,4.4,54.1,0.0,12269.2,0.0,3.0,1560.6,1968.0,3.0,17.0,0.0,294.0,351.0
2026-10-02T18:48:59.851474+00:00,SivaChowdary,10.9,2600.0,2.6,7.6,14709.8,8822.5,61.8,12419.1,20090.4,4.4,54.1,0.0,4103.2,0.0,1.0,293.5,718.3,3.0,10.0,0.0,294.0,351.0
2026-10-02T18:49:00.992353+00:00,SivaChowdary,20.8,2600.0,4.4,16.3,25595.4,17430.7,61.8,12412.3,20097.2,4.4,54.1,81866.8,3851832.6,2.0,816.5,36049.6,1798093.4,253.8,1411.1,0.0,294.0,353.0
2026-10-02T18:49:01.865065+00:00,SivaChowdary,25.0,2600.0,7.2,16.5,58509.7,36454.8,61.8,12410.0,20099.5,4.4,54.1,0.0,4243434.8,0.0,889.0,29218.9,2030373.8,248.0,1595.0,0.0,294.0,351.0
2026-10-02T18:49:02.875641+00:00,SivaChowdary,19.7,2600.0,5.5,13.4,27653.4,16456.4,61.9,12398.9,20110.6,4.4,54.1,196660.3,2728661.4,6.0,570.2,1658.4,3118.8,18.0,26.0,0.0,294.0,351.0
2026-10-02T18:49:03.943059+00:00,SivaChowdary,8.2,1496.0,2.3,5.2,18008.0,9680.2,61.8,12412.2,20097.3,4.4,54.1,249939.2,143407.7,61.0,9.0,2572.9,1521.5,14.0,18.0,0.0,294.0,353.0
2026-10-02T18:49:04.864500+00:00,SivaChowdary,22.2,2600.0,3.3,17.6,40863.3,28206.6,61.8,12410.5,20099.0,4.4,54.1,303002.5,143312.0,74.0,4.0,1210.6,1590.5,9.0,22.0,0.0,294.0,351.0
2026-10-02T18:49:05.893547+00:00,SivaChowdary,7.4,2600.0,2.4,4.5,18162.9,10888.3,61.8,12415.2,20094.3,4.4,54.1,0.0,36861.7,0.0,5.0,3508.8,1095.9,9.0,14.0,0.0,294.0,351.0
2026-10-02T18:49:06.893796+00:00,SivaChowdary,14.9,2600.0,2.6,11.4,19016.2,11723.2,61.8,12404.1,20105.4,4.4,54.1,0.0,45068.2,0.0,4.0,1099.3,1680.5,11.0,19.0,0.0,294.0,353.0
2026-10-02T18:49:07.939225+00:00,SivaChowdary,12.1,2600.0,3.3,8.2,39901.3,25190.2,61.8,12410.1,20099.4,4.4,54.1,0.0,32783.9,0.0,5.0,3658.8,3581.7,35.0,36.0,0.0,294.0,351.0
2026-10-02T18:49:08.871151+00:00,SivaChowdary,14.1,2600.0,2.4,10.7,16342.5,10849.3,61.8,12407.6,20101.9,4.4,54.1,0.0,16381.5,0.0,4.0,11529.2,9416.6,35.0,46.0,0.0,294.0,351.0
2026-10-02T18:49:10.037017+00:00,SivaChowdary,9.2,2600.0,2.4,6.4,13233.0,7497.3,61.8,12410.1,20099.4,4.4,54.1,0.0,0.0,0.0,0.0,891.3,2433.2,8.0,27.0,0.0,294.0,353.0
2026-10-02T18:49:10.849779+00:00,SivaChowdary,25.1,1496.0,5.0,18.8,43778.6,29187.1,61.8,12415.3,20094.2,4.4,54.1,0.0,20480.8,0.0,5.0,597.0,2473.1,7.0,21.0,0.0,294.0,351.0
2026-10-02T18:49:11.923068+00:00,SivaChowdary,10.8,2600.0,3.2,6.6,13850.8,7613.4,61.8,12413.0,20096.5,4.4,54.1,0.0,28632.2,0.0,6.0,141.8,1211.3,2.0,10.0,0.0,294.0,351.0
2026-10-02T18:49:12.882325+00:00,SivaChowdary,16.2,2600.0,4.5,11.2,23707.2,13752.5,61.8,12406.2,20103.3,4.4,54.1,0.0,4103.3,0.0,1.0,84.1,368.7,1.0,6.0,0.0,294.0,355.0
2026-10-02T18:49:13.955170+00:00,SivaChowdary,15.6,2600.0,2.9,12.2,40922.8,26490.0,61.8,12414.6,20094.9,4.4,54.1,0.0,134857.4,0.0,3.0,1559.4,1277.1,3.0,12.0,0.0,294.0,351.0
2026-10-02T18:49:14.832012+00:00,SivaChowdary,12.8,2600.0,3.7,8.3,17416.2,11009.0,61.8,12410.8,20098.7,4.4,54.1,0.0,8207.6,0.0,1.0,0.0,168.3,0.0,3.0,0.0,294.0,351.0
2026-10-02T18:49:16.016307+00:00,SivaChowdary,15.6,2600.0,3.4,11.7,16527.0,10653.7,61.8,12405.4,20104.1,4.4,54.1,0.0,20481.3,0.0,4.0,1003.1,1406.1,11.0,16.0,0.0,294.0,353.0
2026-10-02T18:49:16.847030+00:00,SivaChowdary,17.4,2600.0,4.6,12.3,46406.6,28839.0,61.8,12405.1,20104.4,4.4,54.1,0.0,77861.9,0.0,18.0,1295.6,2059.0,11.0,19.0,0.0,294.0,351.0
2026-10-02T18:49:17.876519+00:00,SivaChowdary,12.4,2600.0,2.8,9.4,14893.9,9618.8,61.8,12410.8,20098.7,4.4,54.1,0.0,16371.8,0.0,3.0,6994.8,3603.3,21.0,29.0,0.0,294.0,351.0
2026-10-02T18:49:18.840133+00:00,SivaChowdary,9.5,2600.0,2.4,5.9,15632.4,9109.4,61.8,12418.5,20091.0,4.4,54.1,0.0,73795.8,0.0,12.0,5530.1,3845.5,28.0,35.0,0.0,294.0,353.0
2026-10-02T18:49:19.941187+00:00,SivaChowdary,21.6,2600.0,2.8,18.1,17110.2,13122.3,61.8,12403.1,20106.5,4.4,54.1,0.0,241540.2,0.0,44.0,7674.1,41590.7,50.0,68.0,0.0,294.0,353.0
2026-10-02T18:49:20.859711+00:00,SivaChowdary,13.0,2600.0,3.8,8.7,45635.5,28201.4,61.8,12415.7,20093.8,4.4,54.1,0.0,110624.8,0.0,16.0,295.1,1205.4,4.0,20.0,0.0,294.0,351.0
2026-10-02T18:49:21.876281+00:00,SivaChowdary,13.3,2600.0,3.5,9.7,19135.9,12584.7,61.8,12415.0,20094.5,4.4,54.1,0.0,81859.7,0.0,16.0,1466.9,2214.4,15.0,27.0,0.0,294.0,353.0
2026-10-02T18:49:22.910910+00:00,SivaChowdary,17.6,2600.0,4.8,11.7,47098.6,29536.2,61.8,12415.8,20093.7,4.4,54.1,0.0,36881.7,0.0,7.0,1272.6,1889.9,13.0,23.0,0.0,294.0,351.0
2026-10-02T18:49:23.878669+00:00,SivaChowdary,22.2,2600.0,4.7,16.7,20700.6,14220.7,61.5,12529.9,19979.6,4.4,54.1,0.0,204795.8,0.0,14.0,51068.9,3402676.4,374.0,2648.9,0.0,294.0,351.0
2026-10-02T18:49:25.067577+00:00,SivaChowdary,14.3,2600.0,3.6,10.7,19702.4,13908.2,61.5,12529.2,19980.3,4.4,54.1,0.0,20477.3,0.0,4.0,17472.7,1375337.7,143.0,1076.9,0.0,294.0,353.0
2026-10-02T18:49:25.912338+00:00,SivaChowdary,29.3,2600.0,3.3,25.0,22661.9,18401.9,61.5,12531.3,19978.2,4.4,54.1,0.0,36837.8,0.0,5.0,10939.2,659850.3,84.9,535.6,0.0,294.0,353.0
2026-10-02T18:49:26.866934+00:00,SivaChowdary,10.7,2600.0,3.6,6.6,42919.0,26937.2,61.4,12543.0,19966.5,4.4,54.1,0.0,65617.0,0.0,6.0,12976.0,1058580.3,102.1,851.1,0.0,294.0,351.0
2026-10-02T18:49:27.908826+00:00,SivaChowdary,14.5,2600.0,4.0,10.1,17145.1,10892.4,61.4,12546.3,19963.2,4.4,54.1,0.0,24563.3,0.0,4.0,84.0,255.9,1.0,4.0,0.0,294.0,353.0
2026-10-02T18:49:29.009699+00:00,SivaChowdary,14.4,2600.0,4.4,9.5,41200.1,26141.7,61.5,12532.3,19977.2,4.4,54.1,0.0,110426.2,0.0,5.0,1560.7,590.1,3.0,8.0,0.0,294.0,353.0
2026-10-02T18:49:29.858655+00:00,SivaChowdary,15.0,2600.0,3.8,11.3,17109.2,10768.5,61.4,12539.1,19970.4,4.4,54.1,0.0,192807.3,0.0,14.0,4700.2,5274.1,31.0,35.1,0.0,294.0,351.0
2026-10-02T18:49:31.010149+00:00,SivaChowdary,10.5,2600.0,2.8,7.6,13986.4,8121.1,61.4,12540.0,19969.5,4.4,54.1,0.0,139248.0,0.0,12.0,715.9,1266.9,8.0,16.0,0.0,294.0,353.0
2026-10-02T18:49:31.856928+00:00,SivaChowdary,24.3,1496.0,6.4,16.7,52761.5,32901.2,61.4,12535.4,19974.1,4.4,54.1,16385.1,73732.9,1.0,9.0,685.0,1062.1,4.0,10.0,0.0,294.0,351.0
2026-10-02T18:49:32.894944+00:00,SivaChowdary,15.8,1496.0,3.9,11.6,15821.9,11110.4,61.5,12528.3,19981.2,4.4,54.1,0.0,12291.8,0.0,2.0,1013.3,2281.7,11.0,27.0,0.0,294.0,351.0
2026-10-02T18:49:33.894115+00:00,SivaChowdary,12.2,2600.0,2.9,8.3,17250.7,10483.8,61.4,12532.5,19977.0,4.4,54.1,0.0,118781.6,0.0,5.0,2790.9,1975.0,15.0,22.0,0.0,294.0,353.0
2026-10-02T18:49:34.938766+00:00,SivaChowdary,18.1,2600.0,4.8,12.8,42981.5,27052.9,61.4,12536.6,19972.9,4.4,54.1,0.0,49166.3,0.0,12.0,1138.3,1543.4,12.0,20.0,0.0,294.0,351.0
2026-10-02T18:49:35.863718+00:00,SivaChowdary,14.2,2600.0,4.6,8.8,17388.6,10028.1,61.4,12538.5,19971.0,4.4,54.1,0.0,0.0,0.0,0.0,4235.2,1970.3,17.0,25.0,0.0,294.0,351.0
2026-10-02T18:49:36.927307+00:00,SivaChowdary,14.8,2600.0,4.2,10.0,15517.2,9820.2,61.5,12519.8,19989.7,4.4,54.1,0.0,221301.6,0.0,8.0,3839.0,2923.6,18.0,32.0,0.0,294.0,353.0
2026-10-02T18:49:37.851945+00:00,SivaChowdary,15.2,2600.0,4.8,10.2,44687.7,28220.2,61.5,12528.8,19980.7,4.4,54.1,0.0,40941.4,0.0,4.0,671.7,1202.5,6.0,12.0,0.0,294.0,351.0
2026-10-02T18:49:38.868811+00:00,SivaChowdary,14.4,2600.0,2.6,11.0,14891.1,9938.7,61.5,12531.8,19977.7,4.4,54.1,0.0,249874.7,0.0,38.0,2190.2,1807.1,9.0,25.0,0.0,294.0,351.0
2026-10-02T18:49:39.981650+00:00,SivaChowdary,5.7,2600.0,3.0,2.7,14121.0,7896.0,61.5,12529.8,19979.7,4.4,54.1,0.0,65577.8,0.0,1.0,2382.5,3368.1,16.0,31.0,0.0,294.0,353.0
2026-10-02T18:49:40.906014+00:00,SivaChowdary,21.9,2600.0,2.4,18.4,15222.0,11051.6,61.5,12526.5,19983.1,4.4,54.1,0.0,98265.1,0.0,10.0,2054.2,3819.5,11.0,20.0,0.0,294.0,353.0
2026-10-02T18:49:41.856230+00:00,SivaChowdary,11.4,1496.0,4.1,6.6,42730.6,25330.9,61.4,12534.2,19975.3,4.4,54.1,16386.5,69642.7,1.0,7.0,0.0,894.1,0.0,6.0,0.0,294.0,353.0
2026-10-02T18:49:42.898940+00:00,SivaChowdary,14.3,2600.0,3.0,10.8,17294.0,10812.5,61.5,12528.3,19981.2,4.4,54.1,0.0,4097.0,0.0,1.0,521.1,970.2,5.0,12.0,0.0,294.0,353.0
2026-10-02T18:49:43.945749+00:00,SivaChowdary,11.6,2600.0,4.5,6.9,41153.3,25890.2,61.5,12529.0,19980.5,4.4,54.1,0.0,110635.8,0.0,3.0,1563.6,1352.5,3.0,23.0,0.0,294.0,353.0
2026-10-02T18:49:44.865196+00:00,SivaChowdary,17.7,2600.0,2.8,13.3,17313.2,10509.0,61.5,12527.6,19981.9,4.4,54.1,0.0,16365.2,0.0,3.0,377.6,992.9,4.0,14.0,0.0,294.0,351.0
2026-10-02T18:49:46.032226+00:00,SivaChowdary,11.7,2600.0,4.1,7.0,17713.4,11136.3,61.5,12527.5,19982.0,4.4,54.1,0.0,217288.8,0.0,10.0,759.7,983.9,9.0,13.0,0.0,294.0,355.0
2026-10-02T18:49:46.841436+00:00,SivaChowdary,25.5,2600.0,4.1,20.6,22693.3,15698.4,61.5,12525.0,19984.5,4.4,54.1,2046.5,145300.9,4.0,19.0,1438.9,1999.5,13.0,20.0,0.0,294.0,352.0
2026-10-02T18:49:47.955545+00:00,SivaChowdary,8.5,2600.0,3.2,4.1,38032.8,23957.5,61.5,12531.7,19977.8,4.4,54.1,0.0,28686.9,0.0,7.0,1047.5,1383.7,11.0,18.0,0.0,294.0,350.0
2026-10-02T18:49:48.965848+00:00,SivaChowdary,16.7,2600.0,3.0,12.7,17451.5,11256.4,61.5,12528.8,19980.7,4.4,54.1,16378.8,65515.2,1.0,7.0,2532.2,1834.4,14.0,23.0,0.0,294.0,352.0
2026-10-02T18:49:49.958841+00:00,SivaChowdary,12.4,2600.0,2.8,9.3,39939.6,24676.3,61.4,12535.6,19973.9,4.4,54.1,0.0,28659.5,0.0,6.0,12476.6,622953.1,62.0,484.8,0.0,294.0,350.0
2026-10-02T18:49:50.875254+00:00,SivaChowdary,21.7,2600.0,6.3,14.4,29358.4,17228.0,61.5,12529.4,19980.2,4.4,54.1,0.0,12294.4,0.0,2.0,70373.8,4783692.3,607.3,3783.0,0.0,294.0,350.0
2026-10-02T18:49:52.017030+00:00,SivaChowdary,14.7,2600.0,5.4,8.1,14853.3,9561.1,61.4,12533.0,19976.5,4.4,54.1,98346.0,258158.4,1.0,13.0,423.2,957.4,5.0,14.0,0.0,294.0,352.0
2026-10-02T18:49:52.827183+00:00,SivaChowdary,25.3,1496.0,5.4,18.9,42179.3,28294.7,61.5,12527.6,19981.9,4.4,54.1,0.0,32748.0,0.0,8.0,1212.3,1387.2,12.0,16.0,0.0,294.0,350.0
2026-10-02T18:49:53.932743+00:00,SivaChowdary,8.4,2600.0,3.5,4.8,17654.6,10315.1,61.4,12543.2,19966.3,4.4,54.1,0.0,184357.4,0.0,13.0,2537.5,2185.4,14.0,29.0,0.0,294.0,350.0
2026-10-02T18:49:54.897330+00:00,SivaChowdary,15.1,1496.0,3.2,11.3,18373.7,11669.6,61.5,12529.9,19979.6,4.4,54.1,0.0,8194.5,0.0,2.0,0.0,424.1,0.0,7.0,0.0,294.0,352.0
2026-10-02T18:49:55.997714+00:00,SivaChowdary,14.4,2600.0,4.2,10.2,43261.1,27135.7,61.4,12536.6,19972.9,4.4,54.1,0.0,8190.7,0.0,2.0,1437.8,1795.7,17.0,23.0,0.0,294.0,350.0
2026-10-02T18:49:56.845097+00:00,SivaChowdary,16.0,1496.0,3.7,11.6,16096.9,10886.6,61.5,12528.5,19981.0,4.4,54.1,0.0,20477.3,0.0,4.0,11656.5,23715.9,41.0,52.0,0.0,294.0,350.0
2026-10-02T18:49:58.014748+00:00,SivaChowdary,10.0,2600.0,2.9,7.0,13895.8,8631.0,61.5,12530.7,19978.8,4.4,54.1,0.0,85946.7,0.0,12.0,167.9,679.5,2.0,11.0,0.0,294.0,352.0
2026-10-02T18:49:58.865145+00:00,SivaChowdary,16.8,2600.0,2.7,13.7,43850.3,28358.5,61.5,12524.7,19984.8,4.4,54.1,0.0,36892.0,0.0,6.0,1840.4,1312.0,6.0,12.0,0.0,294.0,351.0
2026-10-02T18:49:59.921200+00:00,SivaChowdary,11.4,1496.0,2.8,8.3,19745.7,13688.8,61.5,12527.6,19981.9,4.4,54.1,0.0,245631.5,0.0,15.0,590.7,1070.4,7.0,15.0,0.0,294.0,350.0
2026-10-02T18:50:00.883579+00:00,SivaChowdary,10.8,1496.0,2.5,8.0,16101.8,10314.0,61.5,12530.7,19978.8,4.4,54.1,16391.9,102449.3,1.0,13.0,0.0,280.1,0.0,5.0,0.0,294.0,352.0
2026-10-02T18:50:01.887090+00:00,SivaChowdary,20.6,2600.0,2.9,17.1,41257.3,27550.2,61.5,12529.8,19979.7,4.4,54.1,0.0,139325.8,0.0,17.0,2336.0,2691.2,21.0,25.0,0.0,294.0,352.0
2026-10-02T18:50:02.848685+00:00,SivaChowdary,9.3,2600.0,3.1,5.4,16954.1,10589.6,61.5,12523.8,19985.8,4.4,54.1,0.0,12273.6,0.0,2.0,1091.7,1698.0,12.0,22.0,0.0,294.0,350.0
2026-10-02T18:50:03.891492+00:00,SivaChowdary,15.8,2600.0,3.9,11.2,17533.8,11160.3,61.5,12529.9,19979.6,4.4,54.1,0.0,164006.3,0.0,4.0,1480.5,456.5,2.0,7.0,0.0,294.0,352.0
2026-10-02T18:50:04.934659+00:00,SivaChowdary,13.4,2600.0,4.2,8.5,39954.7,24701.4,61.4,12532.7,19976.8,4.4,54.1,0.0,12277.8,0.0,2.0,883.3,1107.1,10.0,14.0,0.0,294.0,352.0
2026-10-02T18:50:05.850674+00:00,SivaChowdary,17.8,2600.0,4.2,12.5,17762.1,11152.2,61.5,12525.6,19983.9,4.4,54.1,0.0,36891.3,0.0,5.0,6974.2,5144.8,19.0,35.0,0.0,294.0,350.0
2026-10-02T18:50:06.951791+00:00,SivaChowdary,13.3,2600.0,4.4,9.0,15250.7,9260.6,61.5,12522.1,19987.5,4.4,54.1,0.0,40940.4,0.0,4.0,1899.1,3255.4,19.0,36.0,0.0,294.0,352.0
2026-10-02T18:50:07.855194+00:00,SivaChowdary,25.2,2600.0,6.2,17.6,45473.3,29885.5,61.5,12520.9,19988.6,4.4,54.1,0.0,28691.7,0.0,6.0,293.2,797.5,3.0,12.0,0.0,294.0,350.0
2026-10-02T18:50:08.937737+00:00,SivaChowdary,10.2,2600.0,3.2,6.5,12505.5,7947.2,61.5,12529.6,19979.9,4.4,54.1,0.0,69651.3,0.0,6.0,1563.4,671.2,3.0,10.0,0.0,294.0,350.0
2026-10-02T18:50:09.903031+00:00,SivaChowdary,14.9,2600.0,4.9,9.6,22715.4,12742.6,61.5,12521.5,19988.0,4.4,54.1,0.0,0.0,0.0,0.0,1053.1,1666.6,12.0,22.0,0.0,294.0,352.0
2026-10-02T18:50:10.920084+00:00,SivaChowdary,17.5,2600.0,3.6,13.5,42256.9,26201.0,61.5,12526.1,19983.4,4.4,54.1,0.0,8196.1,0.0,2.0,1243.6,1628.8,14.0,20.0,0.0,294.0,350.0
2026-10-02T18:50:11.856505+00:00,SivaChowdary,16.0,2600.0,5.0,10.2,21021.4,14321.9,61.5,12522.9,19986.6,4.4,54.1,0.0,24574.1,0.0,5.0,84.0,256.0,1.0,4.0,0.0,294.0,350.0
2026-10-02T18:50:12.909806+00:00,SivaChowdary,14.9,2600.0,3.8,10.3,14227.6,9382.7,61.5,12525.0,19984.5,4.4,54.1,0.0,4095.9,0.0,1.0,720.0,1030.0,8.0,14.0,0.0,294.0,352.0
2026-10-02T18:50:13.880336+00:00,SivaChowdary,14.1,2600.0,4.9,8.1,44124.6,26154.3,61.5,12520.3,19989.2,4.4,54.1,0.0,135035.3,0.0,3.0,2397.6,1578.4,13.0,22.0,0.0,294.0,350.0
2026-10-02T18:50:14.862580+00:00,SivaChowdary,16.4,2600.0,3.7,12.1,18887.5,12183.6,61.5,12523.9,19985.6,4.4,54.1,0.0,69704.0,0.0,8.0,35410.6,1837098.0,275.3,1440.5,0.0,294.0,350.0
2026-10-02T18:50:16.003777+00:00,SivaChowdary,17.5,2600.0,9.9,7.0,25121.6,15025.4,61.5,12518.1,19991.4,4.4,54.1,0.0,278590.2,0.0,5.0,85206.0,5408065.2,755.2,4279.0,0.0,294.0,352.0
2026-10-02T18:50:16.873533+00:00,SivaChowdary,27.2,2600.0,4.9,22.0,16903.0,12248.4,61.5,12529.6,19980.0,4.4,54.1,0.0,32737.0,0.0,7.0,3641.5,2149.0,15.0,20.0,0.0,294.0,352.0
2026-10-02T18:50:17.931378+00:00,SivaChowdary,11.4,2600.0,4.2,5.8,47595.5,30325.7,61.5,12529.9,19979.6,4.4,54.1,4092.9,0.0,1.0,0.0,1566.8,1841.6,14.0,17.0,0.0,294.0,350.0
2026-10-02T18:50:18.895503+00:00,SivaChowdary,16.7,2600.0,3.2,12.7,17665.9,11152.6,61.5,12527.2,19982.4,4.4,54.1,0.0,1311383.5,0.0,249.1,11898.0,17423.8,49.0,59.0,0.0,294.0,352.0
2026-10-02T18:50:19.948738+00:00,SivaChowdary,15.2,2600.0,3.2,10.4,49998.5,33080.1,61.5,12520.7,19988.8,4.4,54.1,0.0,20498.6,0.0,4.0,4207.8,20417.6,31.0,40.0,0.0,294.0,352.0
2026-10-02T18:50:20.855106+00:00,SivaChowdary,22.1,2600.0,6.3,14.2,22259.1,15466.9,61.5,12531.1,19978.4,4.4,54.1,0.0,213031.4,0.0,12.0,21413.0,80702.9,166.0,178.0,0.0,294.0,350.0
2026-10-02T18:50:21.981106+00:00,SivaChowdary,8.8,2600.0,2.3,5.9,13697.5,8591.5,61.4,12537.9,19971.6,4.4,54.1,0.0,36849.1,0.0,5.0,1435.4,5759.7,14.0,23.0,0.0,294.0,352.0
2026-10-02T18:50:22.867570+00:00,SivaChowdary,23.4,2600.0,4.0,18.3,34815.2,23995.6,61.4,12536.0,19973.5,4.4,54.1,0.0,24581.8,0.0,5.0,1547.4,1832.4,15.0,21.0,0.0,294.0,350.0
2026-10-02T18:50:23.918751+00:00,SivaChowdary,13.1,2600.0,3.6,8.4,28287.8,18462.7,61.4,12543.5,19966.0,4.4,54.1,1179181.0,6542817.0,47.0,770.7,2274.1,1474.4,11.0,18.0,0.0,294.0,350.0
2026-10-02T18:50:24.892239+00:00,SivaChowdary,19.1,2600.0,6.1,11.9,28186.2,20695.4,61.4,12540.5,19969.1,4.4,54.1,0.0,8197.3,0.0,2.0,2450.6,5353.5,14.0,20.0,0.0,294.0,352.0
2026-10-02T18:50:25.908919+00:00,SivaChowdary,15.7,2600.0,3.6,12.0,39636.4,25494.3,61.4,12542.3,19967.2,4.4,54.1,0.0,49148.8,0.0,7.0,337.0,565.0,4.0,8.0,0.0,294.0,350.0
2026-10-02T18:50:26.867148+00:00,SivaChowdary,12.7,2600.0,4.1,8.1,17019.3,10426.2,61.4,12539.0,19970.5,4.4,54.1,0.0,85926.6,0.0,10.0,83.9,367.6,1.0,6.0,0.0,294.0,350.0
2026-10-02T18:50:27.903081+00:00,SivaChowdary,14.5,2600.0,2.4,11.5,15229.2,10164.8,61.4,12537.4,19972.1,4.4,54.1,0.0,4097.1,0.0,1.0,1216.3,1673.5,13.0,20.0,0.0,294.0,352.0
2026-10-02T18:50:28.853697+00:00,SivaChowdary,19.4,2600.0,6.1,11.9,52129.9,31818.3,61.4,12537.6,19971.9,4.4,54.1,0.0,131172.4,0.0,4.0,2071.6,1206.9,9.0,16.0,0.0,294.0,350.0
2026-10-02T18:50:29.849589+00:00,SivaChowdary,14.4,1496.0,3.2,10.6,15142.1,9744.4,61.4,12537.3,19972.2,4.4,54.1,16383.0,45053.3,1.0,4.0,882.9,1022.9,10.0,13.0,0.0,294.0,350.0
2026-10-02T18:50:31.010739+00:00,SivaChowdary,8.4,2600.0,3.0,4.3,14050.6,7636.4,61.4,12541.5,19968.0,4.4,54.1,0.0,28654.9,0.0,4.0,673.6,705.6,8.0,9.0,0.0,294.0,352.0
2026-10-02T18:50:31.890524+00:00,SivaChowdary,21.7,2600.0,2.2,19.3,13713.9,10569.8,61.4,12534.0,19975.5,4.4,54.1,0.0,28682.3,0.0,6.0,1195.4,1671.6,10.0,16.0,0.0,294.0,352.0
2026-10-02T18:50:32.894691+00:00,SivaChowdary,10.8,2600.0,3.7,6.3,42109.1,24876.5,61.5,12531.5,19978.0,4.4,54.1,0.0,16339.0,0.0,2.0,628.3,967.3,7.0,13.0,0.0,294.0,350.0
2026-10-02T18:50:33.897363+00:00,SivaChowdary,17.2,2600.0,2.5,13.8,18142.7,12886.5,61.5,12532.3,19977.2,4.4,54.1,0.0,16425.4,0.0,4.0,2369.0,1311.3,12.0,17.0,0.0,294.0,352.0
2026-10-02T18:50:34.942163+00:00,SivaChowdary,10.4,2600.0,3.3,7.2,45332.0,29175.4,61.4,12533.5,19976.0,4.4,54.1,0.0,307362.4,0.0,65.0,2598.4,2886.5,27.0,32.0,0.0,294.0,350.0
2026-10-02T18:50:35.852456+00:00,SivaChowdary,15.4,2600.0,3.7,11.1,16671.2,10726.3,61.4,12533.2,19976.3,4.4,54.1,65556.3,0.0,1.0,0.0,13210.1,115240.7,79.0,141.0,0.0,294.0,350.0
2026-10-02T18:50:37.005199+00:00,SivaChowdary,14.2,2600.0,5.2,8.0,23465.7,13491.9,61.5,12522.9,19986.6,4.4,54.1,0.0,20479.8,0.0,4.0,83958.1,4283979.0,715.0,3409.0,0.0,294.0,354.0
2026-10-02T18:50:37.870092+00:00,SivaChowdary,26.1,2600.0,4.6,20.2,30737.7,21686.9,61.5,12523.2,19986.3,4.4,54.1,0.0,20481.8,0.0,5.0,1720.2,43643.9,15.0,61.0,0.0,294.0,350.0
2026-10-02T18:50:38.949070+00:00,SivaChowdary,8.2,2600.0,3.0,4.3,28679.0,17321.2,61.4,12532.9,19976.6,4.4,54.1,0.0,110561.2,0.0,4.0,2808.2,2213.4,16.0,26.0,0.0,294.0,350.0
2026-10-02T18:50:39.894847+00:00,SivaChowdary,16.5,2600.0,3.6,11.8,31534.9,25111.3,61.5,12522.3,19987.2,4.4,54.1,0.0,0.0,0.0,0.0,253.0,621.1,3.0,9.0,0.0,294.0,352.0
2026-10-02T18:50:40.974652+00:00,SivaChowdary,13.4,2600.0,3.8,9.4,39707.6,24868.8,61.5,12529.6,19979.9,4.4,54.1,0.0,188286.0,0.0,10.0,167.9,623.6,2.0,10.0,0.0,294.0,350.0
2026-10-02T18:50:41.848433+00:00,SivaChowdary,18.7,1496.0,4.7,12.6,17820.1,11963.1,61.5,12528.8,19980.7,4.4,54.1,0.0,57353.9,0.0,7.0,420.1,626.1,5.0,8.0,0.0,294.0,350.0
2026-10-02T18:50:43.021564+00:00,SivaChowdary,11.2,2600.0,2.6,8.3,13881.3,8521.5,61.5,12528.9,19980.6,4.4,54.1,0.0,122829.2,0.0,3.0,2488.0,1672.3,13.0,20.0,0.0,294.0,352.0
2026-10-02T18:50:43.838456+00:00,SivaChowdary,19.0,1496.0,3.9,14.1,44747.1,29128.8,61.5,12527.9,19981.6,4.4,54.1,0.0,4097.4,0.0,1.0,0.0,56.0,0.0,1.0,0.0,294.0,350.0
2026-10-02T18:50:44.940224+00:00,SivaChowdary,11.4,2600.0,3.1,8.0,14024.0,9143.0,61.5,12528.5,19981.0,4.4,54.1,0.0,12290.7,0.0,3.0,892.2,930.2,8.0,11.0,0.0,294.0,350.0
2026-10-02T18:50:45.898523+00:00,SivaChowdary,12.7,2600.0,3.9,8.1,17567.8,10191.2,61.5,12522.9,19986.6,4.4,54.1,0.0,110540.1,0.0,11.0,545.7,1359.4,6.0,18.0,0.0,294.0,352.0
2026-10-02T18:50:46.920472+00:00,SivaChowdary,20.9,2600.0,4.0,16.4,44142.8,28758.3,61.5,12523.6,19985.9,4.4,54.1,0.0,16391.0,0.0,4.0,933.4,5084.2,7.0,79.0,0.0,294.0,350.0
2026-10-02T18:50:47.844160+00:00,SivaChowdary,12.5,2600.0,4.6,7.7,24309.4,13184.1,61.5,12526.4,19983.1,4.4,54.1,0.0,0.0,0.0,0.0,42469.4,13868.3,52.0,194.1,0.0,294.0,350.0
2026-10-02T18:50:48.911043+00:00,SivaChowdary,13.1,2600.0,3.0,9.9,14797.7,9411.6,61.5,12522.2,19987.3,4.4,54.1,0.0,171970.7,0.0,6.0,2895.0,17658.7,16.0,270.9,0.0,294.0,352.0
2026-10-02T18:50:49.865391+00:00,SivaChowdary,11.7,2600.0,3.3,7.5,45496.0,28561.8,61.5,12509.9,19999.6,4.4,54.1,0.0,94164.5,0.0,5.0,1807.2,11010.9,18.0,180.9,0.0,294.0,350.0
2026-10-02T18:50:50.820011+00:00,SivaChowdary,17.5,2600.0,5.4,11.7,16054.8,10080.7,61.5,12523.7,19985.9,4.4,54.1,0.0,12298.6,0.0,2.0,738.6,4846.2,8.0,81.1,0.0,294.0,350.0
2026-10-02T18:50:51.970649+00:00,SivaChowdary,6.3,2600.0,2.3,3.7,15840.5,8995.9,61.5,12529.8,19979.7,4.4,54.1,0.0,241579.4,0.0,51.0,378.9,628.8,4.0,8.0,0.0,294.0,352.0
2026-10-02T18:50:52.869442+00:00,SivaChowdary,22.6,2600.0,2.5,19.0,22041.1,18501.5,61.5,12522.8,19986.7,4.4,54.1,0.0,12293.7,0.0,3.0,1482.7,1893.9,15.0,22.0,0.0,294.0,352.0
2026-10-02T18:50:53.884299+00:00,SivaChowdary,8.7,2600.0,2.6,5.5,42984.2,26445.8,61.4,12533.0,19976.5,4.4,54.1,0.0,106350.4,0.0,4.0,9280.3,17308.3,36.0,50.9,0.0,294.0,350.0
2026-10-02T18:50:54.911852+00:00,SivaChowdary,20.1,2600.0,6.5,12.7,22171.7,14700.4,61.5,12519.6,19989.9,4.4,54.1,2083655.8,15873519.5,11.0,159.2,15863.0,37095.4,71.1,85.1,0.0,294.0,352.0
2026-10-02T18:50:55.918989+00:00,SivaChowdary,11.6,2600.0,2.7,8.5,41923.2,25175.7,61.5,12522.9,19986.6,4.4,54.1,0.0,171955.1,0.0,19.0,461.8,825.6,5.0,11.0,0.0,294.0,350.0
2026-10-02T18:50:56.848925+00:00,SivaChowdary,14.1,2600.0,2.9,10.4,20533.5,14099.6,61.5,12521.5,19988.1,4.4,54.1,0.0,73704.8,0.0,15.0,3264.0,1803.4,14.0,22.0,0.0,294.0,350.0
2026-10-02T18:50:57.992681+00:00,SivaChowdary,10.7,2600.0,2.9,7.0,16059.6,9687.2,61.5,12521.0,19988.5,4.4,54.1,0.0,151585.7,0.0,19.0,2323.5,1518.3,10.0,16.0,0.0,294.0,352.0
2026-10-02T18:50:58.848324+00:00,SivaChowdary,21.0,2600.0,4.1,16.2,44521.6,29592.7,61.5,12517.0,19992.5,4.4,54.1,0.0,8191.4,0.0,2.0,293.0,978.9,3.0,15.0,0.0,294.0,350.0
2026-10-02T18:50:59.920542+00:00,SivaChowdary,16.8,2600.0,4.4,10.9,19512.6,12226.0,61.5,12515.0,19994.5,4.4,54.1,0.0,53252.5,0.0,10.0,71900.0,2497007.0,404.0,1999.2,0.0,294.0,351.0
2026-10-02T18:51:00.896139+00:00,SivaChowdary,20.4,2600.0,3.5,15.6,23667.4,15113.5,61.5,12511.2,19998.3,4.4,54.1,0.0,98314.0,0.0,16.0,35574.6,2099841.8,321.0,1674.2,0.0,294.0,352.0
2026-10-02T18:51:01.908342+00:00,SivaChowdary,19.5,2600.0,5.1,13.6,42266.9,26374.7,61.5,12512.1,19997.4,4.4,54.1,0.0,118688.2,0.0,11.0,1313.9,2455.0,12.0,26.0,0.0,294.0,350.0
2026-10-02T18:51:02.848336+00:00,SivaChowdary,11.0,2600.0,3.8,6.7,16914.8,9417.6,61.5,12513.0,19996.5,4.4,54.1,0.0,8202.1,0.0,2.0,1277.6,1979.4,13.0,24.0,0.0,294.0,350.0
2026-10-02T18:51:03.910778+00:00,SivaChowdary,13.2,2600.0,3.0,9.7,16325.9,10435.4,61.5,12516.1,19993.4,4.4,54.1,0.0,335725.2,0.0,43.0,3170.6,3269.6,18.0,32.0,0.0,294.0,352.0
2026-10-02T18:51:04.908940+00:00,SivaChowdary,12.6,2600.0,3.3,8.4,44871.3,27952.2,61.5,12516.6,19992.9,4.4,54.1,0.0,12292.5,0.0,3.0,353.1,1121.4,4.0,12.0,0.0,294.0,350.0
2026-10-02T18:51:05.860311+00:00,SivaChowdary,15.3,2600.0,3.6,10.8,17359.3,11974.8,61.5,12514.8,19994.8,4.4,54.1,49101.9,360080.8,2.0,40.0,1751.2,1185.8,6.0,15.0,0.0,294.0,350.0
2026-10-02T18:51:06.945277+00:00,SivaChowdary,17.7,2600.0,7.7,8.4,22601.2,13095.0,61.6,12489.4,20020.1,4.4,54.1,0.0,82007.8,0.0,1.0,13474.4,7208.7,34.0,41.0,0.0,294.0,352.0
2026-10-02T18:51:07.882114+00:00,SivaChowdary,23.8,2600.0,3.5,19.7,18640.5,13539.2,61.5,12506.3,20003.2,4.4,54.1,0.0,90099.7,0.0,16.0,8106.9,9438.7,34.0,39.0,0.0,294.0,352.0
2026-10-02T18:51:08.863248+00:00,SivaChowdary,8.0,2600.0,2.7,4.6,41268.6,26535.2,61.5,12515.6,19993.9,4.4,54.1,0.0,12278.4,0.0,3.0,2754.8,2156.3,15.0,24.0,0.0,294.0,350.0
2026-10-02T18:51:09.879208+00:00,SivaChowdary,13.3,2600.0,2.8,9.9,25401.2,19301.6,61.5,12507.5,20002.0,4.4,54.1,0.0,0.0,0.0,0.0,1555.2,2046.5,14.0,22.0,0.0,294.0,352.0
2026-10-02T18:51:10.925543+00:00,SivaChowdary,13.2,2600.0,3.4,9.0,41970.8,26173.7,61.5,12513.3,19996.2,4.4,54.1,0.0,12275.7,0.0,2.0,545.5,1297.7,6.0,16.0,0.0,294.0,350.0
2026-10-02T18:51:11.847445+00:00,SivaChowdary,18.1,2600.0,4.4,13.2,17412.2,11746.5,61.5,12509.0,20000.5,4.4,54.1,0.0,36881.4,0.0,7.0,481.2,1383.7,6.0,17.0,0.0,294.0,350.0
2026-10-02T18:51:12.989548+00:00,SivaChowdary,10.7,2600.0,3.0,6.6,14532.3,8308.3,61.5,12511.0,19998.5,4.4,54.1,0.0,0.0,0.0,0.0,168.0,1286.2,2.0,14.0,0.0,294.0,352.0
2026-10-02T18:51:13.862623+00:00,SivaChowdary,22.0,2600.0,3.3,18.3,30076.8,21128.2,61.5,12503.2,20006.3,4.4,54.1,0.0,131036.2,0.0,3.0,1394.6,419.9,1.0,7.0,0.0,294.0,352.0
2026-10-02T18:51:14.936199+00:00,SivaChowdary,9.2,2600.0,3.2,5.1,28554.8,17304.7,61.5,12513.4,19996.1,4.4,54.1,0.0,8194.2,0.0,2.0,168.0,1020.3,2.0,14.0,0.0,294.0,350.0
2026-10-02T18:51:15.863554+00:00,SivaChowdary,16.7,2600.0,4.2,11.5,19069.9,12198.4,61.5,12503.6,20005.9,4.4,54.1,0.0,151519.6,0.0,5.0,715.8,1461.7,7.0,14.0,0.0,294.0,352.0
2026-10-02T18:51:16.973508+00:00,SivaChowdary,12.8,2600.0,2.8,9.5,41963.1,26340.5,61.5,12513.6,19995.9,4.4,54.1,0.0,20482.0,0.0,4.0,2617.3,3225.3,24.0,26.0,0.0,294.0,350.0
2026-10-02T18:51:17.841838+00:00,SivaChowdary,15.0,2600.0,3.4,11.0,17761.0,11556.3,61.5,12503.8,20005.8,4.4,54.1,0.0,0.0,0.0,0.0,1547.4,2555.7,15.0,23.0,0.0,294.0,350.0
2026-10-02T18:51:18.961252+00:00,SivaChowdary,10.9,2600.0,2.9,7.0,17091.8,11076.1,61.5,12506.2,20003.3,4.4,54.1,0.0,24562.8,0.0,4.0,4695.5,2996.4,22.0,30.0,0.0,294.0,352.0
2026-10-02T18:51:19.869066+00:00,SivaChowdary,22.4,2600.0,4.4,17.5,44675.5,28162.2,61.5,12508.0,20001.5,4.4,54.1,0.0,12291.2,0.0,3.0,31529.1,38133.8,79.0,88.0,0.0,294.0,350.0
2026-10-02T18:51:20.963118+00:00,SivaChowdary,10.0,2600.0,3.1,6.0,15798.8,10823.3,61.5,12516.0,19993.6,4.4,54.1,0.0,106528.5,0.0,15.0,2997.9,2526.8,28.0,27.0,0.0,294.0,350.0
2026-10-02T18:51:21.885780+00:00,SivaChowdary,17.0,2600.0,4.0,12.3,20391.4,13316.3,61.5,12512.8,19996.7,4.4,54.1,0.0,0.0,0.0,0.0,31061.0,1089491.0,236.0,867.9,0.0,294.0,352.0
2026-10-02T18:51:22.944925+00:00,SivaChowdary,16.7,2600.0,4.2,11.6,47092.8,28971.1,61.5,12519.4,19990.2,4.4,54.1,0.0,12291.9,0.0,3.0,43427.7,2131008.2,386.1,1709.5,0.0,294.0,350.0
2026-10-02T18:51:23.876653+00:00,SivaChowdary,17.3,2600.0,4.5,11.7,19497.5,12005.3,61.5,12524.5,19985.0,4.4,54.1,0.0,761367.9,0.0,145.9,44369.6,2523239.3,378.8,2000.7,0.0,294.0,350.0
2026-10-02T18:51:25.018242+00:00,SivaChowdary,12.5,2600.0,4.0,7.9,17547.1,10396.6,61.5,12513.7,19995.8,4.4,54.1,0.0,40985.9,0.0,9.0,20437.9,1436149.1,167.1,1157.7,0.0,294.0,352.0
2026-10-02T18:51:25.846788+00:00,SivaChowdary,25.5,2600.0,5.4,19.4,49980.8,31904.0,61.5,12515.6,19993.9,4.4,54.1,0.0,36827.0,0.0,5.0,758.2,984.0,9.0,13.0,0.0,294.0,352.0
2026-10-02T18:51:26.982365+00:00,SivaChowdary,11.2,2600.0,2.9,7.7,15839.9,9074.1,61.5,12518.5,19991.0,4.4,54.1,0.0,57274.9,0.0,7.0,965.8,1042.7,5.0,13.0,0.0,294.0,350.0
2026-10-02T18:51:27.897887+00:00,SivaChowdary,19.0,2600.0,4.2,13.7,32494.4,25429.7,61.5,12514.9,19994.6,4.4,54.1,0.0,217385.0,0.0,14.0,18106.7,62197.0,93.1,105.1,0.0,294.0,352.0
2026-10-02T18:51:28.964023+00:00,SivaChowdary,16.1,2600.0,4.3,11.6,45116.6,27126.2,61.5,12511.1,19998.4,4.4,54.1,0.0,106563.6,0.0,4.0,13916.8,24085.3,38.0,51.0,0.0,294.0,350.0
2026-10-02T18:51:29.856018+00:00,SivaChowdary,13.5,2600.0,2.5,10.4,18532.5,12965.4,61.5,12510.1,19999.4,4.4,54.1,0.0,20483.9,0.0,5.0,427.1,2015.4,4.0,9.0,0.0,294.0,350.0
2026-10-02T18:51:31.059352+00:00,SivaChowdary,12.2,1496.0,3.2,8.2,14519.2,8822.2,61.5,12508.5,20001.0,4.4,54.1,0.0,24546.0,0.0,3.0,1346.4,1993.6,14.0,20.0,0.0,294.0,352.0
2026-10-02T18:51:31.822273+00:00,SivaChowdary,23.8,2600.0,4.7,18.3,44849.2,30424.3,61.5,12505.2,20004.3,4.4,54.1,0.0,32799.6,0.0,6.0,1269.2,1746.7,10.0,14.0,0.0,294.0,350.0
2026-10-02T18:51:32.911477+00:00,SivaChowdary,13.7,2600.0,4.1,8.4,14423.3,8594.4,61.5,12508.9,20000.6,4.4,54.1,0.0,12289.9,0.0,2.0,377.1,549.1,4.0,7.0,0.0,294.0,350.0
2026-10-02T18:51:33.963465+00:00,SivaChowdary,15.7,2600.0,3.2,11.4,20659.9,14140.6,61.5,12507.7,20001.8,4.4,54.1,0.0,36831.7,0.0,6.0,2149.1,1560.6,9.0,17.0,0.0,294.0,352.0
2026-10-02T18:51:34.956649+00:00,SivaChowdary,20.9,2600.0,5.3,14.7,43742.1,27837.5,61.5,12509.9,19999.7,4.4,54.1,0.0,8195.4,0.0,2.0,337.1,533.2,4.0,8.0,0.0,294.0,350.0
2026-10-02T18:51:35.832624+00:00,SivaChowdary,13.7,2600.0,3.7,9.0,15706.7,9590.6,61.5,12514.2,19995.4,4.4,54.1,0.0,0.0,0.0,0.0,585.9,1345.8,6.0,19.0,0.0,294.0,350.0
2026-10-02T18:51:37.045698+00:00,SivaChowdary,16.1,2600.0,5.6,10.5,23338.7,14722.5,61.6,12475.8,20033.7,4.4,54.1,0.0,245935.8,0.0,6.0,21683.5,16446.8,47.0,58.0,0.0,294.0,358.0
2026-10-02T18:51:37.846738+00:00,SivaChowdary,27.6,2600.0,7.1,19.3,48866.2,31134.8,61.6,12481.5,20028.0,4.4,54.1,0.0,180136.2,0.0,22.0,1305.4,2440.8,13.0,21.0,0.0,294.0,356.0
2026-10-02T18:51:38.957312+00:00,SivaChowdary,13.2,2600.0,4.6,7.6,13708.6,8228.9,61.6,12483.8,20025.7,4.4,54.1,0.0,151513.9,0.0,14.0,2248.4,1197.7,11.0,16.0,0.0,294.0,356.0
2026-10-02T18:51:39.956940+00:00,SivaChowdary,13.7,2600.0,3.4,9.3,25928.4,18345.9,61.6,12474.2,20035.3,4.4,54.1,16378.6,65514.4,1.0,7.0,1223.6,1821.4,13.0,21.0,0.0,294.0,358.0
2026-10-02T18:51:40.970285+00:00,SivaChowdary,18.3,2600.0,3.5,14.5,44347.6,27549.5,61.6,12488.6,20020.9,4.4,54.1,0.0,368619.7,0.0,22.0,84.0,256.0,1.0,4.0,0.0,294.0,354.0
2026-10-02T18:51:41.859433+00:00,SivaChowdary,11.7,2600.0,3.1,8.5,16319.1,10140.2,61.6,12488.9,20020.6,4.4,54.1,0.0,45070.0,0.0,8.0,879.3,1183.4,9.0,15.0,0.0,294.0,354.0
2026-10-02T18:51:42.948154+00:00,SivaChowdary,12.0,2600.0,2.3,9.2,16198.9,10016.2,61.6,12485.2,20024.3,4.4,54.1,0.0,49197.3,0.0,10.0,1196.1,2806.6,12.0,34.0,0.0,294.0,356.0
2026-10-02T18:51:43.839448+00:00,SivaChowdary,14.6,2600.0,3.2,10.7,43420.0,26580.0,61.6,12488.5,20021.1,4.4,54.1,0.0,4094.8,0.0,1.0,1394.6,1194.6,1.0,15.0,0.0,294.0,354.0
2026-10-02T18:51:44.845020+00:00,SivaChowdary,15.0,2600.0,4.0,10.8,26387.0,15962.7,61.6,12480.8,20028.8,4.4,54.1,0.0,8186.7,0.0,2.0,52172.4,3213705.8,400.7,2517.4,0.0,294.0,356.0
2026-10-02T18:51:45.955749+00:00,SivaChowdary,15.0,2600.0,8.4,5.9,24852.1,14061.5,61.6,12490.0,20019.5,4.4,54.1,0.0,53196.9,0.0,8.0,57161.1,3661742.6,476.5,2921.2,0.0,294.0,356.0
2026-10-02T18:51:46.912273+00:00,SivaChowdary,21.0,2600.0,2.7,18.4,16623.4,13285.1,61.6,12494.0,20015.5,4.4,54.1,0.0,217433.7,0.0,21.0,1353.2,2359.8,11.0,23.0,0.0,294.0,358.0
2026-10-02T18:51:47.854504+00:00,SivaChowdary,10.0,2600.0,2.4,6.6,44034.1,26651.6,61.6,12497.3,20012.2,4.4,54.1,0.0,16377.0,0.0,3.0,292.9,1143.5,3.0,15.0,0.0,294.0,353.0
2026-10-02T18:51:48.884041+00:00,SivaChowdary,13.2,2600.0,2.9,10.4,17633.1,11433.0,61.5,12503.5,20006.0,4.4,54.1,0.0,176189.3,0.0,15.0,2586.9,2444.9,12.0,25.0,0.0,294.0,355.0
2026-10-02T18:51:49.916357+00:00,SivaChowdary,11.1,2600.0,3.1,7.1,42831.6,27565.8,61.6,12489.8,20019.7,4.4,54.1,0.0,24574.0,0.0,6.0,631.9,1590.9,7.0,21.0,0.0,294.0,353.0
2026-10-02T18:51:50.836547+00:00,SivaChowdary,16.2,2600.0,3.2,12.7,16411.9,11241.7,61.5,12518.7,19990.8,4.4,54.1,0.0,8186.0,0.0,2.0,669.5,1408.0,7.0,17.0,0.0,294.0,349.0
2026-10-02T18:51:52.004667+00:00,SivaChowdary,10.3,2600.0,3.8,5.5,14648.1,8378.8,61.5,12518.0,19991.5,4.4,54.1,0.0,61482.5,0.0,10.0,1980.4,2965.0,21.0,33.0,0.0,294.0,351.0
2026-10-02T18:51:52.881135+00:00,SivaChowdary,23.5,2600.0,2.9,20.0,16518.4,13444.1,61.5,12508.4,20001.1,4.4,54.1,0.0,118758.2,0.0,20.0,0.0,1029.8,0.0,14.0,0.0,294.0,351.0
2026-10-02T18:51:53.822124+00:00,SivaChowdary,9.3,2600.0,3.3,5.6,43752.0,25800.7,61.4,12536.3,19973.2,4.4,54.1,0.0,12295.0,0.0,3.0,2529.4,2405.4,13.0,30.0,0.0,294.0,349.0
2026-10-02T18:51:54.905363+00:00,SivaChowdary,19.1,2600.0,4.9,13.6,20429.7,14414.2,61.5,12522.8,19986.7,4.4,54.1,0.0,12278.8,0.0,2.0,506.6,1366.0,6.0,19.0,0.0,294.0,351.0
2026-10-02T18:51:55.941340+00:00,SivaChowdary,13.9,2600.0,4.3,9.0,44393.8,27731.1,61.5,12529.1,19980.4,4.4,54.1,0.0,4098.4,0.0,1.0,84.0,312.2,1.0,5.0,0.0,294.0,349.0
2026-10-02T18:51:56.840099+00:00,SivaChowdary,18.3,2600.0,3.6,13.8,17615.6,11980.3,61.5,12524.0,19985.5,4.4,54.1,0.0,16379.0,0.0,4.0,1087.7,2203.3,11.0,26.0,0.0,294.0,349.0
2026-10-02T18:51:58.031282+00:00,SivaChowdary,8.1,2600.0,3.3,4.5,15517.4,9219.0,61.5,12526.2,19983.3,4.4,54.1,0.0,114676.0,0.0,13.0,2447.7,1630.8,12.0,20.0,0.0,294.0,353.0
2026-10-02T18:51:58.840504+00:00,SivaChowdary,26.6,2600.0,5.3,20.9,29994.0,20834.3,61.5,12517.7,19991.9,4.4,54.1,0.0,139366.2,0.0,5.0,0.0,536.4,0.0,9.0,0.0,294.0,351.0
2026-10-02T18:51:59.941889+00:00,SivaChowdary,7.0,1496.0,2.6,3.9,30397.5,17530.3,61.5,12527.3,19982.3,4.4,54.1,0.0,20458.1,0.0,2.0,1050.9,1855.0,12.0,25.0,0.0,294.0,349.0
2026-10-02T18:52:00.905407+00:00,SivaChowdary,28.2,2600.0,4.0,23.4,16176.9,12578.3,61.5,12515.5,19994.0,4.4,54.1,0.0,57400.3,0.0,8.0,0.0,704.7,0.0,12.0,0.0,294.0,351.0
2026-10-02T18:52:01.829977+00:00,SivaChowdary,11.9,1496.0,3.3,8.1,43470.8,27112.1,61.5,12514.3,19995.2,4.4,54.1,0.0,32751.3,0.0,6.0,932.5,1616.2,7.0,13.0,0.0,294.0,349.0
2026-10-02T18:52:02.839908+00:00,SivaChowdary,16.3,2600.0,3.9,12.0,16209.5,10796.7,61.5,12516.2,19993.4,4.4,54.1,0.0,24584.3,0.0,4.0,814.3,1386.5,8.0,15.0,0.0,294.0,349.0
2026-10-02T18:52:03.987207+00:00,SivaChowdary,16.6,2600.0,8.7,7.1,26458.6,14349.2,61.7,12445.2,20064.3,4.4,54.1,16375.1,1780790.3,1.0,234.9,8461.4,2775.5,18.0,28.0,0.0,294.0,352.0
2026-10-02T18:52:04.891931+00:00,SivaChowdary,26.6,2600.0,5.4,20.2,20920.7,15325.4,61.7,12450.1,20059.4,4.4,54.1,16387.7,1171718.6,1.0,150.0,548.1,770.2,6.0,10.0,0.0,294.0,353.0
2026-10-02T18:52:05.842431+00:00,SivaChowdary,9.6,1496.0,3.7,5.2,47263.3,27721.4,61.7,12446.9,20062.6,4.4,54.1,16388.9,352362.4,1.0,27.0,5165.6,2564.8,25.0,29.0,0.0,294.0,351.0
2026-10-02T18:52:06.890284+00:00,SivaChowdary,16.7,2600.0,4.6,12.2,21019.4,13509.2,61.7,12447.8,20061.7,4.4,54.1,0.0,90066.4,0.0,14.0,12388.7,8744.6,80.0,85.0,0.0,294.0,353.0
2026-10-02T18:52:07.923578+00:00,SivaChowdary,12.7,2600.0,4.2,7.8,44229.3,27013.4,61.7,12454.5,20055.0,4.4,54.1,0.0,77598.3,0.0,16.0,962.2,1205.5,10.0,13.0,0.0,294.0,351.0
2026-10-02T18:52:08.852926+00:00,SivaChowdary,20.3,2600.0,5.2,14.6,22984.9,16794.3,61.7,12453.5,20056.0,4.4,54.1,0.0,176688.4,0.0,14.0,2167.9,1196.8,9.0,14.0,0.0,294.0,351.0
2026-10-02T18:52:09.971563+00:00,SivaChowdary,8.9,2600.0,3.9,4.6,14145.5,8317.8,61.7,12456.7,20052.8,4.4,54.1,0.0,45038.4,0.0,10.0,915.6,1195.5,8.0,14.0,0.0,294.0,353.0
2026-10-02T18:52:10.882914+00:00,SivaChowdary,25.1,2600.0,3.6,20.1,17415.2,13258.0,61.7,12455.4,20054.1,4.4,54.1,0.0,24589.0,0.0,3.0,6319.4,21734.5,32.0,46.0,0.0,294.0,353.0
2026-10-02T18:52:11.853284+00:00,SivaChowdary,13.4,2600.0,4.7,7.3,48142.2,29227.7,61.7,12455.0,20054.5,4.4,54.1,0.0,90061.8,0.0,15.0,13436.5,10703.0,97.9,92.9,0.0,294.0,351.0
2026-10-02T18:52:12.892327+00:00,SivaChowdary,15.9,2600.0,3.5,11.8,18307.6,11654.6,61.7,12456.0,20053.5,4.4,54.1,0.0,4097.2,0.0,1.0,674.2,1226.4,7.0,16.0,0.0,294.0,353.0
2026-10-02T18:52:13.949021+00:00,SivaChowdary,17.5,2600.0,9.3,7.6,48515.7,29042.5,61.7,12442.7,20066.8,4.4,54.1,0.0,4090.6,0.0,1.0,2375.8,1384.2,10.0,16.0,0.0,294.0,351.0
2026-10-02T18:52:14.859085+00:00,SivaChowdary,23.6,2600.0,8.1,14.6,30423.6,20708.8,61.7,12442.3,20067.2,4.4,54.1,0.0,114897.8,0.0,9.0,25495.6,551647.3,80.1,436.8,0.0,294.0,351.0
2026-10-02T18:52:15.956209+00:00,SivaChowdary,21.6,2600.0,14.5,6.4,28825.8,17219.9,61.8,12433.4,20076.1,4.4,54.1,0.0,28656.9,0.0,5.0,89482.9,3720943.1,500.7,2968.4,0.0,294.0,353.0
2026-10-02T18:52:16.838010+00:00,SivaChowdary,26.7,2600.0,5.9,20.0,36953.2,24508.5,61.8,12424.8,20084.7,4.4,54.1,0.0,24571.5,0.0,5.0,11851.8,560596.3,83.0,467.9,0.0,294.0,353.0
2026-10-02T18:52:17.939841+00:00,SivaChowdary,7.2,2600.0,3.2,3.4,28993.9,18587.2,61.7,12435.3,20074.2,4.4,54.1,0.0,0.0,0.0,0.0,1303.8,2238.1,12.9,26.9,0.0,294.0,351.0
2026-10-02T18:52:18.902695+00:00,SivaChowdary,17.9,1496.0,4.3,13.1,18921.8,12477.7,61.7,12436.2,20073.3,4.4,54.1,0.0,168594.0,0.0,6.0,11029.0,14804.8,46.2,59.2,0.0,294.0,353.0
2026-10-02T18:52:19.920507+00:00,SivaChowdary,13.9,2600.0,4.1,9.2,49722.7,29965.0,61.7,12440.3,20069.2,4.4,54.1,0.0,16386.2,0.0,4.0,26991.6,941875.9,177.0,795.1,0.0,294.0,350.0
2026-10-02T18:52:20.852834+00:00,SivaChowdary,15.5,2600.0,3.0,11.8,18400.9,13830.7,61.7,12448.9,20060.6,4.4,54.1,0.0,332008.1,0.0,32.0,716.5,1637.1,8.0,23.0,0.0,294.0,350.0
2026-10-02T18:52:21.960189+00:00,SivaChowdary,7.4,2600.0,2.5,5.0,15181.5,8536.3,61.7,12460.7,20048.8,4.4,54.1,0.0,0.0,0.0,0.0,1478.4,2291.0,14.0,27.0,0.0,294.0,352.0
2026-10-02T18:52:22.823018+00:00,SivaChowdary,22.2,2600.0,4.5,16.6,50440.1,31898.5,61.7,12451.9,20057.6,4.4,54.1,0.0,65506.3,0.0,14.0,12835.2,460890.9,61.0,377.8,0.0,294.0,352.0
2026-10-02T18:52:23.913617+00:00,SivaChowdary,7.5,2600.0,3.2,4.2,16518.0,9272.4,61.7,12465.4,20044.1,4.4,54.1,0.0,16389.9,0.0,4.0,2075.8,4892.8,8.0,25.0,0.0,294.0,350.0
2026-10-02T18:52:24.879523+00:00,SivaChowdary,14.2,2600.0,2.9,10.8,18087.4,12115.6,61.6,12470.1,20039.4,4.4,54.1,0.0,12293.7,0.0,2.0,801.4,1383.6,8.0,17.0,0.0,294.0,352.0
2026-10-02T18:52:25.912954+00:00,SivaChowdary,14.3,2600.0,3.1,10.5,43444.0,26084.2,61.6,12468.7,20040.8,4.4,54.1,0.0,40896.0,0.0,6.0,4503.0,1761.2,17.0,21.0,0.0,294.0,350.0
2026-10-02T18:52:26.855879+00:00,SivaChowdary,14.1,2600.0,6.5,7.3,17526.2,11247.3,61.6,12479.8,20029.7,4.4,54.1,0.0,53306.4,0.0,5.0,804.9,1745.9,8.0,20.0,0.0,294.0,350.0
2026-10-02T18:52:27.972281+00:00,SivaChowdary,12.2,2600.0,2.3,9.4,17254.4,11511.9,61.6,12481.4,20028.1,4.4,54.1,0.0,12286.8,0.0,3.0,6890.4,1369.9,13.0,18.0,0.0,294.0,352.0
2026-10-02T18:52:28.851441+00:00,SivaChowdary,20.8,2600.0,3.9,15.7,47243.6,29703.9,61.6,12478.3,20031.2,4.4,54.1,0.0,114718.7,0.0,10.0,16428.4,998009.7,127.0,794.2,0.0,294.0,350.0
2026-10-02T18:52:29.910405+00:00,SivaChowdary,10.6,2600.0,2.1,7.9,15915.5,9333.2,61.6,12488.2,20021.3,4.4,54.1,0.0,20449.8,0.0,3.0,420.4,1011.5,5.0,16.0,0.0,294.0,350.0
2026-10-02T18:52:30.882378+00:00,SivaChowdary,8.1,1496.0,2.4,5.4,14812.5,8724.4,61.6,12490.6,20018.9,4.4,54.1,0.0,4104.2,0.0,1.0,0.0,873.7,0.0,15.0,0.0,294.0,352.0
2026-10-02T18:52:31.893267+00:00,SivaChowdary,20.3,2600.0,3.3,16.4,41377.1,27759.7,61.6,12486.5,20023.0,4.4,54.1,0.0,24531.6,0.0,6.0,639.8,1257.7,4.0,13.0,0.0,294.0,350.0
2026-10-02T18:52:32.828021+00:00,SivaChowdary,10.7,2600.0,3.2,6.8,19860.3,13240.2,61.6,12477.3,20032.2,4.4,54.1,0.0,172190.5,0.0,34.0,1355.2,1979.8,13.0,24.0,0.0,294.0,350.0
2026-10-02T18:52:33.883844+00:00,SivaChowdary,15.1,2600.0,3.7,11.0,19514.9,12211.4,61.5,12511.4,19998.1,4.4,54.1,0.0,0.0,0.0,0.0,28271.7,1139080.1,194.0,935.2,0.0,294.0,351.0
2026-10-02T18:52:34.882120+00:00,SivaChowdary,12.5,2600.0,3.1,8.7,46937.4,30127.2,61.5,12509.3,20000.2,4.4,54.1,0.0,69653.4,0.0,11.0,970.3,1212.4,11.0,15.0,0.0,294.0,349.0
2026-10-02T18:52:35.852782+00:00,SivaChowdary,13.9,2600.0,2.7,10.8,16834.9,10329.7,61.5,12516.5,19993.0,4.4,54.1,0.0,163819.1,0.0,8.0,629.9,5953.2,7.0,102.0,0.0,294.0,349.0
2026-10-02T18:52:36.981174+00:00,SivaChowdary,8.9,2600.0,3.1,5.0,14083.4,8333.5,61.5,12517.3,19992.2,4.4,54.1,0.0,0.0,0.0,0.0,1085.8,7082.7,11.0,117.0,0.0,294.0,351.0
2026-10-02T18:52:37.836567+00:00,SivaChowdary,24.8,2600.0,5.0,19.2,34232.0,22965.1,61.5,12511.4,19998.1,4.4,54.1,0.0,45075.8,0.0,6.0,0.0,567.2,0.0,9.0,0.0,294.0,351.0
2026-10-02T18:52:38.915616+00:00,SivaChowdary,6.9,2600.0,2.9,3.2,26285.8,14849.8,61.5,12524.0,19985.5,4.4,54.1,0.0,8177.0,0.0,2.0,2522.4,1473.3,13.0,18.0,0.0,294.0,349.0
2026-10-02T18:52:39.884208+00:00,SivaChowdary,15.8,2600.0,3.4,11.7,18302.4,11470.2,61.5,12516.5,19993.1,4.4,54.1,0.0,118962.4,0.0,3.0,677.0,1406.1,8.0,20.0,0.0,294.0,351.0
2026-10-02T18:52:40.931568+00:00,SivaChowdary,11.9,2600.0,3.1,8.6,46514.9,28405.1,61.5,12516.2,19993.3,4.4,54.1,0.0,204865.5,0.0,12.0,38545.3,2557377.3,268.1,1992.6,0.0,294.0,349.0
2026-10-02T18:52:41.855960+00:00,SivaChowdary,16.8,2600.0,4.2,12.2,21154.1,12484.9,61.5,12516.1,19993.4,4.4,54.1,0.0,122868.7,0.0,14.0,674.9,787.9,7.0,9.0,0.0,294.0,349.0
2026-10-02T18:52:42.973315+00:00,SivaChowdary,9.7,2600.0,2.2,7.0,15849.8,9259.2,61.5,12517.7,19991.8,4.4,54.1,0.0,4093.9,0.0,1.0,1108.4,1691.1,11.0,20.0,0.0,294.0,351.0
2026-10-02T18:52:43.861390+00:00,SivaChowdary,17.1,2600.0,3.4,13.1,47779.6,30089.9,61.5,12514.6,19994.9,4.4,54.1,0.0,0.0,0.0,0.0,1479.1,736.1,2.0,12.0,0.0,294.0,351.0
2026-10-02T18:52:44.905197+00:00,SivaChowdary,11.9,2600.0,2.6,8.5,14673.0,8981.5,61.5,12515.5,19994.0,4.4,54.1,0.0,16388.5,0.0,3.0,16416.5,16255.5,34.0,49.0,0.0,294.0,349.0
2026-10-02T18:52:45.925295+00:00,SivaChowdary,14.6,2600.0,3.9,9.8,20656.0,13396.3,61.5,12510.0,19999.6,4.4,54.1,0.0,57255.4,0.0,8.0,209.7,754.8,3.0,13.0,0.0,294.0,351.0
2026-10-02T18:52:46.928986+00:00,SivaChowdary,18.8,2600.0,3.5,14.7,46141.6,29141.3,61.5,12509.1,20000.4,4.4,54.1,0.0,65606.5,0.0,7.0,25709.6,1204513.7,172.2,970.0,0.0,294.0,351.0
2026-10-02T18:52:47.871152+00:00,SivaChowdary,9.2,2600.0,3.0,5.5,16736.9,9331.7,61.5,12516.1,19993.4,4.4,54.1,0.0,0.0,0.0,0.0,670.8,1064.7,7.0,13.0,0.0,294.0,349.0
2026-10-02T18:52:48.894434+00:00,SivaChowdary,14.3,2600.0,2.8,11.4,16807.2,10867.2,61.5,12510.8,19998.7,4.4,54.1,0.0,45086.0,0.0,9.0,2540.7,1801.2,14.0,23.0,0.0,294.0,351.0
2026-10-02T18:52:49.872307+00:00,SivaChowdary,15.7,2600.0,5.4,8.8,46681.6,28330.8,61.5,12507.6,20001.9,4.4,54.1,0.0,20482.0,0.0,5.0,16108.6,645528.3,90.0,528.1,0.0,294.0,349.0
2026-10-02T18:52:50.852862+00:00,SivaChowdary,17.9,2600.0,3.6,13.4,17755.3,11568.2,61.5,12502.8,20006.7,4.4,54.1,0.0,49161.2,0.0,6.0,377.1,669.1,4.0,9.0,0.0,294.0,349.0
2026-10-02T18:52:51.964808+00:00,SivaChowdary,5.7,2600.0,2.2,3.4,13798.6,8033.8,61.5,12507.2,20002.3,4.4,54.1,0.0,0.0,0.0,0.0,880.2,1367.8,9.0,17.0,0.0,294.0,351.0
2026-10-02T18:52:52.873596+00:00,SivaChowdary,22.8,2600.0,2.3,19.7,16575.1,11639.5,61.5,12503.7,20005.8,4.4,54.1,0.0,40965.2,0.0,9.0,1257.2,2816.4,13.0,33.0,0.0,294.0,351.0
2026-10-02T18:52:53.847969+00:00,SivaChowdary,9.9,2600.0,3.5,6.0,41150.6,25097.8,61.5,12510.7,19998.9,4.4,54.1,16393.0,81965.0,1.0,9.0,2499.4,2174.2,11.0,25.0,0.0,294.0,349.0
2026-10-02T18:52:54.889646+00:00,SivaChowdary,19.3,2600.0,4.7,13.8,19110.7,12174.3,61.5,12505.5,20004.0,4.4,54.1,0.0,8194.9,0.0,2.0,1764.6,5955.1,15.0,24.0,0.0,294.0,351.0
2026-10-02T18:52:55.897526+00:00,SivaChowdary,13.7,2600.0,3.7,9.0,39731.9,25355.1,61.5,12521.1,19988.4,4.4,54.1,0.0,8188.5,0.0,2.0,25255.1,789272.5,105.0,620.7,0.0,294.0,349.0
2026-10-02T18:52:56.849134+00:00,SivaChowdary,15.0,2600.0,3.2,11.3,20721.3,13158.9,61.5,12511.6,19997.9,4.4,54.1,4095.7,12287.0,1.0,3.0,34068.2,666810.5,131.0,586.0,0.0,294.0,349.0
2026-10-02T18:52:58.016240+00:00,SivaChowdary,9.2,2600.0,3.0,5.7,14722.6,8913.8,61.5,12515.6,19993.9,4.4,54.1,0.0,98301.6,0.0,13.0,2274.9,3070.9,22.0,32.0,0.0,294.0,351.0
2026-10-02T18:52:58.862500+00:00,SivaChowdary,23.1,1496.0,3.7,18.8,48326.8,30810.5,61.5,12510.5,19999.0,4.4,54.1,0.0,12291.0,0.0,2.0,1395.3,592.1,1.0,10.0,0.0,294.0,349.0
2026-10-02T18:52:59.940196+00:00,SivaChowdary,8.0,2600.0,2.4,5.4,14807.8,8578.5,61.5,12511.6,19997.9,4.4,54.1,0.0,20481.1,0.0,4.0,168.0,1465.1,2.0,13.0,0.0,294.0,349.0
2026-10-02T18:53:00.881659+00:00,SivaChowdary,22.3,2600.0,4.1,17.6,22000.4,13674.8,61.5,12504.8,20004.7,4.4,54.1,0.0,49126.0,0.0,7.0,0.0,1599.2,0.0,16.0,0.0,294.0,352.0
2026-10-02T18:53:01.909787+00:00,SivaChowdary,14.0,2600.0,3.6,9.3,42405.6,27033.9,61.5,12516.0,19993.5,4.4,54.1,0.0,20487.5,0.0,5.0,1226.5,2657.0,10.0,20.0,0.0,294.0,349.0
2026-10-02T18:53:02.856534+00:00,SivaChowdary,13.8,2600.0,3.2,9.6,18977.9,10624.8,61.5,12501.4,20008.2,4.4,54.1,0.0,77749.7,0.0,3.0,41088.7,2370308.5,301.7,1862.2,0.0,294.0,349.0
2026-10-02T18:53:03.979088+00:00,SivaChowdary,12.6,2600.0,3.8,8.1,20590.9,13902.5,61.6,12486.3,20023.2,4.4,54.1,49644.5,278930.5,2.0,19.0,7823.9,432239.4,58.0,376.9,0.0,294.0,351.0
2026-10-02T18:53:04.853597+00:00,SivaChowdary,16.1,1496.0,2.8,12.6,45171.3,28940.7,61.6,12478.5,20031.0,4.4,54.1,2050.7,842853.7,4.0,167.2,1855.5,2176.9,10.0,26.0,0.0,294.0,348.0
2026-10-02T18:53:05.872816+00:00,SivaChowdary,15.8,2600.0,6.9,8.7,18187.9,12529.2,61.6,12486.6,20022.9,4.4,54.1,0.0,81901.8,0.0,9.0,10582.6,2985.3,21.0,29.0,0.0,294.0,348.0
2026-10-02T18:53:06.893815+00:00,SivaChowdary,10.4,2600.0,3.2,5.7,17170.3,9929.3,61.6,12484.8,20024.8,4.4,54.1,0.0,0.0,0.0,0.0,2024.4,3243.1,20.0,37.0,0.0,294.0,350.0
2026-10-02T18:53:07.861307+00:00,SivaChowdary,22.1,2600.0,4.1,17.8,39488.8,26927.6,61.6,12475.5,20034.0,4.4,54.1,0.0,28672.6,0.0,5.0,1165.0,1247.0,10.0,15.0,0.0,294.0,349.0
2026-10-02T18:53:08.852597+00:00,SivaChowdary,13.6,2600.0,4.9,7.0,48094.1,35248.8,61.5,12531.1,19978.4,4.2,54.1,241669.7,315399.4,9.0,23.0,2448.1,2119.1,13.0,24.0,0.0,294.0,348.0
2026-10-02T18:53:09.914998+00:00,SivaChowdary,15.1,2600.0,2.9,11.0,18983.6,11580.7,61.5,12527.0,19982.5,4.2,54.1,0.0,118351.5,0.0,4.0,798.1,1370.0,8.0,16.9,0.0,294.0,350.0
2026-10-02T18:53:11.040929+00:00,SivaChowdary,12.7,2600.0,3.6,8.5,40305.1,25317.3,61.5,12532.1,19977.4,4.2,54.1,0.0,57592.7,0.0,13.1,168.7,1132.9,2.0,19.1,0.0,294.0,348.0
2026-10-02T18:53:11.853260+00:00,SivaChowdary,20.7,2600.0,4.3,15.6,16577.6,11057.4,61.5,12531.9,19977.6,4.2,54.1,0.0,81937.6,0.0,16.0,351.1,909.2,4.0,14.0,0.0,294.0,348.0
2026-10-02T18:53:13.052737+00:00,SivaChowdary,7.3,2600.0,2.2,4.8,13631.6,8243.7,61.4,12534.5,19975.0,4.2,54.1,0.0,49150.4,0.0,12.0,1857.9,973.0,6.0,13.0,0.0,294.0,351.0
2026-10-02T18:53:13.866771+00:00,SivaChowdary,29.8,2600.0,6.2,22.2,41920.9,30428.2,61.6,12479.9,20029.6,4.2,54.1,0.0,122876.9,0.0,3.0,16914.6,15568.6,45.0,49.0,0.0,294.0,349.0
2026-10-02T18:53:14.967991+00:00,SivaChowdary,10.3,2600.0,4.2,5.6,26413.4,15365.8,61.6,12495.2,20014.3,4.2,54.1,0.0,184162.3,0.0,29.0,255.8,830.3,3.0,11.0,0.0,294.0,349.0
2026-10-02T18:53:15.893654+00:00,SivaChowdary,16.3,1496.0,4.1,11.5,17456.8,10152.6,61.6,12492.3,20017.2,4.2,54.1,0.0,57392.6,0.0,11.0,650.6,1274.1,6.0,14.0,0.0,294.0,351.0
2026-10-02T18:53:16.929075+00:00,SivaChowdary,12.5,2600.0,2.3,9.5,43770.3,27614.0,61.6,12495.0,20014.5,4.2,54.1,0.0,69642.1,0.0,16.0,1312.2,1953.3,11.0,18.0,0.0,294.0,349.0
2026-10-02T18:53:17.853850+00:00,SivaChowdary,12.5,2600.0,3.4,8.4,17257.8,10691.6,61.5,12502.6,20006.9,4.2,54.1,0.0,0.0,0.0,0.0,1052.6,1664.3,12.0,22.0,0.0,294.0,349.0
2026-10-02T18:53:18.984262+00:00,SivaChowdary,12.5,2600.0,2.5,9.1,14917.2,9809.8,61.5,12501.2,20008.3,4.2,54.1,0.0,53263.0,0.0,12.0,4170.2,2067.6,16.0,24.0,0.0,294.0,351.0
2026-10-02T18:53:19.868253+00:00,SivaChowdary,18.0,2600.0,3.6,13.5,45218.2,28933.0,61.6,12487.4,20022.1,4.2,54.1,0.0,40933.1,0.0,4.0,1424.1,18369.9,15.0,25.0,0.0,294.0,351.0
2026-10-02T18:53:20.902235+00:00,SivaChowdary,16.3,2600.0,4.4,11.5,21455.1,13867.8,61.5,12501.6,20007.9,4.2,54.1,0.0,208877.7,0.0,26.0,629.9,1025.9,7.0,14.0,0.0,294.0,349.0
2026-10-02T18:53:21.842238+00:00,SivaChowdary,8.2,2600.0,2.7,4.5,14729.9,8261.1,61.5,12502.9,20006.6,4.2,54.1,0.0,0.0,0.0,0.0,797.6,1464.1,8.0,19.0,0.0,294.0,351.0
2026-10-02T18:53:22.868935+00:00,SivaChowdary,22.5,2600.0,4.1,17.6,45294.4,28210.3,61.6,12496.8,20012.8,4.2,54.1,0.0,57314.2,0.0,13.0,1579.2,2269.8,17.0,28.0,0.0,294.0,349.0
2026-10-02T18:53:23.883474+00:00,SivaChowdary,8.1,2600.0,2.2,4.6,16646.3,8976.1,61.5,12504.1,20005.4,4.2,54.1,0.0,159727.5,0.0,8.0,3081.7,2167.8,17.0,23.0,0.0,294.0,349.0
2026-10-02T18:53:24.882861+00:00,SivaChowdary,18.4,2600.0,3.4,14.0,20556.4,14215.7,61.6,12496.2,20013.3,4.2,54.1,0.0,12299.0,0.0,2.0,84.1,816.7,1.0,14.0,0.0,294.0,351.0
2026-10-02T18:53:25.919942+00:00,SivaChowdary,11.1,1496.0,3.7,7.1,43201.7,26650.5,61.5,12512.6,19996.9,4.2,54.1,0.0,45026.5,0.0,7.0,83.9,255.8,1.0,4.0,0.0,294.0,349.0
2026-10-02T18:53:26.851506+00:00,SivaChowdary,15.6,2600.0,2.9,12.2,18299.3,11907.9,61.5,12511.0,19998.5,4.2,54.1,0.0,90118.6,0.0,13.0,466.0,663.0,5.0,9.0,0.0,294.0,349.0
2026-10-02T18:53:27.970762+00:00,SivaChowdary,8.8,2600.0,2.5,5.8,15209.9,8476.0,61.5,12504.5,20005.0,4.2,54.1,0.0,172031.3,0.0,7.0,505.0,1074.0,6.0,14.0,0.0,294.0,351.0
2026-10-02T18:53:28.840736+00:00,SivaChowdary,25.1,2600.0,4.5,19.7,44498.1,29820.1,61.5,12501.3,20008.2,4.2,54.1,0.0,16386.2,0.0,3.0,1395.2,559.1,1.0,8.0,0.0,294.0,349.0
2026-10-02T18:53:29.962230+00:00,SivaChowdary,10.0,1496.0,3.5,5.9,14243.8,8456.5,61.5,12512.9,19996.6,4.2,54.1,0.0,192455.1,0.0,5.0,168.0,623.8,2.0,10.0,0.0,294.0,349.0
2026-10-02T18:53:30.863170+00:00,SivaChowdary,14.1,2600.0,2.9,10.6,24519.7,17776.8,61.5,12507.1,20002.4,4.2,54.1,0.0,114686.5,0.0,9.0,546.0,805.0,6.0,9.0,0.0,294.0,351.0
2026-10-02T18:53:31.931582+00:00,SivaChowdary,12.7,2600.0,3.4,8.9,40688.8,24504.5,61.5,12517.3,19992.2,4.2,54.1,0.0,24579.5,0.0,6.0,724.1,1124.2,5.0,10.0,0.0,294.0,349.0
2026-10-02T18:53:32.849437+00:00,SivaChowdary,13.4,2600.0,2.9,9.9,15732.6,9439.8,61.6,12496.1,20013.4,4.2,54.1,0.0,12291.6,0.0,2.0,889.3,1997.6,10.0,26.0,0.0,294.0,349.0
2026-10-02T18:53:33.992045+00:00,SivaChowdary,12.8,2600.0,3.9,8.5,13505.8,8499.0,61.5,12511.0,19998.5,4.2,54.1,0.0,106471.1,0.0,4.0,2108.5,1764.6,9.0,22.0,0.0,294.0,351.0
2026-10-02T18:53:34.863973+00:00,SivaChowdary,17.2,1496.0,4.3,12.1,43053.7,27170.2,61.5,12514.0,19995.5,4.2,54.1,0.0,8189.7,0.0,1.0,547.8,1409.6,6.0,21.0,0.0,294.0,349.0
2026-10-02T18:53:35.888592+00:00,SivaChowdary,14.2,2600.0,2.8,10.9,14890.2,10986.5,61.5,12506.8,20002.7,4.2,54.1,0.0,143314.1,0.0,4.0,10266.7,7056.7,17.0,25.0,0.0,294.0,349.0
2026-10-02T18:53:36.885071+00:00,SivaChowdary,11.2,2600.0,4.1,6.5,20807.0,11165.2,61.6,12498.1,20011.4,4.2,54.1,0.0,171850.0,0.0,3.0,23891.7,12922.3,53.9,67.9,0.0,294.0,351.0
2026-10-02T18:53:37.934811+00:00,SivaChowdary,22.9,2600.0,3.9,18.3,40943.3,28272.7,61.5,12505.8,20003.7,4.2,54.1,0.0,225716.9,0.0,35.1,2568.0,4984.6,26.1,60.1,0.0,294.0,349.0
2026-10-02T18:53:38.859323+00:00,SivaChowdary,9.1,2600.0,4.0,5.0,16922.8,9228.3,61.5,12515.7,19993.8,4.2,54.1,0.0,8190.5,0.0,2.0,2156.6,1187.8,9.0,15.0,0.0,294.0,351.0
2026-10-02T18:53:39.898265+00:00,SivaChowdary,18.0,2600.0,5.0,12.4,25237.9,14358.8,61.5,12505.4,20004.1,4.2,54.1,0.0,0.0,0.0,0.0,1309.3,10912.1,10.0,75.0,0.0,294.0,351.0
2026-10-02T18:53:40.899413+00:00,SivaChowdary,12.3,2600.0,3.8,7.9,42492.3,26125.3,61.5,12506.8,20002.7,4.2,54.1,0.0,94202.0,0.0,13.0,84.0,9215.4,1.0,164.0,0.0,294.0,349.0
2026-10-02T18:53:41.867943+00:00,SivaChowdary,19.6,2600.0,3.8,14.8,41185.3,35678.7,61.5,12503.3,20006.2,4.2,54.1,0.0,36861.6,0.0,6.0,377.0,13820.1,4.0,244.0,0.0,294.0,350.0
2026-10-02T18:53:43.003878+00:00,SivaChowdary,9.1,2600.0,2.9,6.0,16926.2,10481.0,61.5,12506.5,20003.0,4.2,54.1,0.0,32774.2,0.0,7.0,2726.5,7069.3,13.0,116.0,0.0,294.0,351.0
2026-10-02T18:53:43.862501+00:00,SivaChowdary,26.6,2600.0,3.5,21.7,22070.9,15497.0,61.4,12545.9,19963.6,4.2,54.1,0.0,290590.8,0.0,23.0,292.8,1258.0,3.0,17.0,0.0,294.0,350.0
2026-10-02T18:53:44.915383+00:00,SivaChowdary,8.3,2600.0,3.6,4.0,36954.1,21121.9,61.4,12556.7,19952.8,4.2,54.1,0.0,57308.4,0.0,12.0,376.8,1164.3,4.0,18.0,0.0,294.0,349.0
2026-10-02T18:53:45.892085+00:00,SivaChowdary,18.8,1496.0,4.7,13.4,17769.1,11779.3,61.4,12553.2,19956.3,4.2,54.1,0.0,61509.6,0.0,9.0,337.4,4321.9,4.0,75.1,0.0,294.0,349.0
2026-10-02T18:53:46.960085+00:00,SivaChowdary,11.9,2600.0,3.6,8.3,41087.1,26031.1,61.4,12562.2,19947.3,4.2,54.1,0.0,237441.3,0.0,10.0,1883.0,7400.1,15.0,114.9,0.0,294.0,347.0
2026-10-02T18:53:47.849194+00:00,SivaChowdary,14.6,2600.0,3.2,10.7,17919.3,11835.5,61.4,12561.4,19948.1,4.2,54.1,0.0,0.0,0.0,0.0,361.2,2382.5,2.0,41.0,0.0,294.0,347.0
2026-10-02T18:53:49.017294+00:00,SivaChowdary,12.5,2600.0,4.0,7.7,15387.5,9105.4,61.4,12564.5,19945.0,4.2,54.1,0.0,12284.4,0.0,3.0,2658.2,1795.5,15.0,22.0,0.0,294.0,349.0
2026-10-02T18:53:49.857306+00:00,SivaChowdary,23.5,2600.0,5.0,17.4,48811.9,31610.6,61.4,12546.2,19963.3,4.2,54.1,0.0,8195.5,0.0,2.0,72452.1,2635997.0,482.2,2102.9,0.0,294.0,347.0
2026-10-02T18:53:50.935620+00:00,SivaChowdary,10.5,2600.0,3.5,6.8,17816.6,10101.7,61.4,12560.0,19949.5,4.2,54.1,0.0,330785.3,0.0,9.0,54804.9,4024622.2,409.8,3145.6,0.0,294.0,347.0
2026-10-02T18:53:51.836050+00:00,SivaChowdary,14.5,1496.0,4.0,10.0,21626.1,12985.1,61.4,12554.9,19954.6,4.2,54.1,0.0,0.0,0.0,0.0,36792.2,1816476.0,274.8,1449.0,0.0,294.0,349.0
2026-10-02T18:53:52.970068+00:00,SivaChowdary,15.1,2600.0,3.1,11.3,41641.1,26108.8,61.4,12555.4,19954.1,4.2,54.1,0.0,28670.7,0.0,5.0,791.0,1694.9,8.0,23.0,0.0,294.0,347.0
2026-10-02T18:53:53.846198+00:00,SivaChowdary,11.4,2600.0,3.0,7.9,15316.0,8746.3,61.4,12553.9,19955.6,4.2,54.1,0.0,221241.7,0.0,10.0,1395.4,1936.5,1.0,34.0,0.0,294.0,347.0
2026-10-02T18:53:54.988007+00:00,SivaChowdary,15.9,2600.0,4.7,10.5,17174.4,10685.6,61.4,12546.4,19963.1,4.2,54.1,0.0,61409.3,0.0,12.0,13991.0,463856.8,75.0,400.8,0.0,294.0,349.0
2026-10-02T18:53:55.831352+00:00,SivaChowdary,17.7,2600.0,4.5,12.3,41276.7,27321.1,61.4,12549.5,19960.1,4.2,54.1,0.0,0.0,0.0,0.0,0.0,280.1,0.0,5.0,0.0,294.0,347.0
2026-10-02T18:53:56.894761+00:00,SivaChowdary,13.0,2600.0,2.8,10.1,15274.9,9615.9,61.4,12561.0,19948.5,4.2,54.1,0.0,20469.2,0.0,5.0,669.6,1007.5,7.0,11.0,0.0,294.0,347.0
2026-10-02T18:53:57.902503+00:00,SivaChowdary,7.1,2600.0,2.9,3.7,16081.6,9221.1,61.4,12557.2,19952.3,4.2,54.1,0.0,81973.9,0.0,11.0,672.4,754.5,7.0,8.0,0.0,294.0,351.0
2026-10-02T18:53:58.908710+00:00,SivaChowdary,29.4,2600.0,6.7,21.7,24452.6,17045.2,61.4,12547.6,19961.9,4.2,54.1,0.0,12273.8,0.0,2.0,1477.3,679.2,2.0,11.0,0.0,294.0,349.0
2026-10-02T18:53:59.824446+00:00,SivaChowdary,11.3,2600.0,4.2,6.6,48160.6,28059.2,61.4,12553.8,19955.7,4.2,54.1,0.0,16398.2,0.0,4.0,18510.0,747436.3,114.1,585.5,0.0,294.0,347.0
2026-10-02T18:54:00.912559+00:00,SivaChowdary,23.9,2600.0,4.0,19.1,19172.7,13702.0,61.4,12546.3,19963.3,4.2,54.1,0.0,57352.2,0.0,9.0,9120.3,279458.9,83.0,264.0,0.0,294.0,349.0
2026-10-02T18:54:01.849158+00:00,SivaChowdary,13.7,2600.0,3.6,9.6,42050.1,27580.4,61.4,12554.3,19955.2,4.2,54.1,0.0,24579.0,0.0,4.0,894.1,1221.1,7.0,11.0,0.0,294.0,347.0
2026-10-02T18:54:02.869742+00:00,SivaChowdary,15.2,2600.0,4.2,10.4,15505.0,10189.3,61.4,12545.4,19964.1,4.2,54.1,0.0,16358.7,0.0,2.0,1811.2,1625.5,17.0,20.0,0.0,294.0,347.0
2026-10-02T18:54:03.995651+00:00,SivaChowdary,7.7,2600.0,2.7,4.7,15962.5,8963.6,61.4,12550.7,19958.8,4.2,54.1,0.0,8198.9,0.0,2.0,34954.6,32686.6,85.1,90.1,0.0,294.0,350.0
2026-10-02T18:54:04.859403+00:00,SivaChowdary,22.8,2600.0,3.1,18.5,25688.3,17675.1,61.5,12518.0,19991.5,4.2,54.1,0.0,212201.2,0.0,22.9,673.5,1320.1,7.0,13.9,0.0,294.0,350.0
2026-10-02T18:54:05.925876+00:00,SivaChowdary,9.8,2600.0,4.1,5.3,35265.4,21416.3,61.5,12529.4,19980.1,4.2,54.1,0.0,287677.7,0.0,26.1,36770.4,1539754.9,245.8,1265.2,0.0,294.0,348.0
2026-10-02T18:54:06.884827+00:00,SivaChowdary,15.3,2600.0,4.7,10.2,19431.2,12235.4,61.5,12510.6,19998.9,4.2,54.1,0.0,53254.0,0.0,9.0,18555.1,816124.6,113.0,666.1,0.0,294.0,350.0
2026-10-02T18:54:07.932185+00:00,SivaChowdary,15.8,2600.0,4.9,10.3,42960.4,27122.5,61.5,12523.2,19986.3,4.2,54.1,106549.0,86058.8,2.0,15.0,21738.8,29120.5,72.0,81.0,0.0,294.0,348.0
2026-10-02T18:54:08.851187+00:00,SivaChowdary,13.3,2600.0,5.4,7.3,15322.5,9436.3,61.5,12521.7,19987.8,4.2,54.1,0.0,40961.2,0.0,8.0,2106.1,1966.1,8.0,27.0,0.0,294.0,348.0
2026-10-02T18:54:09.937410+00:00,SivaChowdary,15.3,2600.0,3.9,10.5,17623.3,11267.6,61.5,12524.6,19985.0,4.2,54.1,0.0,110568.7,0.0,6.0,12107.5,448584.6,55.0,360.9,0.0,294.0,350.0
2026-10-02T18:54:10.910481+00:00,SivaChowdary,16.4,2600.0,7.0,9.0,45566.4,28138.9,61.5,12520.3,19989.2,4.2,54.1,0.0,0.0,0.0,0.0,0.0,647.7,0.0,11.0,0.0,294.0,348.0
2026-10-02T18:54:11.846024+00:00,SivaChowdary,17.1,2600.0,4.1,12.3,16554.5,10587.5,61.5,12520.7,19988.8,4.2,54.1,0.0,57401.1,0.0,10.0,377.4,773.8,4.0,11.0,0.0,294.0,348.0
2026-10-02T18:54:12.988044+00:00,SivaChowdary,8.4,2600.0,4.0,4.3,13298.3,7812.7,61.5,12523.3,19986.2,4.2,54.1,0.0,270220.9,0.0,10.0,15831.3,630151.5,77.0,510.8,0.0,294.0,350.0
2026-10-02T18:54:13.831418+00:00,SivaChowdary,20.6,2600.0,3.4,16.3,37276.1,25039.0,61.5,12513.1,19996.4,4.2,54.1,0.0,36846.3,0.0,8.0,0.0,1029.5,0.0,16.0,0.0,294.0,348.0
2026-10-02T18:54:14.953716+00:00,SivaChowdary,6.9,2600.0,2.1,4.5,21076.6,12708.5,61.5,12525.4,19984.1,4.2,54.1,0.0,8185.3,0.0,2.0,843.3,1165.0,10.0,15.0,0.0,294.0,348.0
2026-10-02T18:54:15.833107+00:00,SivaChowdary,15.3,1496.0,4.6,10.3,18472.6,11436.9,61.5,12513.8,19995.7,4.2,54.1,0.0,16406.8,0.0,4.0,578.8,970.3,6.0,11.0,0.0,294.0,350.0
2026-10-02T18:54:16.897316+00:00,SivaChowdary,16.2,2600.0,3.5,12.0,40146.8,25966.5,61.5,12521.9,19987.6,4.2,54.1,0.0,28650.5,0.0,4.0,3206.6,1908.6,10.0,17.0,0.0,294.0,348.0
2026-10-02T18:54:17.860549+00:00,SivaChowdary,16.1,2600.0,4.6,10.4,22726.9,12799.8,61.5,12520.7,19988.9,4.2,54.1,0.0,61453.3,0.0,12.0,1390.3,1885.4,14.0,21.0,0.0,294.0,348.0
2026-10-02T18:54:18.919477+00:00,SivaChowdary,13.9,2600.0,4.1,9.3,16664.5,10914.9,61.5,12517.4,19992.1,4.2,54.1,0.0,45092.6,0.0,11.0,4425.6,2065.7,19.0,23.0,0.0,294.0,350.0
2026-10-02T18:54:19.889803+00:00,SivaChowdary,14.0,2600.0,3.9,9.8,54768.9,35497.4,61.5,12509.9,19999.7,4.2,54.1,0.0,45066.6,0.0,11.0,1729.4,19224.5,18.0,31.0,0.0,294.0,348.0
2026-10-02T18:54:20.848544+00:00,SivaChowdary,15.9,1496.0,4.0,10.7,17768.2,12517.1,61.5,12518.5,19991.1,4.2,54.1,0.0,282467.7,0.0,23.0,1638.1,2065.9,17.0,26.0,0.0,294.0,348.0
2026-10-02T18:54:21.998504+00:00,SivaChowdary,11.4,2600.0,4.0,7.1,16992.6,10202.6,61.5,12518.7,19990.8,4.2,54.1,0.0,0.0,0.0,0.0,24051.5,960378.6,168.9,776.7,0.0,294.0,350.0
2026-10-02T18:54:22.854387+00:00,SivaChowdary,21.2,1496.0,4.2,16.0,48533.5,31323.4,61.5,12516.2,19993.3,4.2,54.1,0.0,155694.6,0.0,7.0,37284.2,1959981.5,336.1,1578.5,0.0,294.0,348.0
2026-10-02T18:54:23.915976+00:00,SivaChowdary,9.1,2600.0,2.5,6.0,13778.5,7871.7,61.5,12523.9,19985.6,4.2,54.1,0.0,16391.7,0.0,3.0,1563.7,735.3,3.0,10.0,0.0,294.0,348.0
2026-10-02T18:54:24.914546+00:00,SivaChowdary,12.6,1496.0,3.5,8.5,24085.8,16645.2,61.5,12514.9,19994.6,4.2,54.1,0.0,57348.2,0.0,5.0,1691.1,4892.4,9.0,21.0,0.0,294.0,350.0
2026-10-02T18:54:25.891362+00:00,SivaChowdary,22.1,2600.0,3.7,17.7,42463.4,27832.2,61.5,12514.6,19994.9,4.2,54.1,0.0,36869.5,0.0,5.0,84.0,368.1,1.0,6.0,0.0,294.0,348.0
2026-10-02T18:54:26.853115+00:00,SivaChowdary,18.0,2600.0,4.1,12.7,18185.2,11750.2,61.3,12566.7,19942.9,4.2,54.1,0.0,94177.9,0.0,15.0,376.9,660.8,4.0,9.0,0.0,294.0,348.0
2026-10-02T18:54:27.892434+00:00,SivaChowdary,27.6,2600.0,4.6,22.6,26154.9,18497.4,60.9,12712.3,19797.2,4.2,54.1,126917.1,16376.4,2.0,3.0,378.8,516.8,4.0,6.0,0.0,294.0,350.0
2026-10-02T18:54:28.884183+00:00,SivaChowdary,21.9,2600.0,4.2,17.2,54139.3,34575.7,60.5,12845.9,19663.6,4.4,54.1,0.0,3167924.0,0.0,8.0,25375.7,7252.9,45.0,51.0,0.0,294.0,348.0
2026-10-02T18:54:29.858839+00:00,SivaChowdary,20.6,2600.0,3.6,16.2,24030.9,15620.9,60.1,12967.4,19542.1,4.7,54.1,0.0,6827280.6,0.0,12.0,842.4,870.4,10.0,11.0,0.0,294.0,348.0
2026-10-02T18:54:30.986082+00:00,SivaChowdary,11.4,2600.0,3.2,7.0,14934.3,8501.2,60.1,12967.4,19542.1,4.7,54.1,0.0,4098.0,0.0,1.0,168.1,288.1,2.0,4.0,0.0,294.0,350.0
2026-10-02T18:54:31.834426+00:00,SivaChowdary,21.0,1496.0,3.7,16.7,44377.1,28979.0,60.1,12963.8,19545.7,4.7,54.1,0.0,24579.4,0.0,5.0,556.1,724.1,3.0,4.0,0.0,294.0,348.0
2026-10-02T18:54:32.923802+00:00,SivaChowdary,9.3,2600.0,3.1,6.0,15058.0,9411.6,60.1,12964.1,19545.4,4.7,54.1,0.0,16376.4,0.0,2.0,336.8,732.7,4.0,11.0,0.0,294.0,348.0
2026-10-02T18:54:33.895110+00:00,SivaChowdary,12.0,2600.0,2.4,8.8,15088.0,9241.8,60.1,12971.9,19537.6,4.7,54.1,0.0,237614.9,0.0,35.0,2358.5,1335.3,11.0,16.0,0.0,294.0,351.0
2026-10-02T18:54:34.922611+00:00,SivaChowdary,16.2,2600.0,3.6,12.1,51406.1,35223.1,60.0,12989.4,19520.1,4.7,54.1,0.0,24551.7,0.0,4.0,1513.5,1959.1,17.0,25.0,0.0,294.0,347.0
2026-10-02T18:54:35.858959+00:00,SivaChowdary,7.5,2600.0,2.3,5.2,14180.1,8191.0,60.0,12996.3,19513.2,4.7,54.1,0.0,188669.7,0.0,6.0,3409.6,945.3,8.0,12.0,0.0,294.0,347.0
2026-10-02T18:54:36.892145+00:00,SivaChowdary,17.2,2600.0,4.0,12.7,24994.5,15443.3,60.1,12986.0,19523.5,4.7,54.1,0.0,0.0,0.0,0.0,1704.2,2500.8,15.0,24.0,0.0,294.0,349.0
2026-10-02T18:54:37.909105+00:00,SivaChowdary,14.0,2600.0,4.6,8.5,43645.1,27428.8,60.0,12992.3,19517.2,4.7,54.1,0.0,32740.3,0.0,5.0,263.8,523.6,4.0,8.0,0.0,294.0,347.0
2026-10-02T18:54:38.830344+00:00,SivaChowdary,15.2,2600.0,3.3,11.5,18607.2,12849.6,60.1,12983.8,19525.7,4.7,54.1,0.0,12293.4,0.0,2.0,1479.6,512.2,2.0,8.0,0.0,294.0,347.0
2026-10-02T18:54:40.006105+00:00,SivaChowdary,9.5,2600.0,3.4,5.1,15916.0,10005.0,60.0,13000.8,19508.7,4.7,54.1,0.0,49176.6,0.0,11.0,1218.6,1684.8,13.0,20.0,0.0,294.0,349.0
2026-10-02T18:54:40.843977+00:00,SivaChowdary,23.5,2600.0,4.7,18.1,39988.0,25840.3,60.0,12995.9,19513.6,4.7,54.1,0.0,319503.9,0.0,14.0,31384.6,1491616.3,234.0,1163.1,0.0,294.0,347.0
2026-10-02T18:54:41.929899+00:00,SivaChowdary,9.9,2600.0,4.1,5.8,24441.7,14803.0,60.0,12998.2,19511.3,4.7,54.1,0.0,28662.3,0.0,5.0,16964.2,1005151.2,150.9,834.7,0.0,294.0,347.0
2026-10-02T18:54:42.874028+00:00,SivaChowdary,15.4,2600.0,3.8,10.4,16230.2,10321.3,60.0,12996.3,19513.2,4.7,54.1,0.0,0.0,0.0,0.0,1571.5,2038.7,16.0,23.0,0.0,294.0,349.0
2026-10-02T18:54:43.934702+00:00,SivaChowdary,14.7,2600.0,3.7,10.6,39624.0,26533.4,60.0,12999.8,19509.8,4.7,54.1,0.0,4097.8,0.0,1.0,1902.8,1471.6,7.0,22.0,0.0,294.0,347.0
2026-10-02T18:54:44.858023+00:00,SivaChowdary,14.7,2600.0,4.9,9.2,16284.4,9930.2,60.0,12996.9,19512.6,4.7,54.1,0.0,12263.5,0.0,3.0,83.8,766.5,1.0,13.0,0.0,294.0,347.0
2026-10-02T18:54:45.922366+00:00,SivaChowdary,13.6,2600.0,3.1,10.5,13440.8,9337.3,60.0,12993.9,19515.6,4.7,54.1,0.0,53346.6,0.0,8.0,84.2,761.4,1.0,13.0,0.0,294.0,349.0
2026-10-02T18:54:46.853532+00:00,SivaChowdary,13.6,2600.0,3.3,9.5,43287.1,27621.0,60.0,12997.3,19512.2,4.7,54.1,0.0,65469.6,0.0,6.0,893.1,1287.7,7.0,12.0,0.0,294.0,347.0
2026-10-02T18:54:47.867412+00:00,SivaChowdary,12.7,2600.0,3.1,9.3,17370.7,11908.3,60.0,13000.9,19508.6,4.7,54.1,0.0,0.0,0.0,0.0,377.5,1054.4,4.0,16.0,0.0,294.0,347.0
2026-10-02T18:54:49.027256+00:00,SivaChowdary,7.4,2600.0,3.1,4.0,14477.9,9015.5,60.0,13004.0,19505.5,4.7,54.1,0.0,139147.6,0.0,3.0,2992.5,2179.2,19.0,26.0,0.0,294.0,349.0
2026-10-02T18:54:49.959298+00:00,SivaChowdary,23.9,2600.0,3.5,19.9,17962.6,12982.2,60.1,12985.2,19524.3,4.7,54.1,0.0,32783.6,0.0,8.0,757.4,1087.5,8.0,13.0,0.0,294.0,349.0
2026-10-02T18:54:50.908412+00:00,SivaChowdary,13.3,1496.0,4.1,8.6,43568.7,26248.2,60.0,13004.9,19504.6,4.7,54.1,0.0,77821.6,0.0,11.0,588.0,946.0,6.0,12.0,0.0,294.0,347.0
2026-10-02T18:54:51.889159+00:00,SivaChowdary,16.0,2600.0,3.5,12.2,18401.2,12130.8,60.0,12999.9,19509.6,4.7,54.1,0.0,0.0,0.0,0.0,126.0,368.1,2.0,6.0,0.0,294.0,349.0
2026-10-02T18:54:52.984426+00:00,SivaChowdary,11.8,2600.0,3.7,7.4,40591.6,26588.3,60.0,13005.8,19503.7,4.7,54.1,0.0,81939.3,0.0,11.0,2289.5,1122.3,9.0,14.0,0.0,294.0,347.0
2026-10-02T18:54:53.877256+00:00,SivaChowdary,14.9,1496.0,3.1,11.2,17358.8,11113.8,60.0,12998.9,19510.6,4.7,54.1,0.0,151480.8,0.0,16.0,1256.4,1846.1,13.0,20.0,0.0,294.0,347.0
2026-10-02T18:54:55.049480+00:00,SivaChowdary,8.6,2600.0,2.3,6.2,13434.4,8521.5,60.0,13002.1,19507.4,4.7,54.1,0.0,12282.9,0.0,3.0,167.9,343.9,2.0,5.0,0.0,294.0,349.0
2026-10-02T18:54:55.863493+00:00,SivaChowdary,25.2,2600.0,5.5,18.9,49798.5,31917.1,60.0,12992.2,19517.3,4.7,54.1,0.0,0.0,0.0,0.0,0.0,224.0,0.0,4.0,0.0,294.0,347.0
2026-10-02T18:54:56.920408+00:00,SivaChowdary,7.4,2600.0,1.8,5.0,12180.5,7486.5,60.0,12996.9,19512.6,4.7,54.1,0.0,32774.7,0.0,6.0,3423.7,1967.4,15.0,22.0,0.0,294.0,347.0
2026-10-02T18:54:57.898689+00:00,SivaChowdary,12.7,1496.0,2.6,9.6,19830.7,12993.4,60.0,12997.4,19512.1,4.7,54.1,0.0,90142.6,0.0,12.0,1139.4,1632.6,11.0,17.0,0.0,294.0,349.0
2026-10-02T18:54:58.957217+00:00,SivaChowdary,18.3,1496.0,5.0,12.5,43798.5,27651.6,60.0,12991.2,19518.3,4.7,54.1,0.0,12288.7,0.0,2.0,18329.1,4870.3,31.0,37.0,0.0,294.0,347.0
2026-10-02T18:54:59.863711+00:00,SivaChowdary,11.7,1496.0,2.8,8.3,16664.6,9940.4,60.0,13002.5,19507.0,4.7,54.1,0.0,24562.2,0.0,4.0,0.0,223.9,0.0,4.0,0.0,294.0,347.0
2026-10-02T18:55:00.933170+00:00,SivaChowdary,20.1,2600.0,5.2,14.1,14668.1,10325.0,60.0,12999.4,19510.2,4.7,54.1,0.0,69618.3,0.0,12.0,84.0,479.9,1.0,8.0,0.0,294.0,349.0
2026-10-02T18:55:01.848038+00:00,SivaChowdary,18.4,2600.0,8.2,9.4,46627.9,28814.0,60.0,13009.7,19499.8,4.7,54.1,0.0,20487.9,0.0,5.0,640.2,893.3,4.0,6.0,0.0,294.0,347.0
2026-10-02T18:55:02.851537+00:00,SivaChowdary,13.9,2600.0,3.2,10.3,15185.3,10087.2,60.0,13008.9,19500.7,4.7,54.1,0.0,16387.5,0.0,2.0,1067.2,1619.3,11.0,19.0,0.0,294.0,347.0
2026-10-02T18:55:04.008118+00:00,SivaChowdary,7.9,2600.0,3.1,4.4,15807.2,8833.6,60.0,13007.2,19502.3,4.7,54.1,0.0,4094.0,0.0,1.0,2735.6,1596.2,16.0,18.0,0.0,294.0,349.0
2026-10-02T18:55:04.883767+00:00,SivaChowdary,22.2,2600.0,2.3,19.7,16110.4,12720.3,60.0,13004.7,19504.8,4.7,54.1,0.0,45057.1,0.0,10.0,680.0,1626.0,7.0,23.0,0.0,294.0,349.0
2026-10-02T18:55:05.843265+00:00,SivaChowdary,10.2,2600.0,2.8,6.1,44346.5,25215.9,60.0,13018.5,19491.0,4.7,54.1,0.0,77814.4,0.0,8.0,3155.6,522.9,5.0,6.0,0.0,294.0,347.0
2026-10-02T18:55:06.882068+00:00,SivaChowdary,14.0,2600.0,2.8,10.7,21422.3,14671.5,60.0,13013.3,19496.2,4.7,54.1,0.0,0.0,0.0,0.0,28942.0,1480182.9,201.0,1155.8,0.0,294.0,349.0
2026-10-02T18:55:07.935733+00:00,SivaChowdary,14.3,2600.0,4.0,9.2,45123.8,27178.9,60.0,13011.9,19497.6,4.7,54.1,0.0,32767.8,0.0,5.0,26616.9,1754645.4,221.0,1433.0,0.0,294.0,347.0
2026-10-02T18:55:08.852520+00:00,SivaChowdary,15.7,2600.0,2.9,12.2,16442.8,10719.6,60.0,13008.8,19500.7,4.7,54.1,0.0,12284.1,0.0,3.0,1478.5,5429.3,2.0,95.0,0.0,294.0,347.0
2026-10-02T18:55:09.984398+00:00,SivaChowdary,8.7,2600.0,3.0,5.4,15434.9,9099.7,60.0,13013.1,19496.4,4.7,54.1,0.0,1028624.0,0.0,187.1,1749.9,7859.0,11.0,113.1,0.0,294.0,349.0
2026-10-02T18:55:10.857932+00:00,SivaChowdary,24.0,2600.0,3.6,19.3,29285.9,20291.3,60.0,13009.8,19499.7,4.7,54.1,0.0,16390.7,0.0,3.0,1289.5,7941.2,10.0,109.0,0.0,294.0,349.0
2026-10-02T18:55:11.939254+00:00,SivaChowdary,11.1,2600.0,4.3,5.9,30762.9,18588.0,60.0,13012.2,19497.3,4.7,54.1,0.0,40916.0,0.0,6.0,771.2,3624.1,9.0,57.9,0.0,294.0,347.0
2026-10-02T18:55:12.904201+00:00,SivaChowdary,14.9,2600.0,3.1,11.4,16538.4,10651.0,60.0,13009.7,19499.8,4.7,54.1,0.0,12297.2,0.0,2.0,1189.9,2124.6,13.0,24.0,0.0,294.0,349.0
2026-10-02T18:55:13.902784+00:00,SivaChowdary,11.7,2600.0,3.2,7.8,39705.0,25033.0,60.0,13012.4,19497.1,4.7,54.1,0.0,122855.4,0.0,3.0,1478.7,665.9,2.0,11.0,0.0,294.0,347.0
2026-10-02T18:55:14.859636+00:00,SivaChowdary,16.0,2600.0,3.2,11.9,22691.0,13089.2,60.0,13008.7,19500.8,4.7,54.1,0.0,155757.7,0.0,5.0,84.1,712.5,1.0,12.0,0.0,294.0,347.0
2026-10-02T18:55:15.967913+00:00,SivaChowdary,10.1,2600.0,2.7,6.7,14297.2,8814.1,60.0,13006.8,19502.7,4.7,54.1,0.0,20473.2,0.0,4.0,492.8,1092.6,5.0,10.0,0.0,294.0,349.0
2026-10-02T18:55:16.838105+00:00,SivaChowdary,23.3,2600.0,3.6,18.3,57744.3,42097.4,60.0,13004.9,19504.6,4.7,54.1,0.0,24571.0,0.0,5.0,1307.7,2073.6,11.0,21.0,0.0,294.0,347.0
2026-10-02T18:55:17.930624+00:00,SivaChowdary,7.9,2600.0,2.4,4.9,13047.2,7880.9,60.0,13012.8,19496.7,4.7,54.1,0.0,69622.3,0.0,2.0,1807.7,3181.6,17.0,27.0,0.0,294.0,347.0
2026-10-02T18:55:18.888314+00:00,SivaChowdary,13.6,2600.0,2.8,10.1,17962.2,10913.1,60.0,13005.7,19503.8,4.7,54.1,0.0,4094.9,0.0,1.0,6551.2,5714.5,27.0,37.0,0.0,294.0,349.0
2026-10-02T18:55:19.944738+00:00,SivaChowdary,14.8,2600.0,3.3,11.0,41863.6,25818.8,60.0,12997.9,19511.6,4.7,54.1,0.0,24603.4,0.0,6.0,1093.2,19119.3,11.0,28.0,0.0,294.0,347.0
2026-10-02T18:55:20.856847+00:00,SivaChowdary,15.1,2600.0,4.1,9.9,20162.2,14310.6,60.0,13004.7,19504.8,4.7,54.1,0.0,102340.0,0.0,12.0,252.9,812.5,3.0,13.0,0.0,294.0,347.0
2026-10-02T18:55:21.962630+00:00,SivaChowdary,11.4,2600.0,3.4,7.4,14484.3,9106.1,60.0,13011.1,19498.4,4.7,54.1,0.0,0.0,0.0,0.0,461.1,997.2,5.0,15.0,0.0,294.0,349.0
2026-10-02T18:55:22.833921+00:00,SivaChowdary,16.8,2600.0,3.3,12.9,42215.2,27106.8,60.0,13009.2,19500.3,4.7,54.1,0.0,16379.0,0.0,3.0,979.7,2232.3,9.0,29.0,0.0,294.0,347.0
2026-10-02T18:55:23.942057+00:00,SivaChowdary,11.2,2600.0,2.0,8.3,14554.0,9196.1,60.0,13011.2,19498.3,4.7,54.1,0.0,159710.9,0.0,9.0,1562.7,1205.7,3.0,17.0,0.0,294.0,347.0
2026-10-02T18:55:24.883058+00:00,SivaChowdary,10.7,2600.0,4.2,6.0,22082.9,13297.5,60.0,13001.3,19508.2,4.7,54.1,0.0,8190.5,0.0,2.0,23630.6,54202.0,104.0,132.0,0.0,294.0,349.0
2026-10-02T18:55:25.894126+00:00,SivaChowdary,19.4,2600.0,3.1,15.9,42361.0,30692.4,60.0,13001.8,19507.7,4.7,54.1,0.0,40972.6,0.0,5.0,337.1,789.2,4.0,12.0,0.0,294.0,347.0
2026-10-02T18:55:26.851553+00:00,SivaChowdary,8.6,2600.0,3.1,5.3,19517.9,10974.5,60.0,13007.2,19502.3,4.7,54.1,0.0,335887.2,0.0,70.0,925.0,1289.1,10.0,16.0,0.0,294.0,347.0
2026-10-02T18:55:27.901369+00:00,SivaChowdary,13.7,2600.0,2.5,10.7,18601.3,12534.9,60.0,13004.8,19504.7,4.7,54.1,0.0,16387.8,0.0,3.0,843.2,1448.3,8.0,15.0,0.0,294.0,349.0
2026-10-02T18:55:28.918234+00:00,SivaChowdary,13.5,2600.0,4.3,8.7,43212.8,26726.1,60.0,13000.3,19509.2,4.7,54.1,4094.9,16379.8,1.0,2.0,24231.7,4547.8,32.0,37.0,0.0,294.0,347.0
2026-10-02T18:55:29.866862+00:00,SivaChowdary,16.4,2600.0,3.7,12.0,20810.7,13613.4,60.0,13006.3,19503.2,4.7,54.1,0.0,20486.6,0.0,4.0,45648.6,2553092.5,328.1,2019.6,0.0,294.0,347.0
2026-10-02T18:55:30.949213+00:00,SivaChowdary,8.5,2600.0,2.6,5.4,14697.7,8285.1,60.0,13007.1,19502.4,4.7,54.1,0.0,8190.1,0.0,2.0,84.0,535.9,1.0,9.0,0.0,294.0,349.0
2026-10-02T18:55:31.810231+00:00,SivaChowdary,23.1,2600.0,3.7,18.9,34526.0,24297.8,60.0,13004.5,19505.0,4.7,54.1,16394.0,94265.3,1.0,13.0,1437.9,2025.2,13.0,21.0,0.0,294.0,349.0
2026-10-02T18:55:32.907391+00:00,SivaChowdary,10.0,2600.0,3.7,5.5,29814.9,17146.5,60.0,13005.3,19504.2,4.7,54.1,0.0,8186.5,0.0,2.0,922.4,1318.1,10.0,17.0,0.0,294.0,347.0
2026-10-02T18:55:33.891535+00:00,SivaChowdary,14.9,2600.0,3.3,11.0,29875.5,20668.5,60.0,13007.5,19502.0,4.7,54.1,0.0,4095.1,0.0,1.0,1813.6,916.8,6.0,13.0,0.0,294.0,349.0
2026-10-02T18:55:34.954549+00:00,SivaChowdary,15.1,2600.0,2.5,11.4,39321.7,25677.8,60.0,13012.9,19496.6,4.7,54.1,0.0,147541.0,0.0,6.0,716.4,1026.6,8.0,13.0,0.0,294.0,347.0
2026-10-02T18:55:35.855025+00:00,SivaChowdary,11.4,2600.0,3.4,7.6,16294.3,9507.3,60.0,13008.4,19501.2,4.7,54.1,261987.8,523975.7,12.0,35.0,816.5,1057.4,8.0,14.0,0.0,294.0,347.0
2026-10-02T18:55:36.935876+00:00,SivaChowdary,14.9,2600.0,3.7,11.1,16847.5,11317.4,60.0,12997.3,19512.2,4.7,54.1,0.0,168090.6,0.0,3.0,24221.3,16537.2,45.0,53.0,0.0,294.0,349.0
2026-10-02T18:55:37.825136+00:00,SivaChowdary,17.3,2600.0,4.2,12.0,42554.0,27197.7,60.0,13003.8,19505.8,4.7,54.1,32758.0,204737.3,1.0,10.0,721.8,1599.5,7.0,17.0,0.0,294.0,347.0
2026-10-02T18:55:38.881831+00:00,SivaChowdary,13.4,2600.0,3.8,9.4,15841.1,10183.0,60.0,13008.7,19500.8,4.7,54.1,0.0,8193.6,0.0,2.0,2358.5,1335.3,11.0,16.0,0.0,294.0,347.0
2026-10-02T18:55:39.943092+00:00,SivaChowdary,8.7,2600.0,3.7,4.3,15544.7,8811.3,60.0,13005.3,19504.2,4.7,54.1,0.0,20478.3,0.0,4.0,421.0,820.9,5.0,12.0,0.0,294.0,349.0
2026-10-02T18:55:40.866907+00:00,SivaChowdary,23.5,2600.0,3.6,19.2,20460.5,15596.9,60.0,13000.2,19509.3,4.7,54.1,0.0,53244.1,0.0,7.0,0.0,112.0,0.0,2.0,0.0,294.0,349.0
2026-10-02T18:55:41.894470+00:00,SivaChowdary,15.3,2600.0,6.4,8.0,46956.7,29215.0,60.0,13002.6,19506.9,4.7,54.1,0.0,49157.0,0.0,7.0,507.1,815.1,6.0,11.0,0.0,294.0,347.0
2026-10-02T18:55:42.850260+00:00,SivaChowdary,16.1,2600.0,3.7,11.9,17556.9,11018.4,60.0,13006.3,19503.2,4.7,54.1,32745.4,384758.3,2.0,76.9,898.4,1315.1,9.0,15.0,0.0,294.0,349.0
2026-10-02T18:55:43.957110+00:00,SivaChowdary,10.5,2600.0,3.1,7.3,42845.1,24696.8,60.0,13008.3,19501.2,4.7,54.1,0.0,0.0,0.0,0.0,1856.4,1141.3,6.0,12.0,0.0,294.0,347.0
2026-10-02T18:55:44.853771+00:00,SivaChowdary,15.5,2600.0,3.5,11.4,18425.9,13147.8,60.0,13005.0,19504.5,4.7,54.1,0.0,163812.1,0.0,5.0,0.0,591.9,0.0,10.0,0.0,294.0,347.0
2026-10-02T18:55:45.985172+00:00,SivaChowdary,10.0,2600.0,3.8,6.0,14738.4,8470.2,60.0,13004.2,19505.3,4.7,54.1,0.0,81961.1,0.0,11.0,461.2,805.4,5.0,11.0,0.0,294.0,349.0
2026-10-02T18:55:46.832527+00:00,SivaChowdary,19.0,2600.0,3.9,15.0,44803.7,28360.2,60.0,13002.9,19506.6,4.7,54.1,0.0,61438.2,0.0,7.0,1441.0,1727.9,13.0,16.0,0.0,294.0,347.0
2026-10-02T18:55:47.921678+00:00,SivaChowdary,15.5,2600.0,5.2,9.4,26413.6,19354.4,60.1,12983.1,19526.4,4.7,54.1,917003.8,19416736.1,11.0,184.9,420.8,508.7,5.0,7.0,0.0,294.0,347.0
2026-10-02T18:55:48.889603+00:00,SivaChowdary,13.3,2600.0,3.5,9.0,29480.5,21995.4,60.1,12985.8,19523.7,4.7,54.1,32777.5,4810092.8,1.0,57.0,2196.6,1214.4,10.0,14.0,0.0,294.0,349.0
2026-10-02T18:55:49.939519+00:00,SivaChowdary,19.3,2600.0,4.2,14.6,45176.0,28747.7,60.1,12978.6,19530.9,4.7,54.1,0.0,311281.9,0.0,22.0,1395.9,1705.9,13.0,18.0,0.0,294.0,347.0
2026-10-02T18:55:50.850081+00:00,SivaChowdary,12.9,2600.0,4.1,7.8,17236.7,9753.6,60.0,12990.9,19518.6,4.7,54.1,0.0,94271.9,0.0,17.0,176.1,288.2,2.0,4.0,0.0,294.0,347.0
2026-10-02T18:55:51.924125+00:00,SivaChowdary,17.1,2600.0,4.0,12.5,17127.7,11385.5,60.0,12987.8,19521.7,4.7,54.1,0.0,0.0,0.0,0.0,719.4,1083.1,8.0,14.0,0.0,294.0,349.0
2026-10-02T18:55:52.877905+00:00,SivaChowdary,18.6,2600.0,7.2,10.3,56784.4,34199.2,60.1,12982.9,19526.6,4.7,54.1,0.0,53210.9,0.0,13.0,37056.2,2336363.8,269.8,1847.7,0.0,294.0,347.0
2026-10-02T18:55:53.851602+00:00,SivaChowdary,19.1,2600.0,4.5,13.5,29651.7,22366.9,60.1,12983.3,19526.2,4.7,54.1,16403.8,12064961.3,1.0,102.1,25812.1,2619.2,24.0,26.0,0.0,294.0,347.0
2026-10-02T18:55:54.936032+00:00,SivaChowdary,8.2,2600.0,3.2,5.1,14960.9,8551.2,60.1,12981.6,19527.9,4.7,54.1,0.0,274247.1,0.0,20.0,1822.8,7361.0,14.0,23.0,0.0,294.0,349.0
2026-10-02T18:55:55.849711+00:00,SivaChowdary,21.5,2600.0,3.9,17.3,39555.6,26105.7,60.1,12983.6,19525.9,4.7,54.1,0.0,0.0,0.0,0.0,423.1,895.2,5.0,12.0,0.0,294.0,347.0
2026-10-02T18:55:56.913801+00:00,SivaChowdary,6.3,2600.0,2.7,3.4,22981.6,14614.6,60.0,12987.7,19521.8,4.7,54.1,0.0,81900.9,0.0,16.0,669.8,1016.8,7.0,12.0,0.0,294.0,347.0
2026-10-02T18:55:57.868761+00:00,SivaChowdary,14.1,2600.0,2.8,10.5,21714.0,14673.2,60.1,12984.4,19525.1,4.7,54.1,0.0,139379.5,0.0,22.0,84.1,368.3,1.0,6.0,0.0,294.0,349.0
2026-10-02T18:55:58.962409+00:00,SivaChowdary,14.8,2600.0,4.6,9.7,42806.4,26497.4,60.1,12987.0,19522.5,4.7,54.1,0.0,24538.4,0.0,5.0,18707.3,4926.5,33.9,38.9,0.0,294.0,348.0
2026-10-02T18:55:59.837497+00:00,SivaChowdary,16.4,2600.0,3.7,11.6,18258.8,11263.0,60.1,12982.9,19526.6,4.7,54.1,0.0,61500.0,0.0,15.0,60.1,405.4,1.0,5.0,0.0,294.0,346.0
2026-10-02T18:56:00.952166+00:00,SivaChowdary,15.9,2600.0,4.1,11.2,16640.4,11759.2,60.1,12980.1,19529.4,4.7,54.1,0.0,106326.3,0.0,18.0,1115.2,1170.1,12.0,14.0,0.0,294.0,348.0
2026-10-02T18:56:01.830393+00:00,SivaChowdary,16.3,2600.0,3.2,12.9,43810.8,28489.0,60.0,12989.4,19520.2,4.7,54.1,0.0,73886.2,0.0,13.0,557.2,1151.5,3.0,11.0,0.0,294.0,346.0
2026-10-02T18:56:02.893867+00:00,SivaChowdary,11.9,2600.0,3.2,8.5,16835.6,11817.2,60.1,12983.0,19526.6,4.7,54.1,0.0,12284.0,0.0,2.0,773.8,1502.5,8.0,20.0,0.0,294.0,346.0
2026-10-02T18:56:03.892945+00:00,SivaChowdary,8.9,2600.0,3.0,5.6,17303.2,9498.2,60.0,12990.6,19518.9,4.7,54.1,0.0,0.0,0.0,0.0,1897.2,1225.2,6.0,16.0,0.0,294.0,348.0
2026-10-02T18:56:04.903962+00:00,SivaChowdary,19.7,2600.0,3.2,16.1,36499.7,25937.3,60.1,12984.2,19525.3,4.7,54.1,0.0,147378.2,0.0,6.0,378.8,684.6,4.0,9.0,0.0,294.0,346.0
2026-10-02T18:56:05.884113+00:00,SivaChowdary,8.8,2600.0,3.3,4.7,17948.6,10561.6,60.0,12995.2,19514.3,4.7,54.1,0.0,81932.1,0.0,8.0,6439.9,3918.6,14.0,17.0,0.0,294.0,346.0
2026-10-02T18:56:06.907061+00:00,SivaChowdary,14.7,2600.0,3.6,10.6,18815.6,12378.1,60.1,12977.1,19532.4,4.7,54.1,0.0,0.0,0.0,0.0,891.8,1479.7,9.0,15.0,0.0,294.0,348.0
2026-10-02T18:56:07.962011+00:00,SivaChowdary,14.2,2600.0,4.1,9.9,49794.0,29605.8,60.1,12978.2,19531.4,4.7,54.1,0.0,122966.3,0.0,6.0,1172.8,1377.0,12.0,15.0,0.0,294.0,348.0
2026-10-02T18:56:08.856836+00:00,SivaChowdary,13.3,2600.0,2.2,10.3,17315.5,11193.3,60.1,12980.1,19529.5,4.7,54.1,0.0,61392.2,0.0,14.0,1734.7,735.4,5.0,9.0,0.0,294.0,348.0
2026-10-02T18:56:09.955745+00:00,SivaChowdary,11.7,2600.0,4.6,6.4,18617.3,10270.3,60.1,12968.8,19540.8,4.7,54.1,0.0,241836.9,0.0,22.0,1730.2,2132.5,19.0,25.0,0.0,294.0,350.0
2026-10-02T18:56:10.815826+00:00,SivaChowdary,25.2,2600.0,4.5,19.6,44770.9,30188.2,60.1,12971.4,19538.1,4.7,54.1,0.0,0.0,0.0,0.0,0.0,423.9,0.0,7.0,0.0,294.0,348.0
2026-10-02T18:56:11.915454+00:00,SivaChowdary,14.5,2600.0,5.5,8.3,25457.1,14462.2,60.1,12973.8,19535.7,4.7,54.1,0.0,106504.7,0.0,17.0,2176.2,2573.2,17.0,18.0,0.0,294.0,348.0
2026-10-02T18:56:12.853103+00:00,SivaChowdary,14.1,2600.0,4.2,10.0,21129.2,13197.1,60.1,12971.7,19537.8,4.7,54.1,0.0,151438.6,0.0,14.0,23940.1,500844.1,105.9,413.7,0.0,294.0,350.0
2026-10-02T18:56:13.960663+00:00,SivaChowdary,16.3,2600.0,4.5,11.1,42566.3,27023.2,60.1,12975.2,19534.3,4.7,54.1,0.0,82020.8,0.0,11.0,44304.5,2459193.5,366.5,1968.4,0.0,294.0,348.0
2026-10-02T18:56:14.828172+00:00,SivaChowdary,10.7,2600.0,2.8,7.4,15299.8,8886.9,60.1,12977.2,19532.3,4.7,54.1,0.0,175987.9,0.0,5.0,715.4,1029.2,8.0,13.0,0.0,294.0,349.0
2026-10-02T18:56:15.948592+00:00,SivaChowdary,13.9,2600.0,3.6,10.0,17061.1,11253.0,60.1,12967.6,19541.9,4.7,54.1,0.0,49178.3,0.0,10.0,1153.6,1614.9,12.0,17.0,0.0,294.0,352.0
2026-10-02T18:56:16.829815+00:00,SivaChowdary,13.1,2600.0,3.1,9.5,43489.6,27814.5,60.1,12972.8,19536.7,4.7,54.1,0.0,20465.7,0.0,5.0,2834.0,2369.3,16.0,18.0,0.0,294.0,348.0
2026-10-02T18:56:17.872959+00:00,SivaChowdary,11.9,2600.0,2.0,9.4,18451.1,12815.8,60.1,12970.9,19538.6,4.7,54.1,0.0,0.0,0.0,0.0,2269.5,1765.4,12.0,17.0,0.0,294.0,348.0
2026-10-02T18:56:19.013710+00:00,SivaChowdary,9.7,2600.0,4.1,5.3,16157.5,9326.6,60.1,12971.0,19538.5,4.7,54.1,0.0,40971.4,0.0,4.0,11332.2,16558.6,42.0,48.0,0.0,294.0,350.0
2026-10-02T18:56:19.846849+00:00,SivaChowdary,22.2,2600.0,3.9,17.4,49200.9,34514.5,60.1,12963.3,19546.2,4.7,54.1,0.0,24583.4,0.0,5.0,2423.7,18736.7,13.0,28.0,0.0,294.0,348.0
2026-10-02T18:56:20.967051+00:00,SivaChowdary,10.2,2600.0,3.5,6.3,23471.2,16817.5,60.1,12973.6,19535.9,4.7,54.1,0.0,281761.8,0.0,24.9,4112.4,56584.8,37.9,74.8,0.0,294.0,350.0
2026-10-02T18:56:21.895864+00:00,SivaChowdary,14.8,2600.0,4.0,10.3,20692.2,13886.4,60.1,12970.9,19538.6,4.7,54.1,0.0,0.0,0.0,0.0,0.0,505.1,0.0,9.0,0.0,294.0,350.0
2026-10-02T18:56:22.941690+00:00,SivaChowdary,12.5,2600.0,3.1,9.0,42697.9,28165.1,60.1,12972.2,19537.3,4.7,54.1,0.0,188530.5,0.0,15.0,816.5,1581.0,8.0,19.0,0.0,294.0,348.0
2026-10-02T18:56:23.833545+00:00,SivaChowdary,11.2,2600.0,2.9,7.9,15776.9,9480.3,60.1,12981.6,19527.9,4.7,54.1,0.0,16382.9,0.0,4.0,2527.8,2446.8,13.0,28.0,0.0,294.0,348.0
2026-10-02T18:56:24.971493+00:00,SivaChowdary,21.6,2600.0,5.5,15.4,26791.0,15885.8,60.2,12952.1,19557.4,4.7,54.1,1763013.1,434224.6,100.0,35.0,671.1,1375.2,8.0,20.0,0.0,294.0,354.0
2026-10-02T18:56:25.845716+00:00,SivaChowdary,24.7,2600.0,7.0,17.4,61760.5,36776.2,60.2,12923.5,19586.0,4.7,54.1,1400260.3,834023.6,216.6,69.9,20310.0,53738.5,53.9,86.8,0.0,294.0,352.0
2026-10-02T18:56:26.878752+00:00,SivaChowdary,14.5,2600.0,3.1,10.7,22967.4,14199.1,60.2,12935.0,19574.5,4.7,54.1,8205.4,258468.8,1.0,36.1,377.6,1160.9,4.0,14.0,0.0,294.0,352.0
2026-10-02T18:56:27.928970+00:00,SivaChowdary,7.6,2600.0,2.5,4.7,16818.4,10014.4,60.2,12940.7,19568.8,4.7,54.1,0.0,180303.4,0.0,26.0,84.0,824.4,1.0,10.0,0.0,294.0,354.0
2026-10-02T18:56:28.869283+00:00,SivaChowdary,23.9,2600.0,5.4,18.0,42713.9,28747.0,60.2,12937.6,19571.9,4.7,54.1,0.0,290482.3,0.0,13.0,1770.0,962.9,5.0,13.0,0.0,294.0,352.0
2026-10-02T18:56:29.908640+00:00,SivaChowdary,8.9,2600.0,3.6,4.4,13970.9,8408.3,60.2,12945.6,19563.9,4.7,54.1,0.0,209028.8,0.0,25.0,884.6,1589.0,10.0,18.0,0.0,294.0,351.0
2026-10-02T18:56:30.890542+00:00,SivaChowdary,18.8,2600.0,5.5,12.6,25994.7,16557.4,60.2,12930.4,19579.1,4.7,54.1,0.0,69671.4,0.0,15.0,0.0,256.1,0.0,4.0,0.0,294.0,355.0
2026-10-02T18:56:31.944355+00:00,SivaChowdary,13.9,2600.0,4.0,9.1,43608.3,27673.2,60.2,12940.1,19569.4,4.7,54.1,0.0,102349.1,0.0,21.0,723.6,1090.5,5.0,10.0,0.0,294.0,351.0
2026-10-02T18:56:32.870370+00:00,SivaChowdary,19.3,2600.0,5.3,13.0,18201.8,12749.8,60.2,12932.0,19577.5,4.7,54.1,0.0,12292.6,0.0,2.0,253.1,621.2,3.0,9.0,0.0,294.0,351.0
2026-10-02T18:56:34.027391+00:00,SivaChowdary,12.5,2600.0,4.6,7.4,15590.5,9044.9,60.2,12944.7,19564.8,4.7,54.1,0.0,86024.1,0.0,14.0,18539.7,939012.4,99.0,735.1,0.0,294.0,353.0
2026-10-02T18:56:34.863266+00:00,SivaChowdary,22.9,2600.0,4.0,18.2,50016.6,32559.0,60.2,12936.8,19572.7,4.7,54.1,0.0,65542.0,0.0,16.0,49919.6,3548438.0,429.0,2812.3,0.0,294.0,351.0
2026-10-02T18:56:35.918519+00:00,SivaChowdary,9.1,2600.0,2.9,5.9,14339.7,8087.3,60.2,12946.9,19562.6,4.7,54.1,0.0,118773.4,0.0,21.0,1219.9,1549.9,13.0,18.0,0.0,294.0,351.0
2026-10-02T18:56:36.907801+00:00,SivaChowdary,12.2,2600.0,3.3,8.2,26606.4,18730.1,60.2,12942.3,19567.3,4.7,54.1,0.0,0.0,0.0,0.0,12642.6,8450.7,81.8,83.8,0.0,294.0,353.0
2026-10-02T18:56:37.933223+00:00,SivaChowdary,21.4,2600.0,4.5,16.2,46425.4,31273.2,60.2,12943.4,19566.1,4.7,54.1,0.0,57394.0,0.0,13.0,965.8,1554.4,10.0,20.0,0.0,294.0,351.0
2026-10-02T18:56:38.832167+00:00,SivaChowdary,7.9,1496.0,1.9,5.5,14110.0,8084.2,60.2,12947.2,19562.3,4.7,54.1,65642.9,49232.2,1.0,11.0,1481.4,512.8,2.0,8.0,0.0,294.0,351.0
2026-10-02T18:56:39.876817+00:00,SivaChowdary,13.8,2600.0,3.5,9.9,20942.8,13619.0,60.2,12937.6,19571.9,4.7,54.1,65507.3,278406.1,1.0,10.0,1931.2,6534.1,13.0,21.0,0.0,294.0,353.0
2026-10-02T18:56:40.881548+00:00,SivaChowdary,10.9,1496.0,3.6,6.7,43468.1,26411.6,60.2,12944.1,19565.4,4.7,54.1,0.0,270455.0,0.0,10.0,377.2,605.3,4.0,8.0,0.0,294.0,351.0
2026-10-02T18:56:41.835154+00:00,SivaChowdary,15.3,2600.0,2.8,12.1,18883.9,12008.7,60.2,12944.2,19565.3,4.7,54.1,0.0,24587.6,0.0,4.0,12266.8,8686.1,86.0,85.0,0.0,294.0,351.0
2026-10-02T18:56:42.988205+00:00,SivaChowdary,7.7,2600.0,2.1,4.8,14705.7,8805.3,60.2,12943.5,19566.0,4.7,54.1,0.0,4092.9,0.0,1.0,1240.0,1294.0,11.0,15.0,0.0,294.0,353.0
2026-10-02T18:56:43.860363+00:00,SivaChowdary,21.5,2600.0,3.3,17.9,29312.0,20230.7,60.2,12937.9,19571.6,4.7,54.1,0.0,0.0,0.0,0.0,2354.0,1713.7,11.0,17.9,0.0,294.0,353.0
2026-10-02T18:56:44.909991+00:00,SivaChowdary,6.3,2600.0,2.4,3.5,25288.1,15983.6,60.2,12947.5,19562.0,4.7,54.1,0.0,12317.8,0.0,3.0,84.2,288.7,1.0,4.0,0.0,294.0,351.0
2026-10-02T18:56:45.860485+00:00,SivaChowdary,17.6,2600.0,4.3,12.8,19984.4,12762.9,60.2,12944.0,19565.5,4.7,54.1,0.0,299733.5,0.0,21.1,5879.2,3168.7,8.0,10.0,0.0,294.0,353.0
2026-10-02T18:56:46.902627+00:00,SivaChowdary,11.4,1496.0,2.8,8.3,45645.8,28149.2,60.2,12943.9,19565.6,4.7,54.1,0.0,204713.9,0.0,31.0,1573.3,2564.9,13.0,22.0,0.0,294.0,351.0
2026-10-02T18:56:47.846963+00:00,SivaChowdary,12.4,2600.0,2.9,8.5,16948.5,10607.8,60.2,12942.6,19566.9,4.7,54.1,0.0,8190.3,0.0,2.0,336.9,844.8,4.0,13.0,0.0,294.0,351.0
2026-10-02T18:56:49.025276+00:00,SivaChowdary,13.1,2600.0,2.6,10.1,15352.4,9815.3,60.2,12942.3,19567.2,4.7,54.1,16381.2,143335.7,1.0,10.0,2110.6,1048.8,9.0,12.0,0.0,294.0,353.0
2026-10-02T18:56:49.855127+00:00,SivaChowdary,20.6,2600.0,3.9,15.6,48482.3,30493.7,60.2,12932.1,19577.5,4.7,54.1,0.0,24507.4,0.0,6.0,4837.5,3574.0,36.9,37.9,0.0,294.0,353.0
2026-10-02T18:56:50.902096+00:00,SivaChowdary,12.3,2600.0,3.4,8.8,18839.7,12381.6,60.2,12940.2,19569.3,4.7,54.1,0.0,489105.0,0.0,63.2,1394.8,1916.6,15.1,23.1,0.0,294.0,351.0
2026-10-02T18:56:51.846473+00:00,SivaChowdary,9.9,2600.0,3.0,6.4,17562.6,10069.5,60.2,12943.4,19566.1,4.7,54.1,0.0,0.0,0.0,0.0,650.8,1071.7,7.0,14.0,0.0,294.0,353.0
2026-10-02T18:56:52.916549+00:00,SivaChowdary,18.6,2600.0,4.0,14.2,43643.7,29970.0,60.2,12939.7,19569.8,4.7,54.1,0.0,69650.6,0.0,13.0,627.2,1079.3,6.0,14.0,0.0,294.0,351.0
2026-10-02T18:56:53.837646+00:00,SivaChowdary,11.4,1496.0,4.2,6.4,16883.6,9349.5,60.2,12944.0,19565.6,4.7,54.1,0.0,20472.3,0.0,5.0,1731.3,596.8,5.0,8.0,0.0,294.0,351.0
2026-10-02T18:56:54.888682+00:00,SivaChowdary,17.4,2600.0,4.0,12.8,21903.0,13845.8,60.2,12933.1,19576.4,4.7,54.1,0.0,24573.8,0.0,4.0,43510.1,2270625.4,322.0,1798.8,0.0,294.0,353.0
2026-10-02T18:56:55.918886+00:00,SivaChowdary,11.0,2600.0,3.5,7.4,40732.6,25012.5,60.2,12937.7,19571.8,4.7,54.1,0.0,0.0,0.0,0.0,675.6,927.8,8.0,12.0,0.0,294.0,351.0
2026-10-02T18:56:56.852684+00:00,SivaChowdary,14.6,1496.0,2.5,11.4,16550.9,11306.2,60.2,12939.9,19569.7,4.7,54.1,0.0,16380.0,0.0,4.0,2563.4,643.8,6.0,7.0,0.0,294.0,351.0
2026-10-02T18:56:57.970949+00:00,SivaChowdary,9.7,2600.0,3.8,5.3,14268.4,8060.0,60.2,12940.2,19569.3,4.7,54.1,0.0,45044.7,0.0,7.0,1936.5,2638.3,20.0,24.0,0.0,294.0,353.0
2026-10-02T18:56:58.833354+00:00,SivaChowdary,27.6,2600.0,5.4,21.2,33211.8,23502.5,60.2,12929.3,19580.2,4.7,54.1,0.0,16379.5,0.0,2.0,1687.5,604.8,4.0,8.0,0.0,294.0,353.0
2026-10-02T18:56:59.916777+00:00,SivaChowdary,6.6,1496.0,2.5,3.8,31872.5,21074.9,60.2,12941.1,19568.4,4.7,54.1,0.0,8197.0,0.0,2.0,84.1,256.2,1.0,4.0,0.0,294.0,351.0
2026-10-02T18:57:00.900477+00:00,SivaChowdary,27.3,2600.0,3.9,22.9,16933.7,12275.8,60.2,12935.6,19573.9,4.7,54.1,0.0,69630.7,0.0,8.0,84.0,312.0,1.0,5.0,0.0,294.0,353.0
2026-10-02T18:57:01.858190+00:00,SivaChowdary,11.9,2600.0,3.3,8.1,44874.9,28228.6,60.2,12938.3,19571.2,4.7,54.1,0.0,40897.1,0.0,7.0,639.0,1010.4,4.0,8.0,0.0,294.0,351.0
2026-10-02T18:57:02.851420+00:00,SivaChowdary,23.5,2600.0,8.9,13.9,19610.5,13085.0,60.2,12936.7,19572.8,4.7,54.1,0.0,16395.3,0.0,2.0,1248.9,1607.1,13.0,19.0,0.0,294.0,351.0
2026-10-02T18:57:04.002450+00:00,SivaChowdary,9.5,2600.0,4.5,4.1,19033.7,8577.6,60.1,12958.5,19551.0,4.7,54.1,0.0,249931.1,0.0,32.0,2069.6,1041.3,9.0,13.0,0.0,294.0,353.0
2026-10-02T18:57:04.904566+00:00,SivaChowdary,27.3,2600.0,5.6,20.8,23648.6,12827.7,60.2,12947.4,19562.2,4.7,54.1,0.0,282750.7,0.0,51.0,800.4,900.4,9.0,11.0,0.0,294.0,353.0
2026-10-02T18:57:05.876490+00:00,SivaChowdary,13.5,2600.0,5.4,7.6,51644.8,25862.3,60.2,12952.3,19557.2,4.7,54.1,0.0,416540.1,0.0,54.8,1172.5,1629.1,12.0,18.9,0.0,294.0,351.0
2026-10-02T18:57:06.876620+00:00,SivaChowdary,20.0,2600.0,6.3,13.5,25824.8,12457.5,60.2,12944.2,19565.3,4.7,54.1,0.0,258848.0,0.0,37.1,1221.8,2102.5,12.0,22.1,0.0,294.0,353.0
2026-10-02T18:57:07.920038+00:00,SivaChowdary,17.8,2600.0,6.1,10.7,50827.5,28154.0,60.2,12950.2,19559.4,4.7,54.1,65494.1,740902.2,1.0,70.0,873.4,1650.9,7.0,14.0,0.0,294.0,351.0
2026-10-02T18:57:08.843311+00:00,SivaChowdary,22.2,2600.0,6.5,14.9,25437.4,12201.1,60.2,12953.4,19556.1,4.7,54.1,0.0,364607.2,0.0,49.0,2821.5,2475.4,16.0,24.0,0.0,294.0,351.0
2026-10-02T18:57:10.004299+00:00,SivaChowdary,13.2,2600.0,5.6,6.6,26211.0,9995.0,60.2,12954.7,19554.8,4.7,54.1,0.0,307293.5,0.0,51.0,421.1,821.2,5.0,12.0,0.0,294.0,353.0
2026-10-02T18:57:10.842922+00:00,SivaChowdary,28.3,2600.0,6.1,21.6,24014.3,13888.5,60.2,12944.4,19565.1,4.7,54.1,0.0,618296.7,0.0,68.0,337.9,4905.4,4.0,81.0,0.0,294.0,354.0
2026-10-02T18:57:11.929783+00:00,SivaChowdary,9.4,2600.0,3.3,5.3,41726.6,25867.8,60.2,12953.1,19556.4,4.7,54.1,0.0,57361.3,0.0,11.0,1185.4,15659.7,11.0,270.1,0.0,294.0,352.0
2026-10-02T18:57:12.837754+00:00,SivaChowdary,17.1,1496.0,3.3,12.9,20333.7,13639.8,60.2,12949.0,19560.5,4.7,54.1,0.0,4095.9,0.0,1.0,58.0,12113.8,1.0,216.0,0.0,294.0,354.0
2026-10-02T18:57:13.930314+00:00,SivaChowdary,11.3,2600.0,3.9,6.5,43310.5,26724.8,60.2,12945.1,19564.5,4.7,54.1,0.0,8190.4,0.0,2.0,1562.7,5550.9,3.0,98.0,0.0,294.0,352.0
2026-10-02T18:57:14.852699+00:00,SivaChowdary,16.2,2600.0,2.8,12.3,18924.3,12882.3,60.2,12948.4,19561.1,4.7,54.1,0.0,0.0,0.0,0.0,0.0,2393.8,0.0,38.0,0.0,294.0,352.0
2026-10-02T18:57:15.954047+00:00,SivaChowdary,10.4,2600.0,3.1,6.4,15824.1,9882.9,60.2,12947.9,19561.6,4.7,54.1,0.0,20473.6,0.0,4.0,4311.7,2436.2,16.0,28.0,0.0,294.0,355.0
2026-10-02T18:57:16.848302+00:00,SivaChowdary,23.8,2600.0,4.8,18.5,52891.8,33753.7,60.2,12942.6,19566.9,4.7,54.1,0.0,16392.6,0.0,3.0,38259.1,2077778.3,283.1,1666.9,0.0,294.0,352.0
2026-10-02T18:57:17.944983+00:00,SivaChowdary,7.7,2600.0,1.6,5.5,15268.3,9107.9,60.2,12952.3,19557.2,4.7,54.1,0.0,0.0,0.0,0.0,6614.7,3435.7,16.0,34.9,0.0,294.0,352.0
2026-10-02T18:57:18.824932+00:00,SivaChowdary,13.8,2600.0,2.8,10.5,23439.1,15011.0,60.2,12941.6,19567.9,4.7,54.1,16386.2,94220.5,1.0,9.0,3961.5,2195.3,14.0,28.0,0.0,294.0,354.0
2026-10-02T18:57:19.927482+00:00,SivaChowdary,17.0,2600.0,6.4,10.0,45818.4,29123.5,60.2,12942.2,19567.3,4.7,54.1,0.0,49201.8,0.0,10.0,2277.3,20158.4,24.0,42.0,0.0,294.0,352.0
2026-10-02T18:57:20.868498+00:00,SivaChowdary,15.9,2600.0,4.3,10.7,19339.4,12075.6,60.2,12940.0,19569.5,4.7,54.1,0.0,258040.1,0.0,16.0,925.0,1431.0,10.0,18.0,0.0,294.0,352.0
2026-10-02T18:57:21.990947+00:00,SivaChowdary,14.3,2600.0,3.6,9.2,14690.6,9149.4,60.2,12943.3,19566.2,4.7,54.1,0.0,0.0,0.0,0.0,460.8,860.6,5.0,12.0,0.0,294.0,354.0
2026-10-02T18:57:22.869283+00:00,SivaChowdary,19.3,2600.0,3.3,15.1,54390.6,34163.1,60.2,12924.1,19585.4,4.7,54.1,16268602.1,16394.1,227.1,4.0,28257.4,358675.4,161.1,359.2,0.0,294.0,352.0
2026-10-02T18:57:23.898801+00:00,SivaChowdary,12.9,2600.0,2.8,9.3,18538.6,11401.2,60.2,12942.7,19566.8,4.7,54.1,6533915.0,26913507.1,27.0,133.9,1731.1,1490.2,5.0,21.0,0.0,294.0,352.0
2026-10-02T18:57:24.860138+00:00,SivaChowdary,11.6,2600.0,3.1,7.4,22986.5,14446.3,60.2,12942.4,19567.1,4.7,54.1,0.0,102437.7,0.0,23.0,1426.5,1582.6,11.0,19.0,0.0,294.0,353.0
2026-10-02T18:57:25.931156+00:00,SivaChowdary,19.4,2600.0,3.1,15.4,43540.1,28479.9,60.2,12949.3,19560.3,4.7,54.1,0.0,49136.3,0.0,7.0,753.8,1489.5,8.0,21.0,0.0,294.0,350.0
2026-10-02T18:57:26.859688+00:00,SivaChowdary,9.9,2600.0,2.9,5.9,17110.8,9820.2,60.1,12957.3,19552.2,4.7,54.1,0.0,126952.2,0.0,20.0,0.0,847.8,0.0,15.0,0.0,294.0,349.0
2026-10-02T18:57:27.888851+00:00,SivaChowdary,15.0,2600.0,3.0,11.3,17456.7,10209.8,60.1,12955.3,19554.2,4.7,54.1,0.0,110621.8,0.0,12.0,84.0,368.1,1.0,6.0,0.0,294.0,351.0
2026-10-02T18:57:28.845114+00:00,SivaChowdary,18.5,2600.0,6.2,11.6,49095.0,31362.9,60.2,12943.1,19566.4,4.7,54.1,0.0,12292.3,0.0,2.0,2353.8,1800.6,9.0,20.0,0.0,294.0,349.0
2026-10-02T18:57:29.849923+00:00,SivaChowdary,13.9,2600.0,2.7,10.8,18082.2,11009.3,60.2,12952.7,19556.8,4.7,54.1,0.0,81907.4,0.0,15.0,807.9,2895.6,7.0,40.0,0.0,294.0,349.0
2026-10-02T18:57:30.994184+00:00,SivaChowdary,7.6,2600.0,3.1,3.9,15487.2,9223.3,60.1,12956.4,19553.1,4.7,54.1,0.0,12293.7,0.0,2.0,168.1,1352.6,2.0,23.0,0.0,294.0,351.0
2026-10-02T18:57:31.912477+00:00,SivaChowdary,25.6,2600.0,4.0,21.0,17378.3,12144.6,60.2,12948.9,19560.6,4.7,54.1,0.0,36847.6,0.0,6.0,639.7,1594.3,4.0,19.0,0.0,294.0,351.0
2026-10-02T18:57:32.857327+00:00,SivaChowdary,17.0,2600.0,6.1,9.2,44710.1,27775.4,60.2,12944.2,19565.3,4.7,54.1,0.0,16376.0,0.0,2.0,337.8,1009.5,4.0,15.0,0.0,294.0,349.0
2026-10-02T18:57:33.892435+00:00,SivaChowdary,16.7,2600.0,4.5,11.3,20375.5,12246.3,60.2,12953.1,19556.5,4.7,54.1,0.0,8176.2,0.0,2.0,2315.5,2255.6,11.0,30.9,0.0,294.0,351.0
2026-10-02T18:57:34.975026+00:00,SivaChowdary,11.7,2600.0,3.4,7.4,44255.1,26895.9,60.1,12963.7,19545.8,4.7,54.1,0.0,8212.4,0.0,2.0,1305.2,2303.7,14.0,26.1,0.0,294.0,349.0
2026-10-02T18:57:35.849696+00:00,SivaChowdary,15.3,1496.0,2.7,12.0,17146.4,10545.2,60.1,12961.7,19547.8,4.7,54.1,0.0,143363.2,0.0,4.0,295.0,541.0,3.0,7.0,0.0,294.0,349.0
2026-10-02T18:57:37.046439+00:00,SivaChowdary,7.0,2600.0,2.2,4.3,14037.9,7346.1,60.1,12960.8,19548.7,4.7,54.1,0.0,172080.0,0.0,3.0,3935.1,2837.8,19.0,30.0,0.0,294.0,351.0
2026-10-02T18:57:37.908280+00:00,SivaChowdary,26.5,2600.0,3.6,22.1,17571.4,13142.6,60.1,12958.8,19550.7,4.7,54.1,0.0,155394.8,0.0,15.0,627.0,1481.6,6.0,17.0,0.0,294.0,351.0
2026-10-02T18:57:38.832019+00:00,SivaChowdary,9.6,1496.0,3.1,6.3,41487.1,26063.7,60.1,12964.7,19544.8,4.7,54.1,0.0,4101.1,0.0,1.0,2157.7,1268.6,10.0,16.0,0.0,294.0,349.0
2026-10-02T18:57:39.894395+00:00,SivaChowdary,13.6,2600.0,2.8,10.2,20197.2,12184.7,60.1,12957.0,19552.5,4.7,54.1,0.0,20471.1,0.0,5.0,52435.2,3526209.2,394.8,2748.8,0.0,294.0,351.0
2026-10-02T18:57:40.929700+00:00,SivaChowdary,12.1,2600.0,3.8,7.2,42996.7,26197.2,60.1,12956.0,19553.5,4.7,54.1,0.0,53297.2,0.0,7.0,4460.1,213465.0,38.0,212.2,0.0,294.0,349.0
2026-10-02T18:57:41.839823+00:00,SivaChowdary,17.8,2600.0,3.4,13.5,19367.0,11626.2,60.1,12957.1,19552.4,4.7,54.1,0.0,57305.6,0.0,7.0,5642.2,22582.9,28.0,40.0,0.0,294.0,349.0
2026-10-02T18:57:42.981433+00:00,SivaChowdary,9.7,2600.0,3.3,5.8,15088.1,8866.4,60.1,12957.6,19551.9,4.7,54.1,0.0,0.0,0.0,0.0,898.2,1774.5,9.0,23.0,0.0,294.0,351.0
2026-10-02T18:57:43.811455+00:00,SivaChowdary,22.5,2600.0,4.0,17.6,42044.9,27437.3,60.1,12956.0,19553.5,4.7,54.1,0.0,0.0,0.0,0.0,1778.0,1081.0,5.0,12.0,0.0,294.0,351.0
2026-10-02T18:57:44.942963+00:00,SivaChowdary,7.2,2600.0,3.2,3.9,19206.8,11886.6,60.1,12961.6,19547.9,4.7,54.1,0.0,16382.1,0.0,3.0,746.9,1778.8,6.0,22.0,0.0,294.0,349.0
2026-10-02T18:57:45.915333+00:00,SivaChowdary,16.3,2600.0,3.6,12.0,18295.8,11635.2,60.2,12954.2,19555.3,4.7,54.1,0.0,24519.5,0.0,5.0,3576.8,2415.4,9.0,36.9,0.0,294.0,351.0
2026-10-02T18:57:46.961912+00:00,SivaChowdary,14.0,2600.0,3.9,9.5,45118.1,27057.6,60.1,12955.8,19553.7,4.7,54.1,0.0,135516.7,0.0,19.0,1907.9,3183.2,16.0,35.1,0.0,294.0,350.0
2026-10-02T18:57:47.850197+00:00,SivaChowdary,17.6,2600.0,5.0,11.9,23917.2,13214.9,60.1,12957.4,19552.1,4.7,54.1,0.0,118765.0,0.0,20.0,0.0,1119.8,0.0,20.0,0.0,294.0,349.0
2026-10-02T18:57:48.981596+00:00,SivaChowdary,11.6,2600.0,2.7,8.3,14809.2,8743.9,60.1,12955.7,19553.8,4.7,54.1,0.0,12290.6,0.0,2.0,3205.7,3615.8,21.0,49.0,0.0,294.0,351.0
2026-10-02T18:57:49.868135+00:00,SivaChowdary,19.1,2600.0,3.8,14.7,51386.4,33026.1,60.2,12940.2,19569.3,4.7,54.1,0.0,12282.8,0.0,3.0,587.8,1337.4,6.0,19.0,0.0,294.0,349.0
2026-10-02T18:57:50.891756+00:00,SivaChowdary,13.7,2600.0,3.3,10.1,17761.8,10135.5,60.1,12955.4,19554.1,4.7,54.1,0.0,53250.5,0.0,6.0,967.0,1605.1,10.0,18.0,0.0,294.0,349.0
2026-10-02T18:57:51.845416+00:00,SivaChowdary,11.8,1496.0,4.3,6.7,16592.3,9145.5,60.2,12954.8,19554.7,4.7,54.1,0.0,131050.6,0.0,1.0,884.9,1526.8,10.0,21.0,0.0,294.0,351.0
2026-10-02T18:57:52.882852+00:00,SivaChowdary,23.8,2600.0,4.5,18.4,35147.2,22936.7,60.2,12950.1,19559.5,4.7,54.1,0.0,49157.8,0.0,6.0,1444.2,2516.3,14.0,30.0,0.0,294.0,349.0
2026-10-02T18:57:53.864355+00:00,SivaChowdary,9.1,1496.0,4.2,4.5,29513.8,16801.7,60.1,12956.5,19553.0,4.7,54.1,0.0,16394.4,0.0,4.0,2361.5,2138.4,11.0,29.0,0.0,294.0,349.0
2026-10-02T18:57:54.878428+00:00,SivaChowdary,20.3,2600.0,5.2,14.2,22615.3,14740.7,60.2,12950.9,19558.6,4.7,54.1,0.0,24562.2,0.0,4.0,336.8,1292.3,4.0,21.0,0.0,294.0,351.0
2026-10-02T18:57:55.877408+00:00,SivaChowdary,9.9,2600.0,2.8,6.3,47010.1,27315.2,60.2,12953.0,19556.6,4.7,54.1,0.0,0.0,0.0,0.0,336.9,1236.6,4.0,20.0,0.0,294.0,348.0
2026-10-02T18:57:56.847312+00:00,SivaChowdary,13.5,2600.0,2.6,10.4,16928.0,10659.9,60.1,12955.2,19554.4,4.7,54.1,16386.9,94224.5,1.0,11.0,670.1,1073.2,7.0,13.0,0.0,294.0,348.0
2026-10-02T18:57:57.990051+00:00,SivaChowdary,8.3,2600.0,2.9,4.9,16948.1,8692.1,60.2,12954.3,19555.2,4.7,54.1,0.0,77654.9,0.0,11.0,1559.6,622.6,3.0,10.0,0.0,294.0,350.0
2026-10-02T18:57:58.864762+00:00,SivaChowdary,26.8,2600.0,4.5,20.9,18660.4,12739.0,60.2,12949.6,19559.9,4.7,54.1,0.0,102545.2,0.0,9.0,0.0,312.4,0.0,5.0,0.0,294.0,350.0
2026-10-02T18:57:59.923223+00:00,SivaChowdary,7.2,2600.0,3.3,3.7,40430.6,24249.8,60.2,12955.0,19554.5,4.7,54.1,16402.1,53306.8,1.0,6.0,84.1,424.5,1.0,7.0,0.0,294.0,348.0
2026-10-02T18:58:00.872214+00:00,SivaChowdary,24.4,2600.0,4.0,19.7,26190.6,18196.8,60.2,12945.7,19563.8,4.7,54.1,0.0,16355.0,0.0,3.0,26019.9,1480222.3,172.7,1157.9,0.0,294.0,350.0
2026-10-02T18:58:01.959272+00:00,SivaChowdary,11.4,2600.0,3.8,6.8,47414.9,29007.0,60.1,12959.1,19550.4,4.7,54.1,0.0,65635.5,0.0,10.0,23643.8,1382536.1,203.3,1109.7,0.0,294.0,348.0
2026-10-02T18:58:02.832977+00:00,SivaChowdary,19.3,2600.0,3.7,14.7,19024.8,11883.4,60.2,12934.7,19574.8,4.7,54.1,0.0,16394.2,0.0,2.0,1113.7,1639.0,12.0,19.0,0.0,294.0,348.0
2026-10-02T18:58:03.974805+00:00,SivaChowdary,10.4,2600.0,3.7,6.0,17719.8,9951.7,60.2,12949.4,19560.1,4.7,54.1,98242.1,1297614.3,3.0,221.9,2147.6,1064.3,9.0,12.0,0.0,294.0,350.0
2026-10-02T18:58:04.828663+00:00,SivaChowdary,22.6,2600.0,3.1,18.3,33784.4,21632.9,60.2,12948.6,19560.9,4.7,54.1,0.0,135173.5,0.0,6.0,648.0,1263.1,7.0,16.0,0.0,294.0,350.0
2026-10-02T18:58:05.944191+00:00,SivaChowdary,8.4,2600.0,2.8,5.3,28501.8,17225.7,60.1,12962.5,19547.0,4.7,54.1,0.0,40964.1,0.0,6.0,1495.1,1603.2,16.0,19.0,0.0,294.0,349.0
2026-10-02T18:58:06.922355+00:00,SivaChowdary,20.1,2600.0,5.3,14.1,26038.9,14723.7,60.2,12950.5,19559.0,4.7,54.1,16381.4,135146.6,1.0,8.0,670.9,1062.8,7.0,13.0,0.0,294.0,350.0
2026-10-02T18:58:07.934732+00:00,SivaChowdary,15.1,2600.0,3.4,11.0,41604.2,25015.8,60.1,12955.9,19553.6,4.7,54.1,0.0,73627.5,0.0,9.0,963.7,1407.1,10.0,17.0,0.0,294.0,348.0
2026-10-02T18:58:08.828649+00:00,SivaChowdary,12.0,2600.0,2.1,9.7,20429.8,11903.9,60.2,12948.3,19561.2,4.7,54.1,0.0,32806.2,0.0,5.0,1734.0,756.9,5.0,10.0,0.0,294.0,348.0
2026-10-02T18:58:09.992603+00:00,SivaChowdary,10.4,2600.0,3.0,6.9,13725.7,8531.1,60.1,12955.9,19553.6,4.7,54.1,0.0,12289.6,0.0,3.0,421.1,877.1,5.0,13.0,0.0,294.0,350.0
2026-10-02T18:58:10.877503+00:00,SivaChowdary,15.3,1496.0,3.5,11.2,47454.4,30356.6,60.2,12953.4,19556.1,4.7,54.1,2048.1,79876.1,4.0,5.0,0.0,513.0,0.0,5.0,0.0,294.0,347.0
2026-10-02T18:58:11.927544+00:00,SivaChowdary,14.8,2600.0,4.2,10.2,15592.3,10166.2,60.1,12959.0,19550.6,4.7,54.1,0.0,28667.0,0.0,5.0,376.9,548.9,4.0,7.0,0.0,294.0,347.0
2026-10-02T18:58:12.856199+00:00,SivaChowdary,9.9,2600.0,3.4,6.0,18068.4,10431.2,60.1,12956.2,19553.3,4.7,54.1,0.0,24576.5,0.0,6.0,84.0,480.0,1.0,8.0,0.0,294.0,349.0
2026-10-02T18:58:13.885969+00:00,SivaChowdary,18.2,2600.0,2.9,14.9,43400.2,29190.6,60.1,12956.9,19552.6,4.7,54.1,0.0,0.0,0.0,0.0,1775.2,885.6,5.0,12.0,0.0,294.0,347.0
2026-10-02T18:58:14.880680+00:00,SivaChowdary,7.6,1496.0,2.8,4.1,20976.4,11547.1,60.1,12963.0,19546.5,4.7,54.1,0.0,159648.2,0.0,5.0,849.5,1095.3,8.0,12.0,0.0,294.0,347.0
2026-10-02T18:58:15.876093+00:00,SivaChowdary,16.2,2600.0,3.9,11.5,18274.7,11576.4,60.2,12954.5,19555.0,4.7,54.1,0.0,131077.0,0.0,9.0,1706.1,2360.1,18.0,22.0,0.0,294.0,349.0
2026-10-02T18:58:16.967097+00:00,SivaChowdary,11.3,2600.0,2.3,8.2,39715.7,24402.5,60.1,12957.1,19552.4,4.7,54.1,0.0,102381.3,0.0,6.0,30879.4,23230.8,60.0,69.0,0.0,294.0,347.0
2026-10-02T18:58:17.867387+00:00,SivaChowdary,14.6,2600.0,2.6,11.4,17980.0,11129.9,60.1,12960.8,19548.7,4.7,54.1,0.0,0.0,0.0,0.0,2105.4,4207.7,16.0,23.0,0.0,294.0,347.0
2026-10-02T18:58:19.026207+00:00,SivaChowdary,8.6,2600.0,2.3,5.6,16274.0,8782.0,60.1,12959.8,19549.8,4.7,54.1,0.0,131072.0,0.0,1.0,4462.0,2640.0,19.0,32.0,0.0,294.0,349.0
2026-10-02T18:58:19.867437+00:00,SivaChowdary,23.2,2600.0,4.2,18.7,46342.0,33348.0,60.2,12940.7,19568.8,4.7,54.1,0.0,225280.1,0.0,51.0,1809.0,19414.0,19.0,33.0,0.0,294.0,347.0
2026-10-02T18:58:20.966113+00:00,SivaChowdary,11.3,2600.0,3.1,7.2,15868.2,10819.1,60.1,12958.6,19550.9,4.7,54.1,0.0,274383.7,0.0,17.0,935.8,1886.7,9.0,22.0,0.0,294.0,346.0
2026-10-02T18:58:21.912606+00:00,SivaChowdary,14.6,2600.0,3.0,11.1,19581.4,11655.8,60.2,12949.9,19559.6,4.7,54.1,0.0,0.0,0.0,0.0,716.2,1044.3,8.0,13.0,0.0,294.0,348.0
2026-10-02T18:58:23.004833+00:00,SivaChowdary,16.1,2600.0,4.3,10.9,42446.1,28546.9,60.1,12958.2,19551.3,4.7,54.1,0.0,24562.1,0.0,5.0,9653.6,4835.3,35.0,37.0,0.0,294.0,346.0
2026-10-02T18:58:23.876903+00:00,SivaChowdary,18.9,2600.0,5.8,12.7,24099.8,15714.2,60.2,12946.7,19562.8,4.7,54.1,0.0,163967.7,0.0,7.0,2325.8,4231.3,11.0,25.0,0.0,294.0,346.0
2026-10-02T18:58:24.996976+00:00,SivaChowdary,12.0,2600.0,3.4,8.3,18732.7,10944.4,60.2,12941.9,19567.6,4.7,54.1,0.0,179884.8,0.0,6.0,1135.9,1680.8,12.0,20.0,0.0,294.0,350.0
2026-10-02T18:58:25.831231+00:00,SivaChowdary,18.9,2600.0,4.3,14.2,54439.8,35061.9,60.2,12942.8,19566.8,4.7,54.1,0.0,0.0,0.0,0.0,8692.0,148013.3,27.1,123.3,0.0,294.0,346.0
2026-10-02T18:58:26.934402+00:00,SivaChowdary,12.7,2600.0,3.1,9.3,16442.5,10514.8,60.1,12955.6,19553.9,4.7,54.1,0.0,90016.4,0.0,10.0,35417.4,2128950.7,296.7,1696.2,0.0,294.0,346.0
2026-10-02T18:58:27.924775+00:00,SivaChowdary,10.6,2600.0,3.5,6.3,17639.7,9814.2,60.2,12941.6,19567.9,4.7,54.1,0.0,16366.1,0.0,3.0,1042.9,913.0,6.0,12.0,0.0,294.0,348.0
2026-10-02T18:58:28.889694+00:00,SivaChowdary,22.0,2600.0,3.7,18.0,28099.0,20383.5,60.2,12941.2,19568.3,4.7,54.1,0.0,28722.1,0.0,3.0,1775.1,1164.0,5.0,14.0,0.0,294.0,346.0
2026-10-02T18:58:29.859184+00:00,SivaChowdary,10.0,2600.0,3.0,6.1,35124.9,21431.4,60.2,12941.3,19568.2,4.7,54.1,0.0,196528.9,0.0,5.0,336.9,508.8,4.0,7.0,0.0,294.0,346.0
2026-10-02T18:58:30.887362+00:00,SivaChowdary,13.1,2600.0,2.5,10.3,19053.5,11436.7,60.2,12941.6,19567.9,4.7,54.1,0.0,8196.1,0.0,2.0,808.4,1206.6,7.0,12.0,0.0,294.0,348.0
2026-10-02T18:58:31.973440+00:00,SivaChowdary,11.8,2600.0,3.4,7.7,43711.1,25697.1,60.2,12948.4,19561.1,4.7,54.1,0.0,16352.2,0.0,4.0,1354.4,2160.8,12.0,24.0,0.0,294.0,346.0
2026-10-02T18:58:32.864424+00:00,SivaChowdary,20.2,2600.0,3.6,16.0,19833.3,13067.1,60.2,12937.6,19571.9,4.7,54.1,0.0,28689.8,0.0,2.0,337.2,851.5,4.0,10.0,0.0,294.0,346.0
2026-10-02T18:58:34.003572+00:00,SivaChowdary,6.7,2600.0,2.4,3.7,15129.8,8438.9,60.2,12947.1,19562.4,4.7,54.1,0.0,12302.5,0.0,2.0,2151.5,1590.9,9.0,20.0,0.0,294.0,348.0
2026-10-02T18:58:34.915863+00:00,SivaChowdary,23.1,2600.0,2.4,19.6,15841.2,11969.4,60.2,12947.2,19562.3,4.7,54.1,0.0,167969.5,0.0,5.0,965.2,1383.3,10.0,17.0,0.0,294.0,348.0
2026-10-02T18:58:35.879274+00:00,SivaChowdary,11.4,2600.0,3.7,7.0,45281.5,27446.5,60.2,12946.3,19563.2,4.7,54.1,0.0,339738.9,0.0,79.9,1503.0,1997.7,16.0,24.0,0.0,294.0,346.0
2026-10-02T18:58:36.876169+00:00,SivaChowdary,14.4,2600.0,2.8,10.6,16388.4,10482.9,60.2,12954.4,19555.1,4.7,54.1,0.0,0.0,0.0,0.0,803.8,2195.1,9.0,28.0,0.0,294.0,348.0
2026-10-02T18:58:38.008562+00:00,SivaChowdary,13.9,2600.0,4.3,8.7,40009.0,25484.2,60.2,12954.4,19555.1,4.7,54.1,0.0,20441.7,0.0,4.0,1045.0,1468.2,11.0,19.0,0.0,294.0,346.0
2026-10-02T18:58:38.850507+00:00,SivaChowdary,17.5,1496.0,3.0,13.8,21033.8,14233.5,60.2,12954.0,19555.5,4.7,54.1,0.0,20513.9,0.0,3.0,2283.8,1534.5,10.0,17.0,0.0,294.0,346.0
2026-10-02T18:58:40.064608+00:00,SivaChowdary,7.7,2600.0,2.9,4.7,13476.9,7540.5,60.2,12954.9,19554.7,4.7,54.1,0.0,40962.7,0.0,6.0,168.0,680.0,2.0,11.0,0.0,294.0,348.0
2026-10-02T18:58:40.878444+00:00,SivaChowdary,24.7,2600.0,3.7,19.9,16726.7,11896.7,60.1,12958.0,19551.6,4.7,54.1,0.0,143211.8,0.0,2.0,0.0,391.6,0.0,7.0,0.0,294.0,348.0
2026-10-02T18:58:41.935192+00:00,SivaChowdary,9.8,2600.0,3.8,5.6,42653.7,26169.9,60.1,12958.8,19550.7,4.7,54.1,0.0,77832.6,0.0,11.0,719.1,1252.1,8.0,18.0,0.0,294.0,346.0
2026-10-02T18:58:42.895954+00:00,SivaChowdary,23.9,2600.0,5.2,18.0,22817.7,15500.8,60.2,12952.3,19557.2,4.7,54.1,0.0,204823.8,0.0,4.0,1255.1,1958.2,11.0,17.0,0.0,294.0,348.0
2026-10-02T18:58:43.950763+00:00,SivaChowdary,11.5,2600.0,3.2,7.7,42848.7,25847.9,60.1,12958.9,19550.7,4.7,54.1,0.0,12275.6,0.0,2.0,1561.4,614.4,3.0,9.0,0.0,294.0,346.0
2026-10-02T18:58:44.856237+00:00,SivaChowdary,18.8,1496.0,4.9,13.6,26832.4,15504.7,60.2,12951.3,19558.2,4.7,54.1,0.0,114826.6,0.0,3.0,18474.3,13939.8,33.0,36.0,0.0,294.0,346.0
2026-10-02T18:58:45.985977+00:00,SivaChowdary,12.0,2600.0,4.3,7.2,16918.7,10197.8,60.2,12950.6,19558.9,4.7,54.1,0.0,16383.7,0.0,3.0,10607.8,13959.7,39.0,53.0,0.0,294.0,348.0
2026-10-02T18:58:46.867885+00:00,SivaChowdary,22.9,2600.0,3.3,18.6,25361.5,16689.4,60.2,12941.8,19567.7,4.7,54.1,4095.1,98282.7,1.0,13.0,1529.7,2385.5,13.0,21.0,0.0,294.0,348.0
2026-10-02T18:58:47.971084+00:00,SivaChowdary,8.6,2600.0,3.8,4.8,37674.9,23043.7,60.2,12944.7,19564.8,4.7,54.1,0.0,0.0,0.0,0.0,56600.8,3780116.6,432.0,2946.8,0.0,294.0,346.0
2026-10-02T18:58:48.851485+00:00,SivaChowdary,18.7,2600.0,4.1,13.6,19516.5,11617.5,60.2,12939.0,19570.5,4.7,54.1,0.0,155748.1,0.0,16.0,2237.4,1464.9,10.0,18.0,0.0,294.0,348.0
2026-10-02T18:58:49.968100+00:00,SivaChowdary,10.6,2600.0,1.6,8.3,44962.3,27648.9,60.2,12929.8,19579.8,4.7,54.1,0.0,69641.8,0.0,16.0,969.1,2087.3,11.0,21.0,0.0,294.0,346.0
2026-10-02T18:58:50.832198+00:00,SivaChowdary,14.0,1496.0,3.3,10.4,19285.7,11679.4,60.2,12944.3,19565.2,4.7,54.1,0.0,200555.7,0.0,16.0,630.5,4490.7,7.0,72.9,0.0,294.0,346.0
2026-10-02T18:58:52.019614+00:00,SivaChowdary,9.4,2600.0,2.6,6.6,14705.9,8851.0,60.2,12945.8,19563.7,4.7,54.1,0.0,0.0,0.0,0.0,756.5,8966.0,8.0,152.1,0.0,294.0,348.0
2026-10-02T18:58:52.817280+00:00,SivaChowdary,21.8,2600.0,3.4,18.0,40911.4,27183.7,60.2,12939.0,19570.6,4.7,54.1,0.0,184195.8,0.0,14.0,0.0,7626.9,0.0,128.9,0.0,294.0,346.0
2026-10-02T18:58:53.900040+00:00,SivaChowdary,10.5,2600.0,3.3,7.0,20223.4,12554.6,60.2,12953.1,19556.4,4.7,54.1,0.0,16383.5,0.0,4.0,2198.9,2137.9,9.0,28.0,0.0,294.0,346.0
2026-10-02T18:58:54.924040+00:00,SivaChowdary,14.3,2600.0,4.2,9.0,22805.4,12899.8,60.2,12944.5,19565.0,4.7,54.1,0.0,143369.0,0.0,8.0,1886.1,2567.2,9.0,14.0,0.0,294.0,348.0
2026-10-02T18:58:55.894598+00:00,SivaChowdary,19.8,2600.0,3.7,15.3,44005.1,28120.1,60.2,12949.2,19560.3,4.7,54.1,0.0,0.0,0.0,0.0,0.0,375.7,0.0,6.0,0.0,294.0,346.0
2026-10-02T18:58:56.856066+00:00,SivaChowdary,7.4,2600.0,2.9,4.5,15243.4,8430.7,60.2,12947.6,19561.9,4.7,54.1,0.0,16404.8,0.0,3.0,3023.8,1263.6,11.0,11.0,0.0,294.0,348.0
2026-10-02T18:58:57.887873+00:00,SivaChowdary,14.9,2600.0,3.6,10.8,21207.2,13964.3,60.2,12945.7,19563.9,4.7,54.1,0.0,85956.2,0.0,12.0,931.4,1526.9,9.0,15.0,0.0,294.0,348.0
2026-10-02T18:58:58.921609+00:00,SivaChowdary,12.8,2600.0,3.5,8.6,39521.9,24627.4,60.2,12946.3,19563.2,4.7,54.1,0.0,8189.5,0.0,1.0,2026.4,1025.7,8.0,13.0,0.0,294.0,346.0
2026-10-02T18:58:59.859812+00:00,SivaChowdary,19.8,2600.0,4.4,14.0,16695.4,11914.1,60.2,12940.5,19569.0,4.7,54.1,0.0,24582.4,0.0,6.0,1231.3,1455.4,12.0,16.0,0.0,294.0,346.0
2026-10-02T18:59:01.021942+00:00,SivaChowdary,12.6,2600.0,3.9,8.7,15766.1,9690.9,60.2,12939.0,19570.5,4.7,54.1,0.0,53214.7,0.0,8.0,460.7,692.6,5.0,9.0,0.0,294.0,348.0
2026-10-02T18:59:01.873234+00:00,SivaChowdary,24.7,2600.0,4.1,20.2,24925.4,16689.7,60.2,12940.1,19569.4,4.7,54.1,0.0,57439.4,0.0,13.0,556.9,1091.8,3.0,8.0,0.0,294.0,348.0
2026-10-02T18:59:02.965109+00:00,SivaChowdary,10.1,2600.0,4.5,4.9,35755.2,22203.9,60.2,12941.4,19568.1,4.7,54.1,0.0,36794.3,0.0,3.0,1070.0,1539.1,11.0,19.0,0.0,294.0,348.0
2026-10-02T18:59:03.864256+00:00,SivaChowdary,18.4,2600.0,4.8,13.3,27176.4,15761.2,60.2,12940.9,19568.6,4.7,54.1,0.0,16414.4,0.0,4.0,1944.6,1417.6,7.0,17.0,0.0,294.0,348.0
2026-10-02T18:59:04.957951+00:00,SivaChowdary,11.8,2600.0,3.3,8.1,45488.7,26161.2,60.2,12946.7,19562.8,4.7,54.1,0.0,143355.9,0.0,6.0,1143.0,2149.9,13.0,27.0,0.0,294.0,346.0
2026-10-02T18:59:05.854530+00:00,SivaChowdary,14.5,2600.0,3.1,10.6,18064.8,11278.0,60.2,12941.4,19568.1,4.7,54.1,0.0,8190.5,0.0,2.0,585.9,1599.7,6.0,21.0,0.0,294.0,346.0
2026-10-02T18:59:07.007301+00:00,SivaChowdary,10.1,2600.0,2.9,6.9,14372.2,8923.5,60.2,12944.7,19564.8,4.7,54.1,0.0,36861.8,0.0,5.0,634.0,1017.9,7.0,13.0,0.0,294.0,348.0
2026-10-02T18:59:07.835064+00:00,SivaChowdary,23.7,2600.0,5.0,18.4,49602.1,34581.5,60.2,12945.8,19563.7,4.7,54.1,0.0,102383.8,0.0,14.0,627.9,1147.8,6.0,14.0,0.0,294.0,346.0
2026-10-02T18:59:08.927107+00:00,SivaChowdary,7.4,2600.0,1.6,5.7,12449.8,7550.1,60.2,12953.2,19556.3,4.7,54.1,0.0,12289.7,0.0,3.0,2027.3,1689.2,8.0,21.0,0.0,294.0,346.0
2026-10-02T18:59:09.901221+00:00,SivaChowdary,10.6,2600.0,2.3,7.6,18978.4,10905.4,60.2,12950.1,19559.4,4.7,54.1,0.0,16380.0,0.0,4.0,800.8,1205.7,8.0,13.0,0.0,294.0,348.0
2026-10-02T18:59:10.911066+00:00,SivaChowdary,17.3,2600.0,2.9,13.9,44693.6,27299.6,60.2,12952.5,19557.0,4.7,54.1,0.0,0.0,0.0,0.0,168.1,424.2,2.0,7.0,0.0,294.0,346.0
2026-10-02T18:59:11.856762+00:00,SivaChowdary,13.5,2600.0,4.7,7.8,17859.1,10727.1,60.2,12945.8,19563.7,4.7,54.1,0.0,81874.8,0.0,7.0,731.6,1297.3,6.0,10.0,0.0,294.0,346.0
2026-10-02T18:59:12.888244+00:00,SivaChowdary,20.0,2600.0,7.2,12.1,21070.9,13829.5,60.2,12947.5,19562.1,4.7,54.1,0.0,848149.0,0.0,14.0,42833.0,2718214.9,303.1,2116.7,0.0,294.0,348.0
2026-10-02T18:59:13.891934+00:00,SivaChowdary,12.0,2600.0,3.2,7.8,44591.3,27212.7,60.2,12948.5,19561.0,4.7,54.1,0.0,0.0,0.0,0.0,1478.7,1912.6,2.0,16.0,0.0,294.0,346.0
2026-10-02T18:59:14.838651+00:00,SivaChowdary,13.4,2600.0,2.4,10.7,16720.0,10746.5,60.2,12952.3,19557.2,4.7,54.1,0.0,294789.2,0.0,26.0,674.7,2573.9,8.0,21.0,0.0,294.0,346.0
2026-10-02T18:59:15.983433+00:00,SivaChowdary,9.8,2600.0,4.0,5.2,16620.5,9623.8,60.2,12954.1,19555.4,4.7,54.1,0.0,45092.6,0.0,11.0,6642.4,2353.9,16.0,21.0,0.0,294.0,348.0
2026-10-02T18:59:16.882174+00:00,SivaChowdary,24.7,2600.0,3.5,20.6,17179.1,12432.8,60.2,12945.7,19563.8,4.7,54.1,0.0,12288.8,0.0,3.0,1533.1,3198.2,12.0,30.0,0.0,294.0,348.0
2026-10-02T18:59:17.866764+00:00,SivaChowdary,10.6,2600.0,4.0,5.4,42742.8,25747.2,60.1,12956.0,19553.5,4.7,54.1,0.0,24552.3,0.0,4.0,1184.9,1722.3,11.0,18.0,0.0,294.0,346.0
2026-10-02T18:59:18.844713+00:00,SivaChowdary,15.4,2600.0,3.7,10.5,18105.6,11810.8,60.2,12950.0,19559.5,4.7,54.1,0.0,20502.2,0.0,4.0,4342.7,2460.7,18.0,28.0,0.0,294.0,348.0
2026-10-02T18:59:19.946466+00:00,SivaChowdary,10.9,2600.0,3.5,7.1,43241.7,26617.7,60.2,12949.0,19560.5,4.7,54.1,0.0,98321.4,0.0,9.0,1174.2,19052.4,12.0,30.0,0.0,294.0,346.0
2026-10-02T18:59:20.836089+00:00,SivaChowdary,19.1,2600.0,4.0,14.1,20328.7,13709.8,60.2,12954.8,19554.8,4.7,54.1,0.0,69631.0,0.0,13.0,546.0,1284.0,6.0,16.0,0.0,294.0,346.0
2026-10-02T18:59:21.957838+00:00,SivaChowdary,8.9,2600.0,3.4,4.7,15690.0,8629.7,60.2,12951.5,19558.1,4.7,54.1,0.0,45038.8,0.0,6.0,807.7,1437.4,9.0,18.0,0.0,294.0,348.0
2026-10-02T18:59:22.838052+00:00,SivaChowdary,29.5,2600.0,4.6,23.4,29580.9,19215.2,60.2,12946.6,19562.9,4.7,54.1,0.0,32773.5,0.0,5.0,730.1,1151.2,7.0,13.0,0.0,294.0,348.0
2026-10-02T18:59:23.978105+00:00,SivaChowdary,7.3,2600.0,3.0,3.8,36261.1,21505.7,60.1,12956.8,19552.7,4.7,54.1,0.0,24508.4,0.0,6.0,2520.1,2110.2,13.0,23.9,0.0,294.0,346.0
2026-10-02T18:59:24.905983+00:00,SivaChowdary,19.4,2600.0,3.8,13.5,19635.8,12846.9,60.2,12953.1,19556.4,4.7,54.1,0.0,164273.0,0.0,7.0,0.0,683.8,0.0,9.0,0.0,294.0,348.0
2026-10-02T18:59:25.970627+00:00,SivaChowdary,10.3,2600.0,3.0,7.2,42057.9,26107.1,60.2,12953.0,19556.5,4.7,54.1,0.0,122847.5,0.0,3.0,168.0,569.8,2.0,7.0,0.0,294.0,346.0
2026-10-02T18:59:26.854641+00:00,SivaChowdary,16.2,2600.0,2.5,12.8,17929.6,11004.7,60.2,12949.0,19560.5,4.7,54.1,0.0,151506.2,0.0,18.0,292.9,830.7,3.0,10.0,0.0,294.0,346.0
2026-10-02T18:59:27.976051+00:00,SivaChowdary,7.4,2600.0,2.1,4.7,15065.0,8445.9,60.2,12951.6,19557.9,4.7,54.1,0.0,16391.6,0.0,3.0,1816.8,887.4,6.0,10.0,0.0,294.0,348.0
2026-10-02T18:59:28.905782+00:00,SivaChowdary,31.9,2600.0,3.1,28.2,17325.3,14237.3,60.2,12941.7,19567.8,4.7,54.1,0.0,180164.5,0.0,11.0,422.9,1255.6,5.0,15.0,0.0,294.0,348.0
2026-10-02T18:59:29.869791+00:00,SivaChowdary,13.7,2600.0,2.5,10.2,45113.9,27631.1,60.2,12949.9,19559.6,4.7,54.1,0.0,12290.7,0.0,2.0,670.1,1412.3,7.0,15.0,0.0,294.0,346.0
2026-10-02T18:59:30.897088+00:00,SivaChowdary,20.2,2600.0,3.3,16.6,23435.9,18231.2,60.2,12942.5,19567.0,4.7,54.1,0.0,24569.6,0.0,3.0,376.9,662.8,5.0,10.0,0.0,294.0,348.0
2026-10-02T18:59:31.890048+00:00,SivaChowdary,11.8,2600.0,3.1,7.5,51858.0,36205.2,60.2,12950.8,19558.7,4.7,54.1,0.0,28669.8,0.0,5.0,1058.9,1870.9,8.0,19.0,0.0,294.0,346.0
2026-10-02T18:59:32.863226+00:00,SivaChowdary,18.8,2600.0,4.1,13.7,18550.4,12253.9,60.2,12940.3,19569.3,4.7,54.1,0.0,12288.9,0.0,2.0,590.0,1076.1,7.0,13.0,0.0,294.0,348.0
2026-10-02T18:59:34.006487+00:00,SivaChowdary,9.3,2600.0,4.3,4.5,17030.6,10478.3,60.2,12954.4,19555.1,4.7,54.1,0.0,16379.7,0.0,3.0,2193.4,1789.5,10.0,22.0,0.0,294.0,348.0
2026-10-02T18:59:34.890213+00:00,SivaChowdary,24.2,2600.0,3.0,19.8,15696.1,11703.0,60.2,12948.7,19560.8,4.7,54.1,0.0,127106.5,0.0,4.0,36488.5,1676010.6,218.2,1301.3,0.0,294.0,348.0
2026-10-02T18:59:35.864895+00:00,SivaChowdary,15.5,2600.0,5.4,8.8,47869.7,29527.9,60.2,12945.8,19563.7,4.7,54.1,0.0,176049.7,0.0,6.0,53203.3,3480722.3,399.8,2719.8,0.0,294.0,346.0
2026-10-02T18:59:36.878389+00:00,SivaChowdary,17.6,2600.0,5.2,11.9,19569.2,11667.1,60.2,12944.9,19564.6,4.7,54.1,0.0,167894.6,0.0,3.0,3245.2,2691.3,13.0,29.0,0.0,294.0,348.0
2026-10-02T18:59:37.905515+00:00,SivaChowdary,14.7,2600.0,5.0,8.6,43586.6,26977.3,60.2,12945.9,19563.6,4.7,54.1,0.0,85924.4,0.0,15.0,1007.9,2103.8,10.0,24.0,0.0,294.0,346.0
2026-10-02T18:59:38.849744+00:00,SivaChowdary,16.3,2600.0,3.7,12.1,16351.4,10328.0,60.1,12956.9,19552.6,4.7,54.1,0.0,8200.7,0.0,2.0,2066.2,1592.7,8.0,17.0,0.0,294.0,346.0
2026-10-02T18:59:39.943060+00:00,SivaChowdary,9.2,2600.0,3.1,5.6,19106.4,13058.3,60.1,12957.5,19552.0,4.7,54.1,0.0,8192.2,0.0,2.0,852.0,5969.1,8.0,17.0,0.0,294.0,348.0
2026-10-02T18:59:40.851214+00:00,SivaChowdary,23.5,2600.0,3.5,18.7,32535.9,22604.9,60.2,12948.5,19561.0,4.7,54.1,0.0,0.0,0.0,0.0,558.6,706.5,3.0,8.0,0.0,294.0,346.0
2026-10-02T18:59:41.913351+00:00,SivaChowdary,13.4,2600.0,5.7,6.7,31356.1,18646.7,60.1,12958.0,19551.5,4.7,54.1,0.0,77893.8,0.0,11.0,630.6,1026.9,7.0,14.0,0.0,294.0,346.0
2026-10-02T18:59:42.908360+00:00,SivaChowdary,14.7,2600.0,3.6,10.7,20389.4,13526.4,60.1,12958.6,19551.0,4.7,54.1,0.0,20447.3,0.0,3.0,1278.0,1613.4,14.0,19.0,0.0,294.0,348.0
2026-10-02T18:59:43.934527+00:00,SivaChowdary,13.0,2600.0,2.9,9.3,46541.5,29737.8,60.1,12962.1,19547.4,4.7,54.1,0.0,12309.0,0.0,3.0,2070.5,1058.8,8.0,12.0,0.0,294.0,346.0
2026-10-02T18:59:44.861582+00:00,SivaChowdary,14.4,2600.0,3.7,10.2,19883.6,13692.4,60.1,12956.6,19552.9,4.7,54.1,0.0,0.0,0.0,0.0,84.0,256.0,1.0,4.0,0.0,294.0,346.0
2026-10-02T18:59:45.952903+00:00,SivaChowdary,13.1,2600.0,4.0,8.7,16393.1,10533.1,60.2,12953.6,19556.0,4.7,54.1,0.0,12277.6,0.0,2.0,3770.8,1039.1,11.0,13.0,0.0,294.0,348.0
2026-10-02T18:59:46.848948+00:00,SivaChowdary,21.1,2600.0,4.8,15.4,47082.8,29550.1,60.2,12952.4,19557.1,4.7,54.1,0.0,90017.9,0.0,11.0,1318.6,2425.5,11.0,24.0,0.0,294.0,346.0
2026-10-02T18:59:47.900071+00:00,SivaChowdary,9.6,2600.0,2.2,7.0,15223.4,8979.0,60.1,12956.6,19552.9,4.7,54.1,0.0,0.0,0.0,0.0,676.1,960.6,8.0,13.0,0.0,294.0,346.0
2026-10-02T18:59:48.893086+00:00,SivaChowdary,9.7,2600.0,2.9,6.5,15719.8,9836.1,60.1,12955.4,19554.1,4.7,54.1,0.0,24578.8,0.0,5.0,2280.3,1774.2,11.0,24.0,0.0,294.0,348.0
2026-10-02T18:59:49.927883+00:00,SivaChowdary,17.9,2600.0,3.1,14.2,44667.5,28407.0,60.2,12948.3,19561.2,4.7,54.1,0.0,24581.2,0.0,5.0,379.1,685.1,4.0,9.0,0.0,294.0,346.0
2026-10-02T18:59:50.856727+00:00,SivaChowdary,11.3,2600.0,3.8,7.2,15337.4,9515.9,60.1,12958.2,19551.3,4.7,54.1,0.0,224992.7,0.0,8.0,961.8,1133.6,10.0,13.0,0.0,294.0,346.0
2026-10-02T18:59:51.949495+00:00,SivaChowdary,12.4,2600.0,2.1,9.6,15225.9,10084.6,60.1,12955.6,19553.9,4.7,54.1,0.0,36880.8,0.0,7.0,634.3,794.4,7.0,9.0,0.0,294.0,349.0
2026-10-02T18:59:52.851123+00:00,SivaChowdary,15.7,2600.0,4.5,10.3,48904.5,33173.2,60.2,12950.2,19559.3,4.7,54.1,0.0,106586.5,0.0,11.0,719.6,1079.9,7.0,9.0,0.0,294.0,346.0
2026-10-02T18:59:53.873664+00:00,SivaChowdary,15.4,2600.0,3.8,10.7,19669.2,12005.5,60.1,12958.9,19550.6,4.7,54.1,0.0,519088.3,0.0,113.8,1770.2,2751.2,5.0,45.9,0.0,294.0,346.0
2026-10-02T18:59:54.941428+00:00,SivaChowdary,9.3,1496.0,4.1,4.7,17779.1,10139.8,60.2,12947.6,19562.0,4.7,54.1,0.0,123095.6,0.0,6.0,22922.1,56631.2,97.2,186.3,0.0,294.0,348.0
2026-10-02T18:59:55.871763+00:00,SivaChowdary,23.1,2600.0,4.0,18.7,24776.7,16408.2,60.2,12948.7,19560.8,4.7,54.1,0.0,0.0,0.0,0.0,26658.4,1632898.5,174.0,1430.8,0.0,294.0,348.0
2026-10-02T18:59:56.857769+00:00,SivaChowdary,13.1,2600.0,4.9,6.7,41464.9,24133.6,60.2,12948.5,19561.1,4.7,54.1,0.0,20478.0,0.0,4.0,20978.9,1782587.0,171.0,1504.9,0.0,294.0,346.0
2026-10-02T18:59:57.877499+00:00,SivaChowdary,17.7,2600.0,4.1,13.3,16825.2,10654.8,60.2,12947.3,19562.2,4.7,54.1,0.0,81926.0,0.0,11.0,968.1,10491.8,11.0,181.0,0.0,294.0,348.0
2026-10-02T18:59:58.884106+00:00,SivaChowdary,14.2,2600.0,4.2,8.7,43320.4,26123.3,60.2,12942.7,19566.8,4.7,54.1,0.0,20487.3,0.0,5.0,1772.6,9272.3,5.0,162.1,0.0,294.0,346.0
2026-10-02T18:59:59.857829+00:00,SivaChowdary,16.3,1496.0,3.1,12.4,15338.9,10169.3,60.2,12952.1,19557.4,4.7,54.1,0.0,40957.0,0.0,8.0,84.0,8047.4,1.0,143.0,0.0,294.0,346.0
2026-10-02T19:00:00.944731+00:00,SivaChowdary,14.0,2600.0,4.3,9.0,23592.7,13777.7,60.2,12939.5,19570.0,4.7,54.1,0.0,102338.1,0.0,6.0,460.7,8216.0,5.0,143.9,0.0,294.0,348.0
2026-10-02T19:00:01.842508+00:00,SivaChowdary,22.2,2600.0,3.1,18.1,37205.0,24407.2,60.2,12945.3,19564.2,4.7,54.1,0.0,61473.1,0.0,11.0,810.4,2634.4,6.0,36.0,0.0,294.0,346.0
2026-10-02T19:00:02.964110+00:00,SivaChowdary,9.6,2600.0,4.2,5.1,21423.0,13335.5,60.2,12933.6,19575.9,4.7,54.1,0.0,16380.9,0.0,2.0,1195.8,1392.7,13.0,16.0,0.0,294.0,346.0
2026-10-02T19:00:03.934354+00:00,SivaChowdary,20.2,2600.0,3.7,14.5,30338.4,23358.1,60.2,12941.6,19567.9,4.7,54.1,0.0,20463.4,0.0,4.0,2113.3,748.4,7.0,10.0,0.0,294.0,348.0
2026-10-02T19:00:04.967588+00:00,SivaChowdary,15.3,2600.0,4.7,9.7,42112.4,26895.2,60.2,12950.9,19558.6,4.7,54.1,0.0,135294.7,0.0,5.0,764.7,1390.3,8.0,14.0,0.0,294.0,346.0
2026-10-02T19:00:05.857823+00:00,SivaChowdary,17.2,2600.0,3.9,11.5,32183.4,25051.5,60.2,12942.2,19567.4,4.7,54.1,0.0,8187.3,0.0,2.0,545.7,689.6,6.0,8.0,0.0,294.0,346.0
2026-10-02T19:00:06.958828+00:00,SivaChowdary,10.8,2600.0,4.1,6.6,14169.1,9026.3,60.2,12937.0,19572.5,4.7,54.1,0.0,36877.3,0.0,5.0,1047.4,2209.8,10.0,21.0,0.0,294.0,348.0
2026-10-02T19:00:07.837069+00:00,SivaChowdary,27.2,2600.0,5.3,20.2,41554.1,26518.5,60.2,12938.4,19571.1,4.7,54.1,0.0,139287.6,0.0,13.0,293.0,924.2,3.0,12.0,0.0,294.0,346.0
2026-10-02T19:00:08.940099+00:00,SivaChowdary,9.0,2600.0,3.3,5.0,19179.5,11114.2,60.2,12954.2,19555.3,4.7,54.1,0.0,12283.8,0.0,2.0,2363.2,1723.4,11.0,20.0,0.0,294.0,346.0
2026-10-02T19:00:09.909436+00:00,SivaChowdary,15.7,2600.0,3.0,11.8,22381.7,15576.3,60.2,12950.8,19558.7,4.7,54.1,0.0,180366.4,0.0,42.0,176.1,386.3,2.0,6.0,0.0,294.0,348.0
2026-10-02T19:00:10.943273+00:00,SivaChowdary,14.3,2600.0,4.0,9.5,41698.7,25670.1,60.1,12958.1,19551.4,4.7,54.1,0.0,0.0,0.0,0.0,336.9,1057.7,4.0,14.0,0.0,294.0,347.0
2026-10-02T19:00:11.858645+00:00,SivaChowdary,15.7,2600.0,4.3,10.0,23488.8,16581.4,60.2,12945.2,19564.3,4.7,54.1,0.0,24570.6,0.0,5.0,891.8,1339.7,10.0,18.0,0.0,294.0,346.0
2026-10-02T19:00:12.989111+00:00,SivaChowdary,10.9,2600.0,2.8,7.8,16538.9,9506.2,60.2,12952.5,19557.0,4.7,54.1,0.0,4095.2,0.0,1.0,1562.7,798.9,3.0,12.0,0.0,294.0,348.0
2026-10-02T19:00:13.872841+00:00,SivaChowdary,21.7,2600.0,4.0,16.0,47751.6,30673.0,60.2,12951.8,19557.7,4.7,54.1,0.0,8192.3,0.0,2.0,0.0,256.0,0.0,4.0,0.0,294.0,346.0
2026-10-02T19:00:14.936692+00:00,SivaChowdary,10.3,2600.0,2.9,6.7,14187.1,9080.3,60.1,12956.2,19553.3,4.7,54.1,0.0,127022.0,0.0,3.0,461.2,637.2,5.0,8.0,0.0,294.0,346.0
2026-10-02T19:00:15.902986+00:00,SivaChowdary,14.1,2600.0,4.5,9.1,19162.5,11304.2,60.2,12947.3,19562.2,4.7,54.1,0.0,69652.0,0.0,9.0,578.2,1186.3,6.0,14.0,0.0,294.0,348.0
2026-10-02T19:00:16.925713+00:00,SivaChowdary,17.2,2600.0,3.2,13.3,47457.0,29304.4,60.2,12948.7,19560.8,4.7,54.1,0.0,16376.4,0.0,3.0,10011.4,3289.5,24.0,30.0,0.0,294.0,346.0
2026-10-02T19:00:17.833960+00:00,SivaChowdary,10.3,2600.0,3.1,6.4,17159.7,10118.7,60.2,12952.7,19556.8,4.7,54.1,0.0,0.0,0.0,0.0,11652.0,14376.9,20.0,39.0,0.0,294.0,346.0
2026-10-02T19:00:18.908551+00:00,SivaChowdary,12.2,2600.0,2.6,9.0,16817.4,9891.0,60.2,12948.9,19560.6,4.7,54.1,0.0,20478.0,0.0,4.0,4289.6,3049.7,17.0,37.0,0.0,294.0,348.0
2026-10-02T19:00:19.873854+00:00,SivaChowdary,15.4,2600.0,5.8,9.2,53055.8,30669.8,60.2,12935.4,19574.1,4.7,54.1,0.0,20494.6,0.0,4.0,1805.3,19085.6,17.0,33.0,0.0,294.0,346.0
2026-10-02T19:00:20.828602+00:00,SivaChowdary,16.5,1496.0,3.9,12.0,24392.6,17975.4,60.2,12941.4,19568.2,4.7,54.1,0.0,163716.5,0.0,7.0,4911.3,8149.9,40.0,53.0,0.0,294.0,346.0
2026-10-02T19:00:22.042135+00:00,SivaChowdary,6.8,2600.0,2.1,4.1,15872.9,8766.0,60.2,12945.6,19563.9,4.7,54.1,0.0,57416.1,0.0,6.0,15260.2,403308.6,74.1,324.4,0.0,294.0,348.0
2026-10-02T19:00:22.922837+00:00,SivaChowdary,24.5,2600.0,3.8,20.3,17627.7,13101.8,60.2,12937.9,19571.6,4.7,54.1,0.0,32760.0,0.0,4.0,24720.0,1643085.8,175.0,1275.7,0.0,294.0,348.0
2026-10-02T19:00:23.860961+00:00,SivaChowdary,14.1,2600.0,4.3,8.8,47273.8,28888.5,60.2,12934.9,19574.6,4.7,54.1,0.0,98230.8,0.0,5.0,23072.8,1538818.5,167.9,1218.1,0.0,294.0,346.0
2026-10-02T19:00:24.944180+00:00,SivaChowdary,17.7,2600.0,4.1,12.5,20149.4,13098.9,60.2,12931.6,19577.9,4.7,54.1,0.0,131100.7,0.0,5.0,1920.4,5898.3,14.0,21.0,0.0,294.0,347.0
2026-10-02T19:00:25.905628+00:00,SivaChowdary,10.1,2600.0,2.7,6.8,42801.1,26655.5,60.2,12944.3,19565.2,4.7,54.1,0.0,0.0,0.0,0.0,3596.0,1554.4,10.0,21.0,0.0,294.0,345.0
2026-10-02T19:00:26.837792+00:00,SivaChowdary,16.4,2600.0,3.2,12.5,27580.5,19923.3,60.2,12944.5,19565.1,4.7,54.1,0.0,188494.6,0.0,41.0,1202.5,2167.9,11.0,23.0,0.0,294.0,345.0
2026-10-02T19:00:28.016499+00:00,SivaChowdary,6.9,2600.0,2.0,4.6,14007.4,8468.2,60.2,12947.4,19562.1,4.7,54.1,0.0,49100.8,0.0,5.0,167.8,1067.9,2.0,15.0,0.0,294.0,347.0
2026-10-02T19:00:28.850554+00:00,SivaChowdary,25.8,2600.0,5.9,19.1,23078.0,15365.3,60.2,12943.8,19565.8,4.7,54.1,0.0,36886.3,0.0,5.0,2367.4,1486.9,11.0,19.0,0.0,294.0,347.0
2026-10-02T19:00:29.912095+00:00,SivaChowdary,7.1,2600.0,3.2,3.2,34811.2,21095.7,60.2,12953.4,19556.1,4.7,54.1,0.0,12290.2,0.0,2.0,176.0,584.1,2.0,8.0,0.0,294.0,345.0
2026-10-02T19:00:30.845636+00:00,SivaChowdary,16.6,2600.0,4.3,11.5,26568.6,19315.8,60.2,12942.4,19567.2,4.7,54.1,0.0,32762.6,0.0,5.0,763.9,928.8,9.0,12.0,0.0,294.0,347.0
2026-10-02T19:00:31.935432+00:00,SivaChowdary,12.1,2600.0,3.1,8.7,42991.5,25755.0,60.2,12954.8,19554.7,4.7,54.1,0.0,12271.3,0.0,3.0,1158.4,1122.5,8.0,10.0,0.0,294.0,345.0
2026-10-02T19:00:32.855597+00:00,SivaChowdary,16.5,2600.0,4.3,11.4,24257.9,17086.7,60.2,12935.6,19573.9,4.7,54.1,0.0,28716.9,0.0,2.0,635.0,1519.4,7.0,18.0,0.0,294.0,345.0
2026-10-02T19:00:33.953650+00:00,SivaChowdary,12.1,2600.0,4.1,7.5,14722.3,8803.6,60.2,12947.9,19561.6,4.7,54.1,0.0,12279.0,0.0,3.0,1854.6,923.3,6.0,12.0,0.0,294.0,347.0
2026-10-02T19:00:34.847575+00:00,SivaChowdary,22.8,2600.0,4.3,16.8,49954.8,34821.1,60.2,12944.1,19565.4,4.7,54.1,0.0,163977.1,0.0,5.0,588.5,1041.9,6.0,12.0,0.0,294.0,345.0
2026-10-02T19:00:35.900173+00:00,SivaChowdary,10.7,2600.0,3.3,6.6,14903.6,10022.0,60.2,12949.3,19560.2,4.7,54.1,0.0,139166.9,0.0,3.0,629.6,1032.3,7.0,13.0,0.0,294.0,345.0
2026-10-02T19:00:36.914002+00:00,SivaChowdary,11.6,2600.0,3.4,7.9,18451.7,10472.8,60.2,12946.6,19562.9,4.7,54.1,0.0,0.0,0.0,0.0,377.1,605.2,4.0,8.0,0.0,294.0,347.0
2026-10-02T19:00:37.930224+00:00,SivaChowdary,19.4,2600.0,3.5,15.1,42624.8,28474.8,60.2,12947.0,19562.5,4.7,54.1,0.0,28667.8,0.0,5.0,878.9,1022.9,9.0,12.0,0.0,294.0,345.0
2026-10-02T19:00:38.872553+00:00,SivaChowdary,18.0,2600.0,7.5,9.2,22882.2,13335.4,60.2,12941.9,19567.6,4.7,54.1,0.0,8189.2,0.0,2.0,1942.3,1025.6,7.0,13.0,0.0,294.0,345.0
2026-10-02T19:00:39.941031+00:00,SivaChowdary,14.2,2600.0,3.5,10.2,19474.8,13449.0,60.2,12936.1,19573.4,4.7,54.1,0.0,16386.4,0.0,4.0,1561.2,2355.3,17.0,29.0,0.0,294.0,347.0
2026-10-02T19:00:40.863495+00:00,SivaChowdary,14.5,1496.0,2.7,10.9,52477.5,33546.5,60.2,12950.8,19558.7,4.7,54.1,0.0,127023.3,0.0,2.0,0.0,530.2,0.0,9.0,0.0,294.0,347.0
2026-10-02T19:00:41.830479+00:00,SivaChowdary,17.8,2600.0,3.6,12.8,34282.8,26567.5,60.2,12945.3,19564.2,4.7,54.1,0.0,77837.2,0.0,11.0,84.0,506.1,1.0,8.0,0.0,294.0,345.0
2026-10-02T19:00:42.967710+00:00,SivaChowdary,8.2,2600.0,3.2,4.6,16566.0,9146.1,60.2,12949.5,19560.1,4.7,54.1,0.0,184241.7,0.0,43.0,42823.8,2949036.4,300.9,2301.0,0.0,294.0,347.0
2026-10-02T19:00:43.838992+00:00,SivaChowdary,23.4,2600.0,2.8,20.0,24829.3,18351.6,60.2,12943.9,19565.6,4.7,54.1,0.0,12283.7,0.0,3.0,22321.2,1661718.2,170.9,1315.5,0.0,294.0,347.0
2026-10-02T19:00:44.911057+00:00,SivaChowdary,9.4,2600.0,3.9,4.6,41162.0,25225.7,60.2,12951.8,19557.7,4.7,54.1,0.0,114718.5,0.0,3.0,337.1,845.2,4.0,13.0,0.0,294.0,345.0
2026-10-02T19:00:45.877326+00:00,SivaChowdary,19.4,2600.0,4.4,13.5,19238.3,11689.2,60.2,12941.1,19568.4,4.7,54.1,0.0,24582.7,0.0,5.0,679.2,756.2,8.0,11.0,0.0,294.0,347.0
2026-10-02T19:00:46.906980+00:00,SivaChowdary,11.9,2600.0,3.2,8.3,42952.9,25922.2,60.2,12949.1,19560.4,4.7,54.1,0.0,168002.1,0.0,21.0,1187.5,1686.7,10.0,18.0,0.0,294.0,347.0
2026-10-02T19:00:47.824250+00:00,SivaChowdary,14.9,1496.0,3.7,10.3,20248.5,12756.4,60.2,12945.7,19563.8,4.7,54.1,0.0,0.0,0.0,0.0,84.0,3128.4,1.0,55.0,0.0,294.0,345.0
2026-10-02T19:00:48.980875+00:00,SivaChowdary,11.3,2600.0,3.2,7.5,14855.3,8307.1,60.2,12946.1,19563.5,4.7,54.1,16374.4,85965.8,1.0,11.0,2109.8,9107.7,9.0,155.9,0.0,294.0,348.0
2026-10-02T19:00:49.881803+00:00,SivaChowdary,19.1,2600.0,3.5,15.1,56022.0,39903.1,60.2,12930.2,19579.3,4.7,54.1,0.0,32773.8,0.0,7.0,673.1,12419.2,7.0,216.0,0.0,294.0,345.0
2026-10-02T19:00:50.922218+00:00,SivaChowdary,9.7,2600.0,3.0,6.5,13491.3,8383.6,60.2,12949.3,19560.2,4.7,54.1,0.0,200693.4,0.0,8.0,84.0,6583.7,1.0,117.0,0.0,294.0,345.0
2026-10-02T19:00:51.837774+00:00,SivaChowdary,9.8,2600.0,2.9,6.3,17448.4,9648.0,60.2,12938.1,19571.4,4.7,54.1,0.0,0.0,0.0,0.0,808.2,2104.6,7.0,30.0,0.0,294.0,347.0
2026-10-02T19:00:52.932134+00:00,SivaChowdary,17.8,2600.0,3.8,13.5,40913.4,26906.3,60.2,12942.5,19567.0,4.7,54.1,0.0,24570.8,0.0,5.0,713.9,1480.7,8.0,21.0,0.0,294.0,345.0
2026-10-02T19:00:53.823510+00:00,SivaChowdary,9.3,2600.0,3.2,5.4,19383.2,11204.5,60.2,12952.6,19556.9,4.7,54.1,0.0,28688.6,0.0,4.0,2482.4,1925.1,13.0,26.0,0.0,294.0,345.0
2026-10-02T19:00:54.896519+00:00,SivaChowdary,15.1,2600.0,4.3,10.3,20172.6,13301.8,60.2,12939.7,19569.9,4.7,54.1,0.0,167857.8,0.0,5.0,506.8,1263.4,6.0,17.0,0.0,294.0,347.0
2026-10-02T19:00:55.887598+00:00,SivaChowdary,12.1,1496.0,2.9,8.1,44722.6,27550.7,60.2,12944.5,19565.0,4.7,54.1,0.0,0.0,0.0,0.0,84.0,996.5,1.0,10.0,0.0,294.0,345.0
2026-10-02T19:00:56.857412+00:00,SivaChowdary,14.0,2600.0,2.7,10.9,30410.2,23990.6,60.0,12994.5,19515.1,4.7,54.1,0.0,28678.7,0.0,5.0,8643.0,1517.4,12.0,16.0,0.0,294.0,345.0
2026-10-02T19:00:57.989576+00:00,SivaChowdary,13.8,2600.0,5.1,7.9,28075.8,15545.3,60.2,12950.8,19558.7,4.7,54.1,65402.8,114454.8,1.0,16.0,60954.8,69668.1,146.7,194.6,0.0,294.0,347.0
2026-10-02T19:00:58.834438+00:00,SivaChowdary,26.8,2600.0,5.5,20.6,38232.2,26181.1,60.2,12923.8,19585.7,4.7,54.1,0.0,520931.0,0.0,111.2,42801.7,29236.5,94.1,103.1,0.0,294.0,347.0
2026-10-02T19:00:59.967470+00:00,SivaChowdary,11.8,2600.0,6.6,4.4,46836.2,36079.9,60.3,12891.7,19617.8,4.7,54.1,0.0,139371.8,0.0,5.0,9053.0,12190.4,35.0,54.0,0.0,294.0,345.0
2026-10-02T19:01:00.873201+00:00,SivaChowdary,27.2,2600.0,4.9,21.9,29821.9,25153.0,60.3,12900.3,19609.2,4.7,54.1,16373.0,196475.5,1.0,18.0,9535.6,91466.3,46.0,90.9,0.0,294.0,347.0
2026-10-02T19:01:01.863225+00:00,SivaChowdary,10.3,2600.0,2.5,6.9,43433.0,26620.9,60.3,12914.4,19595.1,4.7,54.1,0.0,2176027.6,0.0,28.0,933.5,2881.4,7.0,18.0,0.0,294.0,345.0
2026-10-02T19:01:02.827630+00:00,SivaChowdary,16.7,2600.0,3.7,12.8,18624.3,12557.2,60.3,12901.3,19608.2,4.7,54.1,0.0,16381.6,0.0,2.0,815.9,1838.7,9.0,26.0,0.0,294.0,345.0
2026-10-02T19:01:04.026267+00:00,SivaChowdary,7.1,2600.0,2.8,4.1,15300.8,8711.2,60.3,12913.1,19596.4,4.7,54.1,16388.1,114716.4,1.0,15.0,2234.6,1829.5,10.0,24.0,0.0,294.0,347.0
2026-10-02T19:01:04.892070+00:00,SivaChowdary,23.5,2600.0,2.5,20.2,20839.4,16612.4,60.3,12907.8,19601.7,4.7,54.1,0.0,16368.6,0.0,3.0,294.7,740.3,3.0,10.0,0.0,294.0,347.0
2026-10-02T19:01:05.879752+00:00,SivaChowdary,13.4,2600.0,7.8,5.1,46338.0,29419.0,60.3,12913.5,19596.0,4.7,54.1,0.0,126976.0,0.0,4.0,38397.0,2332395.4,250.0,1821.0,0.0,294.0,345.0
2026-10-02T19:01:06.883449+00:00,SivaChowdary,14.4,2600.0,4.1,9.8,26503.4,16790.1,60.3,12914.4,19595.1,4.7,54.1,0.0,36884.0,0.0,5.0,12519.8,9915.4,85.0,88.0,0.0,294.0,347.0
2026-10-02T19:01:07.997684+00:00,SivaChowdary,14.9,2600.0,5.2,9.2,49926.4,29645.5,60.3,12917.1,19592.4,4.7,54.1,24569.8,290742.5,2.0,35.0,1586.6,2397.4,15.0,25.0,0.0,294.0,346.0
2026-10-02T19:01:08.871288+00:00,SivaChowdary,26.6,2600.0,8.5,17.6,30968.9,16113.9,60.3,12910.8,19598.7,4.7,54.1,0.0,343762.9,0.0,51.0,1811.4,1056.1,5.0,13.0,0.0,294.0,346.0
2026-10-02T19:01:09.992021+00:00,SivaChowdary,12.2,2600.0,5.4,6.4,23620.0,9015.8,60.3,12916.8,19592.7,4.7,54.1,0.0,303399.6,0.0,43.0,1145.1,1371.3,8.0,14.0,0.0,294.0,348.0
2026-10-02T19:01:10.839312+00:00,SivaChowdary,28.7,2600.0,6.4,21.7,32482.2,18391.6,60.3,12909.9,19599.6,4.7,54.1,0.0,208801.1,0.0,25.0,0.0,279.9,0.0,5.0,0.0,294.0,348.0
2026-10-02T19:01:11.949718+00:00,SivaChowdary,14.1,2600.0,5.8,7.4,48697.8,26558.0,60.2,12923.9,19585.6,4.7,54.1,0.0,167942.3,0.0,31.0,11692.4,8527.3,78.0,80.0,0.0,294.0,346.0
2026-10-02T19:01:12.896368+00:00,SivaChowdary,21.4,2600.0,6.6,14.2,35423.8,21031.3,60.2,12923.3,19586.2,4.7,54.1,65583.7,344314.6,1.0,34.0,395.3,565.4,5.0,8.0,0.0,294.0,348.0
2026-10-02T19:01:13.940871+00:00,SivaChowdary,18.4,2600.0,9.0,9.1,52227.4,28718.4,60.1,12971.2,19538.3,4.7,54.1,0.0,274244.8,0.0,37.0,2444.3,1510.0,12.0,15.0,0.0,294.0,346.0
2026-10-02T19:01:14.880919+00:00,SivaChowdary,27.9,2600.0,10.0,15.5,33950.5,15742.9,60.1,12969.5,19540.0,4.7,54.1,0.0,176037.0,0.0,30.0,84.0,703.6,1.0,12.0,0.0,294.0,348.0
2026-10-02T19:01:16.008720+00:00,SivaChowdary,15.0,2600.0,6.5,8.1,28590.8,11826.0,60.1,12981.7,19527.8,4.7,54.1,0.0,803090.8,0.0,136.0,1677.6,2385.8,15.0,26.0,0.0,294.0,350.0
2026-10-02T19:01:16.829915+00:00,SivaChowdary,30.1,2600.0,7.6,22.0,50413.2,28242.1,60.1,12971.4,19538.1,4.7,54.1,0.0,196741.4,0.0,28.0,4689.2,14210.6,37.0,43.0,0.0,294.0,352.0
2026-10-02T19:01:17.983035+00:00,SivaChowdary,13.2,2600.0,6.4,6.3,38512.2,17178.0,60.1,12982.8,19526.7,4.7,54.1,65555.1,417913.6,1.0,34.0,8830.6,4350.3,29.0,40.0,0.0,294.0,348.0
2026-10-02T19:01:18.911680+00:00,SivaChowdary,28.1,2600.0,6.7,20.7,30165.0,16475.0,60.1,12970.6,19538.9,4.7,54.1,49116.1,1223809.7,1.0,131.9,4148.0,3668.3,16.0,47.0,0.0,294.0,353.0
2026-10-02T19:01:19.885403+00:00,SivaChowdary,18.5,2600.0,6.3,11.1,50522.9,27839.9,60.1,12970.0,19539.5,4.7,54.1,0.0,241802.4,0.0,31.0,4947.8,25666.7,36.0,128.1,0.0,294.0,349.0
2026-10-02T19:01:20.861137+00:00,SivaChowdary,23.9,2600.0,6.7,16.1,37613.2,24983.8,60.1,12974.4,19535.1,4.7,54.1,0.0,380879.4,0.0,34.0,759.9,8014.0,9.0,137.0,0.0,294.0,349.0
2026-10-02T19:01:21.989443+00:00,SivaChowdary,11.0,1496.0,5.5,5.1,24913.3,8213.4,60.1,12975.3,19534.2,4.7,54.1,0.0,315408.2,0.0,51.0,19018.0,12040.6,27.0,190.0,0.0,294.0,351.0
2026-10-02T19:01:22.870540+00:00,SivaChowdary,29.7,2600.0,6.0,22.4,25832.5,13339.9,60.1,12967.4,19542.1,4.7,54.1,65555.0,446593.4,1.0,44.0,22472.5,20975.1,54.0,204.1,0.0,294.0,351.0
2026-10-02T19:01:23.880799+00:00,SivaChowdary,15.3,2600.0,6.3,7.1,52438.7,26422.5,60.1,12978.9,19530.6,4.7,54.1,0.0,359759.8,0.0,61.9,2023.1,2466.3,8.0,29.9,0.0,294.0,349.0
2026-10-02T19:01:24.931666+00:00,SivaChowdary,23.6,2600.0,7.8,15.4,28136.3,14189.3,60.1,12968.1,19541.4,4.7,54.1,0.0,328032.8,0.0,44.0,1666.8,6514.0,15.0,27.0,0.0,294.0,351.0
2026-10-02T19:01:25.948391+00:00,SivaChowdary,15.4,2600.0,6.7,7.7,51936.4,27392.6,60.1,12975.4,19534.2,4.7,54.1,16382.5,430041.6,1.0,41.0,2167.8,3551.7,14.0,42.0,0.0,294.0,349.0
2026-10-02T19:01:26.853448+00:00,SivaChowdary,22.2,2600.0,6.5,14.2,27473.1,16421.3,60.2,12951.0,19558.5,4.7,54.1,16376.3,741026.9,1.0,90.0,3719.2,14552.1,31.0,55.0,0.0,294.0,349.0
2026-10-02T19:01:28.028732+00:00,SivaChowdary,16.6,2600.0,9.8,6.5,32966.0,17510.9,60.1,12977.2,19532.3,4.7,54.1,16406.4,266603.6,1.0,30.0,50783.3,97114.4,146.2,195.3,0.0,294.0,351.0
2026-10-02T19:01:28.851691+00:00,SivaChowdary,32.5,2600.0,8.2,23.3,29853.8,15797.2,60.1,12981.6,19527.9,4.7,54.1,81900.4,511877.3,3.0,41.0,10687.4,69791.3,34.0,188.0,0.0,294.0,351.0
2026-10-02T19:01:29.913195+00:00,SivaChowdary,11.8,2600.0,6.4,5.0,53962.7,26477.5,60.0,12995.6,19513.9,4.7,54.1,65510.1,147397.7,1.0,3.0,12640.0,416651.3,61.0,481.8,0.0,294.0,349.0
2026-10-02T19:01:30.868513+00:00,SivaChowdary,17.0,2600.0,3.5,12.5,22062.5,13999.9,60.0,13009.1,19500.4,4.7,54.1,16379.2,663356.5,1.0,81.0,150.0,4987.5,2.0,101.0,0.0,294.0,351.0
2026-10-02T19:01:31.919594+00:00,SivaChowdary,11.0,2600.0,2.7,7.8,41006.5,24385.6,60.0,13018.3,19491.2,4.7,54.1,0.0,532603.3,0.0,112.0,641.1,5965.4,4.0,124.0,0.0,294.0,349.0
2026-10-02T19:01:32.855161+00:00,SivaChowdary,15.0,2600.0,2.4,11.6,20977.0,13429.3,60.0,13008.0,19501.5,4.7,54.1,0.0,12289.2,0.0,2.0,852.1,6742.6,10.0,148.0,0.0,294.0,351.0
2026-10-02T19:01:34.065091+00:00,SivaChowdary,9.2,2600.0,3.0,5.7,17037.6,8924.2,60.0,13012.8,19496.8,4.7,54.1,0.0,8190.4,0.0,2.0,1899.6,4888.0,8.0,108.0,0.0,294.0,351.0
2026-10-02T19:01:34.884340+00:00,SivaChowdary,22.2,2600.0,2.1,19.6,26741.9,17912.6,60.0,13012.1,19497.4,4.7,54.1,0.0,12291.2,0.0,2.0,1403.4,6025.5,10.0,127.0,0.0,294.0,350.0
2026-10-02T19:01:35.908256+00:00,SivaChowdary,10.4,2600.0,4.6,5.6,38046.8,22308.2,60.0,13015.1,19494.4,4.7,54.1,0.0,118886.4,0.0,6.0,176.2,4943.3,2.0,111.1,0.0,294.0,350.0
2026-10-02T19:01:36.889143+00:00,SivaChowdary,16.4,2600.0,3.7,11.3,28935.8,18567.4,59.8,13055.1,19454.4,4.7,54.1,0.0,167587.5,0.0,3.0,19787.8,16044.6,27.9,108.8,0.0,294.0,350.0
2026-10-02T19:01:37.899784+00:00,SivaChowdary,22.8,2600.0,8.8,13.2,47485.4,31599.5,60.1,12977.5,19532.0,4.7,54.1,0.0,77941.3,0.0,9.0,3559.4,7043.6,30.0,49.1,0.0,294.0,348.0
2026-10-02T19:01:38.849204+00:00,SivaChowdary,12.5,1496.0,3.5,7.9,21708.9,15307.4,60.0,12997.2,19512.3,4.7,54.1,0.0,16387.7,0.0,4.0,2563.6,2144.5,13.0,19.0,0.0,294.0,348.0
2026-10-02T19:01:39.928120+00:00,SivaChowdary,12.1,2600.0,2.5,8.6,15235.5,8671.0,60.0,13001.5,19508.0,4.7,54.1,0.0,53260.2,0.0,12.0,800.2,1668.4,9.0,24.0,0.0,294.0,350.0
2026-10-02T19:01:40.839235+00:00,SivaChowdary,15.1,2600.0,3.0,11.4,45317.5,28736.4,60.0,13003.6,19505.9,4.7,54.1,0.0,12284.3,0.0,2.0,629.8,881.7,7.0,12.0,0.0,294.0,348.0
2026-10-02T19:01:41.889132+00:00,SivaChowdary,13.6,2600.0,2.1,10.7,16745.7,10501.9,60.0,13004.4,19505.2,4.7,54.1,0.0,73678.4,0.0,11.0,962.4,1414.0,10.0,18.0,0.0,294.0,348.0
2026-10-02T19:01:42.943986+00:00,SivaChowdary,7.3,2600.0,2.6,3.8,19926.2,13044.7,60.0,13015.9,19493.6,4.7,54.1,0.0,8181.8,0.0,2.0,1486.1,2369.0,15.0,28.0,0.0,294.0,350.0
2026-10-02T19:01:43.903446+00:00,SivaChowdary,20.4,2600.0,2.9,17.2,16217.9,12284.4,60.0,13007.8,19501.7,4.7,54.1,0.0,8205.6,0.0,2.0,24850.2,5550.2,35.1,48.1,0.0,294.0,350.0
2026-10-02T19:01:44.853301+00:00,SivaChowdary,11.4,2600.0,4.4,6.0,44282.5,26849.6,60.0,13017.2,19492.3,4.7,54.1,0.0,0.0,0.0,0.0,84.0,1543.6,1.0,27.0,0.0,294.0,348.0
2026-10-02T19:01:45.869961+00:00,SivaChowdary,17.1,2600.0,4.2,12.6,21503.5,14200.3,60.0,13006.9,19502.6,4.7,54.1,65519.1,319405.6,1.0,10.0,3259.2,2370.4,6.0,39.0,0.0,294.0,350.0
2026-10-02T19:01:46.921671+00:00,SivaChowdary,11.7,2600.0,3.2,7.4,46028.7,28157.8,60.0,13015.0,19494.5,4.7,54.1,0.0,81745.4,0.0,10.0,1690.4,3277.0,14.0,37.9,0.0,294.0,348.0
2026-10-02T19:01:47.836696+00:00,SivaChowdary,15.1,2600.0,2.9,11.6,25473.2,17022.6,60.0,13015.6,19493.9,4.7,54.1,0.0,0.0,0.0,0.0,1063.7,1801.6,10.0,23.1,0.0,294.0,348.0
2026-10-02T19:01:48.960671+00:00,SivaChowdary,8.3,2600.0,3.4,4.6,15311.0,9088.0,60.0,13015.6,19493.9,4.7,54.1,0.0,233472.2,0.0,52.0,2414.0,1878.0,13.0,26.0,0.0,294.0,350.0
2026-10-02T19:01:49.896109+00:00,SivaChowdary,23.3,2600.0,2.8,19.6,30900.4,25995.7,60.0,13007.5,19502.1,4.7,54.1,0.0,16396.4,0.0,3.0,508.4,1228.9,6.0,18.0,0.0,294.0,350.0
2026-10-02T19:01:50.919145+00:00,SivaChowdary,9.8,2600.0,3.1,6.0,45396.1,25927.0,60.0,13019.3,19490.2,4.7,54.1,0.0,151435.4,0.0,9.0,175.9,623.5,2.0,10.0,0.0,294.0,348.0
2026-10-02T19:01:51.901555+00:00,SivaChowdary,15.6,1496.0,3.9,11.1,21189.9,12561.5,60.0,13011.7,19497.8,4.7,54.1,0.0,0.0,0.0,0.0,925.0,1343.1,10.0,17.0,0.0,294.0,350.0
2026-10-02T19:01:52.963242+00:00,SivaChowdary,10.4,2600.0,2.8,7.2,46607.5,28613.6,60.0,13013.3,19496.2,4.7,54.1,0.0,32764.1,0.0,7.0,18898.8,4611.5,27.0,39.0,0.0,294.0,348.0
2026-10-02T19:01:53.838795+00:00,SivaChowdary,14.0,2600.0,1.9,11.6,25468.9,17408.7,60.0,13015.2,19494.3,4.7,54.1,0.0,28679.7,0.0,7.0,1813.5,978.3,5.0,13.0,0.0,294.0,348.0
2026-10-02T19:01:55.003489+00:00,SivaChowdary,10.5,2600.0,3.7,6.5,21284.4,12448.7,60.0,13005.9,19503.6,4.7,54.1,0.0,49139.1,0.0,10.0,590.8,877.8,7.0,10.0,0.0,294.0,350.0
2026-10-02T19:01:55.889909+00:00,SivaChowdary,24.0,2600.0,3.4,19.7,20869.4,14622.1,60.0,13003.7,19505.8,4.7,54.1,0.0,4094.9,0.0,1.0,446.9,671.8,5.0,8.0,0.0,294.0,350.0
2026-10-02T19:01:56.845818+00:00,SivaChowdary,8.8,2600.0,2.7,5.2,45574.7,27174.5,60.0,13012.7,19496.8,4.7,54.1,0.0,24596.3,0.0,4.0,861.7,1135.9,9.0,14.0,0.0,294.0,348.0
2026-10-02T19:01:57.893715+00:00,SivaChowdary,16.7,2600.0,4.2,11.9,19128.1,12090.4,60.0,13004.5,19505.0,4.7,54.1,0.0,32766.4,0.0,4.0,1767.9,2519.9,19.0,28.0,0.0,294.0,350.0
2026-10-02T19:01:58.948925+00:00,SivaChowdary,12.4,2600.0,3.8,8.4,42650.7,27540.7,60.0,13006.9,19502.6,4.7,54.1,0.0,36854.2,0.0,6.0,1839.5,1028.7,6.0,14.0,0.0,294.0,348.0
2026-10-02T19:01:59.863192+00:00,SivaChowdary,17.2,2600.0,3.0,13.6,18201.5,11312.8,60.0,13014.3,19495.2,4.7,54.1,0.0,0.0,0.0,0.0,84.0,511.1,1.0,8.0,0.0,294.0,348.0
2026-10-02T19:02:01.020106+00:00,SivaChowdary,11.7,2600.0,2.8,8.6,22825.1,15198.1,60.0,13006.2,19503.3,4.7,54.1,0.0,151472.9,0.0,11.0,460.8,692.6,5.0,9.0,0.0,294.0,350.0
2026-10-02T19:02:01.888419+00:00,SivaChowdary,24.9,2600.0,3.7,20.7,17210.0,12105.0,60.0,13004.5,19505.0,4.7,54.1,0.0,57377.2,0.0,11.0,892.5,1579.9,7.0,16.0,0.0,294.0,350.0
2026-10-02T19:02:02.871059+00:00,SivaChowdary,13.5,2600.0,5.5,7.2,45034.1,25697.5,60.0,13001.4,19508.2,4.7,54.1,0.0,147338.6,0.0,3.0,1092.1,1857.5,12.0,24.0,0.0,294.0,348.0
2026-10-02T19:02:03.912828+00:00,SivaChowdary,17.2,2600.0,4.3,12.2,20081.9,12519.1,60.0,13003.7,19505.8,4.7,54.1,0.0,12286.1,0.0,3.0,2075.7,1349.8,9.0,19.0,0.0,294.0,350.0
2026-10-02T19:02:04.945297+00:00,SivaChowdary,15.3,2600.0,4.4,9.7,46696.3,31639.8,60.0,13000.9,19508.6,4.7,54.1,0.0,151618.0,0.0,34.0,168.1,1145.5,2.0,14.0,0.0,294.0,348.0
2026-10-02T19:02:05.894978+00:00,SivaChowdary,16.2,2600.0,4.0,11.5,20974.2,13379.8,60.0,13004.5,19505.0,4.7,54.1,16374.0,212861.8,1.0,11.0,634.6,1434.1,7.0,16.0,0.0,294.0,348.0
2026-10-02T19:02:06.996905+00:00,SivaChowdary,10.7,2600.0,4.4,5.9,17563.3,9569.8,60.0,13006.2,19503.3,4.7,54.1,0.0,254159.4,0.0,27.0,1173.0,1884.5,12.0,23.0,0.0,294.0,350.0
2026-10-02T19:02:07.863059+00:00,SivaChowdary,25.6,2600.0,4.4,20.5,18371.1,13444.7,60.0,13002.4,19507.1,4.7,54.1,0.0,192449.8,0.0,25.0,417.9,953.7,4.0,9.0,0.0,294.0,350.0
2026-10-02T19:02:08.833626+00:00,SivaChowdary,10.2,2600.0,4.0,5.6,42922.7,26425.9,60.0,13013.2,19496.3,4.7,54.1,0.0,12294.5,0.0,3.0,2198.2,1379.7,10.0,17.0,0.0,294.0,347.0
2026-10-02T19:02:09.903419+00:00,SivaChowdary,14.5,1496.0,3.0,10.9,22644.9,14145.8,60.0,13012.4,19497.1,4.7,54.1,0.0,134994.6,0.0,2.0,1579.0,1944.5,14.0,21.0,0.0,294.0,349.0
2026-10-02T19:02:10.959558+00:00,SivaChowdary,14.2,2600.0,5.1,8.9,42634.2,26194.8,60.0,13005.3,19504.2,4.7,54.1,0.0,12297.3,0.0,2.0,234.2,368.3,3.0,6.0,0.0,294.0,347.0
2026-10-02T19:02:11.855569+00:00,SivaChowdary,19.2,2600.0,3.7,14.0,25002.5,17831.5,60.0,13001.0,19508.5,4.7,54.1,0.0,40965.8,0.0,6.0,879.1,1591.2,9.0,17.0,0.0,294.0,347.0
2026-10-02T19:02:13.018402+00:00,SivaChowdary,9.8,2600.0,4.5,5.1,16033.9,9605.9,60.0,13004.1,19505.4,4.7,54.1,0.0,549203.7,0.0,11.0,3172.0,2224.4,18.0,24.0,0.0,294.0,349.0
2026-10-02T19:02:13.845009+00:00,SivaChowdary,21.8,2600.0,3.1,18.2,29619.8,20071.9,60.0,13003.7,19505.8,4.7,54.1,0.0,4096.8,0.0,1.0,295.1,1227.2,3.0,13.0,0.0,294.0,351.0
2026-10-02T19:02:14.926030+00:00,SivaChowdary,11.0,2600.0,4.2,5.6,36031.4,21379.6,60.0,13013.1,19496.4,4.7,54.1,65485.9,1469338.8,4.0,211.8,83.9,768.4,1.0,9.0,0.0,294.0,347.0
2026-10-02T19:02:15.894006+00:00,SivaChowdary,19.7,1496.0,5.0,13.2,33501.9,26163.9,60.0,13005.6,19503.9,4.7,54.1,0.0,20479.9,0.0,4.0,14783.9,14098.9,30.0,34.0,0.0,294.0,349.0
2026-10-02T19:02:16.903227+00:00,SivaChowdary,16.4,2600.0,4.7,11.2,44940.4,29036.8,60.0,13004.0,19505.5,4.7,54.1,0.0,180185.5,0.0,8.0,11055.6,4762.0,29.0,36.0,0.0,294.0,347.0
2026-10-02T19:02:17.853377+00:00,SivaChowdary,16.5,2600.0,4.1,11.4,19277.1,12084.6,60.0,13009.0,19500.5,4.7,54.1,0.0,0.0,0.0,0.0,7933.4,6059.8,29.0,40.0,0.0,294.0,347.0
2026-10-02T19:02:19.011654+00:00,SivaChowdary,14.6,2600.0,4.5,9.0,18352.0,11386.9,60.0,13005.3,19504.2,4.7,54.1,2046.5,169863.5,4.0,10.0,3873.3,1604.9,13.0,18.0,0.0,294.0,348.0
2026-10-02T19:02:19.869871+00:00,SivaChowdary,20.7,2600.0,3.2,17.3,58585.7,44193.9,60.0,12998.1,19511.4,4.7,54.1,0.0,12304.1,0.0,3.0,1562.0,19514.6,16.0,31.0,0.0,294.0,346.0
2026-10-02T19:02:20.969536+00:00,SivaChowdary,10.7,2600.0,3.0,6.9,17678.8,11773.2,60.0,13006.9,19502.6,4.7,54.1,0.0,466122.1,0.0,74.9,814.6,1780.9,8.0,20.0,0.0,294.0,346.0
2026-10-02T19:02:21.888784+00:00,SivaChowdary,12.6,2600.0,2.4,9.6,21551.9,13622.6,60.0,12998.6,19510.9,4.7,54.1,0.0,41034.1,0.0,7.0,469.8,872.6,5.0,13.0,0.0,294.0,348.0
2026-10-02T19:02:22.936185+00:00,SivaChowdary,13.3,2600.0,3.9,9.6,45453.8,27310.2,60.0,13002.7,19506.8,4.7,54.1,0.0,8187.3,0.0,2.0,1409.2,2231.7,15.0,26.0,0.0,294.0,346.0
2026-10-02T19:02:23.879705+00:00,SivaChowdary,13.5,2600.0,3.9,9.2,28426.0,15916.9,60.1,12974.7,19534.8,4.7,54.1,949071.2,286357.7,231.7,23.0,2650.6,2259.1,14.0,24.0,0.0,294.0,348.0
2026-10-02T19:02:24.918110+00:00,SivaChowdary,26.5,2600.0,11.2,14.9,47354.7,29779.5,60.4,12876.1,19633.4,4.7,54.1,1099554.4,266683.0,268.4,32.1,996.7,1464.4,6.0,16.0,0.0,294.0,351.0
2026-10-02T19:02:25.837409+00:00,SivaChowdary,34.7,2600.0,19.3,14.8,80691.9,40721.1,60.5,12838.0,19671.5,4.7,54.1,0.0,0.0,0.0,0.0,23437.0,7656.6,40.0,96.0,0.0,294.0,349.0
2026-10-02T19:02:26.874814+00:00,SivaChowdary,24.2,2600.0,11.8,12.2,37026.1,16989.2,60.6,12813.4,19696.1,4.7,54.1,0.0,217000.9,0.0,19.0,56237.4,348382.2,179.9,452.8,0.0,294.0,349.0
2026-10-02T19:02:27.875457+00:00,SivaChowdary,19.7,2600.0,10.0,8.4,32950.8,14248.7,60.6,12797.9,19711.6,4.7,54.1,0.0,122834.6,0.0,21.0,13075.2,604730.5,103.0,664.8,0.0,294.0,353.0
2026-10-02T19:02:28.857682+00:00,SivaChowdary,40.6,2600.0,14.2,24.9,59324.4,34452.5,60.9,12711.3,19798.2,4.7,54.1,0.0,380834.2,0.0,22.0,58712.5,2730766.4,440.9,2271.4,0.0,294.0,353.0
2026-10-02T19:02:29.855570+00:00,SivaChowdary,19.2,2600.0,11.1,7.1,67227.4,35846.9,60.9,12704.4,19805.2,4.7,54.1,0.0,0.0,0.0,0.0,464.8,1817.3,5.0,27.0,0.0,294.0,351.0
2026-10-02T19:02:30.882197+00:00,SivaChowdary,25.7,2600.0,11.0,13.5,40911.3,23743.1,60.9,12722.2,19787.3,4.7,54.1,0.0,291074.2,0.0,44.0,84.1,746.7,1.0,6.0,0.0,294.0,353.0
2026-10-02T19:02:31.904714+00:00,SivaChowdary,21.0,2600.0,10.9,9.7,52358.4,28635.2,60.9,12721.0,19788.6,4.7,54.1,0.0,274491.7,0.0,41.0,1116.2,1607.3,10.0,15.0,0.0,294.0,351.0
2026-10-02T19:02:32.848852+00:00,SivaChowdary,26.4,2600.0,11.4,14.0,27192.6,13188.9,60.9,12723.4,19786.1,4.7,54.1,65515.8,442231.6,1.0,40.0,848.7,1069.7,10.0,14.0,0.0,294.0,353.0
2026-10-02T19:02:33.965962+00:00,SivaChowdary,22.2,2600.0,11.9,8.9,35913.6,18007.8,60.9,12719.2,19790.3,4.7,54.1,0.0,258174.5,0.0,35.0,1479.7,1742.9,2.0,16.0,0.0,294.0,355.0
2026-10-02T19:02:34.876181+00:00,SivaChowdary,34.3,2600.0,11.6,21.7,30860.3,18351.8,60.9,12720.8,19788.7,4.7,54.1,0.0,241634.7,0.0,39.0,1162.9,2869.7,12.0,28.0,0.0,294.0,353.0
2026-10-02T19:02:35.917963+00:00,SivaChowdary,22.1,2600.0,12.7,8.6,56035.6,27987.3,60.9,12711.8,19797.8,4.7,54.1,0.0,483040.0,0.0,56.0,629.6,2833.3,7.0,18.0,0.0,294.0,351.0
2026-10-02T19:02:36.887840+00:00,SivaChowdary,20.8,2600.0,7.1,12.7,26936.9,14047.2,60.9,12716.7,19792.8,4.7,54.1,0.0,372927.8,0.0,28.0,5244.7,3824.0,22.0,36.0,0.0,294.0,353.0
2026-10-02T19:02:37.933820+00:00,SivaChowdary,20.6,2600.0,7.9,12.0,47915.0,27388.1,60.8,12740.0,19769.5,4.7,54.1,65500.4,560847.5,1.0,41.0,1219.3,2448.7,13.0,25.0,0.0,294.0,351.0
2026-10-02T19:02:38.838708+00:00,SivaChowdary,17.1,2600.0,5.0,11.3,36584.2,22995.0,60.8,12740.9,19768.6,4.7,54.1,0.0,241863.6,0.0,38.0,1898.6,2262.9,6.0,25.0,0.0,294.0,351.0
2026-10-02T19:02:39.995004+00:00,SivaChowdary,15.4,2600.0,5.2,9.5,20561.4,7732.8,60.8,12749.5,19760.0,4.7,54.1,0.0,200620.5,0.0,26.0,509.8,1024.6,6.0,13.0,0.0,294.0,353.0
2026-10-02T19:02:40.827349+00:00,SivaChowdary,25.4,2600.0,6.1,18.1,57320.7,34859.8,60.7,12761.1,19748.4,4.7,54.1,0.0,597961.1,0.0,69.0,0.0,592.9,0.0,6.0,0.0,294.0,352.0
2026-10-02T19:02:41.929626+00:00,SivaChowdary,18.2,2600.0,7.2,10.4,25589.2,19330.6,60.7,12771.1,19738.4,4.7,54.1,0.0,2080620.7,0.0,311.0,710.9,1855.9,7.0,13.0,0.0,294.0,352.0
2026-10-02T19:02:42.885515+00:00,SivaChowdary,16.2,2600.0,6.6,8.6,26145.9,17069.7,60.7,12772.6,19736.9,4.7,54.1,32786.7,569668.5,2.0,71.0,1152.7,2361.3,11.0,21.0,0.0,294.0,354.0
2026-10-02T19:02:43.942018+00:00,SivaChowdary,22.2,2600.0,7.9,13.9,56481.2,28662.6,60.7,12779.0,19730.5,4.7,54.1,0.0,16385.5,0.0,3.0,1898.2,1550.1,7.0,15.0,0.0,294.0,352.0
2026-10-02T19:02:44.862787+00:00,SivaChowdary,13.5,2600.0,4.9,8.0,22921.3,8519.8,60.6,12796.5,19713.0,4.7,54.1,0.0,0.0,0.0,0.0,0.0,1399.1,0.0,19.0,0.0,294.0,352.0
2026-10-02T19:02:45.929407+00:00,SivaChowdary,20.9,2600.0,7.2,13.2,40370.5,27762.9,60.6,12811.9,19697.6,4.7,54.1,16363.9,229094.9,1.0,26.0,420.5,1453.2,5.0,16.0,0.0,294.0,354.0
2026-10-02T19:02:46.842016+00:00,SivaChowdary,13.9,2600.0,4.0,9.1,49638.1,33266.2,60.6,12811.9,19697.6,4.7,54.1,32791.8,413997.0,2.0,36.0,979.7,1795.3,8.0,18.0,0.0,294.0,352.0
2026-10-02T19:02:47.884204+00:00,SivaChowdary,11.7,2600.0,2.4,8.9,14690.0,9364.4,60.6,12816.4,19693.1,4.7,54.1,0.0,0.0,0.0,0.0,425.9,824.8,5.0,10.0,0.0,294.0,352.0
2026-10-02T19:02:48.940791+00:00,SivaChowdary,9.4,2600.0,4.0,5.1,13239.9,7626.3,60.6,12821.6,19687.9,4.7,54.1,0.0,28695.7,0.0,5.0,2237.8,2080.7,10.0,21.0,0.0,294.0,354.0
2026-10-02T19:02:49.909639+00:00,SivaChowdary,21.0,2600.0,2.0,18.0,14802.5,11254.5,60.6,12820.3,19689.2,4.7,54.1,16347.0,85821.8,1.0,10.0,546.8,2780.7,6.0,19.0,0.0,294.0,354.0
2026-10-02T19:02:50.878350+00:00,SivaChowdary,13.2,2600.0,4.6,8.0,47861.2,26336.7,60.6,12814.7,19694.8,4.7,54.1,0.0,706005.5,0.0,14.0,377.8,1542.3,4.0,11.0,0.0,294.0,352.0
2026-10-02T19:02:51.916515+00:00,SivaChowdary,14.7,2600.0,2.7,11.8,18767.7,13387.2,60.6,12811.6,19698.0,4.7,54.1,0.0,4093.3,0.0,1.0,1565.0,2072.6,17.0,23.0,0.0,294.0,354.0
2026-10-02T19:02:52.916287+00:00,SivaChowdary,22.9,2600.0,6.2,15.8,47340.6,30661.4,60.6,12806.3,19703.2,4.7,54.1,0.0,12288.2,0.0,3.0,795.0,1981.0,8.0,15.0,0.0,294.0,352.0
2026-10-02T19:02:53.833629+00:00,SivaChowdary,12.2,2600.0,2.5,9.6,21652.4,16659.6,60.6,12815.9,19693.6,4.7,54.1,0.0,24579.8,0.0,5.0,1946.3,950.1,7.0,10.0,0.0,294.0,352.0
2026-10-02T19:02:55.047628+00:00,SivaChowdary,10.2,2600.0,3.6,5.9,21831.1,14964.5,60.5,12834.8,19674.7,4.7,54.1,0.0,69648.3,0.0,10.0,20852.9,18070.2,52.0,62.0,0.0,294.0,353.0
2026-10-02T19:02:55.855745+00:00,SivaChowdary,22.5,2600.0,2.8,19.4,23204.2,17884.4,60.5,12834.7,19674.8,4.7,54.1,0.0,118779.8,0.0,17.0,0.0,462.0,0.0,6.0,0.0,294.0,353.0
2026-10-02T19:02:56.943326+00:00,SivaChowdary,10.1,2600.0,4.2,4.9,38046.7,23549.0,60.5,12844.1,19665.4,4.7,54.1,0.0,143287.1,0.0,7.0,1339.3,2008.0,14.0,17.0,0.0,294.0,351.0
2026-10-02T19:02:57.852446+00:00,SivaChowdary,14.1,1496.0,3.8,9.9,20652.3,14056.6,60.5,12837.8,19671.7,4.7,54.1,0.0,90148.1,0.0,13.0,1133.5,1538.6,11.0,16.0,0.0,294.0,353.0
2026-10-02T19:02:58.941372+00:00,SivaChowdary,18.2,2600.0,4.3,13.2,46068.6,32022.8,60.2,12924.5,19585.0,4.7,54.1,0.0,77750.7,0.0,13.0,7726.7,8722.8,32.0,90.9,0.0,294.0,349.0
2026-10-02T19:02:59.841840+00:00,SivaChowdary,9.4,2600.0,2.1,6.8,13613.1,8257.2,60.2,12931.2,19578.3,4.7,54.1,0.0,0.0,0.0,0.0,337.4,3873.3,4.0,67.1,0.0,294.0,349.0
2026-10-02T19:03:00.971996+00:00,SivaChowdary,16.1,2600.0,2.6,13.1,14917.4,10480.0,60.2,12928.8,19580.7,4.7,54.1,0.0,40936.4,0.0,6.0,590.7,3509.0,7.0,59.0,0.0,294.0,351.0
2026-10-02T19:03:01.850158+00:00,SivaChowdary,15.9,2600.0,4.2,11.1,46024.2,31681.0,60.2,12954.1,19555.4,4.7,54.1,0.0,127048.4,0.0,16.0,557.3,1108.6,3.0,9.0,0.0,294.0,348.0
2026-10-02T19:03:02.906403+00:00,SivaChowdary,14.3,2600.0,3.6,10.3,14076.2,9068.2,60.2,12951.1,19558.4,4.7,54.1,0.0,28666.4,0.0,6.0,773.8,1361.7,8.0,16.0,0.0,294.0,348.0
2026-10-02T19:03:03.888715+00:00,SivaChowdary,7.8,2600.0,2.2,5.3,14753.1,8560.9,60.2,12954.6,19554.9,4.7,54.1,0.0,8190.9,0.0,1.0,2317.7,1386.8,11.0,17.0,0.0,294.0,350.0
2026-10-02T19:03:04.866843+00:00,SivaChowdary,23.2,2600.0,3.6,18.6,32021.0,21865.0,60.2,12948.9,19560.6,4.7,54.1,0.0,8196.9,0.0,2.0,672.4,1226.7,7.0,15.0,0.0,294.0,348.0
2026-10-02T19:03:05.852749+00:00,SivaChowdary,7.7,2600.0,2.7,4.6,29749.8,16867.0,60.1,12960.8,19548.7,4.7,54.1,0.0,8186.2,0.0,2.0,1647.8,2666.1,16.0,25.0,0.0,294.0,348.0
2026-10-02T19:03:06.898101+00:00,SivaChowdary,14.8,2600.0,2.7,11.5,19986.8,14055.9,60.1,12955.5,19554.0,4.7,54.1,0.0,36863.6,0.0,5.0,923.0,1813.0,9.0,19.0,0.0,294.0,350.0
2026-10-02T19:03:07.929091+00:00,SivaChowdary,14.1,2600.0,4.0,9.0,40294.5,25611.9,60.2,12952.9,19556.6,4.7,54.1,0.0,126955.5,0.0,9.0,425.9,694.9,5.0,9.0,0.0,294.0,348.0
2026-10-02T19:03:08.856570+00:00,SivaChowdary,13.2,2600.0,2.8,10.2,15539.2,10697.8,60.2,12954.8,19554.8,4.7,54.1,0.0,57348.3,0.0,12.0,2485.2,1703.1,12.0,19.0,0.0,294.0,348.0
2026-10-02T19:03:09.990662+00:00,SivaChowdary,7.3,2600.0,2.7,4.2,15541.9,10058.7,60.2,12954.2,19555.3,4.7,54.1,0.0,4094.7,0.0,1.0,1331.6,2801.1,8.0,15.0,0.0,294.0,350.0
2026-10-02T19:03:10.843216+00:00,SivaChowdary,20.5,2600.0,2.2,17.6,19324.1,14061.1,60.2,12947.7,19561.8,4.7,54.1,0.0,0.0,0.0,0.0,0.0,312.4,0.0,5.0,0.0,294.0,350.0
2026-10-02T19:03:11.955070+00:00,SivaChowdary,12.2,2600.0,5.9,6.0,49254.0,28510.1,60.2,12948.4,19561.1,4.7,54.1,0.0,147384.2,0.0,5.0,376.8,716.7,4.0,10.0,0.0,294.0,348.0
2026-10-02T19:03:12.832984+00:00,SivaChowdary,14.5,2600.0,3.4,10.4,16008.0,10551.3,60.2,12951.9,19557.6,4.7,54.1,0.0,8194.6,0.0,2.0,648.2,1404.4,7.0,20.0,0.0,294.0,350.0
2026-10-02T19:03:13.964644+00:00,SivaChowdary,10.7,2600.0,3.0,7.6,40549.2,24757.6,60.1,12958.2,19551.3,4.7,54.1,0.0,12279.9,0.0,2.0,2278.5,1638.9,10.0,17.0,0.0,294.0,348.0
2026-10-02T19:03:14.847389+00:00,SivaChowdary,13.9,2600.0,2.9,10.3,15626.7,10510.8,60.1,12955.0,19554.5,4.7,54.1,0.0,0.0,0.0,0.0,253.0,628.0,3.0,8.0,0.0,294.0,348.0
2026-10-02T19:03:15.975349+00:00,SivaChowdary,10.9,2600.0,3.8,6.7,17334.4,11486.3,60.1,12959.2,19550.3,4.7,54.1,0.0,12288.3,0.0,2.0,1013.0,1656.0,11.0,19.0,0.0,294.0,350.0
2026-10-02T19:03:16.876758+00:00,SivaChowdary,21.7,2600.0,3.8,16.6,52791.8,39212.7,60.2,12953.0,19556.5,4.7,54.1,0.0,16379.3,0.0,4.0,1186.7,1157.7,10.0,8.0,0.0,294.0,350.0
2026-10-02T19:03:17.968467+00:00,SivaChowdary,9.2,2600.0,3.8,5.4,17069.9,9864.3,60.1,12964.3,19545.2,4.7,54.1,0.0,20461.9,0.0,4.0,526.5,828.3,6.0,12.0,0.0,294.0,348.0
2026-10-02T19:03:18.902760+00:00,SivaChowdary,16.0,2600.0,3.8,11.5,16128.7,11013.3,60.1,12960.6,19548.9,4.7,54.1,0.0,0.0,0.0,0.0,3846.4,1576.6,13.0,18.0,0.0,294.0,350.0
2026-10-02T19:03:19.980577+00:00,SivaChowdary,13.4,2600.0,3.5,9.6,41191.9,26212.9,60.1,12960.0,19549.5,4.7,54.1,0.0,155564.6,0.0,23.0,14297.3,30834.5,45.0,49.0,0.0,294.0,350.0
2026-10-02T19:03:20.838300+00:00,SivaChowdary,14.9,2600.0,3.2,11.2,27514.5,22505.4,60.2,12949.5,19560.0,4.7,54.1,0.0,204967.8,0.0,19.0,2619.1,3550.9,22.0,37.0,0.0,294.0,349.0
2026-10-02T19:03:21.973204+00:00,SivaChowdary,12.6,2600.0,4.2,7.7,14294.8,9041.7,60.2,12953.6,19555.9,4.7,54.1,0.0,45039.7,0.0,6.0,510.8,916.7,4.0,13.0,0.0,294.0,351.0
2026-10-02T19:03:22.847647+00:00,SivaChowdary,17.2,2600.0,3.4,13.2,43443.0,28784.7,60.1,12956.5,19553.0,4.7,54.1,0.0,36849.5,0.0,7.0,1698.3,2266.1,17.0,23.0,0.0,294.0,349.0
2026-10-02T19:03:24.027320+00:00,SivaChowdary,12.5,2600.0,2.7,9.2,17950.1,11731.3,60.1,12959.2,19550.3,4.7,54.1,16391.4,159815.9,1.0,13.0,2113.0,1212.5,9.0,16.0,0.0,294.0,349.0
2026-10-02T19:03:24.880112+00:00,SivaChowdary,18.7,2600.0,3.6,14.3,18820.0,13060.5,60.2,12951.4,19558.1,4.7,54.1,0.0,49165.1,0.0,10.0,0.0,224.1,0.0,4.0,0.0,294.0,351.0
2026-10-02T19:03:25.962494+00:00,SivaChowdary,15.1,2600.0,3.1,11.4,42636.3,26559.6,60.2,12955.0,19554.5,4.7,54.1,0.0,0.0,0.0,0.0,168.0,547.9,2.0,9.0,0.0,294.0,351.0
2026-10-02T19:03:26.856189+00:00,SivaChowdary,13.4,2600.0,3.7,9.1,16080.8,9762.8,60.1,12958.5,19551.0,4.7,54.1,0.0,118708.7,0.0,11.0,0.0,655.6,0.0,7.0,0.0,294.0,349.0
2026-10-02T19:03:27.930373+00:00,SivaChowdary,11.9,2600.0,2.4,8.7,16681.7,10162.0,60.0,13010.3,19499.2,4.7,54.1,0.0,106506.6,0.0,15.0,795.1,2240.2,8.0,24.0,0.0,294.0,350.0
2026-10-02T19:03:28.837600+00:00,SivaChowdary,21.2,1496.0,7.2,13.0,53619.4,36397.3,60.1,12970.3,19539.2,4.7,54.1,16392.7,1585992.6,1.0,53.0,31269.6,19061.1,69.0,71.0,0.0,294.0,349.0
2026-10-02T19:03:29.885825+00:00,SivaChowdary,21.2,2600.0,7.5,12.9,23057.1,16507.3,60.2,12936.3,19573.2,4.7,54.1,0.0,196480.7,0.0,3.0,2101.6,5276.6,21.0,37.0,0.0,294.0,349.0
2026-10-02T19:03:30.972748+00:00,SivaChowdary,12.9,2600.0,4.6,7.0,31098.3,21650.3,60.2,12937.3,19572.2,4.7,54.1,0.0,139323.6,0.0,14.0,168.1,655.3,2.0,10.0,0.0,294.0,352.0
2026-10-02T19:03:31.861260+00:00,SivaChowdary,23.3,2600.0,4.7,18.2,20231.9,13880.4,60.3,12912.1,19597.5,4.7,54.1,0.0,176170.6,0.0,22.0,557.1,1266.3,3.0,8.0,0.0,294.0,351.0
2026-10-02T19:03:32.896932+00:00,SivaChowdary,12.4,2600.0,4.7,6.4,43380.3,26074.9,60.4,12883.6,19625.9,4.7,54.1,0.0,45017.9,0.0,8.0,629.5,1202.0,7.0,13.0,0.0,294.0,349.0
2026-10-02T19:03:33.927136+00:00,SivaChowdary,15.8,2600.0,3.1,11.7,28479.2,21452.2,60.3,12895.0,19614.5,4.7,54.1,0.0,24590.0,0.0,4.0,144.1,1457.8,2.0,17.0,0.0,294.0,351.0
2026-10-02T19:03:34.919150+00:00,SivaChowdary,29.9,2600.0,16.9,11.5,56612.4,35559.8,60.6,12809.0,19700.6,4.7,54.1,0.0,229426.2,0.0,7.0,2638.6,1806.4,17.0,25.0,0.0,294.0,349.0
2026-10-02T19:03:35.854887+00:00,SivaChowdary,18.2,2600.0,6.5,10.7,36615.9,24296.3,61.0,12684.9,19824.6,4.7,54.1,0.0,77847.3,0.0,14.0,12308.7,7299.2,40.0,55.0,0.0,294.0,351.0
2026-10-02T19:03:36.925155+00:00,SivaChowdary,17.3,2600.0,5.6,10.6,34393.1,21869.7,61.0,12679.4,19830.1,4.7,54.1,0.0,171832.9,0.0,3.0,23947.2,299950.4,107.9,284.7,0.0,294.0,353.0
2026-10-02T19:03:37.911765+00:00,SivaChowdary,16.9,2600.0,5.3,10.4,46230.3,29881.8,61.0,12692.2,19817.3,4.7,54.1,0.0,81957.8,0.0,12.0,11592.3,360901.5,81.0,317.1,0.0,294.0,351.0
2026-10-02T19:03:38.850372+00:00,SivaChowdary,19.1,2600.0,6.6,11.8,28955.4,18295.0,60.7,12776.3,19733.2,4.7,54.1,45053.6,503781.0,4.0,18.0,70130.2,33918.2,119.0,112.0,0.0,294.0,351.0
2026-10-02T19:03:39.974343+00:00,SivaChowdary,14.3,2600.0,7.4,6.7,35246.3,21622.0,61.5,12507.7,20001.8,4.7,54.1,49131.6,593673.0,3.0,42.0,91268.0,1866693.4,422.8,1561.4,0.0,294.0,353.0
2026-10-02T19:03:40.839528+00:00,SivaChowdary,38.3,2600.0,17.5,19.3,67739.5,40690.7,61.7,12465.1,20044.4,4.7,54.1,67643.4,34846.6,5.0,5.0,55250.5,2086063.3,362.3,1721.5,0.0,294.0,350.0
2026-10-02T19:03:41.926671+00:00,SivaChowdary,20.0,2600.0,10.6,8.4,32587.7,21011.0,61.6,12494.8,20014.7,4.7,54.1,0.0,331681.6,0.0,34.0,63247.0,3138770.5,487.9,2508.3,0.0,294.0,350.0
2026-10-02T19:03:42.901074+00:00,SivaChowdary,25.1,1496.0,11.5,11.9,37836.2,25711.6,61.6,12492.3,20017.2,4.7,54.1,310646.2,413512.5,16.0,27.0,37725.3,578463.3,212.9,533.8,0.0,294.0,352.0
2026-10-02T19:03:43.927304+00:00,SivaChowdary,20.9,2600.0,6.8,13.0,51836.3,32429.8,61.6,12496.4,20013.1,4.7,54.1,65557.9,454808.1,4.0,22.0,41272.8,2422477.3,291.1,1910.6,0.0,294.0,350.0
2026-10-02T19:03:44.842457+00:00,SivaChowdary,23.8,1496.0,12.4,10.2,27642.9,17037.9,61.5,12506.2,20003.3,4.7,54.1,0.0,188415.3,0.0,3.0,62864.8,3438539.7,386.0,2710.0,0.0,294.0,350.0
2026-10-02T19:03:45.903205+00:00,SivaChowdary,19.0,2600.0,5.1,12.8,28118.6,18091.8,61.5,12524.3,19985.2,4.7,54.1,81910.1,532415.4,3.0,21.0,34710.8,2191989.0,294.0,1719.8,0.0,294.0,351.0
2026-10-02T19:03:46.855362+00:00,SivaChowdary,15.7,2600.0,5.1,9.1,62692.3,40992.6,61.2,12600.4,19909.1,4.7,54.1,0.0,225453.6,0.0,30.0,42114.4,1785534.6,303.2,1418.1,0.0,294.0,349.0
2026-10-02T19:03:47.851172+00:00,SivaChowdary,21.7,2600.0,9.8,11.1,26481.1,17010.4,61.2,12614.1,19895.4,4.7,54.1,0.0,0.0,0.0,0.0,70764.2,2711938.4,367.8,2187.8,0.0,294.0,349.0
2026-10-02T19:03:48.999055+00:00,SivaChowdary,13.0,2600.0,6.6,5.6,25242.6,15215.8,61.2,12614.7,19894.9,4.7,54.1,32787.0,229509.1,2.0,37.0,68588.8,3317055.1,413.2,2598.5,0.0,294.0,351.0
2026-10-02T19:03:49.852784+00:00,SivaChowdary,29.7,2600.0,6.6,22.1,42543.5,28227.4,61.1,12632.6,19876.9,4.7,54.1,0.0,180073.7,0.0,27.0,39251.2,1594635.0,272.8,1329.9,0.0,294.0,351.0
2026-10-02T19:03:50.920813+00:00,SivaChowdary,13.1,2600.0,5.8,6.1,39475.6,23787.8,61.1,12647.0,19862.5,4.7,54.1,0.0,28693.5,0.0,5.0,24323.2,893737.9,139.1,747.6,0.0,294.0,349.0
2026-10-02T19:03:51.882097+00:00,SivaChowdary,21.1,2600.0,10.8,9.7,27851.8,18948.3,61.0,12670.9,19838.6,4.7,54.1,0.0,0.0,0.0,0.0,35002.3,1813725.2,189.0,1435.1,0.0,294.0,351.0
2026-10-02T19:03:52.912707+00:00,SivaChowdary,17.5,2600.0,4.8,12.5,48252.0,30958.6,61.0,12680.0,19829.5,4.7,54.1,0.0,28655.9,0.0,6.0,5569.9,147636.2,27.0,144.9,0.0,294.0,349.0
2026-10-02T19:03:53.842979+00:00,SivaChowdary,19.8,2600.0,11.7,7.6,30304.5,18363.3,61.0,12685.9,19823.6,4.7,54.1,0.0,61430.9,0.0,13.0,69402.7,2156911.1,335.0,1721.7,0.0,294.0,349.0
2026-10-02T19:03:54.906372+00:00,SivaChowdary,18.3,2600.0,7.1,10.8,20244.0,13539.3,61.0,12681.8,19827.8,4.7,54.1,0.0,53221.6,0.0,7.0,23041.6,699024.8,145.9,610.7,0.0,294.0,351.0
2026-10-02T19:03:55.826514+00:00,SivaChowdary,14.7,2600.0,4.5,9.1,47699.4,29058.9,60.9,12696.5,19813.0,4.7,54.1,0.0,0.0,0.0,0.0,84.1,88.1,1.0,1.0,0.0,294.0,349.0
2026-10-02T19:03:56.881132+00:00,SivaChowdary,13.9,2600.0,4.6,9.0,16124.6,10076.2,60.9,12696.7,19812.8,4.7,54.1,0.0,16379.5,0.0,4.0,882.8,1545.6,9.0,17.0,0.0,294.0,349.0
2026-10-02T19:03:57.930146+00:00,SivaChowdary,7.6,2600.0,3.7,3.6,14918.7,8340.0,60.9,12698.2,19811.4,4.7,54.1,0.0,139363.6,0.0,20.0,1011.7,1453.0,11.0,18.0,0.0,294.0,351.0
2026-10-02T19:03:58.839263+00:00,SivaChowdary,25.9,2600.0,5.1,19.6,23784.2,16709.2,60.9,12699.8,19809.7,4.7,54.1,0.0,241595.2,0.0,40.0,8990.4,2497.3,24.0,26.0,0.0,294.0,351.0
2026-10-02T19:03:59.947459+00:00,SivaChowdary,9.9,2600.0,4.2,5.2,38281.4,22329.6,60.9,12714.2,19795.3,4.7,54.1,0.0,216976.8,0.0,22.0,933.5,1663.1,9.0,19.0,0.0,294.0,349.0
2026-10-02T19:04:00.877559+00:00,SivaChowdary,29.7,2600.0,8.1,20.7,22679.8,15580.7,60.9,12698.4,19811.1,4.7,54.1,0.0,12293.3,0.0,3.0,36548.8,1831315.5,207.1,1440.6,0.0,294.0,351.0
2026-10-02T19:04:01.878961+00:00,SivaChowdary,18.6,2600.0,11.1,7.3,54364.2,33493.8,60.9,12696.1,19813.4,4.7,54.1,0.0,90143.8,0.0,12.0,45663.1,3038263.4,313.1,2370.8,0.0,294.0,349.0
2026-10-02T19:04:02.852917+00:00,SivaChowdary,21.3,1496.0,7.3,12.9,26286.6,16653.9,61.0,12689.7,19819.8,4.7,54.1,4092.0,875697.6,1.0,15.0,120486.5,4920703.9,556.5,3899.2,0.0,294.0,349.0
2026-10-02T19:04:03.998327+00:00,SivaChowdary,10.2,2600.0,4.3,5.4,22671.8,13598.5,60.9,12709.3,19800.2,4.7,54.1,0.0,0.0,0.0,0.0,43621.0,2743695.3,356.9,2196.6,0.0,294.0,352.0
2026-10-02T19:04:04.870956+00:00,SivaChowdary,23.0,2600.0,3.4,19.0,30305.6,20983.2,60.9,12710.1,19799.4,4.7,54.1,0.0,270492.7,0.0,16.0,1945.1,2276.3,18.0,28.0,0.0,294.0,350.0
2026-10-02T19:04:05.951533+00:00,SivaChowdary,9.2,2600.0,4.3,4.9,33757.1,20666.2,60.9,12727.1,19782.4,4.7,54.1,0.0,53243.4,0.0,11.0,1084.9,1611.9,12.0,15.0,0.0,294.0,348.0
2026-10-02T19:04:06.907348+00:00,SivaChowdary,28.5,2600.0,12.6,14.1,32518.4,25852.9,60.9,12725.0,19784.5,4.7,54.1,0.0,86062.1,0.0,6.0,17673.5,915343.6,97.1,726.4,0.0,294.0,350.0
2026-10-02T19:04:07.924426+00:00,SivaChowdary,20.6,2600.0,8.3,11.9,57979.7,35150.1,60.8,12732.5,19777.0,4.7,54.1,0.0,188454.1,0.0,10.0,76867.6,2353161.3,313.1,1895.4,0.0,294.0,348.0
2026-10-02T19:04:08.866687+00:00,SivaChowdary,20.0,1496.0,6.3,12.3,27107.9,16877.3,60.9,12720.3,19789.2,4.7,54.1,0.0,12287.5,0.0,3.0,9691.6,2488.9,13.0,32.0,0.0,294.0,350.0
2026-10-02T19:04:09.951197+00:00,SivaChowdary,19.4,2600.0,11.7,7.4,25607.4,15970.8,60.8,12729.7,19779.8,4.7,54.1,0.0,871781.6,0.0,14.0,36323.2,1701488.4,196.8,1350.0,0.0,294.0,349.0
2026-10-02T19:04:10.817872+00:00,SivaChowdary,19.9,2600.0,6.5,12.6,53419.6,33699.9,60.8,12732.0,19777.5,4.7,54.1,0.0,0.0,0.0,0.0,48457.4,3546181.3,332.1,2765.7,0.0,294.0,347.0
2026-10-02T19:04:11.907934+00:00,SivaChowdary,22.6,2600.0,11.8,9.9,24696.8,16117.9,60.9,12725.3,19784.2,4.7,54.1,0.0,86095.6,0.0,12.0,39196.2,1799158.5,218.2,1408.3,0.0,294.0,348.0
2026-10-02T19:04:12.886819+00:00,SivaChowdary,18.0,2600.0,10.2,7.5,27832.0,16289.0,60.9,12714.4,19795.2,4.7,54.1,0.0,12275.2,0.0,3.0,64813.5,3075814.1,397.6,2418.5,0.0,294.0,349.0
2026-10-02T19:04:13.865595+00:00,SivaChowdary,24.4,2600.0,8.2,15.6,51638.6,33060.7,60.9,12723.4,19786.1,4.7,54.1,0.0,12291.2,0.0,2.0,53202.1,2802890.4,326.1,2226.6,0.0,294.0,347.0
2026-10-02T19:04:14.847584+00:00,SivaChowdary,16.7,2600.0,10.3,5.5,22383.7,13340.1,60.8,12728.2,19781.3,4.7,54.1,0.0,0.0,0.0,0.0,84.0,654.8,1.0,10.0,0.0,294.0,346.0
2026-10-02T19:04:15.865967+00:00,SivaChowdary,17.5,2600.0,5.6,11.7,19156.2,12236.1,60.9,12727.4,19782.2,4.7,54.1,0.0,467291.5,0.0,14.0,11582.6,175504.5,48.0,155.1,0.0,294.0,348.0
2026-10-02T19:04:16.910265+00:00,SivaChowdary,12.7,2600.0,4.2,7.2,50474.1,31325.8,60.8,12739.4,19770.1,4.7,54.1,0.0,20467.5,0.0,5.0,16882.7,1021290.2,128.9,810.5,0.0,294.0,346.0
2026-10-02T19:04:17.832846+00:00,SivaChowdary,19.2,2600.0,5.6,12.8,25086.4,16053.4,60.9,12720.4,19789.1,4.7,54.1,0.0,0.0,0.0,0.0,37239.5,1022154.4,230.1,840.3,0.0,294.0,346.0
2026-10-02T19:04:18.984489+00:00,SivaChowdary,20.2,2600.0,16.0,3.8,27579.3,17238.2,61.0,12675.0,19834.5,4.7,54.1,0.0,86041.8,0.0,6.0,64021.2,2401272.8,355.1,1940.6,0.0,294.0,348.0
2026-10-02T19:04:19.837329+00:00,SivaChowdary,30.0,2600.0,4.4,24.7,38238.9,27979.2,60.8,12742.4,19767.1,4.7,54.1,32754.2,188336.8,2.0,19.0,1430.4,18831.1,15.0,26.0,0.0,294.0,347.0
2026-10-02T19:04:20.952849+00:00,SivaChowdary,14.6,1496.0,5.7,7.3,42517.7,28633.9,60.8,12757.1,19752.4,4.7,54.1,0.0,372838.6,0.0,38.0,2704.7,2979.8,21.0,23.0,0.0,294.0,347.0
2026-10-02T19:04:21.856935+00:00,SivaChowdary,22.8,2600.0,6.5,15.1,26710.1,17257.0,60.8,12734.8,19774.7,4.7,54.1,0.0,536296.1,0.0,21.0,556.7,1402.3,6.0,16.0,0.0,294.0,347.0
2026-10-02T19:04:22.905410+00:00,SivaChowdary,14.0,2600.0,3.8,8.9,44704.7,29100.5,60.8,12736.1,19773.4,4.7,54.1,0.0,151622.3,0.0,25.0,1400.6,2008.9,14.0,23.0,0.0,294.0,345.0
2026-10-02T19:04:23.870744+00:00,SivaChowdary,18.6,2600.0,4.6,12.7,24793.0,15685.1,60.8,12730.4,19779.1,4.7,54.1,0.0,86005.6,0.0,19.0,30175.3,1391890.4,163.0,1093.9,0.0,294.0,345.0
2026-10-02T19:04:24.828451+00:00,SivaChowdary,13.6,1496.0,5.3,7.6,22371.4,13681.9,60.9,12722.5,19787.0,4.7,54.1,0.0,90117.6,0.0,11.0,28184.8,290367.1,136.0,321.0,0.0,294.0,347.0
2026-10-02T19:04:25.815481+00:00,SivaChowdary,21.4,2600.0,3.8,16.5,47906.5,32998.0,60.8,12733.3,19776.2,4.7,54.1,0.0,0.0,0.0,0.0,336.9,1257.5,4.0,11.0,0.0,294.0,345.0
2026-10-02T19:04:26.824446+00:00,SivaChowdary,9.6,2600.0,2.6,5.6,14989.9,9580.5,60.8,12741.3,19768.2,4.7,54.1,0.0,147493.9,0.0,13.0,4898.3,2299.6,22.0,24.0,0.0,294.0,345.0
2026-10-02T19:04:27.817722+00:00,SivaChowdary,21.5,2600.0,6.2,13.7,27590.3,16699.9,60.8,12729.1,19780.4,4.7,54.1,0.0,253890.4,0.0,11.0,25457.8,1497747.5,157.0,1179.7,0.0,294.0,347.0
2026-10-02T19:04:28.828836+00:00,SivaChowdary,18.2,2600.0,5.2,11.5,47288.5,29966.5,60.8,12748.4,19761.1,4.7,54.1,0.0,536513.2,0.0,33.0,1900.8,1099.9,6.0,14.0,0.0,294.0,345.0
2026-10-02T19:04:29.815674+00:00,SivaChowdary,11.5,1496.0,2.8,7.7,21922.6,14453.6,60.8,12756.7,19752.9,4.7,54.1,0.0,0.0,0.0,0.0,377.3,812.5,4.0,10.0,0.0,294.0,345.0
2026-10-02T19:04:30.828296+00:00,SivaChowdary,13.7,2600.0,2.7,9.9,24948.0,16649.3,60.8,12753.9,19755.6,4.7,54.1,16385.3,81926.4,1.0,13.0,84.0,256.0,1.0,4.0,0.0,294.0,347.0
2026-10-02T19:04:31.824468+00:00,SivaChowdary,17.0,2600.0,5.4,11.1,54457.5,34278.7,60.7,12761.7,19747.9,4.7,54.1,0.0,49134.4,0.0,10.0,640.8,899.7,4.0,6.0,0.0,294.0,345.0
2026-10-02T19:04:32.856488+00:00,SivaChowdary,21.2,1496.0,6.4,13.9,32111.3,22978.0,61.0,12670.2,19839.3,4.7,54.1,0.0,53197.1,0.0,10.0,2208.9,3693.5,21.0,29.0,0.0,294.0,346.0
2026-10-02T19:04:33.945465+00:00,SivaChowdary,11.8,2600.0,5.6,5.4,26542.5,16157.2,61.0,12667.0,19842.5,4.7,54.1,0.0,41008.7,0.0,7.0,2608.1,1940.3,14.0,19.0,0.0,294.0,348.0
2026-10-02T19:04:34.845364+00:00,SivaChowdary,25.8,2600.0,5.6,19.5,51240.8,35376.0,61.1,12647.1,19862.4,4.7,54.1,0.0,98290.2,0.0,17.0,631.9,1000.9,7.0,12.0,0.0,294.0,346.0
2026-10-02T19:04:35.868978+00:00,SivaChowdary,15.9,2600.0,11.1,4.4,25471.3,16983.2,61.2,12622.0,19887.5,4.7,54.1,0.0,28665.6,0.0,7.0,10160.7,3674.2,24.0,36.0,0.0,294.0,346.0
2026-10-02T19:04:36.866308+00:00,SivaChowdary,18.2,2600.0,5.6,12.3,23222.9,15056.7,61.2,12620.0,19889.5,4.7,54.1,0.0,0.0,0.0,0.0,2926.5,573.3,5.0,8.0,0.0,294.0,348.0
2026-10-02T19:04:37.917819+00:00,SivaChowdary,17.8,2600.0,9.2,8.0,44922.4,29036.8,61.1,12632.9,19876.6,4.7,54.1,0.0,151566.7,0.0,13.0,51886.0,1161354.0,178.0,949.1,0.0,294.0,348.0
2026-10-02T19:04:38.846526+00:00,SivaChowdary,18.7,2600.0,5.4,12.4,30867.7,21611.9,61.2,12627.9,19881.6,4.7,54.1,0.0,180239.9,0.0,5.0,74225.6,4889028.5,487.0,3815.3,0.0,294.0,346.0
2026-10-02T19:04:39.968814+00:00,SivaChowdary,10.6,2600.0,4.4,5.7,20921.9,12511.1,61.2,12623.9,19885.6,4.7,54.1,0.0,4094.4,0.0,1.0,56973.9,2636900.5,344.9,2094.2,0.0,294.0,348.0
2026-10-02T19:04:40.837692+00:00,SivaChowdary,22.9,2600.0,4.4,18.3,50235.1,34150.4,61.2,12626.1,19883.4,4.7,54.1,0.0,0.0,0.0,0.0,3459.9,645.0,6.0,10.0,0.0,294.0,346.0
2026-10-02T19:04:41.917587+00:00,SivaChowdary,18.8,2600.0,11.1,7.1,22628.0,15311.0,61.1,12642.8,19866.7,4.7,54.1,0.0,73737.8,0.0,11.0,44156.9,1955112.6,224.0,1556.2,0.0,294.0,346.0
2026-10-02T19:04:42.883110+00:00,SivaChowdary,23.1,2600.0,5.1,16.7,23404.7,16399.5,61.1,12652.1,19857.4,4.7,54.1,0.0,69515.4,0.0,8.0,1025.3,1650.2,10.0,18.0,0.0,294.0,348.0
2026-10-02T19:04:43.922182+00:00,SivaChowdary,16.2,2600.0,6.4,9.2,45936.9,28739.3,61.1,12660.0,19849.5,4.7,54.1,0.0,8198.9,0.0,2.0,2195.9,1247.1,9.0,13.0,0.0,294.0,346.0
2026-10-02T19:04:44.862336+00:00,SivaChowdary,15.0,1496.0,4.4,10.2,22170.7,14136.8,61.1,12648.2,19861.3,4.7,54.1,0.0,184500.4,0.0,4.0,39842.0,2521257.8,266.3,1953.9,0.0,294.0,346.0
2026-10-02T19:04:46.009557+00:00,SivaChowdary,19.1,2600.0,9.4,9.2,20983.2,14360.1,61.1,12653.5,19856.0,4.7,54.1,0.0,77813.8,0.0,4.0,30440.0,1831126.4,193.0,1445.8,0.0,294.0,348.0
2026-10-02T19:04:46.833121+00:00,SivaChowdary,28.8,2600.0,9.4,18.7,64933.0,38131.5,61.1,12656.3,19853.2,4.7,54.1,0.0,94192.0,0.0,17.0,28983.1,760244.9,116.0,633.9,0.0,294.0,346.0
2026-10-02T19:04:47.913105+00:00,SivaChowdary,13.1,2600.0,5.5,7.0,18206.9,11589.2,61.1,12660.6,19848.9,4.7,54.1,0.0,69639.2,0.0,10.0,14146.5,525023.1,64.0,419.0,0.0,294.0,346.0
2026-10-02T19:04:48.877767+00:00,SivaChowdary,18.8,2600.0,9.4,8.7,21033.8,13007.5,61.0,12663.5,19846.0,4.7,54.1,0.0,0.0,0.0,0.0,32834.3,1492301.1,183.0,1184.0,0.0,294.0,348.0
2026-10-02T19:04:49.905006+00:00,SivaChowdary,16.6,2600.0,4.4,11.9,43121.9,26908.3,61.1,12659.9,19849.6,4.7,54.1,0.0,28639.4,0.0,6.0,33888.4,1738226.0,261.7,1380.4,0.0,294.0,346.0
2026-10-02T19:04:50.857573+00:00,SivaChowdary,12.1,2600.0,4.5,7.5,19852.8,10811.9,61.0,12667.2,19842.3,4.7,54.1,0.0,168120.5,0.0,7.0,23715.0,830821.6,155.2,681.7,0.0,294.0,346.0
2026-10-02T19:04:51.887382+00:00,SivaChowdary,14.4,2600.0,3.3,10.3,20720.2,13966.7,61.0,12673.5,19836.0,4.7,54.1,0.0,0.0,0.0,0.0,84.0,423.8,1.0,7.0,0.0,294.0,348.0
2026-10-02T19:04:52.881255+00:00,SivaChowdary,11.4,2600.0,4.0,7.4,51154.0,36395.3,61.0,12677.7,19831.8,4.7,54.1,0.0,57358.6,0.0,11.0,672.2,1146.3,7.0,15.0,0.0,294.0,346.0
2026-10-02T19:04:53.863278+00:00,SivaChowdary,17.0,2600.0,3.9,11.7,22481.2,13675.5,61.0,12680.3,19829.2,4.7,54.1,0.0,28658.3,0.0,7.0,48760.7,2678097.5,354.8,2115.0,0.0,294.0,346.0
2026-10-02T19:04:55.016363+00:00,SivaChowdary,8.6,2600.0,2.9,5.3,16621.8,9996.5,61.0,12682.4,19827.1,4.7,54.1,0.0,12284.9,0.0,2.0,8354.9,447115.9,70.0,383.9,0.0,294.0,348.0
2026-10-02T19:04:55.847286+00:00,SivaChowdary,22.8,2600.0,2.7,20.1,18171.5,12683.3,61.0,12675.2,19834.3,4.7,54.1,0.0,0.0,0.0,0.0,548.2,908.4,6.0,12.0,0.0,294.0,348.0
2026-10-02T19:04:56.914062+00:00,SivaChowdary,8.0,2600.0,2.9,4.2,40930.7,24078.7,61.0,12687.7,19821.8,4.7,54.1,0.0,20478.9,0.0,4.0,377.0,605.0,4.0,8.0,0.0,294.0,346.0
2026-10-02T19:04:57.861921+00:00,SivaChowdary,15.7,2600.0,3.3,12.2,22260.3,14752.8,61.0,12679.6,19829.9,4.7,54.1,0.0,147583.7,0.0,15.0,13975.1,489964.9,68.1,391.3,0.0,294.0,348.0
2026-10-02T19:04:58.938539+00:00,SivaChowdary,13.9,2600.0,4.9,8.6,41938.8,26530.9,61.0,12668.6,19841.0,4.7,54.1,0.0,53209.7,0.0,12.0,14935.2,688682.0,90.9,566.6,0.0,294.0,346.0
2026-10-02T19:04:59.844715+00:00,SivaChowdary,14.7,1496.0,3.1,11.4,17872.8,11756.2,61.0,12672.7,19836.8,4.7,54.1,0.0,20485.5,0.0,3.0,517.1,1131.3,5.0,11.0,0.0,294.0,346.0
2026-10-02T19:05:00.984924+00:00,SivaChowdary,12.9,2600.0,3.6,9.1,18393.7,12741.8,61.0,12664.4,19845.1,4.7,54.1,0.0,24558.2,0.0,6.0,917.3,1227.1,10.0,15.0,0.0,294.0,348.0
2026-10-02T19:05:01.845828+00:00,SivaChowdary,22.1,2600.0,2.9,17.7,46349.6,30025.4,61.0,12672.5,19837.1,4.7,54.1,0.0,86085.9,0.0,10.0,886.7,2493.0,6.0,14.0,0.0,294.0,346.0
2026-10-02T19:05:02.920791+00:00,SivaChowdary,13.0,2600.0,4.8,7.1,18030.4,12796.4,60.8,12753.8,19755.8,4.7,54.1,0.0,32730.5,0.0,5.0,1306.5,1053.8,14.0,12.0,0.0,294.0,345.0
2026-10-02T19:05:03.893152+00:00,SivaChowdary,18.3,2600.0,5.3,12.6,18573.6,11102.3,60.7,12760.2,19749.3,4.7,54.1,0.0,0.0,0.0,0.0,6363.1,1623.8,19.0,18.0,0.0,294.0,347.0
2026-10-02T19:05:04.972401+00:00,SivaChowdary,16.3,2600.0,5.4,10.3,42139.5,26264.2,60.8,12758.3,19751.2,4.7,54.1,0.0,208873.8,0.0,25.0,981.9,1673.8,10.0,18.0,0.0,294.0,345.0
2026-10-02T19:05:05.836183+00:00,SivaChowdary,18.5,2600.0,5.9,12.0,22848.0,13103.8,60.8,12756.5,19753.1,4.7,54.1,0.0,69625.8,0.0,17.0,0.0,200.0,0.0,3.0,0.0,294.0,345.0
2026-10-02T19:05:06.970752+00:00,SivaChowdary,12.4,2600.0,3.1,8.7,17062.1,11292.1,60.8,12751.3,19758.2,4.7,54.1,0.0,163840.9,0.0,15.0,37972.2,1487884.8,229.0,1175.0,0.0,294.0,347.0
2026-10-02T19:05:07.854096+00:00,SivaChowdary,21.2,2600.0,4.5,15.8,42740.9,27754.6,60.8,12756.3,19753.2,4.7,54.1,0.0,0.0,0.0,0.0,1197.5,1315.4,10.0,15.0,0.0,294.0,345.0
2026-10-02T19:05:08.932827+00:00,SivaChowdary,8.1,1496.0,1.7,6.0,31132.4,26392.6,60.7,12770.3,19739.2,4.7,54.1,0.0,16400.5,0.0,3.0,8704.8,1435.4,14.0,16.0,0.0,294.0,345.0
2026-10-02T19:05:09.865380+00:00,SivaChowdary,12.7,2600.0,3.0,8.8,29618.4,21704.8,60.7,12770.4,19739.1,4.7,54.1,0.0,0.0,0.0,0.0,37216.1,2490497.2,293.8,1957.9,0.0,294.0,347.0
2026-10-02T19:05:10.934270+00:00,SivaChowdary,15.1,2600.0,2.7,12.0,39832.5,26109.4,60.7,12774.2,19735.3,4.7,54.1,0.0,0.0,0.0,0.0,1231.8,1858.3,12.0,20.0,0.0,294.0,345.0
2026-10-02T19:05:11.839577+00:00,SivaChowdary,10.7,2600.0,2.2,8.3,15375.1,8815.3,60.7,12776.2,19733.3,4.7,54.1,0.0,163958.0,0.0,7.0,0.0,760.5,0.0,13.0,0.0,294.0,345.0
2026-10-02T19:05:12.981986+00:00,SivaChowdary,11.4,2600.0,3.1,8.1,18357.3,12531.1,60.7,12778.9,19730.7,4.7,54.1,0.0,8188.1,0.0,2.0,28646.5,1752116.6,183.9,1369.4,0.0,294.0,347.0
2026-10-02T19:05:13.858564+00:00,SivaChowdary,15.2,2600.0,3.6,11.0,42370.6,27567.0,60.7,12777.0,19732.5,4.7,54.1,0.0,4098.4,0.0,1.0,11909.9,157321.3,36.0,147.1,0.0,294.0,345.0
2026-10-02T19:05:14.909484+00:00,SivaChowdary,11.5,2600.0,1.8,9.3,22880.8,18095.9,60.7,12775.0,19734.5,4.7,54.1,0.0,0.0,0.0,0.0,506.8,838.6,6.0,11.0,0.0,294.0,345.0
2026-10-02T19:05:15.880739+00:00,SivaChowdary,10.3,2600.0,4.0,5.9,16647.1,8981.9,60.7,12775.3,19734.2,4.7,54.1,0.0,16392.9,0.0,3.0,827.5,1135.6,8.0,13.0,0.0,294.0,347.0
2026-10-02T19:05:16.922756+00:00,SivaChowdary,22.8,2600.0,2.9,18.9,38418.1,26263.0,60.7,12777.0,19732.5,4.7,54.1,0.0,16382.8,0.0,4.0,1270.9,1861.9,11.0,20.0,0.0,294.0,345.0
2026-10-02T19:05:17.864058+00:00,SivaChowdary,10.8,2600.0,3.2,7.0,21866.6,14063.2,60.7,12777.8,19731.7,4.7,54.1,0.0,16391.2,0.0,3.0,295.1,685.3,3.0,9.0,0.0,294.0,345.0
2026-10-02T19:05:18.918564+00:00,SivaChowdary,13.3,2600.0,3.3,9.7,20289.6,13201.8,60.7,12773.8,19735.7,4.7,54.1,0.0,192508.6,0.0,4.0,41678.3,2394530.2,271.0,1889.0,0.0,294.0,347.0
2026-10-02T19:05:19.875486+00:00,SivaChowdary,12.8,2600.0,3.4,8.4,43643.4,27263.5,60.7,12771.8,19737.8,4.7,54.1,0.0,81879.5,0.0,5.0,1167.4,18741.7,12.0,28.0,0.0,294.0,345.0
2026-10-02T19:05:20.840934+00:00,SivaChowdary,14.8,2600.0,2.5,12.0,15942.8,11013.5,60.7,12776.7,19732.8,4.7,54.1,0.0,147463.1,0.0,18.0,1052.1,2329.1,12.0,24.0,0.0,294.0,345.0
2026-10-02T19:05:22.047580+00:00,SivaChowdary,5.9,2600.0,2.2,3.2,12894.8,7391.6,60.7,12779.4,19730.2,4.7,54.1,0.0,114588.3,0.0,17.0,255.8,623.5,3.0,10.0,0.0,294.0,347.0
2026-10-02T19:05:22.899829+00:00,SivaChowdary,24.1,2600.0,3.5,20.4,16106.5,12285.8,60.7,12776.6,19733.0,4.7,54.1,0.0,0.0,0.0,0.0,730.7,1064.0,7.0,12.0,0.0,294.0,347.0
2026-10-02T19:05:23.828276+00:00,SivaChowdary,12.9,2600.0,4.0,7.2,44768.1,27083.0,60.7,12787.8,19721.7,4.7,54.1,0.0,12286.6,0.0,3.0,44919.0,2318397.1,297.0,1835.8,0.0,294.0,345.0
2026-10-02T19:05:24.889298+00:00,SivaChowdary,18.4,2600.0,6.0,12.0,26812.7,15966.9,60.7,12774.8,19734.7,4.7,54.1,0.0,20464.5,0.0,4.0,1220.1,1927.5,14.0,26.0,0.0,294.0,347.0
2026-10-02T19:05:25.908492+00:00,SivaChowdary,15.7,2600.0,5.3,9.3,42333.3,26385.5,60.7,12778.7,19730.8,4.7,54.1,0.0,0.0,0.0,0.0,84.0,424.2,1.0,7.0,0.0,294.0,345.0
2026-10-02T19:05:26.838522+00:00,SivaChowdary,13.4,2600.0,2.7,10.0,15571.4,9589.5,60.7,12776.1,19733.4,4.7,54.1,0.0,61449.5,0.0,8.0,377.1,829.1,4.0,12.0,0.0,294.0,345.0
2026-10-02T19:05:28.022749+00:00,SivaChowdary,8.5,2600.0,2.6,5.3,15312.9,8848.9,60.7,12778.4,19731.1,4.7,54.1,0.0,118783.0,0.0,20.0,4037.0,2498.0,27.0,27.0,0.0,294.0,347.0
2026-10-02T19:05:28.864239+00:00,SivaChowdary,26.1,2600.0,3.5,22.0,23167.6,16244.6,60.7,12768.7,19740.8,4.7,54.1,0.0,12286.2,0.0,3.0,3476.5,684.9,7.0,9.0,0.0,294.0,347.0
2026-10-02T19:05:29.940798+00:00,SivaChowdary,8.0,2600.0,2.7,4.6,33561.4,20823.9,60.7,12778.6,19730.9,4.7,54.1,0.0,114692.8,0.0,5.0,1359.1,2377.1,15.0,24.0,0.0,294.0,345.0
2026-10-02T19:05:30.835230+00:00,SivaChowdary,14.3,2600.0,2.5,10.8,18608.8,11828.4,60.7,12777.9,19731.6,4.7,54.1,0.0,16397.0,0.0,4.0,24649.5,1415923.8,149.1,1111.9,0.0,294.0,347.0
2026-10-02T19:05:31.953810+00:00,SivaChowdary,11.5,2600.0,2.3,8.8,41196.3,25319.2,60.7,12778.2,19731.3,4.7,54.1,0.0,20473.7,0.0,4.0,931.7,1463.6,7.0,13.0,0.0,294.0,345.0
2026-10-02T19:05:32.868128+00:00,SivaChowdary,13.7,2600.0,3.2,10.4,17498.4,10881.6,60.7,12767.0,19742.5,4.7,54.1,0.0,28671.1,0.0,5.0,253.0,1028.0,3.0,16.0,0.0,294.0,345.0
2026-10-02T19:05:33.994418+00:00,SivaChowdary,9.0,2600.0,2.0,6.2,15064.4,8232.4,60.7,12775.5,19734.0,4.7,54.1,0.0,0.0,0.0,0.0,1855.2,1532.3,6.0,24.0,0.0,294.0,347.0
2026-10-02T19:05:34.843108+00:00,SivaChowdary,21.0,2600.0,2.9,17.5,43226.1,28233.0,60.7,12776.3,19733.3,4.7,54.1,0.0,24579.5,0.0,3.0,1347.2,1849.3,15.0,23.0,0.0,294.0,345.0
2026-10-02T19:05:35.934799+00:00,SivaChowdary,8.2,2600.0,1.9,5.4,15472.7,9370.3,60.7,12782.0,19727.5,4.7,54.1,0.0,12294.9,0.0,3.0,168.1,648.4,2.0,11.0,0.0,294.0,345.0
2026-10-02T19:05:36.899741+00:00,SivaChowdary,12.8,2600.0,2.5,9.7,17995.9,10417.7,60.7,12772.5,19737.0,4.7,54.1,0.0,229259.7,0.0,4.0,11202.3,8742.6,74.0,90.0,0.0,294.0,347.0
2026-10-02T19:05:37.921245+00:00,SivaChowdary,18.5,2600.0,4.8,12.9,42261.8,26484.9,60.7,12771.8,19737.7,4.7,54.1,0.0,36856.9,0.0,4.0,25606.0,1470777.3,160.0,1166.8,0.0,294.0,345.0
2026-10-02T19:05:38.876061+00:00,SivaChowdary,9.9,2600.0,2.4,6.8,14558.2,8477.3,60.7,12775.4,19734.1,4.7,54.1,0.0,12269.7,0.0,2.0,1729.4,963.6,5.0,14.0,0.0,294.0,345.0
2026-10-02T19:05:39.968501+00:00,SivaChowdary,11.6,2600.0,2.6,8.9,13424.5,8392.2,60.7,12769.7,19739.9,4.7,54.1,0.0,8203.9,0.0,2.0,461.7,918.3,5.0,13.0,0.0,294.0,347.0
2026-10-02T19:05:40.867047+00:00,SivaChowdary,18.0,2600.0,4.7,12.5,38472.3,25571.2,60.7,12776.2,19733.3,4.7,54.1,0.0,0.0,0.0,0.0,293.0,628.0,3.0,7.0,0.0,294.0,345.0
2026-10-02T19:05:41.895091+00:00,SivaChowdary,15.6,2600.0,3.9,10.8,17628.5,11756.0,60.7,12770.9,19738.6,4.7,54.1,0.0,77870.2,0.0,12.0,10867.4,7738.6,63.0,76.0,0.0,294.0,345.0
2026-10-02T19:05:42.880264+00:00,SivaChowdary,10.6,1496.0,3.4,6.2,15932.8,8843.5,60.7,12774.1,19735.4,4.7,54.1,0.0,4094.4,0.0,1.0,520.8,1271.5,5.0,12.0,0.0,294.0,347.0
2026-10-02T19:05:43.865150+00:00,SivaChowdary,27.5,2600.0,5.7,20.7,31610.7,22006.6,60.7,12761.8,19747.7,4.7,54.1,0.0,1060653.9,0.0,216.0,4092.2,1019.8,7.0,10.0,0.0,294.0,347.0
2026-10-02T19:05:44.847191+00:00,SivaChowdary,10.8,1496.0,4.8,5.6,42546.5,24317.9,60.7,12769.3,19740.2,4.7,54.1,0.0,0.0,0.0,0.0,29616.9,1811179.9,197.0,1416.3,0.0,294.0,345.0
2026-10-02T19:05:45.877460+00:00,SivaChowdary,17.0,2600.0,4.4,12.1,19527.2,12554.6,60.7,12763.4,19746.1,4.7,54.1,0.0,20490.8,0.0,4.0,10122.3,214213.4,35.0,201.1,0.0,294.0,347.0
2026-10-02T19:05:46.840749+00:00,SivaChowdary,12.6,2600.0,4.3,7.4,42342.0,26980.2,60.7,12767.6,19741.9,4.7,54.1,0.0,221079.4,0.0,10.0,640.7,979.5,4.0,8.0,0.0,294.0,345.0
2026-10-02T19:05:47.837184+00:00,SivaChowdary,14.2,2600.0,2.0,11.3,19138.7,13330.0,60.7,12768.7,19740.8,4.7,54.1,0.0,57331.0,0.0,7.0,336.9,564.9,4.0,8.0,0.0,294.0,345.0
2026-10-02T19:05:49.038718+00:00,SivaChowdary,7.2,2600.0,2.7,3.9,13260.9,7204.8,60.7,12766.7,19742.8,4.7,54.1,0.0,69620.7,0.0,2.0,2448.6,2179.6,13.0,31.0,0.0,294.0,347.0
2026-10-02T19:05:49.859181+00:00,SivaChowdary,22.7,2600.0,2.3,19.9,16404.0,12047.5,60.7,12761.7,19747.8,4.7,54.1,0.0,12297.7,0.0,3.0,24598.4,1211397.7,149.1,963.8,0.0,294.0,347.0
2026-10-02T19:05:50.826026+00:00,SivaChowdary,10.5,1496.0,4.6,5.0,45304.2,25918.4,60.7,12773.8,19735.7,4.7,54.1,0.0,32766.0,0.0,7.0,4063.7,104910.5,32.0,113.0,0.0,294.0,345.0
2026-10-02T19:05:51.833843+00:00,SivaChowdary,13.8,1496.0,2.6,10.6,22664.3,16662.6,60.7,12770.8,19738.7,4.7,54.1,0.0,0.0,0.0,0.0,631.9,1217.7,7.0,17.0,0.0,294.0,347.0
2026-10-02T19:05:52.927911+00:00,SivaChowdary,11.9,2600.0,4.0,7.2,39693.9,25215.5,60.7,12776.8,19732.8,4.7,54.1,0.0,40952.7,0.0,7.0,971.8,1748.7,10.0,23.0,0.0,294.0,345.0
2026-10-02T19:05:53.826840+00:00,SivaChowdary,17.0,2600.0,3.4,12.5,16977.3,11248.5,60.7,12773.9,19735.6,4.7,54.1,0.0,12291.9,0.0,2.0,1772.6,1148.4,5.0,14.0,0.0,294.0,345.0
2026-10-02T19:05:55.031008+00:00,SivaChowdary,9.1,2600.0,3.8,4.9,20805.2,12799.6,60.7,12770.3,19739.2,4.7,54.1,0.0,16377.0,0.0,3.0,29810.3,1527164.2,195.9,1223.5,0.0,294.0,347.0
2026-10-02T19:05:55.841397+00:00,SivaChowdary,23.6,2600.0,3.6,18.7,21480.8,14966.6,60.7,12763.5,19746.0,4.7,54.1,0.0,0.0,0.0,0.0,1171.8,3198.0,12.0,21.0,0.0,294.0,347.0
2026-10-02T19:05:56.924185+00:00,SivaChowdary,10.4,1496.0,3.6,5.8,39376.6,22655.7,60.7,12775.8,19733.7,4.7,54.1,0.0,126929.5,0.0,6.0,719.7,884.7,6.0,13.0,0.0,294.0,345.0
2026-10-02T19:05:57.873683+00:00,SivaChowdary,15.1,2600.0,2.5,12.0,17790.4,11750.2,60.7,12765.6,19743.9,4.7,54.1,16389.9,114729.0,1.0,14.0,14069.0,2394.9,21.0,22.0,0.0,294.0,348.0
2026-10-02T19:05:58.939452+00:00,SivaChowdary,13.4,1496.0,4.3,8.6,43443.3,28041.2,60.8,12741.5,19768.0,4.7,54.1,0.0,200626.9,0.0,8.0,5769.8,2881.9,17.0,23.0,0.0,294.0,348.0
2026-10-02T19:05:59.857066+00:00,SivaChowdary,15.1,2600.0,2.6,11.8,21407.8,15420.0,60.8,12743.7,19765.8,4.7,54.1,0.0,0.0,0.0,0.0,432.9,800.8,4.0,11.0,0.0,294.0,346.0
2026-10-02T19:06:00.979196+00:00,SivaChowdary,12.4,2600.0,4.1,8.1,14844.2,9195.3,60.8,12741.2,19768.3,4.7,54.1,0.0,253904.9,0.0,58.0,460.9,916.8,5.0,13.0,0.0,294.0,348.0
2026-10-02T19:06:01.864713+00:00,SivaChowdary,26.2,2600.0,4.9,19.8,45375.7,31415.9,60.8,12739.1,19770.5,4.7,54.1,0.0,61478.9,0.0,9.0,19373.3,959725.3,104.1,744.5,0.0,294.0,346.0
2026-10-02T19:06:02.900080+00:00,SivaChowdary,15.5,2600.0,6.8,7.9,32555.2,19838.2,60.8,12740.4,19769.1,4.7,54.1,0.0,221063.4,0.0,10.0,19909.1,697834.2,110.9,589.7,0.0,294.0,348.0
2026-10-02T19:06:03.879189+00:00,SivaChowdary,16.1,2600.0,3.2,12.3,21950.5,13779.1,60.8,12737.0,19772.5,4.7,54.1,0.0,0.0,0.0,0.0,2672.8,1548.0,15.0,17.0,0.0,294.0,348.0
2026-10-02T19:06:04.970907+00:00,SivaChowdary,11.3,2600.0,2.2,8.9,39050.7,24429.7,60.8,12741.9,19767.7,4.7,54.1,0.0,12281.3,0.0,3.0,715.6,1200.3,8.0,15.0,0.0,294.0,348.0
2026-10-02T19:06:05.869684+00:00,SivaChowdary,13.8,2600.0,3.3,10.4,18839.1,12153.8,60.8,12733.3,19776.2,4.7,54.1,0.0,8197.3,0.0,2.0,2092.3,2406.5,19.0,26.0,0.0,294.0,346.0
2026-10-02T19:06:07.009844+00:00,SivaChowdary,10.9,2600.0,3.4,7.2,14084.0,8548.2,60.8,12732.3,19777.2,4.7,54.1,0.0,98283.1,0.0,11.0,751.8,1727.6,7.0,17.0,0.0,294.0,348.0
2026-10-02T19:06:07.841617+00:00,SivaChowdary,24.4,2600.0,4.1,20.0,37026.4,24943.4,60.8,12734.2,19775.3,4.7,54.1,0.0,16370.5,0.0,2.0,13202.1,598946.6,57.0,463.6,0.0,294.0,346.0
2026-10-02T19:06:08.952127+00:00,SivaChowdary,7.6,2600.0,2.0,5.0,20626.0,12483.2,60.8,12738.4,19771.1,4.7,54.1,0.0,32763.2,0.0,5.0,6828.0,252219.0,46.0,224.0,0.0,294.0,346.0
2026-10-02T19:06:09.884916+00:00,SivaChowdary,15.9,2600.0,3.5,11.5,17496.1,11229.4,60.8,12737.4,19772.2,4.7,54.1,0.0,4099.1,0.0,1.0,527.4,1285.0,4.0,13.0,0.0,294.0,348.0
2026-10-02T19:06:10.943836+00:00,SivaChowdary,13.3,2600.0,3.5,9.4,38443.0,23674.3,60.8,12741.5,19768.0,4.7,54.1,0.0,0.0,0.0,0.0,591.1,1295.2,7.0,15.0,0.0,294.0,346.0
2026-10-02T19:06:11.848514+00:00,SivaChowdary,16.5,2600.0,4.6,11.1,21831.9,15337.8,60.8,12729.7,19779.9,4.7,54.1,0.0,24583.8,0.0,4.0,628.2,954.3,7.0,12.0,0.0,294.0,346.0
2026-10-02T19:06:13.002858+00:00,SivaChowdary,12.1,2600.0,2.6,9.1,16372.3,9626.0,60.8,12736.6,19772.9,4.7,54.1,0.0,139104.8,0.0,5.0,22123.7,1149899.8,118.9,902.0,0.0,294.0,348.0
2026-10-02T19:06:13.852934+00:00,SivaChowdary,19.5,2600.0,4.0,14.7,44289.9,28328.2,60.8,12735.6,19773.9,4.7,54.1,0.0,90115.9,0.0,14.0,0.0,560.0,0.0,10.0,0.0,294.0,346.0
2026-10-02T19:06:14.965146+00:00,SivaChowdary,10.9,2600.0,2.4,7.8,15920.6,10162.1,60.8,12733.1,19776.4,4.7,54.1,0.0,0.0,0.0,0.0,167.9,1023.2,2.0,13.0,0.0,294.0,346.0
2026-10-02T19:06:15.874092+00:00,SivaChowdary,13.5,2600.0,3.9,8.7,17763.5,10389.0,60.8,12735.5,19774.0,4.7,54.1,0.0,49242.2,0.0,5.0,651.2,1190.2,6.0,12.0,0.0,294.0,348.0
2026-10-02T19:06:16.929154+00:00,SivaChowdary,18.0,2600.0,3.9,13.5,43320.4,28768.3,60.8,12736.0,19773.5,4.7,54.1,0.0,290717.7,0.0,45.0,1736.4,2852.0,14.0,21.0,0.0,294.0,346.0
2026-10-02T19:06:17.825503+00:00,SivaChowdary,10.5,2600.0,2.9,7.4,17495.5,10774.7,60.8,12732.0,19777.5,4.7,54.1,0.0,16371.4,0.0,4.0,336.7,908.3,4.0,10.0,0.0,294.0,346.0
2026-10-02T19:06:18.962547+00:00,SivaChowdary,13.8,2600.0,2.8,10.5,15058.7,10495.4,60.8,12734.3,19775.2,4.7,54.1,0.0,4098.1,0.0,1.0,4131.1,1972.0,16.0,23.0,0.0,294.0,348.0
2026-10-02T19:06:19.870092+00:00,SivaChowdary,13.9,2600.0,2.6,10.6,48831.6,32568.7,60.9,12720.7,19788.8,4.7,54.1,0.0,4094.5,0.0,1.0,2432.1,20556.3,26.0,48.0,0.0,294.0,346.0
2026-10-02T19:06:20.870041+00:00,SivaChowdary,17.0,2600.0,4.4,12.2,17128.1,13513.2,60.8,12730.8,19778.7,4.7,54.1,0.0,40936.3,0.0,8.0,1154.3,1925.9,11.0,24.0,0.0,294.0,346.0
2026-10-02T19:06:21.885807+00:00,SivaChowdary,14.7,2600.0,8.9,5.0,19222.1,11029.4,60.8,12750.4,19759.1,4.7,54.1,0.0,57398.1,0.0,6.0,884.8,1174.1,8.0,13.0,0.0,294.0,348.0
2026-10-02T19:06:22.870445+00:00,SivaChowdary,23.4,2600.0,3.5,19.5,35969.4,24691.8,60.8,12753.9,19755.6,4.7,54.1,0.0,40972.9,0.0,8.0,8235.6,23497.4,21.0,39.0,0.0,294.0,346.0
2026-10-02T19:06:23.834721+00:00,SivaChowdary,9.7,2600.0,3.9,5.5,27829.4,16782.8,60.8,12758.7,19750.8,4.7,54.1,0.0,12279.8,0.0,3.0,29472.3,1560815.9,199.9,1222.2,0.0,294.0,346.0
2026-10-02T19:06:24.895467+00:00,SivaChowdary,18.9,2600.0,5.1,13.6,19539.2,12677.5,60.8,12746.1,19763.4,4.7,54.1,0.0,20479.2,0.0,4.0,23093.1,1220475.2,151.0,1011.0,0.0,294.0,348.0
2026-10-02T19:06:25.855656+00:00,SivaChowdary,15.3,2600.0,4.6,10.0,43204.3,28004.6,60.8,12750.3,19759.2,4.7,54.1,16383.7,188413.1,1.0,10.0,377.0,605.0,4.0,8.0,0.0,294.0,346.0
2026-10-02T19:06:26.844575+00:00,SivaChowdary,15.4,2600.0,3.2,11.9,18569.9,11876.5,60.8,12754.5,19755.1,4.7,54.1,0.0,102421.7,0.0,8.0,84.0,863.2,1.0,7.0,0.0,294.0,346.0
2026-10-02T19:06:28.007266+00:00,SivaChowdary,6.1,2600.0,2.5,3.2,14984.5,9341.2,60.8,12754.8,19754.7,4.7,54.1,0.0,188560.8,0.0,17.0,1564.2,688.5,3.0,7.0,0.0,294.0,347.0
2026-10-02T19:06:28.926291+00:00,SivaChowdary,23.5,2600.0,2.6,20.4,17362.5,13394.3,60.7,12775.9,19733.6,4.7,54.1,0.0,32761.3,0.0,5.0,3504.3,903.8,7.0,12.0,0.0,294.0,347.0
2026-10-02T19:06:29.864966+00:00,SivaChowdary,11.0,2600.0,2.5,7.8,42301.7,25476.7,60.7,12784.9,19724.6,4.7,54.1,0.0,0.0,0.0,0.0,516.6,1422.8,5.0,14.0,0.0,294.0,345.0
2026-10-02T19:06:30.897432+00:00,SivaChowdary,13.9,2600.0,2.2,11.1,16535.0,10424.8,60.7,12773.5,19736.0,4.7,54.1,0.0,20497.3,0.0,3.0,25064.2,24440.7,59.0,70.1,0.0,294.0,347.0
2026-10-02T19:06:31.852742+00:00,SivaChowdary,11.2,2600.0,2.7,7.7,45206.7,27974.6,60.7,12779.7,19729.8,4.7,54.1,16380.3,73711.1,1.0,10.0,640.9,1632.6,4.0,12.0,0.0,294.0,345.0
2026-10-02T19:06:32.860595+00:00,SivaChowdary,15.7,2600.0,3.2,11.9,17713.4,11741.0,60.7,12768.7,19740.8,4.7,54.1,0.0,302717.5,0.0,69.9,589.2,1194.5,7.0,16.0,0.0,294.0,345.0
2026-10-02T19:06:34.026503+00:00,SivaChowdary,7.4,2600.0,3.3,3.7,15222.4,7896.7,60.7,12781.4,19728.1,4.7,54.1,0.0,0.0,0.0,0.0,2410.5,2082.9,12.0,20.0,0.0,294.0,347.0
2026-10-02T19:06:34.953784+00:00,SivaChowdary,24.0,2600.0,3.3,20.1,15655.2,12084.6,60.7,12772.8,19736.8,4.7,54.1,0.0,4095.5,0.0,1.0,1049.9,1578.8,11.0,18.0,0.0,294.0,347.0
2026-10-02T19:06:35.828007+00:00,SivaChowdary,11.8,2600.0,4.0,7.7,45285.0,27492.7,60.5,12825.2,19684.3,4.7,54.1,0.0,175953.2,0.0,6.0,252.7,532.5,3.0,8.0,0.0,294.0,345.0
2026-10-02T19:06:36.896643+00:00,SivaChowdary,15.2,2600.0,3.2,11.1,17928.2,11566.5,60.5,12825.1,19684.5,4.7,54.1,0.0,0.0,0.0,0.0,376.3,659.8,4.0,9.0,0.0,294.0,347.0
2026-10-02T19:06:37.894634+00:00,SivaChowdary,15.3,1496.0,4.3,10.3,43283.6,27873.6,60.6,12819.8,19689.8,4.7,54.1,0.0,147782.4,0.0,7.0,628.4,1446.2,6.0,12.0,0.0,294.0,345.0
2026-10-02T19:06:38.832403+00:00,SivaChowdary,16.1,1496.0,3.0,12.2,17091.3,11558.9,60.5,12826.0,19683.5,4.7,54.1,0.0,24577.8,0.0,3.0,1902.1,727.1,7.0,9.0,0.0,294.0,345.0
2026-10-02T19:06:39.989623+00:00,SivaChowdary,6.0,2600.0,2.4,3.3,13986.1,7729.3,60.5,12830.5,19679.0,4.7,54.1,0.0,8183.9,0.0,2.0,2416.6,2759.3,19.0,30.0,0.0,294.0,347.0
2026-10-02T19:06:40.839800+00:00,SivaChowdary,22.3,2600.0,3.1,19.0,19782.8,13812.5,60.6,12822.6,19686.9,4.7,54.1,0.0,155788.5,0.0,3.0,165.1,647.6,2.0,9.0,0.0,294.0,348.0
2026-10-02T19:06:41.885723+00:00,SivaChowdary,11.5,2600.0,4.6,5.8,45956.0,26717.8,60.6,12824.2,19685.3,4.7,54.1,0.0,69647.1,0.0,12.0,84.0,368.1,1.0,6.0,0.0,294.0,345.0
2026-10-02T19:06:42.904090+00:00,SivaChowdary,17.1,1496.0,4.8,11.7,18047.1,11465.2,60.6,12819.6,19689.9,4.7,54.1,0.0,4094.7,0.0,1.0,39268.1,2655120.3,253.9,2073.3,0.0,294.0,347.0
2026-10-02T19:06:43.992280+00:00,SivaChowdary,15.2,2600.0,4.3,10.5,51231.2,31842.5,60.6,12814.4,19695.1,4.7,54.1,0.0,16377.0,0.0,3.0,1562.3,744.7,3.0,8.0,0.0,294.0,345.0
2026-10-02T19:06:44.861563+00:00,SivaChowdary,18.1,2600.0,3.0,14.1,15763.6,11367.5,60.6,12820.7,19688.8,4.7,54.1,0.0,0.0,0.0,0.0,0.0,679.6,0.0,7.0,0.0,294.0,345.0
2026-10-02T19:06:46.002266+00:00,SivaChowdary,8.2,2600.0,3.4,4.7,15970.1,8833.8,60.6,12819.6,19689.9,4.7,54.1,0.0,16370.7,0.0,2.0,167.9,1292.0,2.0,6.0,0.0,294.0,347.0
2026-10-02T19:06:46.894654+00:00,SivaChowdary,23.0,2600.0,2.9,19.4,16139.6,12718.9,60.6,12814.6,19694.9,4.7,54.1,0.0,53289.5,0.0,8.0,557.4,1205.9,3.0,12.0,0.0,294.0,347.0
2026-10-02T19:06:47.865865+00:00,SivaChowdary,10.9,2600.0,3.9,6.4,45252.3,26724.7,60.5,12827.6,19681.9,4.7,54.1,0.0,196561.4,0.0,10.0,421.9,817.8,5.0,8.0,0.0,294.0,347.0
2026-10-02T19:06:48.881481+00:00,SivaChowdary,13.8,2600.0,2.9,10.6,17485.3,11420.8,60.6,12820.3,19689.2,4.7,54.1,0.0,0.0,0.0,0.0,3320.8,2365.6,22.0,27.0,0.0,294.0,347.0
2026-10-02T19:06:49.939998+00:00,SivaChowdary,10.3,2600.0,2.6,7.1,41382.6,25596.8,60.6,12815.3,19694.2,4.7,54.1,0.0,167901.9,0.0,38.0,965.8,1610.7,10.0,19.0,0.0,294.0,345.0
2026-10-02T19:06:50.859835+00:00,SivaChowdary,16.4,2600.0,3.6,12.6,14284.8,9693.6,60.5,12830.1,19679.4,4.7,54.1,0.0,28679.6,0.0,5.0,514.1,932.2,6.0,12.0,0.0,294.0,345.0
2026-10-02T19:06:52.006886+00:00,SivaChowdary,9.6,2600.0,3.7,5.6,15036.4,8466.1,60.6,12824.0,19685.5,4.7,54.1,0.0,57337.9,0.0,12.0,168.0,823.9,2.0,10.0,0.0,294.0,347.0
2026-10-02T19:06:52.891769+00:00,SivaChowdary,21.8,2600.0,2.4,18.7,14583.4,11621.6,60.5,12828.3,19681.2,4.7,54.1,0.0,4094.4,0.0,1.0,0.0,526.8,0.0,8.0,0.0,294.0,347.0
2026-10-02T19:06:53.857115+00:00,SivaChowdary,13.3,2600.0,5.9,6.5,46449.9,26049.6,60.5,12839.6,19669.9,4.7,54.1,0.0,221197.8,0.0,24.0,1944.1,1532.1,8.0,19.0,0.0,294.0,345.0
2026-10-02T19:06:54.921243+00:00,SivaChowdary,20.1,2600.0,5.0,13.9,19597.4,13170.3,60.5,12831.0,19678.5,4.7,54.1,0.0,8192.2,0.0,2.0,968.0,2042.0,10.0,22.0,0.0,294.0,347.0
2026-10-02T19:06:55.965851+00:00,SivaChowdary,12.1,2600.0,4.0,7.7,42361.3,25197.9,60.5,12828.6,19680.9,4.7,54.1,0.0,0.0,0.0,0.0,1108.3,3185.0,8.0,13.0,0.0,294.0,345.0
2026-10-02T19:06:56.855317+00:00,SivaChowdary,18.6,2600.0,5.9,12.2,16814.2,11902.1,60.5,12833.5,19676.0,4.7,54.1,0.0,12275.7,0.0,3.0,2786.2,5120.9,15.0,19.0,0.0,294.0,345.0
2026-10-02T19:06:58.038661+00:00,SivaChowdary,7.1,2600.0,3.4,3.6,16124.2,9031.0,60.5,12830.6,19678.9,4.7,54.1,0.0,192597.5,0.0,15.0,2288.0,5224.3,9.0,79.0,0.0,294.0,347.0
2026-10-02T19:06:58.863406+00:00,SivaChowdary,24.8,2600.0,3.5,20.7,15992.4,12172.1,60.5,12828.6,19680.9,4.7,54.1,0.0,53252.8,0.0,10.0,229.0,8501.8,2.0,140.0,0.0,294.0,347.0
2026-10-02T19:06:59.852237+00:00,SivaChowdary,9.1,2600.0,3.6,5.0,44639.0,26014.2,60.5,12829.9,19679.6,4.7,54.1,0.0,0.0,0.0,0.0,22411.0,25908.1,34.0,232.1,0.0,294.0,346.0
2026-10-02T19:07:00.899766+00:00,SivaChowdary,21.3,2600.0,3.6,17.6,18102.2,12660.0,60.6,12818.3,19691.2,4.7,54.1,0.0,20476.8,0.0,5.0,84.0,15311.6,1.0,269.0,0.0,294.0,347.0
2026-10-02T19:07:01.852325+00:00,SivaChowdary,11.5,2600.0,3.5,7.5,43336.8,27743.1,60.5,12826.4,19683.1,4.7,54.1,0.0,73736.1,0.0,11.0,893.1,16726.8,7.0,280.0,0.0,294.0,345.0
2026-10-02T19:07:02.869657+00:00,SivaChowdary,17.0,2600.0,4.5,11.9,20982.7,13448.0,60.6,12816.7,19692.8,4.7,54.1,0.0,49163.1,0.0,9.0,40157.1,2591763.8,270.1,2173.5,0.0,294.0,345.0
2026-10-02T19:07:04.019546+00:00,SivaChowdary,6.6,2600.0,3.1,3.6,16335.8,9888.1,60.6,12824.5,19685.0,4.7,54.1,0.0,0.0,0.0,0.0,6370.8,7712.5,21.0,119.0,0.0,294.0,349.0
2026-10-02T19:07:04.950010+00:00,SivaChowdary,23.3,2600.0,2.9,20.0,16006.4,12036.0,60.6,12822.5,19687.0,4.7,54.1,0.0,20476.6,0.0,4.0,888.9,2450.6,10.0,23.0,0.0,294.0,347.0
2026-10-02T19:07:05.834387+00:00,SivaChowdary,11.1,2600.0,3.2,7.0,43763.3,26782.9,60.5,12832.1,19677.5,4.7,54.1,0.0,344152.8,0.0,49.0,0.0,493.1,0.0,6.0,0.0,294.0,345.0
2026-10-02T19:07:06.875795+00:00,SivaChowdary,14.1,2600.0,2.7,11.1,17587.6,11798.7,60.6,12824.5,19685.0,4.7,54.1,0.0,53255.8,0.0,7.0,930.1,1192.2,7.0,13.0,0.0,294.0,347.0
2026-10-02T19:07:07.858385+00:00,SivaChowdary,13.9,2600.0,4.7,8.0,41593.5,25586.2,60.5,12829.7,19679.8,4.7,54.1,0.0,212877.0,0.0,10.0,506.7,1785.0,6.0,15.0,0.0,294.0,345.0
2026-10-02T19:07:08.844986+00:00,SivaChowdary,23.7,2600.0,9.8,13.4,25970.0,17415.0,60.8,12753.5,19756.0,4.7,54.1,0.0,86005.9,0.0,11.0,13335.4,3398.6,24.0,29.0,0.0,294.0,346.0
2026-10-02T19:07:10.004895+00:00,SivaChowdary,10.3,2600.0,5.7,4.7,19164.3,10987.8,60.8,12748.1,19761.4,4.7,54.1,0.0,40977.8,0.0,4.0,4227.8,3006.3,16.0,28.0,0.0,294.0,348.0
2026-10-02T19:07:10.893500+00:00,SivaChowdary,26.4,2600.0,5.7,19.7,18607.4,14173.3,60.8,12756.0,19753.6,4.7,54.1,0.0,0.0,0.0,0.0,293.1,805.2,3.0,8.0,0.0,294.0,348.0
2026-10-02T19:07:11.840277+00:00,SivaChowdary,13.5,2600.0,5.5,7.8,46264.8,28752.1,60.7,12760.4,19749.1,4.7,54.1,0.0,24561.6,0.0,5.0,376.8,1312.2,4.0,13.0,0.0,294.0,346.0
2026-10-02T19:07:12.869536+00:00,SivaChowdary,21.6,2600.0,10.1,10.8,23858.1,15326.6,60.7,12772.0,19737.5,4.7,54.1,0.0,16386.8,0.0,4.0,142.0,11000.9,2.0,195.0,0.0,294.0,348.0
2026-10-02T19:07:13.956110+00:00,SivaChowdary,14.5,2600.0,5.8,8.2,46010.7,28761.4,60.8,12757.3,19752.2,4.7,54.1,0.0,8196.4,0.0,2.0,1479.8,11630.2,2.0,207.1,0.0,294.0,346.0
2026-10-02T19:07:14.852963+00:00,SivaChowdary,21.4,2600.0,6.2,14.0,23204.0,16042.0,60.8,12759.6,19749.9,4.7,54.1,0.0,0.0,0.0,0.0,84.0,10224.0,1.0,182.0,0.0,294.0,346.0
2026-10-02T19:07:16.003502+00:00,SivaChowdary,17.4,2600.0,10.5,6.4,19330.2,12442.6,60.8,12754.5,19755.0,4.7,54.1,0.0,16378.2,0.0,3.0,1397.5,5042.2,14.0,77.0,0.0,294.0,348.0
2026-10-02T19:07:16.850891+00:00,SivaChowdary,24.7,2600.0,3.7,20.0,17560.2,12145.1,60.7,12769.1,19740.4,4.7,54.1,0.0,12267.9,0.0,3.0,1312.8,2646.7,11.0,31.9,0.0,294.0,348.0
2026-10-02T19:07:17.921820+00:00,SivaChowdary,7.8,2600.0,3.6,4.0,38699.2,24782.3,60.7,12769.8,19739.7,4.7,54.1,0.0,155781.6,0.0,7.0,377.3,2048.8,4.0,34.0,0.0,294.0,346.0
2026-10-02T19:07:18.873272+00:00,SivaChowdary,19.6,2600.0,4.7,14.4,29660.1,21236.7,60.7,12761.1,19748.4,4.7,54.1,0.0,0.0,0.0,0.0,18452.5,17688.2,45.0,63.0,0.0,294.0,350.0
2026-10-02T19:07:19.964660+00:00,SivaChowdary,12.3,2600.0,3.4,8.1,41601.3,26185.5,60.8,12753.0,19756.5,4.7,54.1,0.0,12291.0,0.0,2.0,5072.3,21777.4,38.0,52.0,0.0,294.0,346.0
2026-10-02T19:07:20.880526+00:00,SivaChowdary,16.2,2600.0,3.0,12.6,16740.8,12414.8,60.7,12762.2,19747.3,4.7,54.1,0.0,61468.8,0.0,8.0,2822.3,33786.8,30.0,43.0,0.0,294.0,346.0
2026-10-02T19:07:22.020587+00:00,SivaChowdary,6.8,2600.0,2.4,4.0,16313.5,9764.1,60.7,12763.2,19746.3,4.7,54.1,0.0,303075.7,0.0,62.0,2897.7,28261.4,31.0,46.0,0.0,294.0,348.0
2026-10-02T19:07:22.902423+00:00,SivaChowdary,22.2,2600.0,2.6,19.2,15502.9,11463.3,60.7,12765.2,19744.3,4.7,54.1,0.0,8189.3,0.0,2.0,28049.9,1468910.9,189.9,1171.6,0.0,294.0,348.0
2026-10-02T19:07:23.859423+00:00,SivaChowdary,12.1,2600.0,4.0,7.0,45133.1,26265.5,60.7,12787.3,19722.2,4.7,54.1,0.0,24572.8,0.0,6.0,1478.8,687.9,2.0,11.0,0.0,294.0,346.0
2026-10-02T19:07:24.884775+00:00,SivaChowdary,17.3,2600.0,3.8,12.9,19082.1,12809.7,60.7,12777.1,19732.4,4.7,54.1,0.0,16390.1,0.0,3.0,84.0,487.2,1.0,7.0,0.0,294.0,348.0
2026-10-02T19:07:25.958981+00:00,SivaChowdary,11.1,2600.0,3.4,7.5,39986.7,24504.4,60.7,12778.7,19730.9,4.7,54.1,0.0,0.0,0.0,0.0,1177.6,1219.6,12.0,12.0,0.0,294.0,346.0
2026-10-02T19:07:26.833485+00:00,SivaChowdary,15.4,2600.0,1.9,12.9,23413.0,18257.0,60.7,12786.6,19722.9,4.7,54.1,0.0,53207.1,0.0,7.0,0.0,590.5,0.0,8.0,0.0,294.0,346.0
2026-10-02T19:07:28.041897+00:00,SivaChowdary,8.9,2600.0,2.7,5.4,16740.7,9327.3,60.6,12792.8,19716.7,4.7,54.1,0.0,200904.7,0.0,9.0,1859.9,1149.1,6.0,15.0,0.0,294.0,348.0
2026-10-02T19:07:28.903442+00:00,SivaChowdary,25.6,2600.0,3.7,20.7,15303.9,12179.2,60.7,12786.3,19723.2,4.7,54.1,0.0,94170.6,0.0,15.0,0.0,973.6,0.0,13.0,0.0,294.0,348.0
2026-10-02T19:07:29.856594+00:00,SivaChowdary,16.7,2600.0,8.6,7.3,48583.2,29046.0,60.6,12795.1,19714.4,4.7,54.1,0.0,0.0,0.0,0.0,36421.2,1537698.8,211.9,1234.7,0.0,294.0,346.0
2026-10-02T19:07:30.891677+00:00,SivaChowdary,14.8,2600.0,2.9,11.7,16738.0,10781.4,60.6,12797.1,19712.4,4.7,54.1,0.0,16393.8,0.0,4.0,337.2,910.5,4.0,13.0,0.0,294.0,348.0
2026-10-02T19:07:31.915019+00:00,SivaChowdary,10.4,2600.0,3.0,6.6,41864.2,24760.8,60.6,12793.1,19716.5,4.7,54.1,0.0,16391.1,0.0,4.0,1189.5,1577.7,10.0,14.0,0.0,294.0,346.0
2026-10-02T19:07:32.854719+00:00,SivaChowdary,16.0,2600.0,3.2,12.2,25608.3,20309.7,60.7,12791.8,19717.7,4.7,54.1,0.0,40949.2,0.0,8.0,629.8,1296.7,7.0,18.0,0.0,294.0,346.0
2026-10-02T19:07:33.978648+00:00,SivaChowdary,8.0,2600.0,3.2,4.5,15209.2,8477.7,60.6,12808.7,19700.9,4.7,54.1,0.0,0.0,0.0,0.0,10692.5,343270.4,35.0,275.9,0.0,294.0,348.0
2026-10-02T19:07:34.868935+00:00,SivaChowdary,23.8,2600.0,3.8,19.1,27131.8,18575.6,60.6,12793.2,19716.3,4.7,54.1,0.0,12281.1,0.0,2.0,33646.1,1934547.7,223.9,1529.1,0.0,294.0,348.0
2026-10-02T19:07:35.944686+00:00,SivaChowdary,6.6,2600.0,2.8,3.4,33219.4,19655.3,60.6,12803.4,19706.1,4.7,54.1,0.0,139336.8,0.0,3.0,1391.7,2190.1,16.0,22.0,0.0,294.0,346.0
2026-10-02T19:07:36.875669+00:00,SivaChowdary,20.0,2600.0,6.0,13.4,21358.1,14540.7,60.7,12791.5,19718.0,4.7,54.1,606070.3,16974063.3,7.0,162.0,1951.6,3003.3,19.0,30.0,0.0,294.0,348.0
2026-10-02T19:07:37.912181+00:00,SivaChowdary,18.4,2600.0,5.4,11.7,44436.8,27750.5,60.7,12790.4,19719.1,4.7,54.1,720909.8,8753319.0,7.0,99.0,84.0,488.0,1.0,8.0,0.0,294.0,348.0
2026-10-02T19:07:38.850210+00:00,SivaChowdary,17.3,2600.0,3.3,13.1,31698.1,22576.3,60.6,12813.0,19696.5,4.7,54.1,0.0,217177.7,0.0,26.0,1479.6,791.3,2.0,11.0,0.0,294.0,345.0
2026-10-02T19:07:40.021532+00:00,SivaChowdary,9.2,2600.0,2.6,6.0,13769.6,7870.3,60.6,12816.9,19692.6,4.7,54.1,16384.7,126981.2,1.0,18.0,2103.1,2081.1,16.0,24.0,0.0,294.0,347.0
2026-10-02T19:07:40.854639+00:00,SivaChowdary,25.3,2600.0,4.6,20.0,31328.4,21088.0,60.6,12807.5,19702.1,4.7,54.1,0.0,28681.5,0.0,3.0,253.1,823.3,3.0,10.0,0.0,294.0,347.0
2026-10-02T19:07:41.974505+00:00,SivaChowdary,9.7,2600.0,3.3,5.7,29460.6,16809.5,60.6,12818.3,19691.2,4.7,54.1,0.0,167592.4,0.0,27.9,460.1,995.0,5.0,15.0,0.0,294.0,345.0
2026-10-02T19:07:42.889423+00:00,SivaChowdary,14.7,2600.0,2.6,11.6,18137.9,11556.9,60.6,12819.6,19689.9,4.7,54.1,0.0,65666.1,0.0,14.0,38016.3,1887799.8,216.4,1488.9,0.0,294.0,348.0
2026-10-02T19:07:43.963540+00:00,SivaChowdary,12.7,2600.0,2.9,8.7,45829.9,27644.1,60.6,12819.2,19690.3,4.7,54.1,0.0,44996.0,0.0,9.0,30430.4,1330078.4,170.8,1069.6,0.0,294.0,345.0
2026-10-02T19:07:44.858518+00:00,SivaChowdary,14.7,2600.0,2.7,11.7,18319.6,11928.6,60.6,12815.4,19694.1,4.7,54.1,0.0,0.0,0.0,0.0,765.2,1676.6,8.0,19.0,0.0,294.0,345.0
2026-10-02T19:07:46.033100+00:00,SivaChowdary,11.5,2600.0,3.9,7.8,15892.2,9824.6,60.6,12813.1,19696.4,4.7,54.1,0.0,45031.1,0.0,11.0,20123.9,17263.5,47.0,65.0,0.0,294.0,347.0
2026-10-02T19:07:46.846224+00:00,SivaChowdary,24.6,2600.0,3.5,19.7,30905.2,20584.8,60.6,12815.0,19694.5,4.7,54.1,0.0,73759.6,0.0,8.0,1142.5,2022.9,9.0,16.0,0.0,294.0,347.0
2026-10-02T19:07:48.039218+00:00,SivaChowdary,8.5,2600.0,2.8,5.0,28487.7,16871.0,60.6,12822.6,19686.9,4.7,54.1,0.0,212840.6,0.0,19.0,420.7,550.6,5.0,8.0,0.0,294.0,345.0
2026-10-02T19:07:48.878507+00:00,SivaChowdary,20.1,1496.0,3.9,15.0,18700.6,12197.6,60.6,12817.0,19692.5,4.7,54.1,0.0,0.0,0.0,0.0,4961.3,1587.7,11.0,19.0,0.0,294.0,347.0
2026-10-02T19:07:49.950883+00:00,SivaChowdary,13.1,2600.0,3.4,9.0,39965.9,25281.3,60.6,12810.7,19698.8,4.7,54.1,0.0,77784.8,0.0,4.0,8320.8,15709.1,23.0,34.0,0.0,294.0,345.0
2026-10-02T19:07:50.845842+00:00,SivaChowdary,15.0,2600.0,2.5,11.4,23999.7,16663.9,60.6,12817.8,19691.8,4.7,54.1,0.0,155600.5,0.0,5.0,45026.2,3375381.1,351.9,2642.2,0.0,294.0,345.0
2026-10-02T19:07:51.984397+00:00,SivaChowdary,9.1,2600.0,2.4,6.5,13227.0,7807.1,60.6,12816.3,19693.2,4.7,54.1,0.0,36883.5,0.0,6.0,1017.5,1615.9,11.0,21.0,0.0,294.0,347.0
2026-10-02T19:07:52.850980+00:00,SivaChowdary,21.9,2600.0,3.9,17.4,47542.1,31586.8,60.6,12808.9,19700.6,4.7,54.1,0.0,12282.9,0.0,2.0,0.0,783.7,0.0,9.0,0.0,294.0,345.0
2026-10-02T19:07:53.943630+00:00,SivaChowdary,12.9,2600.0,3.6,8.0,13249.0,8230.8,60.6,12820.0,19689.5,4.7,54.1,0.0,20497.1,0.0,5.0,2191.8,1234.0,9.0,15.0,0.0,294.0,345.0
2026-10-02T19:07:54.885248+00:00,SivaChowdary,15.2,2600.0,4.0,10.8,21064.2,12843.9,60.6,12819.4,19690.1,4.7,54.1,0.0,12284.0,0.0,2.0,336.9,564.8,4.0,8.0,0.0,294.0,347.0
2026-10-02T19:07:55.949566+00:00,SivaChowdary,18.8,2600.0,3.8,14.2,44097.5,27385.8,60.6,12819.1,19690.4,4.7,54.1,16377.9,65511.6,1.0,7.0,1594.4,5795.8,12.0,15.0,0.0,294.0,345.0
2026-10-02T19:07:56.859290+00:00,SivaChowdary,11.5,2600.0,2.8,7.9,15800.6,9402.5,60.6,12823.3,19686.2,4.7,54.1,0.0,16386.7,0.0,3.0,359.1,717.1,4.0,10.0,0.0,294.0,346.0
2026-10-02T19:07:58.017722+00:00,SivaChowdary,13.8,2600.0,3.9,9.6,22365.5,13096.7,60.6,12818.0,19691.5,4.7,54.1,0.0,204795.0,0.0,16.0,20928.5,1231297.1,121.0,954.0,0.0,294.0,347.0
2026-10-02T19:07:58.856905+00:00,SivaChowdary,24.4,2600.0,5.3,17.7,49830.1,32696.6,60.6,12813.0,19696.5,4.7,54.1,0.0,77844.4,0.0,4.0,27417.2,1439314.1,156.0,1138.3,0.0,294.0,345.0
2026-10-02T19:07:59.908141+00:00,SivaChowdary,10.8,2600.0,1.9,8.3,12902.6,8183.7,60.5,12825.9,19683.6,4.7,54.1,0.0,0.0,0.0,0.0,632.0,1751.9,7.0,15.0,0.0,294.0,345.0
2026-10-02T19:08:00.911394+00:00,SivaChowdary,16.5,2600.0,3.6,11.6,15488.2,9800.3,60.6,12808.2,19701.3,4.7,54.1,0.0,20472.3,0.0,5.0,501.8,842.7,5.0,7.0,0.0,294.0,347.0
2026-10-02T19:08:01.933150+00:00,SivaChowdary,19.4,2600.0,3.4,15.2,40240.6,26678.1,60.6,12815.5,19694.0,4.7,54.1,0.0,57346.3,0.0,9.0,767.0,1160.0,6.0,10.0,0.0,294.0,345.0
2026-10-02T19:08:02.828872+00:00,SivaChowdary,10.8,1496.0,2.2,7.6,15115.5,8711.2,60.6,12814.3,19695.2,4.7,54.1,0.0,40994.0,0.0,7.0,1508.3,1538.3,14.0,16.0,0.0,294.0,345.0
2026-10-02T19:08:03.918848+00:00,SivaChowdary,11.7,2600.0,2.4,9.0,18314.4,12741.9,60.6,12809.9,19699.7,4.7,54.1,0.0,0.0,0.0,0.0,32291.6,2111408.0,200.9,1641.0,0.0,294.0,347.0
2026-10-02T19:08:04.859455+00:00,SivaChowdary,12.6,2600.0,3.0,8.8,44833.8,28049.5,60.6,12810.3,19699.2,4.7,54.1,0.0,618838.9,0.0,129.1,510.3,1709.9,6.0,15.0,0.0,294.0,345.0
2026-10-02T19:08:05.834675+00:00,SivaChowdary,13.5,2600.0,2.0,10.9,16955.2,11194.2,60.6,12808.7,19700.8,4.7,54.1,0.0,139241.1,0.0,3.0,1511.8,1506.8,13.0,18.0,0.0,294.0,345.0
2026-10-02T19:08:06.986623+00:00,SivaChowdary,7.3,2600.0,2.6,3.7,14388.1,8022.8,60.6,12808.0,19701.5,4.7,54.1,0.0,143320.9,0.0,19.0,852.8,872.8,9.0,11.0,0.0,294.0,347.0
2026-10-02T19:08:07.918773+00:00,SivaChowdary,26.3,2600.0,4.5,20.7,15983.0,11922.0,60.6,12805.8,19703.7,4.7,54.1,0.0,122880.3,0.0,5.0,945.0,2040.0,9.0,20.0,0.0,294.0,347.0
2026-10-02T19:08:08.852415+00:00,SivaChowdary,12.3,2600.0,3.2,8.3,45981.8,27726.7,60.6,12814.4,19695.1,4.7,54.1,0.0,184351.3,0.0,13.0,1395.2,679.1,1.0,9.0,0.0,294.0,345.0
2026-10-02T19:08:09.885530+00:00,SivaChowdary,14.5,2600.0,3.6,10.0,17178.8,10365.6,60.6,12808.5,19701.0,4.7,54.1,0.0,4095.5,0.0,1.0,84.0,686.9,1.0,10.0,0.0,294.0,347.0
2026-10-02T19:08:10.940618+00:00,SivaChowdary,9.0,2600.0,2.9,6.0,44238.0,25888.4,60.6,12809.9,19699.6,4.7,54.1,0.0,0.0,0.0,0.0,9611.1,28366.4,20.0,37.0,0.0,294.0,345.0
2026-10-02T19:08:11.838184+00:00,SivaChowdary,16.5,2600.0,3.3,12.6,22128.0,15494.0,60.6,12804.0,19705.5,4.7,54.1,0.0,24576.0,0.0,4.0,2395.0,486474.7,28.0,370.0,0.0,294.0,345.0
2026-10-02T19:08:12.930556+00:00,SivaChowdary,9.3,2600.0,3.3,5.5,13196.5,7411.4,60.6,12815.0,19694.5,4.7,54.1,0.0,20483.8,0.0,5.0,4286.8,316545.8,23.0,251.0,0.0,294.0,347.0
2026-10-02T19:08:13.834190+00:00,SivaChowdary,22.6,2600.0,3.4,18.5,35796.1,24867.6,60.6,12806.0,19703.5,4.7,54.1,0.0,94195.0,0.0,14.0,26152.4,514577.8,145.0,441.9,0.0,294.0,347.0
2026-10-02T19:08:14.918667+00:00,SivaChowdary,7.5,2600.0,2.6,4.2,22717.0,14052.4,60.6,12815.3,19694.2,4.7,54.1,0.0,0.0,0.0,0.0,12756.0,335008.5,54.0,282.9,0.0,294.0,345.0
2026-10-02T19:08:15.892004+00:00,SivaChowdary,18.0,2600.0,5.4,11.9,19151.0,11784.8,60.6,12802.6,19706.9,4.7,54.1,0.0,61491.3,0.0,8.0,13448.2,134818.4,50.0,124.1,0.0,294.0,349.0
2026-10-02T19:08:16.918233+00:00,SivaChowdary,16.7,2600.0,5.1,10.5,53169.6,32645.6,60.8,12759.0,19750.6,4.7,54.1,0.0,159712.7,0.0,10.0,15345.0,605132.4,79.0,483.9,0.0,294.0,346.0
2026-10-02T19:08:17.854947+00:00,SivaChowdary,13.0,1496.0,2.9,9.8,18200.6,11391.5,60.7,12762.9,19746.6,4.7,54.1,0.0,159792.8,0.0,9.0,35756.9,1727104.9,224.1,1362.4,0.0,294.0,346.0
2026-10-02T19:08:19.006503+00:00,SivaChowdary,11.3,2600.0,3.5,7.4,15476.2,9384.9,60.8,12757.1,19752.4,4.7,54.1,0.0,0.0,0.0,0.0,12955.7,608951.4,88.0,501.1,0.0,294.0,348.0
2026-10-02T19:08:19.866435+00:00,SivaChowdary,23.4,2600.0,5.4,17.1,48929.4,33903.9,60.8,12753.7,19755.9,4.7,54.1,0.0,40947.8,0.0,6.0,1596.5,19924.0,17.0,41.0,0.0,294.0,346.0
2026-10-02T19:08:20.945093+00:00,SivaChowdary,12.2,2600.0,3.1,8.4,14523.1,11182.6,60.7,12760.8,19748.7,4.7,54.1,0.0,331823.4,0.0,72.0,1220.2,2046.3,14.0,25.0,0.0,294.0,346.0
2026-10-02T19:08:21.907326+00:00,SivaChowdary,9.9,2600.0,2.3,7.0,16408.8,9542.9,60.7,12760.9,19748.6,4.7,54.1,0.0,118695.8,0.0,13.0,821.4,995.3,8.0,13.0,0.0,294.0,348.0
2026-10-02T19:08:22.910200+00:00,SivaChowdary,18.2,2600.0,3.4,14.0,41734.3,26833.9,60.7,12766.6,19742.9,4.7,54.1,0.0,16399.8,0.0,2.0,521.5,1125.1,5.0,15.0,0.0,294.0,346.0
2026-10-02T19:08:23.854271+00:00,SivaChowdary,11.8,1496.0,2.9,7.8,17706.7,9796.0,60.7,12767.9,19741.6,4.7,54.1,0.0,20484.2,0.0,4.0,13407.8,7659.6,34.0,46.0,0.0,294.0,346.0
2026-10-02T19:08:24.882326+00:00,SivaChowdary,16.9,2600.0,5.0,11.7,18173.0,12721.2,60.8,12751.9,19757.6,4.7,54.1,0.0,175992.3,0.0,5.0,21230.6,16396.4,42.0,56.0,0.0,294.0,348.0
2026-10-02T19:08:25.862553+00:00,SivaChowdary,12.8,2600.0,4.1,7.8,45478.2,27299.1,60.8,12757.7,19751.8,4.7,54.1,0.0,0.0,0.0,0.0,8497.1,398735.0,30.0,316.0,0.0,294.0,346.0
2026-10-02T19:08:26.858287+00:00,SivaChowdary,19.5,2600.0,5.1,13.3,19796.8,12423.7,60.8,12757.5,19752.0,4.7,54.1,0.0,49166.5,0.0,7.0,38271.3,2260112.9,298.1,1757.5,0.0,294.0,346.0
2026-10-02T19:08:27.956852+00:00,SivaChowdary,8.8,2600.0,3.5,4.6,18308.0,10929.2,60.7,12771.1,19738.4,4.7,54.1,0.0,204822.9,0.0,9.0,15036.7,1065994.9,125.0,841.1,0.0,294.0,348.0
2026-10-02T19:08:28.865285+00:00,SivaChowdary,28.5,2600.0,4.5,23.4,16560.6,12778.1,60.7,12763.8,19745.7,4.7,54.1,0.0,16381.6,0.0,4.0,3647.5,1429.8,12.0,19.0,0.0,294.0,348.0
2026-10-02T19:08:29.857310+00:00,SivaChowdary,11.7,2600.0,5.2,5.6,46448.4,26695.3,60.7,12769.2,19740.3,4.7,54.1,0.0,184246.2,0.0,3.0,5599.8,2517.0,17.0,26.0,0.0,294.0,346.0
2026-10-02T19:08:30.881613+00:00,SivaChowdary,16.3,2600.0,3.8,11.8,17898.7,11026.3,60.7,12764.0,19745.5,4.7,54.1,0.0,28678.0,0.0,5.0,25898.4,1364389.3,172.0,1074.2,0.0,294.0,348.0
2026-10-02T19:08:31.936131+00:00,SivaChowdary,13.0,2600.0,3.7,9.0,42227.3,24979.4,60.7,12766.1,19743.4,4.7,54.1,0.0,24590.2,0.0,4.0,5948.4,288332.0,49.0,252.1,0.0,294.0,346.0
2026-10-02T19:08:32.852117+00:00,SivaChowdary,16.4,2600.0,3.1,12.2,18851.9,13228.8,60.8,12758.4,19751.1,4.7,54.1,0.0,65525.1,0.0,9.0,336.9,667.9,4.0,9.0,0.0,294.0,346.0
2026-10-02T19:08:33.967284+00:00,SivaChowdary,16.6,2600.0,9.8,5.9,21472.0,12863.8,60.8,12738.3,19771.2,4.7,54.1,0.0,24562.2,0.0,4.0,9037.9,2666.5,20.0,24.0,0.0,294.0,348.0
2026-10-02T19:08:34.823209+00:00,SivaChowdary,27.1,2600.0,6.7,19.3,48301.7,32725.0,60.8,12734.9,19774.7,4.7,54.1,0.0,8190.8,0.0,2.0,547.9,1073.8,6.0,15.0,0.0,294.0,346.0
2026-10-02T19:08:35.948950+00:00,SivaChowdary,17.0,2600.0,9.7,6.6,26636.4,14933.8,60.8,12733.2,19776.3,4.7,54.1,0.0,143502.0,0.0,4.0,714.7,1531.5,8.0,23.0,0.0,294.0,346.0
2026-10-02T19:08:36.881741+00:00,SivaChowdary,17.1,2600.0,7.2,9.6,22970.3,14958.6,60.8,12737.1,19772.4,4.7,54.1,0.0,237498.9,0.0,54.0,587.8,1257.6,6.0,17.0,0.0,294.0,348.0
2026-10-02T19:08:37.926143+00:00,SivaChowdary,18.3,2600.0,6.9,11.0,45456.7,28594.5,60.8,12741.3,19768.3,4.7,54.1,0.0,143242.3,0.0,5.0,83.9,479.6,1.0,8.0,0.0,294.0,346.0
2026-10-02T19:08:38.864807+00:00,SivaChowdary,14.9,2600.0,3.6,10.0,19200.3,11604.6,60.8,12739.6,19769.9,4.7,54.1,0.0,12293.9,0.0,2.0,6127.0,1566.8,16.0,19.0,0.0,294.0,346.0
2026-10-02T19:08:40.009636+00:00,SivaChowdary,21.1,2600.0,11.2,9.3,20117.6,14244.6,60.8,12731.5,19778.0,4.7,54.1,0.0,139240.6,0.0,3.0,4822.2,2066.7,13.0,22.0,0.0,294.0,348.0
2026-10-02T19:08:40.867149+00:00,SivaChowdary,17.1,2600.0,4.8,11.8,43216.6,27899.2,60.8,12735.1,19774.4,4.7,54.1,0.0,155732.9,0.0,2.0,8535.7,3011.6,20.0,24.0,0.0,294.0,346.0
2026-10-02T19:08:41.898129+00:00,SivaChowdary,17.4,2600.0,4.8,11.8,17266.6,11852.7,60.8,12733.5,19776.0,4.7,54.1,0.0,90011.1,0.0,11.0,424.5,737.2,5.0,9.0,0.0,294.0,346.0
2026-10-02T19:08:42.886425+00:00,SivaChowdary,10.0,2600.0,4.5,4.9,19117.3,10428.1,60.8,12739.5,19770.0,4.7,54.1,0.0,8200.7,0.0,2.0,1159.2,1793.9,12.0,22.0,0.0,294.0,348.0
2026-10-02T19:08:43.868365+00:00,SivaChowdary,22.4,2600.0,3.9,17.8,36011.9,24270.5,60.8,12732.1,19777.4,4.7,54.1,0.0,20472.0,0.0,5.0,1813.3,860.7,6.0,12.0,0.0,294.0,346.0
2026-10-02T19:08:44.835133+00:00,SivaChowdary,9.3,1496.0,3.6,5.1,23348.2,12903.5,60.8,12740.2,19769.3,4.7,54.1,0.0,0.0,0.0,0.0,84.0,655.2,1.0,10.0,0.0,294.0,346.0
2026-10-02T19:08:45.906877+00:00,SivaChowdary,20.7,2600.0,5.1,14.7,19022.9,12586.3,60.8,12741.7,19767.8,4.7,54.1,0.0,192562.0,0.0,26.0,377.1,941.2,4.0,11.0,0.0,294.0,348.0
2026-10-02T19:08:46.959042+00:00,SivaChowdary,14.5,2600.0,5.0,8.9,45936.6,28700.7,60.8,12744.0,19765.5,4.7,54.1,0.0,57297.4,0.0,8.0,20081.7,986419.6,118.9,793.4,0.0,294.0,346.0
2026-10-02T19:08:47.825762+00:00,SivaChowdary,26.5,2600.0,11.1,14.8,21855.0,14293.9,60.8,12730.5,19779.0,4.7,54.1,0.0,208982.1,0.0,13.0,20237.3,594485.1,75.0,472.2,0.0,294.0,346.0
2026-10-02T19:08:49.033045+00:00,SivaChowdary,12.9,2600.0,6.2,6.5,23214.8,14204.2,60.8,12728.7,19780.8,4.7,54.1,0.0,0.0,0.0,0.0,24640.2,1209924.7,155.0,980.3,0.0,294.0,348.0
2026-10-02T19:08:49.835983+00:00,SivaChowdary,27.6,2600.0,6.3,20.2,38549.4,25772.5,60.9,12716.2,19793.3,4.7,54.1,0.0,57294.1,0.0,10.0,20190.4,383977.4,73.9,397.7,0.0,294.0,348.0
2026-10-02T19:08:50.938051+00:00,SivaChowdary,9.6,2600.0,5.7,3.7,28497.3,16859.4,60.8,12728.1,19781.4,4.7,54.1,0.0,32733.9,0.0,5.0,460.5,7731.9,5.0,134.9,0.0,294.0,346.0
2026-10-02T19:08:51.868906+00:00,SivaChowdary,20.9,2600.0,8.8,11.6,20421.0,13638.7,60.9,12726.6,19782.9,4.7,54.1,0.0,65625.8,0.0,9.0,16183.2,850004.7,87.1,752.0,0.0,294.0,348.0
2026-10-02T19:08:52.899399+00:00,SivaChowdary,15.7,2600.0,6.5,8.7,47738.6,28178.8,60.9,12720.3,19789.2,4.7,54.1,0.0,12293.6,0.0,2.0,39036.7,2381895.4,235.1,1936.9,0.0,294.0,346.0
2026-10-02T19:08:53.828766+00:00,SivaChowdary,15.6,2600.0,4.6,10.8,21044.5,13112.5,60.9,12723.9,19785.6,4.7,54.1,0.0,233499.5,0.0,54.0,46667.5,2414589.4,280.0,1883.2,0.0,294.0,346.0
2026-10-02T19:08:54.975437+00:00,SivaChowdary,16.1,2600.0,7.3,8.5,29148.6,16968.4,60.9,12715.9,19793.6,4.7,54.1,0.0,24424.0,0.0,4.0,68788.8,3249677.0,419.4,2590.9,0.0,294.0,348.0
2026-10-02T19:08:55.828298+00:00,SivaChowdary,25.7,2600.0,9.1,16.4,50530.8,33002.1,60.9,12716.9,19792.6,4.7,54.1,0.0,0.0,0.0,0.0,44614.2,2469169.8,269.5,1937.7,0.0,294.0,346.0
2026-10-02T19:08:56.911267+00:00,SivaChowdary,10.8,2600.0,4.4,5.9,16679.9,9269.7,60.9,12725.1,19784.4,4.7,54.1,0.0,24596.5,0.0,4.0,5047.2,210983.2,40.0,196.2,0.0,294.0,346.0
2026-10-02T19:08:57.913480+00:00,SivaChowdary,16.1,1496.0,5.4,9.6,24979.9,16806.0,60.8,12728.8,19780.7,4.7,54.1,0.0,204496.0,0.0,17.0,15837.5,742068.7,80.9,610.1,0.0,294.0,348.0
2026-10-02T19:08:58.954888+00:00,SivaChowdary,18.2,2600.0,4.6,13.1,53239.0,34247.9,60.8,12729.4,19780.1,4.7,54.1,0.0,16403.1,0.0,3.0,10365.1,2404.8,18.0,25.0,0.0,294.0,346.0
2026-10-02T19:08:59.870531+00:00,SivaChowdary,15.8,2600.0,5.8,9.2,21147.8,13175.1,60.9,12720.7,19788.8,4.7,54.1,0.0,0.0,0.0,0.0,21299.7,604331.6,77.0,504.9,0.0,294.0,346.0
2026-10-02T19:09:00.985951+00:00,SivaChowdary,20.9,2600.0,9.3,11.4,26088.2,19272.4,60.9,12722.6,19786.9,4.7,54.1,0.0,16383.5,0.0,3.0,168.0,400.0,2.0,6.0,0.0,294.0,348.0
2026-10-02T19:09:01.841042+00:00,SivaChowdary,19.0,2600.0,6.1,12.1,51007.6,33271.0,60.8,12729.7,19779.9,4.7,54.1,0.0,143437.7,0.0,4.0,47275.6,2897631.3,286.2,2255.2,0.0,294.0,346.0
2026-10-02T19:09:02.893579+00:00,SivaChowdary,15.8,2600.0,4.9,10.6,21033.6,14440.7,60.9,12721.1,19788.5,4.7,54.1,0.0,159740.8,0.0,14.0,36580.3,2867200.6,286.0,2227.0,0.0,294.0,346.0
2026-10-02T19:09:03.879309+00:00,SivaChowdary,10.2,2600.0,3.9,5.6,17382.3,9431.9,60.9,12721.7,19787.8,4.7,54.1,0.0,0.0,0.0,0.0,10198.7,178502.8,43.0,166.9,0.0,294.0,348.0
2026-10-02T19:09:04.857668+00:00,SivaChowdary,27.8,2600.0,9.6,17.5,45969.3,29084.0,60.8,12731.1,19778.4,4.7,54.1,0.0,24557.5,0.0,4.0,47545.1,2713062.4,292.8,2151.4,0.0,294.0,345.0
2026-10-02T19:09:05.851856+00:00,SivaChowdary,12.4,2600.0,6.3,5.4,34878.4,19991.7,60.8,12741.3,19768.2,4.7,54.1,0.0,139401.6,0.0,3.0,26150.8,1021276.3,120.1,852.8,0.0,294.0,345.0
2026-10-02T19:09:06.874586+00:00,SivaChowdary,20.3,2600.0,6.2,13.0,21036.4,13149.2,60.9,12722.1,19787.4,4.7,54.1,0.0,36836.7,0.0,6.0,35007.0,1549013.0,182.9,1356.0,0.0,294.0,347.0
2026-10-02T19:09:07.873092+00:00,SivaChowdary,16.9,2600.0,6.5,9.9,49046.5,31109.3,60.8,12727.6,19781.9,4.7,54.1,65566.1,192600.4,1.0,10.0,32291.8,36230.6,96.0,286.1,0.0,294.0,346.0
2026-10-02T19:09:08.853412+00:00,SivaChowdary,26.9,2600.0,12.7,13.6,29233.2,18203.2,60.8,12732.1,19777.4,4.7,54.1,65547.7,49160.8,1.0,8.0,110895.8,3086141.6,438.1,2634.5,0.0,294.0,345.0
2026-10-02T19:09:09.965059+00:00,SivaChowdary,15.6,2600.0,10.0,5.4,29560.7,17483.8,60.9,12718.8,19790.8,4.7,54.1,16383.9,360444.8,1.0,76.0,193079.3,5291138.3,789.0,4430.0,0.0,294.0,347.0
2026-10-02T19:09:10.834836+00:00,SivaChowdary,29.7,2600.0,11.2,17.9,52777.0,37164.3,60.9,12719.2,19790.3,4.7,54.1,0.0,0.0,0.0,0.0,67749.0,1507081.2,299.8,1362.3,0.0,294.0,345.0
2026-10-02T19:09:11.907914+00:00,SivaChowdary,12.5,2600.0,5.4,6.5,29330.8,19343.2,61.1,12636.3,19873.2,4.7,54.1,81925.1,86021.4,2.0,9.0,19982.3,451198.3,169.0,460.0,0.0,294.0,347.0
2026-10-02T19:09:12.901280+00:00,SivaChowdary,15.4,2600.0,3.7,10.6,26130.6,18676.6,61.2,12613.1,19896.4,4.7,54.1,49172.0,131125.3,1.0,7.0,29438.0,173283.4,107.0,359.1,0.0,294.0,351.0
2026-10-02T19:09:13.939546+00:00,SivaChowdary,16.9,1496.0,5.0,11.5,52013.3,33272.9,61.2,12611.3,19898.2,4.7,54.1,0.0,32712.9,0.0,6.0,8969.9,185248.7,52.9,255.6,0.0,294.0,347.0
2026-10-02T19:09:14.858684+00:00,SivaChowdary,12.4,2600.0,2.6,9.2,24246.4,17770.0,61.2,12611.5,19898.0,4.7,54.1,65661.8,0.0,1.0,0.0,31877.1,528659.7,90.2,443.9,0.0,294.0,347.0
2026-10-02T19:09:15.981400+00:00,SivaChowdary,13.5,2600.0,2.6,9.9,20920.4,15175.4,61.2,12626.7,19882.8,4.7,54.1,0.0,405221.0,0.0,5.0,36172.7,467928.2,215.8,410.7,0.0,294.0,349.0
2026-10-02T19:09:16.863755+00:00,SivaChowdary,17.3,2600.0,4.4,12.3,44123.9,29653.5,61.2,12626.3,19883.2,4.7,54.1,0.0,24564.8,0.0,5.0,41647.1,849667.9,256.9,681.7,0.0,294.0,347.0
2026-10-02T19:09:17.921160+00:00,SivaChowdary,12.2,2600.0,3.0,8.5,15730.6,10571.1,61.2,12628.9,19880.6,4.7,54.1,49175.9,311447.4,1.0,17.0,9368.6,19485.5,30.0,45.0,0.0,294.0,347.0
2026-10-02T19:09:18.900862+00:00,SivaChowdary,13.7,1496.0,4.1,8.4,22559.9,13398.1,61.2,12628.2,19881.3,4.7,54.1,0.0,270418.4,0.0,36.0,66641.3,3672843.1,382.1,2905.9,0.0,294.0,349.0
2026-10-02T19:09:19.925838+00:00,SivaChowdary,21.5,2600.0,3.6,17.5,43884.6,28036.2,61.2,12619.1,19890.4,4.7,54.1,0.0,90125.6,0.0,17.0,16466.5,221392.3,93.0,333.1,0.0,294.0,347.0
2026-10-02T19:09:20.856367+00:00,SivaChowdary,15.0,1496.0,4.1,10.0,23883.4,17491.0,61.1,12637.6,19871.9,4.7,54.1,16387.7,106520.1,1.0,13.0,19457.4,891850.6,112.0,939.2,0.0,294.0,347.0
2026-10-02T19:09:21.952716+00:00,SivaChowdary,16.0,2600.0,4.7,10.5,14994.4,9461.9,61.1,12645.1,19864.4,4.7,54.1,0.0,130988.1,0.0,15.0,592.6,6262.0,7.0,105.9,0.0,294.0,349.0
2026-10-02T19:09:22.853012+00:00,SivaChowdary,14.1,2600.0,3.6,9.8,40559.8,27117.6,61.1,12649.9,19859.6,4.7,54.1,0.0,4099.1,0.0,1.0,1354.0,2439.9,13.0,31.0,0.0,294.0,347.0
2026-10-02T19:09:23.848124+00:00,SivaChowdary,15.4,2600.0,3.8,11.1,19005.7,11115.5,61.1,12646.0,19863.5,4.7,54.1,0.0,28665.6,0.0,5.0,2567.4,1931.6,13.0,22.0,0.0,294.0,347.0
2026-10-02T19:09:24.881626+00:00,SivaChowdary,14.3,2600.0,4.6,8.2,20863.3,14020.8,61.1,12653.8,19855.7,4.7,54.1,0.0,167849.6,0.0,9.0,336.8,795.6,4.0,11.0,0.0,294.0,349.0
2026-10-02T19:09:25.848554+00:00,SivaChowdary,21.0,2600.0,3.7,16.8,26784.0,18552.8,61.1,12636.2,19873.3,4.7,54.1,0.0,0.0,0.0,0.0,800.1,2186.3,9.0,25.0,0.0,294.0,349.0
2026-10-02T19:09:26.867964+00:00,SivaChowdary,12.8,2600.0,4.5,6.9,34811.1,20167.7,61.1,12637.9,19871.6,4.7,54.1,0.0,389076.5,0.0,76.0,2970.7,3349.6,16.0,22.0,0.0,294.0,347.0
2026-10-02T19:09:27.885027+00:00,SivaChowdary,21.0,2600.0,4.5,15.7,18822.4,13228.2,61.1,12634.7,19874.8,4.7,54.1,0.0,229466.6,0.0,20.0,172.1,445.2,2.0,6.0,0.0,294.0,350.0
2026-10-02T19:09:28.936108+00:00,SivaChowdary,15.1,2600.0,4.3,9.8,45747.0,29210.1,61.1,12632.5,19877.0,4.7,54.1,0.0,90106.1,0.0,5.0,36096.6,1265811.7,167.0,1014.9,0.0,294.0,347.0
2026-10-02T19:09:29.851543+00:00,SivaChowdary,16.4,1496.0,3.6,12.6,18151.8,11770.3,61.1,12640.5,19869.0,4.7,54.1,0.0,0.0,0.0,0.0,721.8,2359.5,7.0,23.0,0.0,294.0,347.0
2026-10-02T19:09:30.967588+00:00,SivaChowdary,10.0,2600.0,3.9,5.5,15787.0,9047.6,61.1,12646.8,19862.7,4.7,54.1,0.0,16385.0,0.0,2.0,844.1,1731.1,10.0,16.0,0.0,294.0,349.0
2026-10-02T19:09:31.916915+00:00,SivaChowdary,26.4,2600.0,3.8,21.8,13804.5,10704.0,61.1,12640.7,19868.8,4.7,54.1,0.0,16387.0,0.0,4.0,1019.2,1567.3,8.0,15.0,0.0,294.0,349.0
2026-10-02T19:09:32.848312+00:00,SivaChowdary,24.1,2600.0,5.7,17.8,59085.0,35131.2,60.9,12696.5,19813.0,4.7,54.1,0.0,45033.1,0.0,9.0,19013.3,997515.7,88.0,782.6,0.0,294.0,347.0
2026-10-02T19:09:33.872993+00:00,SivaChowdary,35.6,2600.0,8.8,25.8,34261.7,24400.5,60.4,12882.0,19627.5,4.7,54.1,0.0,409608.2,0.0,2.0,9813.2,4700.1,36.0,40.0,0.0,294.0,349.0
2026-10-02T19:09:34.954116+00:00,SivaChowdary,19.0,2600.0,2.6,15.9,56604.5,38440.9,59.9,13036.0,19473.5,4.9,54.1,0.0,4951149.2,0.0,17.0,1732.7,1982.6,17.0,22.0,0.0,294.0,347.0
2026-10-02T19:09:35.864081+00:00,SivaChowdary,18.1,2600.0,4.4,12.7,26647.5,18730.0,59.9,13048.1,19461.4,4.9,54.1,0.0,184448.1,0.0,10.0,23671.4,719821.8,93.1,584.4,0.0,294.0,347.0
2026-10-02T19:09:36.963285+00:00,SivaChowdary,9.1,2600.0,4.0,5.0,16943.1,9700.3,59.9,13025.0,19484.5,4.9,54.1,0.0,180267.2,0.0,6.0,1256.3,1918.5,12.0,22.0,0.0,294.0,349.0
2026-10-02T19:09:37.867448+00:00,SivaChowdary,25.3,2600.0,3.6,20.4,23742.9,20668.5,59.9,13035.4,19474.1,4.9,54.1,0.0,307044.1,0.0,24.0,292.9,796.6,3.0,12.0,0.0,294.0,349.0
2026-10-02T19:09:38.861442+00:00,SivaChowdary,15.6,2600.0,8.1,6.7,43584.0,27966.0,59.9,13049.1,19460.4,4.9,54.1,0.0,8189.4,0.0,2.0,6135.0,2103.3,17.0,24.0,0.0,294.0,347.0
2026-10-02T19:09:39.888491+00:00,SivaChowdary,19.2,2600.0,5.2,13.1,19434.5,12557.8,59.8,13062.3,19447.2,4.9,54.1,0.0,8190.5,0.0,2.0,1014.8,1370.8,10.0,16.0,0.0,294.0,349.0
2026-10-02T19:09:40.937521+00:00,SivaChowdary,15.3,2600.0,5.1,9.3,45903.2,29799.1,59.8,13053.2,19456.3,4.9,54.1,0.0,16369.8,0.0,4.0,2655.7,3149.3,24.0,33.0,0.0,294.0,347.0
2026-10-02T19:09:41.853333+00:00,SivaChowdary,17.8,2600.0,3.4,13.4,15674.8,10198.2,59.8,13057.7,19451.8,4.9,54.1,0.0,12305.1,0.0,2.0,0.0,368.5,0.0,6.0,0.0,294.0,347.0
2026-10-02T19:09:42.986619+00:00,SivaChowdary,10.8,2600.0,4.1,6.0,18056.0,10843.8,59.8,13066.5,19443.0,4.9,54.1,0.0,401696.6,0.0,63.0,605.4,746.5,6.0,8.0,0.0,294.0,349.0
2026-10-02T19:09:43.842706+00:00,SivaChowdary,23.6,2600.0,3.6,19.6,15945.1,11410.6,59.8,13061.6,19447.9,4.9,54.1,0.0,16360.5,0.0,3.0,4556.5,856.8,7.0,10.0,0.0,294.0,349.0
2026-10-02T19:09:44.943689+00:00,SivaChowdary,8.1,2600.0,2.8,4.3,40326.8,25095.1,59.8,13069.0,19440.6,4.9,54.1,0.0,0.0,0.0,0.0,1186.1,1978.9,12.0,19.0,0.0,294.0,347.0
2026-10-02T19:09:45.905118+00:00,SivaChowdary,17.1,2600.0,3.6,13.1,20562.6,14549.1,59.8,13059.4,19450.2,4.9,54.1,0.0,40943.3,0.0,8.0,888.6,1332.5,10.0,16.0,0.0,294.0,349.0
2026-10-02T19:09:46.934554+00:00,SivaChowdary,12.7,2600.0,2.7,9.0,44587.0,32184.0,59.8,13075.9,19433.6,4.9,54.1,0.0,8192.0,0.0,2.0,725.0,982.0,5.0,8.0,0.0,294.0,347.0
2026-10-02T19:09:47.845889+00:00,SivaChowdary,15.5,1496.0,2.8,12.4,15115.2,9611.8,59.8,13081.4,19428.1,4.9,54.1,0.0,102313.1,0.0,14.0,252.8,1172.0,3.0,11.0,0.0,294.0,347.0
2026-10-02T19:09:48.981681+00:00,SivaChowdary,9.4,2600.0,3.0,6.0,19969.8,13578.4,59.5,13168.0,19341.5,4.9,54.1,0.0,0.0,0.0,0.0,2658.8,1782.2,15.0,18.0,0.0,294.0,349.0
2026-10-02T19:09:49.852605+00:00,SivaChowdary,23.0,2600.0,2.8,19.5,20829.9,14970.5,59.5,13160.9,19348.6,4.9,54.1,0.0,12295.0,0.0,3.0,676.4,1077.6,7.0,12.0,0.0,294.0,347.0
2026-10-02T19:09:50.928850+00:00,SivaChowdary,10.5,2600.0,4.2,5.3,40274.7,26451.1,59.5,13176.0,19333.6,4.9,54.1,0.0,77833.0,0.0,11.0,1297.2,1786.2,13.0,18.0,0.0,294.0,345.0
2026-10-02T19:09:51.916423+00:00,SivaChowdary,21.7,2600.0,5.4,14.8,28530.5,18297.8,59.5,13177.5,19332.0,4.9,54.1,0.0,49054.9,0.0,12.0,841.3,1467.1,9.0,18.0,0.0,294.0,347.0
2026-10-02T19:09:52.939061+00:00,SivaChowdary,15.4,2600.0,4.5,9.1,40006.6,24995.2,59.5,13176.7,19332.8,4.9,54.1,0.0,131214.9,0.0,3.0,758.8,1274.4,8.0,16.0,0.0,294.0,345.0
2026-10-02T19:09:53.856021+00:00,SivaChowdary,17.6,2600.0,4.2,12.7,17042.6,10334.8,59.5,13176.0,19333.5,4.9,54.1,0.0,20491.6,0.0,5.0,1944.1,1274.7,7.0,18.0,0.0,294.0,345.0
2026-10-02T19:09:55.005596+00:00,SivaChowdary,13.2,2600.0,4.6,8.0,16818.8,9501.2,59.5,13166.3,19343.2,4.9,54.1,0.0,32761.8,0.0,5.0,41745.1,2035228.8,246.0,1624.7,0.0,294.0,347.0
2026-10-02T19:09:55.848066+00:00,SivaChowdary,24.0,2600.0,4.3,18.8,30870.4,19946.6,59.5,13167.1,19342.4,4.9,54.1,0.0,0.0,0.0,0.0,15087.2,12859.0,22.0,36.0,0.0,294.0,347.0
2026-10-02T19:09:56.917269+00:00,SivaChowdary,8.3,2600.0,2.6,4.5,28672.1,16525.6,59.5,13176.3,19333.2,4.9,54.1,0.0,81923.1,0.0,14.0,2963.1,4660.2,17.0,27.0,0.0,294.0,345.0
2026-10-02T19:09:57.896361+00:00,SivaChowdary,16.1,2600.0,3.0,12.3,18657.4,11676.9,59.5,13168.3,19341.2,4.9,54.1,0.0,86059.4,0.0,12.0,20822.5,1048654.8,125.1,815.4,0.0,294.0,347.0
2026-10-02T19:09:58.967253+00:00,SivaChowdary,13.9,2600.0,3.8,9.3,39494.9,23884.1,59.4,13183.0,19326.5,4.9,54.1,0.0,221110.5,0.0,49.0,3606.8,120627.9,20.0,118.0,0.0,294.0,345.0
2026-10-02T19:09:59.843449+00:00,SivaChowdary,16.5,2600.0,3.6,11.7,17254.0,9983.2,59.5,13177.1,19332.4,4.9,54.1,0.0,32771.8,0.0,7.0,844.1,1012.1,10.0,13.0,0.0,294.0,345.0
2026-10-02T19:10:00.960215+00:00,SivaChowdary,13.9,2600.0,4.0,9.8,15474.2,9488.3,59.5,13179.7,19329.8,4.9,54.1,0.0,40952.6,0.0,9.0,1353.8,1705.7,13.0,15.0,0.0,294.0,347.0
2026-10-02T19:10:01.852406+00:00,SivaChowdary,18.4,2600.0,3.7,13.8,46512.6,30267.0,59.5,13179.9,19329.7,4.9,54.1,0.0,12294.5,0.0,3.0,938.5,1179.6,8.0,9.0,0.0,294.0,345.0
2026-10-02T19:10:02.941544+00:00,SivaChowdary,12.4,2600.0,3.8,7.9,15184.3,9672.0,59.5,13181.6,19327.9,4.9,54.1,0.0,204588.7,0.0,15.0,32087.9,1778445.6,213.8,1394.6,0.0,294.0,345.0
2026-10-02T19:10:03.921453+00:00,SivaChowdary,14.8,2600.0,4.5,9.0,23572.2,16378.2,59.5,13182.3,19327.2,4.9,54.1,0.0,0.0,0.0,0.0,2059.9,1039.4,8.0,13.0,0.0,294.0,347.0
2026-10-02T19:10:04.939321+00:00,SivaChowdary,15.6,2600.0,2.9,11.5,38307.1,25511.3,59.5,13181.5,19328.0,4.9,54.1,0.0,16431.2,0.0,3.0,464.3,694.0,5.0,8.0,0.0,294.0,345.0
2026-10-02T19:10:05.830596+00:00,SivaChowdary,9.5,2600.0,2.6,6.5,14324.1,8353.2,59.5,13180.2,19329.3,4.9,54.1,0.0,143311.3,0.0,3.0,670.8,1174.6,7.0,15.0,0.0,294.0,345.0
2026-10-02T19:10:06.993515+00:00,SivaChowdary,14.8,2600.0,3.0,10.8,15403.9,9895.4,59.5,13171.0,19338.5,4.9,54.1,0.0,196735.0,0.0,11.0,12929.3,8957.8,86.1,86.1,0.0,294.0,347.0
2026-10-02T19:10:07.851351+00:00,SivaChowdary,18.0,2600.0,5.1,12.4,44463.4,29367.6,59.5,13178.3,19331.2,4.9,54.1,0.0,86009.0,0.0,5.0,1042.9,1093.9,11.0,14.0,0.0,294.0,345.0
2026-10-02T19:10:08.907836+00:00,SivaChowdary,13.2,2600.0,3.0,9.6,14655.3,9302.9,59.4,13183.4,19326.1,4.9,54.1,16382.1,90101.6,1.0,11.0,24261.2,1072173.8,117.0,859.9,0.0,294.0,345.0
2026-10-02T19:10:09.933249+00:00,SivaChowdary,12.0,1496.0,3.9,7.1,17244.8,9436.0,59.5,13177.8,19331.7,4.9,54.1,0.0,0.0,0.0,0.0,767.6,1469.1,7.0,15.0,0.0,294.0,347.0
2026-10-02T19:10:10.872751+00:00,SivaChowdary,23.0,2600.0,4.3,18.1,39395.6,24600.2,59.5,13177.7,19331.9,4.9,54.1,0.0,0.0,0.0,0.0,149.9,544.6,2.0,8.0,0.0,294.0,345.0
2026-10-02T19:10:11.841610+00:00,SivaChowdary,8.4,2600.0,2.5,5.2,28775.9,15869.5,59.5,13176.6,19332.9,4.9,54.1,0.0,32769.0,0.0,5.0,21384.6,93446.8,103.0,154.0,0.0,294.0,345.0
2026-10-02T19:10:12.846151+00:00,SivaChowdary,15.1,2600.0,3.3,10.9,18654.9,11440.4,59.5,13178.4,19331.1,4.9,54.1,0.0,270392.0,0.0,12.0,8624.8,567481.4,74.0,465.1,0.0,294.0,347.0
2026-10-02T19:10:13.941459+00:00,SivaChowdary,11.5,2600.0,2.9,7.4,38635.1,24340.2,59.5,13176.8,19332.7,4.9,54.1,0.0,8191.4,0.0,2.0,1478.9,679.9,2.0,11.0,0.0,294.0,345.0
2026-10-02T19:10:14.864706+00:00,SivaChowdary,15.0,2600.0,1.7,12.4,18700.5,13578.5,59.5,13172.9,19336.6,4.9,54.1,0.0,0.0,0.0,0.0,84.0,423.9,1.0,7.0,0.0,294.0,345.0
2026-10-02T19:10:15.996029+00:00,SivaChowdary,15.5,2600.0,8.0,7.6,15905.5,9897.7,59.5,13160.7,19348.8,4.9,54.1,0.0,196502.9,0.0,47.0,14759.1,469938.7,74.0,391.8,0.0,294.0,347.0
2026-10-02T19:10:16.852961+00:00,SivaChowdary,24.1,2600.0,3.9,18.6,16264.6,11741.8,59.5,13167.4,19342.1,4.9,54.1,16390.7,61465.0,1.0,6.0,1396.6,1653.7,12.0,14.0,0.0,294.0,347.0
2026-10-02T19:10:17.925368+00:00,SivaChowdary,10.1,2600.0,4.3,5.1,36878.3,24187.0,59.5,13180.7,19328.9,4.9,54.1,0.0,24566.8,0.0,5.0,336.9,732.7,4.0,11.0,0.0,294.0,345.0
2026-10-02T19:10:18.888761+00:00,SivaChowdary,16.3,2600.0,3.2,12.7,16794.2,10886.8,59.5,13167.4,19342.1,4.9,54.1,0.0,0.0,0.0,0.0,4290.3,2553.2,17.0,28.0,0.0,294.0,347.0
2026-10-02T19:10:20.003837+00:00,SivaChowdary,12.7,2600.0,3.9,8.6,43751.6,29267.8,59.5,13170.7,19338.8,4.9,54.1,0.0,12294.6,0.0,3.0,4222.3,20160.9,38.0,45.0,0.0,294.0,345.0
2026-10-02T19:10:20.853808+00:00,SivaChowdary,22.6,2600.0,4.8,16.8,19582.6,14992.4,59.5,13173.2,19336.3,4.9,54.1,0.0,188508.8,0.0,9.0,2328.1,3225.6,22.0,34.0,0.0,294.0,345.0
2026-10-02T19:10:22.093705+00:00,SivaChowdary,9.0,2600.0,3.4,5.1,14761.0,8669.1,59.5,13170.2,19339.3,4.9,54.1,0.0,69584.9,0.0,10.0,1867.7,2487.3,19.0,29.0,0.0,294.0,347.0
2026-10-02T19:10:22.931052+00:00,SivaChowdary,25.9,2600.0,4.2,21.0,18819.5,15586.7,59.5,13163.0,19346.5,4.9,54.1,0.0,122870.1,0.0,3.0,1231.9,2515.8,12.0,25.0,0.0,294.0,347.0
2026-10-02T19:10:23.865921+00:00,SivaChowdary,12.8,2600.0,4.8,7.6,43436.0,26743.3,59.5,13171.5,19338.0,4.9,54.1,0.0,24587.3,0.0,3.0,3997.8,4997.3,7.0,75.0,0.0,294.0,345.0
2026-10-02T19:10:24.886922+00:00,SivaChowdary,18.4,2600.0,4.5,13.4,16741.1,10386.9,59.5,13166.8,19342.8,4.9,54.1,0.0,20458.1,0.0,4.0,847.1,12586.5,8.0,202.8,0.0,294.0,347.0
2026-10-02T19:10:25.950039+00:00,SivaChowdary,10.5,2600.0,2.8,7.0,41659.6,25990.4,59.5,13168.8,19340.7,4.9,54.1,0.0,32743.3,0.0,4.0,1771.7,16229.8,13.0,204.8,0.0,294.0,345.0
2026-10-02T19:10:26.852523+00:00,SivaChowdary,15.0,2600.0,2.3,12.3,16295.4,10853.3,59.5,13175.7,19333.8,4.9,54.1,0.0,94331.9,0.0,14.0,2561.4,10018.2,20.0,143.2,0.0,294.0,345.0
2026-10-02T19:10:28.067460+00:00,SivaChowdary,7.9,2600.0,2.5,4.4,14343.9,8271.6,59.5,13169.3,19340.2,4.9,54.1,0.0,106465.7,0.0,14.0,3210.1,13709.1,20.0,190.9,0.0,294.0,347.0
2026-10-02T19:10:29.000498+00:00,SivaChowdary,28.2,2600.0,4.0,23.5,15894.0,12890.9,59.5,13168.5,19341.0,4.9,54.1,0.0,20494.2,0.0,3.0,1396.0,10525.3,1.0,243.2,0.0,294.0,347.0
2026-10-02T19:10:29.860441+00:00,SivaChowdary,15.2,2600.0,3.1,11.4,50205.6,29715.3,59.5,13177.6,19331.9,4.9,54.1,0.0,0.0,0.0,0.0,336.8,8354.4,4.0,185.9,0.0,294.0,345.0
2026-10-02T19:10:30.931203+00:00,SivaChowdary,13.8,2600.0,3.0,10.3,20339.4,13691.3,59.5,13158.0,19351.6,4.9,54.1,0.0,8197.0,0.0,2.0,714.4,4822.9,8.0,97.1,0.0,294.0,347.0
2026-10-02T19:10:31.822323+00:00,SivaChowdary,23.7,1496.0,12.3,10.2,51376.9,31561.1,59.6,13134.7,19374.8,4.9,54.1,0.0,233258.2,0.0,53.0,809.3,1899.3,6.0,21.0,0.0,294.0,345.0
2026-10-02T19:10:32.875579+00:00,SivaChowdary,28.2,2600.0,12.9,14.5,31025.7,21153.6,59.7,13100.4,19409.1,4.9,54.1,0.0,168004.7,0.0,10.0,630.3,2007.8,7.0,24.0,0.0,294.0,345.0
2026-10-02T19:10:33.928904+00:00,SivaChowdary,10.8,2600.0,4.4,5.0,18944.4,11494.1,59.7,13107.0,19402.6,4.9,54.1,0.0,0.0,0.0,0.0,2148.8,1307.9,9.0,18.0,0.0,294.0,347.0
2026-10-02T19:10:34.809064+00:00,SivaChowdary,25.2,2600.0,4.7,19.8,28878.2,20330.4,59.7,13090.8,19418.7,4.9,54.1,28698.0,24598.3,1.0,5.0,548.5,1585.4,6.0,21.0,0.0,294.0,347.0
2026-10-02T19:10:35.826000+00:00,SivaChowdary,9.0,2600.0,3.5,4.4,47264.7,28258.8,59.7,13102.6,19406.9,4.9,54.1,90111.5,270334.5,4.0,4.0,1244.0,1454.0,14.0,17.0,0.0,294.0,345.0
2026-10-02T19:10:36.823388+00:00,SivaChowdary,16.0,2600.0,2.9,11.8,26727.2,16983.3,59.7,13101.3,19408.2,4.9,54.1,24570.7,12285.3,1.0,3.0,5097.9,2955.4,24.0,31.0,0.0,294.0,347.0
2026-10-02T19:10:37.897131+00:00,SivaChowdary,15.9,2600.0,4.6,10.8,48650.2,29290.3,60.0,13011.7,19497.8,4.9,54.1,61430.2,16381.4,3.0,3.0,1917.7,1590.7,16.0,22.0,0.0,294.0,346.0
2026-10-02T19:10:38.846515+00:00,SivaChowdary,14.4,2600.0,4.4,9.4,24378.9,16892.1,60.0,12989.9,19519.6,4.9,54.1,0.0,16355.1,0.0,3.0,7318.1,5371.5,28.0,39.9,0.0,294.0,346.0
2026-10-02T19:10:40.054703+00:00,SivaChowdary,9.0,2600.0,2.6,6.7,16554.0,10845.1,60.0,13007.0,19502.5,4.9,54.1,0.0,8203.4,0.0,2.0,1688.3,2800.9,16.0,33.0,0.0,294.0,348.0
2026-10-02T19:10:40.854594+00:00,SivaChowdary,20.8,2600.0,5.1,14.8,45214.8,29094.4,60.0,13019.2,19490.3,4.9,54.1,0.0,192600.8,0.0,3.0,685.3,1342.6,8.0,18.0,0.0,294.0,346.0
2026-10-02T19:10:41.940698+00:00,SivaChowdary,11.2,2600.0,3.7,7.3,15648.8,9866.5,60.0,13016.5,19493.0,4.9,54.1,0.0,229270.7,0.0,12.0,502.8,716.7,6.0,10.0,0.0,294.0,346.0
2026-10-02T19:10:42.850885+00:00,SivaChowdary,10.8,1496.0,3.9,6.6,18068.7,10485.2,60.0,13017.2,19492.4,4.9,54.1,0.0,204921.3,0.0,11.0,503.3,1306.8,5.0,18.0,0.0,294.0,348.0
2026-10-02T19:10:43.912240+00:00,SivaChowdary,22.8,2600.0,4.7,16.8,42923.4,29175.2,60.0,13019.0,19490.5,4.9,54.1,0.0,8186.2,0.0,2.0,1477.9,735.5,2.0,12.0,0.0,294.0,346.0
2026-10-02T19:10:44.829894+00:00,SivaChowdary,10.3,2600.0,3.2,6.5,21200.9,14266.7,59.9,13029.3,19480.2,4.9,54.1,0.0,0.0,0.0,0.0,337.2,908.6,4.0,13.0,0.0,294.0,346.0
2026-10-02T19:10:45.910209+00:00,SivaChowdary,13.2,2600.0,3.4,9.5,19744.5,13829.3,59.9,13026.3,19483.2,4.9,54.1,0.0,147362.9,0.0,5.0,376.8,1108.3,4.0,17.0,0.0,294.0,348.0
2026-10-02T19:10:46.833456+00:00,SivaChowdary,11.4,1496.0,3.2,7.9,43419.1,27034.3,59.9,13031.4,19478.1,4.9,54.1,0.0,12284.1,0.0,3.0,933.7,1442.5,7.0,14.0,0.0,294.0,346.0
2026-10-02T19:10:47.837504+00:00,SivaChowdary,13.6,2600.0,2.6,10.6,18014.0,11944.6,59.9,13031.6,19477.9,4.9,54.1,0.0,299323.9,0.0,57.1,887.9,1440.5,10.0,19.0,0.0,294.0,346.0
2026-10-02T19:10:48.984684+00:00,SivaChowdary,7.8,2600.0,3.3,4.4,23906.5,13584.8,59.9,13042.5,19467.0,4.9,54.1,0.0,0.0,0.0,0.0,2656.2,1939.4,15.0,25.0,0.0,294.0,348.0
2026-10-02T19:10:49.892568+00:00,SivaChowdary,24.1,2600.0,4.3,19.1,18156.7,14206.6,59.9,13027.4,19482.1,4.9,54.1,0.0,20429.1,0.0,5.0,889.8,1375.6,10.0,18.0,0.0,294.0,348.0
2026-10-02T19:10:50.924233+00:00,SivaChowdary,17.7,2600.0,6.2,9.8,44774.7,27218.9,59.9,13048.2,19461.3,4.9,54.1,0.0,156037.2,0.0,5.0,150.4,1018.5,2.0,12.0,0.0,294.0,346.0
2026-10-02T19:10:51.877286+00:00,SivaChowdary,19.3,2600.0,5.3,13.0,19470.7,12397.7,59.9,13043.1,19466.4,4.9,54.1,0.0,159766.0,0.0,14.0,630.1,858.1,7.0,11.0,0.0,294.0,348.0
2026-10-02T19:10:52.947211+00:00,SivaChowdary,12.3,2600.0,3.8,8.2,47464.2,30152.9,59.9,13037.4,19472.1,4.9,54.1,5118.6,139226.6,2.0,4.0,89933.8,39122.5,139.0,129.0,0.0,294.0,346.0
2026-10-02T19:10:53.856861+00:00,SivaChowdary,20.2,2600.0,4.0,15.3,21013.5,13152.8,59.9,13023.9,19485.6,4.9,54.1,553078.7,208940.8,13.0,15.0,7751.7,26764.7,34.0,61.0,0.0,294.0,347.0
2026-10-02T19:10:54.968176+00:00,SivaChowdary,9.6,2600.0,3.8,5.3,16189.7,9548.2,59.9,13023.2,19486.3,4.9,54.1,0.0,28639.6,0.0,2.0,4251.2,1660.1,17.0,21.0,0.0,294.0,349.0
2026-10-02T19:10:55.844578+00:00,SivaChowdary,29.2,2600.0,8.9,19.5,37220.8,23637.5,60.1,12981.1,19528.4,4.9,54.1,0.0,61527.3,0.0,7.0,3512.0,950.3,9.0,13.0,0.0,294.0,349.0
2026-10-02T19:10:56.951289+00:00,SivaChowdary,14.3,2600.0,6.9,6.7,48497.1,27952.8,59.8,13068.9,19440.6,4.9,54.1,0.0,192496.7,0.0,12.0,55508.6,24393.1,110.0,44.0,0.0,294.0,348.0
2026-10-02T19:10:57.886589+00:00,SivaChowdary,21.8,1496.0,8.1,13.3,32635.5,19413.7,60.4,12886.4,19623.2,4.9,54.1,81931.4,438333.0,2.0,41.0,127140.7,1599166.7,456.1,1491.2,0.0,294.0,351.0
2026-10-02T19:10:58.939425+00:00,SivaChowdary,25.9,2600.0,16.1,9.8,62374.8,35675.6,60.6,12804.2,19705.3,4.9,54.1,0.0,425907.2,0.0,16.0,50505.9,2534792.1,385.9,2043.6,0.0,294.0,349.0
2026-10-02T19:10:59.833891+00:00,SivaChowdary,16.6,2600.0,4.0,11.7,22721.8,15087.2,60.5,12839.3,19670.2,4.9,54.1,0.0,0.0,0.0,0.0,28932.5,367637.1,149.0,352.0,0.0,294.0,349.0
2026-10-02T19:11:00.989328+00:00,SivaChowdary,15.3,2600.0,4.0,11.0,15393.2,10013.6,60.5,12835.0,19674.5,4.9,54.1,16376.8,122826.0,1.0,14.0,8537.2,5512.6,17.0,28.0,0.0,294.0,351.0
2026-10-02T19:11:01.842745+00:00,SivaChowdary,25.2,2600.0,6.2,18.2,32255.1,21799.7,60.5,12836.7,19672.8,4.9,54.1,16386.1,401458.6,1.0,31.0,18726.4,20163.5,56.0,74.0,0.0,294.0,351.0
2026-10-02T19:11:02.920483+00:00,SivaChowdary,11.2,2600.0,4.1,6.5,38485.1,23114.9,60.5,12851.8,19657.7,4.9,54.1,0.0,294974.2,0.0,27.0,18917.0,634530.7,101.0,536.1,0.0,294.0,349.0
2026-10-02T19:11:03.922059+00:00,SivaChowdary,22.2,2600.0,10.4,11.2,21695.2,13567.3,60.5,12840.0,19669.5,4.9,54.1,16381.9,135150.7,4.0,10.0,25247.8,1699692.4,202.0,1345.8,0.0,294.0,351.0
2026-10-02T19:11:04.945796+00:00,SivaChowdary,12.8,2600.0,3.2,9.3,43564.0,29006.6,60.3,12920.6,19588.9,4.9,54.1,0.0,86029.7,0.0,13.0,2878.5,3065.5,14.0,25.0,0.0,294.0,349.0
2026-10-02T19:11:05.849244+00:00,SivaChowdary,13.6,2600.0,3.5,9.2,19780.1,12189.5,60.3,12916.1,19593.5,4.9,54.1,2964347.8,61437.3,95.0,9.0,4354.8,890.0,7.0,11.0,0.0,294.0,349.0
2026-10-02T19:11:06.986512+00:00,SivaChowdary,12.9,2600.0,3.3,8.6,24369.3,16519.4,60.3,12922.1,19587.4,4.9,54.1,848149.4,4258662.2,11.0,258.9,14308.0,25500.9,63.0,86.0,0.0,294.0,351.0
2026-10-02T19:11:07.855001+00:00,SivaChowdary,23.1,2600.0,6.1,15.9,68068.8,47929.1,60.1,12958.6,19550.9,4.9,54.1,4097.4,184381.8,1.0,15.0,18498.2,48733.3,64.0,95.0,0.0,294.0,350.0
2026-10-02T19:11:08.918520+00:00,SivaChowdary,14.7,2600.0,4.7,9.5,31437.8,25363.9,60.1,12973.8,19535.7,4.9,54.1,16375.5,192412.5,1.0,13.0,4812.5,5569.1,28.0,42.0,0.0,294.0,349.0
2026-10-02T19:11:09.905563+00:00,SivaChowdary,11.1,2600.0,3.5,6.9,20105.6,12409.0,60.0,13008.6,19500.9,4.9,54.1,0.0,32749.5,0.0,3.0,7316.9,50610.4,55.0,72.0,0.0,294.0,351.0
2026-10-02T19:11:10.910248+00:00,SivaChowdary,24.4,2600.0,4.8,19.3,45626.0,31558.7,60.0,12997.7,19511.9,4.9,54.1,1553709.7,1624472.7,18.0,36.1,29321.3,69387.9,88.1,118.2,0.0,294.0,350.0
2026-10-02T19:11:11.831460+00:00,SivaChowdary,14.8,2600.0,4.9,9.4,24971.0,15092.7,60.0,13018.9,19490.6,4.9,54.1,16369.6,53201.1,1.0,6.0,78110.2,1107187.6,330.7,975.1,0.0,294.0,349.0
2026-10-02T19:11:12.947782+00:00,SivaChowdary,15.8,2600.0,4.4,10.8,17430.2,10960.7,60.0,13011.2,19498.3,4.9,54.1,0.0,122909.7,0.0,9.0,27557.7,1041359.0,193.0,846.2,0.0,294.0,351.0
2026-10-02T19:11:13.850022+00:00,SivaChowdary,15.1,2600.0,3.4,11.3,45794.3,29434.4,60.0,13013.8,19495.7,4.9,54.1,0.0,4095.2,0.0,1.0,13597.4,311106.0,110.0,257.0,0.0,294.0,349.0
2026-10-02T19:11:14.882219+00:00,SivaChowdary,15.7,2600.0,3.9,11.1,21041.4,13603.5,60.0,13000.8,19508.7,4.9,54.1,1474383.0,12299.3,12.0,3.0,23718.9,778819.9,127.1,632.6,0.0,294.0,349.0
2026-10-02T19:11:15.945907+00:00,SivaChowdary,10.4,2600.0,3.9,6.1,19514.4,11782.1,60.0,13003.8,19505.7,4.9,54.1,4088.8,1978955.1,1.0,37.9,12614.6,504959.6,104.8,417.3,0.0,294.0,351.0
2026-10-02T19:11:16.897343+00:00,SivaChowdary,21.6,2600.0,2.6,18.3,15146.0,11429.6,60.0,12997.7,19511.8,4.9,54.1,16399.2,225488.6,1.0,11.0,18994.6,537741.4,162.1,434.4,0.0,294.0,351.0
2026-10-02T19:11:17.861343+00:00,SivaChowdary,12.4,2600.0,5.0,7.0,46320.5,26792.3,60.0,13006.2,19503.3,4.9,54.1,65563.7,381088.7,2.0,14.0,5627.4,44803.9,44.0,70.0,0.0,294.0,349.0
2026-10-02T19:11:18.878791+00:00,SivaChowdary,17.2,2600.0,3.7,13.1,20866.1,13641.7,60.1,12981.3,19528.2,4.9,54.1,23353374.0,20484.1,48.0,4.0,41057.2,1019192.4,292.1,819.2,0.0,294.0,351.0
2026-10-02T19:11:19.881298+00:00,SivaChowdary,16.8,2600.0,6.0,10.2,51264.4,32576.7,60.3,12913.2,19596.3,4.9,54.1,23583395.8,3341377.3,60.9,39.9,49802.7,1222780.2,224.7,1023.5,0.0,294.0,349.0
2026-10-02T19:11:20.833912+00:00,SivaChowdary,18.5,2600.0,3.8,14.2,21198.9,14247.1,60.3,12918.0,19591.6,4.9,54.1,0.0,7806495.0,0.0,46.0,4866.8,15449.3,41.0,53.1,0.0,294.0,349.0
2026-10-02T19:11:22.025056+00:00,SivaChowdary,6.4,2600.0,2.8,3.4,15722.7,9113.8,60.2,12926.8,19582.7,4.9,54.1,4094.1,5461519.6,1.0,31.0,24139.8,6522.0,51.0,64.0,0.0,294.0,353.0
2026-10-02T19:11:22.972981+00:00,SivaChowdary,23.4,2600.0,3.7,19.2,16820.8,12471.8,60.2,12922.7,19586.8,4.9,54.1,0.0,86035.2,0.0,9.0,2070.5,1254.3,8.0,17.0,0.0,294.0,351.0
2026-10-02T19:11:23.830144+00:00,SivaChowdary,14.5,2600.0,4.5,9.1,45056.7,27343.3,60.2,12937.8,19571.7,4.9,54.1,196624.4,7606905.0,1.0,29.0,511.0,1481.1,6.0,20.0,0.0,294.0,349.0
2026-10-02T19:11:24.944669+00:00,SivaChowdary,18.9,2600.0,4.7,12.8,19353.1,13024.1,60.2,12933.8,19575.8,4.9,54.1,0.0,4204477.8,0.0,13.0,25721.1,1008618.4,177.1,811.4,0.0,294.0,351.0
2026-10-02T19:11:25.833510+00:00,SivaChowdary,16.3,2600.0,4.6,10.5,48922.2,31076.6,60.2,12936.9,19572.7,4.9,54.1,0.0,0.0,0.0,0.0,10493.5,727898.3,88.0,588.7,0.0,294.0,349.0
2026-10-02T19:11:26.884402+00:00,SivaChowdary,18.8,2600.0,5.9,11.8,24426.3,14344.6,60.2,12940.5,19569.0,4.9,54.1,0.0,4235136.8,0.0,22.0,377.0,1501.0,4.0,24.0,0.0,294.0,349.0
2026-10-02T19:11:28.008468+00:00,SivaChowdary,8.3,2600.0,3.9,3.8,20346.7,12606.4,60.2,12952.1,19557.4,4.9,54.1,0.0,4349352.5,0.0,32.7,19563.5,62470.9,90.2,107.1,0.0,294.0,350.0
2026-10-02T19:11:28.887228+00:00,SivaChowdary,25.6,2600.0,4.4,20.3,18550.1,13924.2,60.2,12944.2,19565.3,4.9,54.1,0.0,4258814.9,0.0,18.2,24824.9,1172725.7,150.3,947.0,0.0,294.0,350.0
2026-10-02T19:11:29.833863+00:00,SivaChowdary,13.1,2600.0,4.4,7.6,48346.8,29139.4,60.2,12946.4,19563.1,4.9,54.1,82002.8,233708.1,2.0,13.0,377.4,1037.0,4.0,11.0,0.0,294.0,348.0
2026-10-02T19:11:30.912461+00:00,SivaChowdary,17.0,2600.0,4.2,12.5,18960.0,13441.4,60.2,12947.1,19562.4,4.9,54.1,0.0,4193193.3,0.0,11.0,735.8,1088.7,8.0,13.0,0.0,294.0,350.0
2026-10-02T19:11:31.878209+00:00,SivaChowdary,14.6,2600.0,3.9,9.6,48868.0,28515.5,60.1,12962.2,19547.3,4.9,54.1,0.0,4195849.6,0.0,12.0,21182.8,982956.1,138.1,791.3,0.0,294.0,348.0
2026-10-02T19:11:32.850116+00:00,SivaChowdary,18.3,2600.0,5.0,12.4,16501.4,10878.8,60.1,12957.0,19552.5,4.9,54.1,49060.9,1729396.4,2.0,32.9,758.6,1010.1,9.0,13.0,0.0,294.0,348.0
2026-10-02T19:11:33.971076+00:00,SivaChowdary,11.7,2600.0,4.7,6.1,17128.7,9731.7,60.1,12963.2,19546.3,4.9,54.1,0.0,0.0,0.0,0.0,1858.2,972.2,6.0,12.0,0.0,294.0,350.0
2026-10-02T19:11:34.874379+00:00,SivaChowdary,22.4,2600.0,2.7,18.7,14735.3,11251.9,60.1,12964.1,19545.4,4.9,54.1,0.0,102353.7,0.0,20.0,8208.3,185402.1,25.0,159.9,0.0,294.0,352.0
2026-10-02T19:11:35.830684+00:00,SivaChowdary,9.2,1496.0,3.2,5.3,45692.7,26874.3,60.1,12972.7,19536.8,4.9,54.1,16387.8,4404232.2,1.0,28.0,11150.6,628255.2,97.0,509.1,0.0,294.0,348.0
2026-10-02T19:11:36.882914+00:00,SivaChowdary,15.6,2600.0,3.1,12.2,22181.5,15975.0,60.0,12990.2,19519.3,4.9,54.1,0.0,4361707.4,0.0,15.0,4206.5,1849.0,15.0,18.0,0.0,294.0,350.0
2026-10-02T19:11:37.952567+00:00,SivaChowdary,16.7,1496.0,6.5,9.4,45178.0,29325.1,59.9,13051.7,19457.8,4.9,54.1,0.0,118910.2,0.0,7.0,507.5,1136.2,6.0,13.0,0.0,294.0,347.0
2026-10-02T19:11:38.838694+00:00,SivaChowdary,17.0,2600.0,3.5,12.9,21873.3,15476.8,59.7,13086.3,19423.2,4.9,54.1,0.0,38480083.0,0.0,145.1,1773.2,1084.8,5.0,14.0,0.0,294.0,347.0
2026-10-02T19:11:39.969006+00:00,SivaChowdary,8.8,2600.0,4.6,3.8,15549.9,8742.5,59.7,13096.0,19413.5,4.9,54.1,0.0,159661.1,0.0,27.0,1519.2,2652.6,14.0,30.0,0.0,294.0,349.0
2026-10-02T19:11:40.856181+00:00,SivaChowdary,21.9,2600.0,3.2,18.0,24850.1,17309.3,59.7,13089.4,19420.1,4.9,54.1,0.0,0.0,0.0,0.0,293.0,740.9,3.0,11.0,0.0,294.0,349.0
2026-10-02T19:11:41.952218+00:00,SivaChowdary,11.4,2600.0,4.7,5.8,40338.7,23438.2,59.7,13096.2,19413.3,4.9,54.1,0.0,94104.5,0.0,16.0,665.3,1032.9,7.0,14.0,0.0,294.0,347.0
2026-10-02T19:11:42.847979+00:00,SivaChowdary,17.4,1496.0,3.8,12.4,20671.4,14035.0,59.7,13095.0,19414.5,4.9,54.1,0.0,192786.6,0.0,31.0,21724.9,1449654.8,142.2,1135.6,0.0,294.0,349.0
2026-10-02T19:11:43.972191+00:00,SivaChowdary,15.9,2600.0,5.6,9.6,50772.3,30167.4,59.7,13096.8,19412.7,4.9,54.1,0.0,16381.5,0.0,3.0,32298.1,1935144.2,250.0,1500.8,0.0,294.0,347.0
2026-10-02T19:11:44.865343+00:00,SivaChowdary,16.3,2600.0,3.8,11.9,17308.4,10772.9,59.7,13090.8,19418.7,4.9,54.1,0.0,0.0,0.0,0.0,27613.2,1766605.9,185.0,1394.1,0.0,294.0,347.0
2026-10-02T19:11:45.976530+00:00,SivaChowdary,16.7,2600.0,5.9,9.9,21423.1,11753.7,59.8,13083.3,19426.2,4.9,54.1,65517.9,147415.2,1.0,3.0,878.8,1270.6,9.0,16.0,0.0,294.0,349.0
2026-10-02T19:11:46.859507+00:00,SivaChowdary,20.6,2600.0,4.0,16.2,42895.0,28797.3,59.7,13085.8,19423.7,4.9,54.1,0.0,16382.5,0.0,3.0,5500.5,3609.7,22.0,38.0,0.0,294.0,347.0
2026-10-02T19:11:47.901165+00:00,SivaChowdary,11.2,2600.0,3.6,7.4,16015.3,9917.0,59.7,13090.7,19418.8,4.9,54.1,16395.6,180351.5,1.0,24.0,462.3,1218.9,5.0,18.0,0.0,294.0,347.0
2026-10-02T19:11:48.894130+00:00,SivaChowdary,14.8,1496.0,4.3,9.5,18638.2,12044.9,59.7,13087.5,19422.0,4.9,54.1,0.0,0.0,0.0,0.0,11837.2,276517.5,45.9,230.7,0.0,294.0,349.0
2026-10-02T19:11:49.925076+00:00,SivaChowdary,17.1,2600.0,4.0,11.8,43596.0,27210.2,59.8,13079.4,19430.1,4.9,54.1,0.0,16405.8,0.0,4.0,14856.8,752394.3,99.1,584.8,0.0,294.0,347.0
2026-10-02T19:11:50.877595+00:00,SivaChowdary,13.7,2600.0,4.5,8.5,20340.6,13009.9,59.7,13088.0,19421.5,4.9,54.1,102312.7,253735.4,3.0,11.0,11176.5,764664.3,89.9,595.5,0.0,294.0,347.0
2026-10-02T19:11:51.921609+00:00,SivaChowdary,14.1,2600.0,3.2,10.1,19675.1,13127.0,59.7,13089.1,19420.4,4.9,54.1,0.0,114723.3,0.0,11.0,24990.7,1356967.3,160.0,1065.3,0.0,294.0,349.0
2026-10-02T19:11:52.853507+00:00,SivaChowdary,15.8,2600.0,4.3,10.5,44123.5,28232.0,59.7,13093.7,19415.8,4.9,54.1,0.0,0.0,0.0,0.0,14434.1,794900.6,67.0,639.2,0.0,294.0,347.0
2026-10-02T19:11:53.883532+00:00,SivaChowdary,15.5,2600.0,4.3,10.4,17218.5,11435.0,59.7,13093.9,19415.7,4.9,54.1,0.0,81884.1,0.0,10.0,17517.3,717529.7,123.9,582.7,0.0,294.0,347.0
2026-10-02T19:11:54.895008+00:00,SivaChowdary,12.5,2600.0,5.0,6.7,22108.8,12516.1,59.7,13090.8,19418.7,4.9,54.1,16397.2,303348.9,1.0,22.0,16514.3,745190.6,131.1,599.5,0.0,294.0,349.0
2026-10-02T19:11:55.868428+00:00,SivaChowdary,27.8,2600.0,9.7,17.4,41098.6,27901.3,59.7,13100.4,19409.1,4.9,54.1,0.0,0.0,0.0,0.0,2378.1,5222.8,14.0,26.0,0.0,294.0,347.0
2026-10-02T19:11:56.843234+00:00,SivaChowdary,9.1,1496.0,3.2,5.7,25437.7,13946.1,59.7,13101.7,19407.8,4.9,54.1,16373.5,57307.3,1.0,8.0,36767.5,1500167.7,280.8,1211.2,0.0,294.0,347.0
2026-10-02T19:11:57.904175+00:00,SivaChowdary,15.3,2600.0,3.8,11.0,20161.7,12671.0,59.7,13095.4,19414.2,4.9,54.1,65603.3,82004.1,1.0,13.0,44845.0,2990664.9,375.4,2346.4,0.0,294.0,349.0
2026-10-02T19:11:58.953063+00:00,SivaChowdary,14.0,2600.0,4.3,8.8,49509.8,29548.5,59.7,13099.1,19410.4,4.9,54.1,16379.3,200646.4,1.0,22.0,28233.9,982675.9,141.0,789.8,0.0,294.0,347.0
2026-10-02T19:11:59.865069+00:00,SivaChowdary,14.4,2600.0,2.5,11.8,17346.2,11744.4,59.7,13103.2,19406.3,4.9,54.1,0.0,0.0,0.0,0.0,710.6,1437.2,7.0,17.0,0.0,294.0,347.0
2026-10-02T19:12:01.002666+00:00,SivaChowdary,14.0,2600.0,4.7,8.8,17250.3,10422.5,59.7,13098.2,19411.3,4.9,54.1,0.0,168105.0,0.0,11.0,844.8,1380.4,10.0,17.0,0.0,294.0,349.0
2026-10-02T19:12:01.840185+00:00,SivaChowdary,23.7,2600.0,3.9,19.0,18549.0,14104.0,59.7,13097.9,19411.6,4.9,54.1,0.0,28665.8,0.0,5.0,849.8,1130.8,6.0,9.0,0.0,294.0,349.0
2026-10-02T19:12:02.880043+00:00,SivaChowdary,10.3,2600.0,3.6,6.0,42730.7,26137.3,59.7,13103.5,19406.0,4.9,54.1,0.0,90054.5,0.0,12.0,773.5,998.4,8.0,11.0,0.0,294.0,349.0
2026-10-02T19:12:03.933845+00:00,SivaChowdary,16.3,2600.0,3.6,11.7,20813.5,13452.3,59.7,13103.8,19405.7,4.9,54.1,0.0,0.0,0.0,0.0,17920.0,781383.8,92.1,619.5,0.0,294.0,349.0
2026-10-02T19:12:04.930528+00:00,SivaChowdary,16.6,2600.0,5.0,10.9,48044.0,29646.3,59.7,13102.6,19406.9,4.9,54.1,0.0,73686.6,0.0,3.0,22173.5,1541670.3,180.9,1214.3,0.0,294.0,347.0
2026-10-02T19:12:05.843311+00:00,SivaChowdary,14.0,2600.0,2.3,11.1,16838.3,11152.2,59.7,13098.1,19411.5,4.9,54.1,0.0,270291.9,0.0,4.0,1352.8,1876.7,10.0,19.0,0.0,294.0,347.0
2026-10-02T19:12:06.998247+00:00,SivaChowdary,9.4,2600.0,2.9,6.4,15363.6,9258.0,59.7,13102.0,19407.5,4.9,54.1,0.0,8195.5,0.0,2.0,752.3,1241.5,7.0,12.0,0.0,294.0,349.0
2026-10-02T19:12:07.891421+00:00,SivaChowdary,24.5,2600.0,3.3,20.7,36086.8,25301.1,59.6,13120.6,19388.9,4.9,54.1,0.0,98347.0,0.0,8.0,884.4,1388.6,10.0,19.0,0.0,294.0,347.0
2026-10-02T19:12:08.935918+00:00,SivaChowdary,9.3,2600.0,3.9,5.0,25379.3,16333.8,59.6,13130.2,19379.3,4.9,54.1,0.0,53250.7,0.0,7.0,4454.2,1840.1,11.0,20.0,0.0,294.0,348.0
2026-10-02T19:12:09.907142+00:00,SivaChowdary,18.4,2600.0,4.4,13.0,26361.4,19322.5,59.6,13126.8,19382.7,4.9,54.1,0.0,8188.4,0.0,2.0,167.9,462.8,2.0,6.0,0.0,294.0,349.0
2026-10-02T19:12:10.937873+00:00,SivaChowdary,12.5,2600.0,3.7,8.3,44677.3,27731.4,59.6,13129.2,19380.3,4.9,54.1,0.0,4096.2,0.0,1.0,795.0,1470.1,8.0,18.0,0.0,294.0,347.0
2026-10-02T19:12:11.867520+00:00,SivaChowdary,18.3,2600.0,4.6,12.8,18797.5,12524.3,59.6,13121.6,19387.9,4.9,54.1,0.0,147436.1,0.0,3.0,1171.8,1498.8,12.0,17.0,0.0,294.0,347.0
2026-10-02T19:12:13.038243+00:00,SivaChowdary,12.1,2600.0,4.7,7.2,17375.0,10593.6,59.6,13122.9,19386.6,4.9,54.1,0.0,12288.7,0.0,3.0,2245.1,1658.1,10.0,22.0,0.0,294.0,350.0
2026-10-02T19:12:13.847712+00:00,SivaChowdary,22.5,2600.0,3.8,17.8,45258.2,30620.1,59.6,13127.6,19381.9,4.9,54.1,0.0,12287.2,0.0,2.0,418.0,1145.9,4.0,17.0,0.0,294.0,347.0
2026-10-02T19:12:14.958835+00:00,SivaChowdary,9.9,2600.0,2.7,6.2,13501.5,8054.8,59.6,13132.8,19376.7,4.9,54.1,0.0,28628.5,0.0,6.0,712.9,1280.1,8.0,18.0,0.0,294.0,347.0
2026-10-02T19:12:15.881111+00:00,SivaChowdary,17.6,2600.0,4.1,12.6,19030.6,11885.4,59.6,13123.4,19386.2,4.9,54.1,16405.2,902286.4,1.0,171.2,1613.1,2534.3,16.0,29.0,0.0,294.0,349.0
2026-10-02T19:12:16.961832+00:00,SivaChowdary,12.9,2600.0,3.3,9.0,44430.9,27445.7,59.6,13128.3,19381.2,4.9,54.1,0.0,16383.2,0.0,4.0,1269.9,1758.9,11.0,17.0,0.0,294.0,347.0
2026-10-02T19:12:17.845216+00:00,SivaChowdary,12.3,2600.0,2.3,10.0,18669.3,12571.5,59.6,13123.8,19385.7,4.9,54.1,0.0,57323.5,0.0,7.0,0.0,279.9,0.0,5.0,0.0,294.0,347.0
2026-10-02T19:12:18.990026+00:00,SivaChowdary,11.1,2600.0,3.1,7.2,15151.5,9363.4,59.6,13128.2,19381.3,4.9,54.1,0.0,0.0,0.0,0.0,3793.4,2237.8,12.0,29.0,0.0,294.0,349.0
2026-10-02T19:12:19.881653+00:00,SivaChowdary,22.1,2600.0,3.1,18.3,48799.2,32291.1,59.7,13117.3,19392.2,4.9,54.1,0.0,4097.8,0.0,1.0,1551.7,19886.7,16.0,42.0,0.0,294.0,347.0
2026-10-02T19:12:20.938637+00:00,SivaChowdary,13.0,2600.0,4.5,7.5,15776.2,11934.1,59.6,13125.3,19384.2,4.9,54.1,0.0,200605.1,0.0,10.0,809.6,2054.0,8.0,25.0,0.0,294.0,347.0
2026-10-02T19:12:21.926001+00:00,SivaChowdary,17.2,1496.0,4.9,11.6,22389.7,15090.1,59.6,13123.9,19385.7,4.9,54.1,0.0,53237.8,0.0,9.0,998.8,2233.6,10.0,29.0,0.0,294.0,349.0
2026-10-02T19:12:22.955045+00:00,SivaChowdary,15.9,2600.0,3.3,11.4,41386.1,27684.4,59.6,13127.0,19382.5,4.9,54.1,0.0,49140.2,0.0,7.0,658.8,1281.7,7.0,15.0,0.0,294.0,347.0
2026-10-02T19:12:23.823895+00:00,SivaChowdary,17.2,2600.0,6.3,10.3,24192.1,13965.5,59.6,13125.5,19384.0,4.9,54.1,0.0,16388.2,0.0,4.0,1395.4,456.1,1.0,7.0,0.0,294.0,347.0
2026-10-02T19:12:25.024313+00:00,SivaChowdary,16.3,2600.0,6.0,9.6,20295.9,12306.6,59.7,13117.1,19392.4,4.9,54.1,0.0,45069.1,0.0,7.0,53975.7,3507883.3,414.1,2764.8,0.0,294.0,349.0
2026-10-02T19:12:25.857609+00:00,SivaChowdary,19.9,2600.0,3.6,14.7,48502.8,31577.5,59.6,13118.4,19391.2,4.9,54.1,0.0,8192.6,0.0,2.0,418.0,666.1,4.0,8.0,0.0,294.0,347.0
2026-10-02T19:12:26.914493+00:00,SivaChowdary,12.2,2600.0,3.3,8.9,15359.7,9721.5,59.6,13122.8,19386.7,4.9,54.1,0.0,0.0,0.0,0.0,4272.4,2018.7,16.0,21.0,0.0,294.0,347.0
2026-10-02T19:12:27.917020+00:00,SivaChowdary,12.5,2600.0,4.5,7.2,19404.2,12196.4,59.6,13122.0,19387.5,4.9,54.1,0.0,180141.9,0.0,15.0,757.7,1108.5,8.0,13.0,0.0,294.0,351.0
2026-10-02T19:12:28.961641+00:00,SivaChowdary,19.7,2600.0,3.3,16.0,43281.7,28610.7,59.6,13119.0,19390.5,4.9,54.1,0.0,114570.8,0.0,20.0,2650.3,1786.2,14.0,20.0,0.0,294.0,347.0
2026-10-02T19:12:29.857141+00:00,SivaChowdary,10.1,1496.0,2.8,6.8,15079.9,8813.5,59.6,13122.8,19386.8,4.9,54.1,0.0,0.0,0.0,0.0,845.4,2253.7,10.0,21.0,0.0,294.0,347.0
2026-10-02T19:12:30.888196+00:00,SivaChowdary,13.1,2600.0,3.3,9.6,16680.0,11238.3,59.6,13120.4,19389.1,4.9,54.1,0.0,4094.3,0.0,1.0,376.8,1032.6,4.0,8.0,0.0,294.0,349.0
2026-10-02T19:12:31.831113+00:00,SivaChowdary,14.7,2600.0,4.1,9.5,46685.2,29162.9,59.6,13117.8,19391.8,4.9,54.1,0.0,245961.2,0.0,55.0,640.5,1005.8,4.0,7.0,0.0,294.0,347.0
2026-10-02T19:12:32.843967+00:00,SivaChowdary,17.1,2600.0,5.1,11.8,18768.4,12358.9,59.7,13111.1,19398.4,4.9,54.1,0.0,69626.1,0.0,11.0,337.0,936.9,4.0,7.0,0.0,294.0,347.0
2026-10-02T19:12:33.992034+00:00,SivaChowdary,7.7,2600.0,3.6,4.1,17061.9,10380.9,59.6,13127.0,19382.5,4.9,54.1,0.0,0.0,0.0,0.0,1856.0,804.0,6.0,9.0,0.0,294.0,349.0
2026-10-02T19:12:34.860741+00:00,SivaChowdary,23.2,2600.0,3.4,19.1,19308.3,14500.9,59.6,13124.8,19384.8,4.9,54.1,16381.7,69622.1,1.0,6.0,1055.9,1131.8,11.0,12.0,0.0,294.0,349.0
2026-10-02T19:12:35.893765+00:00,SivaChowdary,8.6,2600.0,2.5,5.1,40375.8,23906.5,59.6,13132.9,19376.6,4.9,54.1,0.0,147458.8,0.0,4.0,885.0,1521.0,10.0,20.0,0.0,294.0,347.0
2026-10-02T19:12:36.853024+00:00,SivaChowdary,13.9,1496.0,2.4,11.1,19064.6,12375.6,59.6,13128.5,19381.0,4.9,54.1,0.0,8195.7,0.0,2.0,377.2,1369.6,4.0,14.0,0.0,294.0,349.0
2026-10-02T19:12:37.933342+00:00,SivaChowdary,14.0,2600.0,3.3,9.8,43594.2,25260.0,59.6,13130.3,19379.2,4.9,54.1,0.0,28663.0,0.0,5.0,167.9,479.8,2.0,8.0,0.0,294.0,347.0
2026-10-02T19:12:38.857932+00:00,SivaChowdary,16.7,2600.0,2.9,12.9,15595.2,9984.6,59.6,13131.1,19378.4,4.9,54.1,0.0,4094.2,0.0,1.0,2019.1,1599.3,7.0,20.0,0.0,294.0,347.0
2026-10-02T19:12:39.962638+00:00,SivaChowdary,13.1,2600.0,3.7,8.4,16828.9,10036.9,59.7,13092.6,19416.9,4.9,54.1,0.0,49151.8,0.0,5.0,168.0,1087.0,2.0,18.0,0.0,294.0,350.0
2026-10-02T19:12:40.823659+00:00,SivaChowdary,22.0,2600.0,4.2,16.5,48349.3,31895.0,59.7,13107.1,19402.4,4.9,54.1,0.0,0.0,0.0,0.0,940.5,1779.9,6.0,23.0,0.0,294.0,348.0
2026-10-02T19:12:41.913036+00:00,SivaChowdary,11.6,2600.0,4.4,7.1,14860.0,8770.8,59.7,13113.3,19396.2,4.9,54.1,0.0,36871.5,0.0,5.0,1392.3,1707.3,14.0,19.0,0.0,294.0,348.0
2026-10-02T19:12:42.894761+00:00,SivaChowdary,16.6,2600.0,4.6,11.1,24444.9,14289.8,59.7,13099.9,19409.6,4.9,54.1,0.0,61422.1,0.0,9.0,1502.6,2338.3,15.0,26.0,0.0,294.0,350.0
2026-10-02T19:12:43.933086+00:00,SivaChowdary,17.3,2600.0,5.5,10.9,43328.6,28388.1,59.7,13107.3,19402.2,4.9,54.1,0.0,16359.3,0.0,3.0,2384.4,1409.9,12.0,19.0,0.0,294.0,348.0
2026-10-02T19:12:44.857371+00:00,SivaChowdary,11.8,2600.0,3.4,7.8,16485.7,9690.8,59.7,13110.1,19399.4,4.9,54.1,0.0,0.0,0.0,0.0,377.5,1258.7,4.0,12.0,0.0,294.0,350.0
2026-10-02T19:12:45.991003+00:00,SivaChowdary,14.1,2600.0,3.9,9.8,16534.7,10387.2,59.7,13099.1,19410.4,4.9,54.1,0.0,155560.9,0.0,4.0,209.9,623.7,3.0,10.0,0.0,294.0,350.0
2026-10-02T19:12:46.833921+00:00,SivaChowdary,16.8,2600.0,3.6,12.7,47081.6,31726.0,59.7,13100.8,19408.7,4.9,54.1,0.0,16399.5,0.0,3.0,24969.6,1043533.5,140.1,816.8,0.0,294.0,348.0
2026-10-02T19:12:47.895040+00:00,SivaChowdary,13.1,2600.0,3.3,9.6,16049.0,10132.6,59.7,13099.9,19409.7,4.9,54.1,0.0,343743.7,0.0,56.9,32749.5,2435668.6,260.8,1906.2,0.0,294.0,348.0
2026-10-02T19:12:48.911224+00:00,SivaChowdary,11.1,2600.0,3.3,6.7,19681.7,11750.8,59.7,13102.2,19407.4,4.9,54.1,0.0,0.0,0.0,0.0,5269.6,2336.1,20.0,23.0,0.0,294.0,350.0
2026-10-02T19:12:49.877414+00:00,SivaChowdary,20.8,2600.0,3.3,17.0,42963.5,28031.9,59.7,13088.2,19421.3,4.9,54.1,0.0,24565.4,0.0,4.0,924.6,1493.4,10.0,18.0,0.0,294.0,348.0
2026-10-02T19:12:50.853305+00:00,SivaChowdary,9.7,2600.0,4.1,5.3,15803.6,9169.9,59.7,13104.0,19405.5,4.9,54.1,0.0,28674.9,0.0,5.0,1127.1,2059.2,11.0,24.0,0.0,294.0,348.0
2026-10-02T19:12:51.880953+00:00,SivaChowdary,15.6,2600.0,3.2,12.0,19587.6,12922.3,59.7,13098.4,19411.1,4.9,54.1,0.0,32794.1,0.0,6.0,582.5,908.7,6.0,12.0,0.0,294.0,350.0
2026-10-02T19:12:52.902794+00:00,SivaChowdary,11.0,2600.0,3.8,6.9,45175.0,29380.4,59.7,13093.9,19415.6,4.9,54.1,0.0,12280.7,0.0,2.0,581.7,748.6,6.0,10.0,0.0,294.0,348.0
2026-10-02T19:12:53.918485+00:00,SivaChowdary,17.6,2600.0,3.8,12.9,17431.6,11263.0,59.7,13105.4,19404.1,4.9,54.1,16369.5,90032.2,1.0,12.0,1477.7,744.3,2.0,8.0,0.0,294.0,348.0
2026-10-02T19:12:54.973959+00:00,SivaChowdary,12.0,2600.0,3.5,7.7,17810.7,10531.0,59.7,13097.1,19412.4,4.9,54.1,0.0,8202.9,0.0,2.0,421.6,846.1,5.0,13.0,0.0,294.0,350.0
2026-10-02T19:12:55.828157+00:00,SivaChowdary,21.3,2600.0,2.2,18.5,43967.1,29126.2,59.7,13096.1,19413.4,4.9,54.1,0.0,16378.5,0.0,3.0,1871.4,1967.3,14.0,21.0,0.0,294.0,348.0
2026-10-02T19:12:56.928743+00:00,SivaChowdary,7.1,2600.0,2.6,4.5,14203.2,7494.9,59.7,13100.8,19408.7,4.9,54.1,0.0,20468.8,0.0,2.0,4778.4,2932.4,21.0,30.0,0.0,294.0,348.0
2026-10-02T19:12:57.881542+00:00,SivaChowdary,15.2,2600.0,3.1,11.1,21553.5,15032.0,59.7,13099.9,19409.6,4.9,54.1,0.0,123002.5,0.0,15.0,2402.4,3092.1,23.0,32.0,0.0,294.0,350.0
2026-10-02T19:12:58.959816+00:00,SivaChowdary,20.8,2600.0,5.9,13.7,44167.0,27862.1,59.7,13097.3,19412.2,4.9,54.1,0.0,20478.6,0.0,4.0,2626.8,1827.9,15.0,21.0,0.0,294.0,348.0
2026-10-02T19:12:59.845389+00:00,SivaChowdary,14.8,2600.0,3.2,10.6,15891.4,10126.5,59.7,13099.8,19409.7,4.9,54.1,0.0,0.0,0.0,0.0,497.7,691.6,5.0,7.0,0.0,294.0,348.0
2026-10-02T19:13:01.027391+00:00,SivaChowdary,14.1,2600.0,3.2,10.0,15940.6,10265.5,59.7,13090.2,19419.3,4.9,54.1,0.0,90098.7,0.0,3.0,168.0,1507.8,2.0,14.0,0.0,294.0,350.0
2026-10-02T19:13:01.845509+00:00,SivaChowdary,21.9,2600.0,5.3,16.2,50165.7,30624.5,59.7,13093.4,19416.1,4.9,54.1,0.0,8199.6,0.0,2.0,556.5,1006.9,3.0,9.0,0.0,294.0,348.0
2026-10-02T19:13:02.940641+00:00,SivaChowdary,12.8,2600.0,3.8,8.1,16126.0,9374.4,59.8,13084.5,19425.0,4.9,54.1,0.0,225000.5,0.0,16.0,856.9,1756.8,9.0,24.0,0.0,294.0,348.0
2026-10-02T19:13:03.881969+00:00,SivaChowdary,14.2,1496.0,5.0,8.6,19045.3,11276.2,59.7,13097.0,19412.5,4.9,54.1,0.0,0.0,0.0,0.0,2236.0,1656.5,10.0,23.0,0.0,294.0,351.0
2026-10-02T19:13:04.940883+00:00,SivaChowdary,18.8,2600.0,4.4,13.4,43384.0,27832.9,59.7,13107.0,19402.5,4.9,54.1,0.0,359942.1,0.0,45.9,884.8,1984.2,10.0,24.0,0.0,294.0,348.0
2026-10-02T19:13:05.861714+00:00,SivaChowdary,12.6,2600.0,3.9,8.1,15238.6,9171.0,59.7,13103.9,19405.6,4.9,54.1,0.0,135271.0,0.0,2.0,0.0,984.7,0.0,17.0,0.0,294.0,348.0
2026-10-02T19:13:06.963598+00:00,SivaChowdary,14.5,2600.0,4.2,9.8,17679.4,11392.7,59.7,13094.9,19414.6,4.9,54.1,0.0,8198.2,0.0,2.0,30303.0,1864665.4,209.2,1461.1,0.0,294.0,351.0
2026-10-02T19:13:07.860920+00:00,SivaChowdary,18.9,2600.0,4.6,13.5,47780.0,30772.7,59.7,13093.3,19416.2,4.9,54.1,0.0,131019.8,0.0,10.0,12520.0,23213.8,51.0,55.0,0.0,294.0,348.0
2026-10-02T19:13:08.893571+00:00,SivaChowdary,14.2,2600.0,2.5,11.3,18366.6,13580.4,59.7,13089.9,19419.6,4.9,54.1,0.0,155686.8,0.0,19.0,2784.7,13398.3,17.0,30.0,0.0,294.0,348.0
2026-10-02T19:13:09.854704+00:00,SivaChowdary,11.4,2600.0,3.3,7.3,22336.2,14723.5,59.7,13114.4,19395.1,4.9,54.1,0.0,106478.0,0.0,14.0,879.9,1698.7,9.0,21.0,0.0,294.0,349.0
2026-10-02T19:13:10.917175+00:00,SivaChowdary,23.6,2600.0,5.0,17.5,45245.9,32453.3,59.7,13109.2,19400.3,4.9,54.1,0.0,24573.2,0.0,3.0,377.0,1195.9,4.0,13.0,0.0,294.0,347.0
2026-10-02T19:13:11.863259+00:00,SivaChowdary,13.7,1496.0,4.7,8.1,19274.9,11668.6,59.7,13108.6,19400.9,4.9,54.1,0.0,77868.1,0.0,4.0,502.3,1081.6,5.0,14.0,0.0,294.0,347.0
2026-10-02T19:13:12.885800+00:00,SivaChowdary,16.6,2600.0,3.8,12.1,16880.5,11413.0,59.7,13106.9,19402.6,4.9,54.1,0.0,40956.3,0.0,7.0,1222.9,2080.8,14.0,29.0,0.0,294.0,349.0
2026-10-02T19:13:13.833998+00:00,SivaChowdary,12.0,2600.0,4.1,7.3,45024.2,27824.5,59.7,13109.2,19400.3,4.9,54.1,0.0,8190.4,0.0,2.0,1831.6,1276.7,6.0,19.0,0.0,294.0,347.0
2026-10-02T19:13:14.832804+00:00,SivaChowdary,15.9,2600.0,2.8,12.6,17603.0,12026.9,59.7,13111.6,19397.9,4.9,54.1,0.0,0.0,0.0,0.0,410.9,1318.8,4.0,16.0,0.0,294.0,347.0
2026-10-02T19:13:16.004659+00:00,SivaChowdary,8.2,2600.0,3.4,4.3,15128.2,8188.3,59.7,13111.3,19398.2,4.9,54.1,0.0,20485.7,0.0,3.0,818.2,1338.4,8.0,16.0,0.0,294.0,349.0
2026-10-02T19:13:16.897445+00:00,SivaChowdary,22.6,2600.0,3.3,18.7,15181.1,11672.1,59.7,13113.1,19396.5,4.9,54.1,0.0,12291.3,0.0,3.0,934.3,1576.4,7.0,16.0,0.0,294.0,349.0
2026-10-02T19:13:17.840766+00:00,SivaChowdary,9.3,2600.0,3.4,5.8,45697.0,28092.6,59.7,13110.1,19399.4,4.9,54.1,0.0,53167.8,0.0,8.0,12076.8,23242.9,49.9,60.9,0.0,294.0,347.0
2026-10-02T19:13:18.878192+00:00,SivaChowdary,14.2,2600.0,3.7,10.2,18632.2,11864.3,59.7,13109.1,19400.4,4.9,54.1,0.0,69651.4,0.0,11.0,20898.8,20341.7,57.0,70.0,0.0,294.0,349.0
2026-10-02T19:13:19.941775+00:00,SivaChowdary,11.0,2600.0,3.9,6.7,43452.7,26960.7,59.7,13106.5,19403.0,4.9,54.1,81949.6,590036.8,5.0,59.0,2797.0,20206.3,17.0,38.0,0.0,294.0,346.0
2026-10-02T19:13:20.852860+00:00,SivaChowdary,25.6,2600.0,8.9,16.1,22110.2,15462.7,59.6,13118.7,19390.8,4.9,54.1,0.0,520385.2,0.0,96.0,253.1,1293.5,3.0,21.0,0.0,294.0,347.0
2026-10-02T19:13:22.124428+00:00,SivaChowdary,10.1,2600.0,4.6,5.1,18869.1,10544.5,59.6,13119.2,19390.4,4.9,54.1,0.0,126741.7,0.0,12.0,3677.2,56955.7,37.9,69.9,0.0,294.0,347.0
2026-10-02T19:13:22.978320+00:00,SivaChowdary,27.3,2600.0,4.4,22.1,17797.1,14474.4,59.7,13111.9,19397.6,4.9,54.1,0.0,242222.7,0.0,18.0,1069.5,2505.8,11.0,24.1,0.0,294.0,348.0
2026-10-02T19:13:23.881547+00:00,SivaChowdary,19.0,2600.0,5.9,12.0,46796.0,27465.6,59.6,13121.9,19387.6,4.9,54.1,0.0,12288.3,0.0,3.0,2023.0,1492.0,7.0,20.0,0.0,294.0,345.0
2026-10-02T19:13:24.947739+00:00,SivaChowdary,18.0,2600.0,4.0,13.0,16613.1,10213.5,59.7,13115.8,19393.7,4.9,54.1,0.0,94157.7,0.0,7.0,6601.5,12033.6,27.0,45.0,0.0,294.0,347.0
2026-10-02T19:13:25.831718+00:00,SivaChowdary,17.9,2600.0,4.9,12.1,46674.5,29417.6,59.6,13123.4,19386.1,4.9,54.1,0.0,12293.7,0.0,2.0,15734.3,41046.9,62.0,78.0,0.0,294.0,345.0
2026-10-02T19:13:26.877791+00:00,SivaChowdary,15.1,2600.0,3.8,10.4,15492.8,9772.5,59.6,13125.8,19383.7,4.9,54.1,0.0,0.0,0.0,0.0,22021.8,16915.4,52.9,58.9,0.0,294.0,345.0
2026-10-02T19:13:27.839673+00:00,SivaChowdary,7.0,2600.0,2.4,4.2,16780.7,8994.5,59.6,13118.0,19391.5,4.9,54.1,0.0,118909.4,0.0,12.0,1138.2,1913.0,13.0,18.0,0.0,294.0,347.0
2026-10-02T19:13:28.877703+00:00,SivaChowdary,23.3,2600.0,4.1,18.4,39347.3,26463.8,59.7,13116.1,19393.4,4.9,54.1,32761.5,106475.0,1.0,8.0,5685.9,2214.6,14.0,24.0,0.0,294.0,345.0
2026-10-02T19:13:29.865499+00:00,SivaChowdary,9.1,2600.0,3.3,5.0,23105.1,12226.4,59.6,13118.8,19390.8,4.9,54.1,0.0,188375.7,0.0,3.0,40008.4,2164529.1,297.9,1695.6,0.0,294.0,345.0
2026-10-02T19:13:30.895832+00:00,SivaChowdary,14.6,2600.0,2.5,11.7,19921.1,12680.7,59.7,13113.4,19396.1,4.9,54.1,0.0,8201.5,0.0,2.0,30862.8,1899673.6,262.3,1517.8,0.0,294.0,347.0
2026-10-02T19:13:31.960551+00:00,SivaChowdary,12.3,2600.0,3.8,7.7,46244.2,27978.5,59.7,13111.4,19398.1,4.9,54.1,0.0,12283.8,0.0,3.0,724.8,1262.6,5.0,11.0,0.0,294.0,345.0
2026-10-02T19:13:32.859418+00:00,SivaChowdary,23.9,2600.0,7.7,14.9,17251.0,11980.5,59.7,13113.1,19396.4,4.9,54.1,0.0,61411.7,0.0,7.0,798.6,1730.2,9.0,18.0,0.0,294.0,345.0
2026-10-02T19:13:33.998285+00:00,SivaChowdary,7.0,2600.0,2.7,3.9,15561.7,8881.3,59.6,13129.3,19380.2,4.9,54.1,0.0,0.0,0.0,0.0,1985.8,1238.9,8.0,17.0,0.0,294.0,347.0
2026-10-02T19:13:34.931790+00:00,SivaChowdary,26.7,2600.0,4.0,21.4,15080.5,11944.4,59.6,13124.5,19385.0,4.9,54.1,0.0,8189.6,0.0,2.0,336.9,1242.6,4.0,13.0,0.0,294.0,347.0
2026-10-02T19:13:35.867712+00:00,SivaChowdary,13.5,2600.0,4.3,7.9,44039.0,27066.9,59.6,13141.8,19367.7,4.9,54.1,0.0,8175.7,0.0,2.0,673.7,1121.8,7.0,15.0,0.0,294.0,345.0
2026-10-02T19:13:36.887332+00:00,SivaChowdary,14.9,2600.0,3.0,10.9,18047.3,12009.2,59.6,13135.6,19373.9,4.9,54.1,0.0,496284.8,0.0,59.1,1185.6,1656.2,12.0,20.0,0.0,294.0,347.0
2026-10-02T19:13:37.891972+00:00,SivaChowdary,14.2,1496.0,4.4,9.5,41448.5,25908.1,59.6,13133.1,19376.5,4.9,54.1,0.0,86129.3,0.0,5.0,337.4,621.8,4.0,9.0,0.0,294.0,345.0
2026-10-02T19:13:38.852118+00:00,SivaChowdary,16.8,2600.0,3.7,12.2,16556.7,11078.8,59.6,13133.2,19376.3,4.9,54.1,0.0,8193.3,0.0,2.0,1732.3,1500.2,5.0,18.0,0.0,294.0,345.0
2026-10-02T19:13:40.048417+00:00,SivaChowdary,10.4,2600.0,4.4,5.3,17336.7,9095.2,59.6,13133.1,19376.4,4.9,54.1,0.0,204713.5,0.0,13.0,878.6,1685.3,9.0,22.0,0.0,294.0,349.0
2026-10-02T19:13:40.908167+00:00,SivaChowdary,27.7,2600.0,5.1,22.2,20325.5,14041.7,59.6,13127.4,19382.1,4.9,54.1,0.0,45061.5,0.0,4.0,7705.9,3171.4,25.0,27.0,0.0,294.0,347.0
2026-10-02T19:13:41.857126+00:00,SivaChowdary,13.5,2600.0,4.8,7.8,44576.3,26863.6,59.6,13136.3,19373.2,4.9,54.1,0.0,16381.9,0.0,3.0,1428.8,2264.7,15.0,28.0,0.0,294.0,345.0
2026-10-02T19:13:42.877779+00:00,SivaChowdary,18.4,2600.0,4.5,12.7,20177.6,14169.3,59.6,13129.4,19380.1,4.9,54.1,0.0,65560.7,0.0,11.0,816.3,1679.6,8.0,22.0,0.0,294.0,347.0
2026-10-02T19:13:43.882787+00:00,SivaChowdary,13.2,2600.0,4.1,8.2,43748.9,27938.8,59.6,13133.3,19376.2,4.9,54.1,0.0,12288.8,0.0,3.0,1479.1,624.0,2.0,10.0,0.0,294.0,346.0
2026-10-02T19:13:44.860461+00:00,SivaChowdary,16.7,2600.0,3.8,11.9,18546.5,12145.3,59.6,13131.7,19377.9,4.9,54.1,0.0,0.0,0.0,0.0,84.0,766.9,1.0,12.0,0.0,294.0,345.0
2026-10-02T19:13:46.029467+00:00,SivaChowdary,8.4,2600.0,3.9,3.8,14888.7,8618.4,59.6,13132.7,19376.8,4.9,54.1,0.0,24577.1,0.0,4.0,168.0,400.0,2.0,6.0,0.0,294.0,347.0
2026-10-02T19:13:46.909686+00:00,SivaChowdary,22.4,2600.0,2.9,19.0,14361.1,10589.7,59.6,13137.3,19372.2,4.9,54.1,0.0,8188.6,0.0,2.0,1271.5,1692.3,11.0,16.0,0.0,294.0,349.0
2026-10-02T19:13:47.852457+00:00,SivaChowdary,9.9,1496.0,3.4,5.9,43999.0,27120.8,59.6,13136.3,19373.2,4.9,54.1,16392.9,430314.4,1.0,36.0,423.2,759.4,5.0,10.0,0.0,294.0,345.0
2026-10-02T19:13:48.879581+00:00,SivaChowdary,18.0,2600.0,3.9,13.6,21207.7,15630.2,59.6,13129.6,19380.0,4.9,54.1,0.0,0.0,0.0,0.0,1733.2,564.8,5.0,7.0,0.0,294.0,347.0
2026-10-02T19:13:49.945750+00:00,SivaChowdary,10.5,2600.0,3.2,6.8,39703.5,25144.3,59.6,13127.3,19382.3,4.9,54.1,0.0,106556.5,0.0,24.0,337.2,660.4,4.0,8.0,0.0,294.0,346.0
2026-10-02T19:13:50.826041+00:00,SivaChowdary,17.5,1496.0,3.7,13.0,18545.0,12176.3,59.6,13136.4,19373.1,4.9,54.1,0.0,102394.4,0.0,23.0,670.0,1424.9,7.0,19.0,0.0,294.0,345.0
2026-10-02T19:13:51.972757+00:00,SivaChowdary,8.5,2600.0,3.4,4.4,16024.6,9101.2,59.6,13131.5,19378.0,4.9,54.1,16382.5,139251.4,1.0,26.0,28007.5,1681708.0,193.0,1348.9,0.0,294.0,347.0
2026-10-02T19:13:52.897852+00:00,SivaChowdary,24.9,2600.0,3.2,21.1,17673.9,12978.4,59.6,13128.5,19381.0,4.9,54.1,0.0,12278.9,0.0,2.0,11489.5,721152.5,99.9,588.6,0.0,294.0,347.0
2026-10-02T19:13:53.863021+00:00,SivaChowdary,14.0,2600.0,5.6,7.9,46982.8,28171.5,59.6,13134.1,19375.4,4.9,54.1,16401.7,94310.1,1.0,17.0,2024.2,1384.5,7.0,18.0,0.0,294.0,345.0
2026-10-02T19:13:54.896798+00:00,SivaChowdary,19.9,2600.0,6.1,13.0,21123.8,13587.4,59.6,13128.3,19381.2,4.9,54.1,0.0,61337.9,0.0,14.0,336.4,1196.0,4.0,15.0,0.0,294.0,347.0
2026-10-02T19:13:55.937832+00:00,SivaChowdary,11.3,2600.0,4.2,6.8,43840.7,26266.2,59.6,13133.2,19376.3,4.9,54.1,0.0,57355.4,0.0,13.0,1385.3,1441.3,16.0,18.0,0.0,294.0,345.0
2026-10-02T19:13:56.861248+00:00,SivaChowdary,16.9,2600.0,4.2,12.4,25275.1,18189.1,59.6,13127.6,19381.9,4.9,54.1,0.0,86040.0,0.0,13.0,4485.3,2433.7,18.0,22.0,0.0,294.0,345.0
2026-10-02T19:13:57.961636+00:00,SivaChowdary,8.3,2600.0,3.1,4.7,13122.4,7463.7,59.6,13133.3,19376.2,4.9,54.1,0.0,196704.6,0.0,28.0,463.2,741.4,5.0,10.0,0.0,294.0,347.0
2026-10-02T19:13:58.843526+00:00,SivaChowdary,25.5,2600.0,4.7,20.1,17297.2,12358.0,59.6,13123.1,19386.4,4.9,54.1,0.0,57358.0,0.0,12.0,1690.4,717.2,4.0,9.0,0.0,294.0,349.0
2026-10-02T19:13:59.904809+00:00,SivaChowdary,12.0,2600.0,5.2,5.6,48066.3,27816.7,59.6,13129.9,19379.6,4.9,54.1,0.0,0.0,0.0,0.0,84.0,359.1,1.0,5.0,0.0,294.0,345.0
2026-10-02T19:14:00.911785+00:00,SivaChowdary,23.8,2600.0,4.1,19.6,16223.3,11582.9,59.6,13121.4,19388.1,4.9,54.1,0.0,167877.0,0.0,18.0,376.9,949.7,4.0,10.0,0.0,294.0,347.0
2026-10-02T19:14:01.901619+00:00,SivaChowdary,14.7,2600.0,4.4,9.2,56633.7,39718.9,59.6,13124.9,19384.6,4.9,54.1,0.0,20484.6,0.0,3.0,1397.3,1850.4,13.0,19.0,0.0,294.0,345.0
2026-10-02T19:14:02.860893+00:00,SivaChowdary,19.3,2600.0,4.6,13.8,18676.6,12366.4,59.6,13120.4,19389.1,4.9,54.1,0.0,90114.7,0.0,14.0,774.0,999.0,8.0,11.0,0.0,294.0,345.0
2026-10-02T19:14:04.040840+00:00,SivaChowdary,8.6,2600.0,3.8,4.2,16313.4,9329.4,59.6,13122.8,19386.7,4.9,54.1,0.0,12279.3,0.0,3.0,1561.9,711.5,3.0,11.0,0.0,294.0,347.0
2026-10-02T19:14:04.924446+00:00,SivaChowdary,23.9,2600.0,2.9,20.4,16310.3,12499.9,59.6,13118.6,19390.9,4.9,54.1,0.0,0.0,0.0,0.0,16734.6,18527.7,54.0,66.0,0.0,294.0,347.0
2026-10-02T19:14:05.867445+00:00,SivaChowdary,16.3,2600.0,4.8,8.8,45877.3,29526.3,59.6,13129.0,19380.5,4.9,54.1,0.0,8193.5,0.0,2.0,1510.3,3011.5,16.0,26.0,0.0,294.0,345.0
2026-10-02T19:14:06.889894+00:00,SivaChowdary,14.1,2600.0,3.9,10.8,18551.4,12464.1,59.6,13135.7,19373.8,4.9,54.1,0.0,32736.9,0.0,4.0,673.4,2067.0,7.0,14.0,0.0,294.0,347.0
2026-10-02T19:14:07.949535+00:00,SivaChowdary,15.2,2600.0,4.6,9.8,42512.5,26268.5,59.6,13131.7,19377.8,4.9,54.1,0.0,118849.7,0.0,13.0,17269.6,18120.0,45.0,64.0,0.0,294.0,345.0
2026-10-02T19:14:08.834003+00:00,SivaChowdary,17.4,1496.0,3.6,12.7,16265.6,10746.4,59.6,13130.5,19379.0,4.9,54.1,0.0,86051.0,0.0,10.0,5509.2,4168.7,21.0,31.0,0.0,294.0,345.0
2026-10-02T19:14:10.026930+00:00,SivaChowdary,8.3,2600.0,2.9,4.9,15053.7,8552.5,59.6,13134.6,19374.9,4.9,54.1,0.0,135129.0,0.0,8.0,1218.6,2007.4,15.0,27.0,0.0,294.0,347.0
2026-10-02T19:14:10.873469+00:00,SivaChowdary,21.0,2600.0,2.8,17.7,26545.7,18185.4,59.6,13135.7,19373.8,4.9,54.1,0.0,61346.9,0.0,11.0,7010.4,2773.8,16.0,24.0,0.0,294.0,347.0
2026-10-02T19:14:11.962259+00:00,SivaChowdary,10.5,2600.0,4.0,6.5,34010.1,21226.2,59.6,13131.9,19377.6,4.9,54.1,0.0,8201.0,0.0,2.0,46073.3,3605618.5,366.4,2785.0,0.0,294.0,345.0
2026-10-02T19:14:12.943504+00:00,SivaChowdary,16.7,1496.0,3.6,12.2,18472.4,11986.8,59.6,13129.1,19380.4,4.9,54.1,0.0,45066.7,0.0,7.0,12131.9,926071.2,98.0,743.2,0.0,294.0,347.0
2026-10-02T19:14:13.937260+00:00,SivaChowdary,14.7,2600.0,3.8,10.4,42789.8,27383.3,59.6,13129.0,19380.5,4.9,54.1,0.0,4096.9,0.0,1.0,1395.3,400.1,1.0,6.0,0.0,294.0,345.0
2026-10-02T19:14:14.864559+00:00,SivaChowdary,15.4,1496.0,3.9,10.6,17410.2,11416.8,59.6,13133.4,19376.1,4.9,54.1,0.0,0.0,0.0,0.0,84.0,871.9,1.0,15.0,0.0,294.0,345.0
2026-10-02T19:14:15.980677+00:00,SivaChowdary,13.1,2600.0,4.9,7.6,16210.1,9958.4,59.6,13121.8,19387.8,4.9,54.1,16383.1,102394.1,1.0,10.0,1182.9,2414.9,13.0,36.0,0.0,294.0,347.0
2026-10-02T19:14:16.835123+00:00,SivaChowdary,19.7,1496.0,3.4,15.8,46530.6,30354.4,59.6,13126.0,19383.5,4.9,54.1,0.0,20480.3,0.0,4.0,25611.4,25912.4,61.0,89.0,0.0,294.0,345.0
2026-10-02T19:14:17.916072+00:00,SivaChowdary,10.8,2600.0,3.3,7.3,14114.9,8666.4,59.6,13132.1,19377.5,4.9,54.1,0.0,24560.2,0.0,5.0,336.8,1012.4,4.0,16.0,0.0,294.0,347.0
2026-10-02T19:14:18.883831+00:00,SivaChowdary,15.1,1496.0,4.5,9.9,24022.7,14050.7,59.6,13125.3,19384.2,4.9,54.1,0.0,0.0,0.0,0.0,4086.6,2428.0,15.0,31.0,0.0,294.0,347.0
2026-10-02T19:14:19.911288+00:00,SivaChowdary,18.7,2600.0,3.5,14.8,46628.5,29228.1,59.7,13112.2,19397.3,4.9,54.1,0.0,32778.2,0.0,7.0,1634.5,19319.0,17.0,35.0,0.0,294.0,345.0
2026-10-02T19:14:20.838516+00:00,SivaChowdary,14.3,2600.0,4.2,9.6,19386.1,13753.5,59.6,13132.2,19377.3,4.9,54.1,0.0,102374.0,0.0,19.0,629.8,1188.7,7.0,13.0,0.0,294.0,345.0
2026-10-02T19:14:21.909540+00:00,SivaChowdary,12.6,2600.0,3.2,9.2,15965.8,10573.5,59.6,13130.6,19378.9,4.9,54.1,0.0,32769.5,0.0,6.0,852.0,3561.2,8.0,26.0,0.0,294.0,347.0
2026-10-02T19:14:22.871088+00:00,SivaChowdary,13.7,2600.0,4.1,9.0,45184.7,29089.3,59.6,13123.8,19385.7,4.9,54.1,0.0,40966.1,0.0,7.0,7215.1,22986.4,39.0,53.0,0.0,294.0,345.0
2026-10-02T19:14:23.849400+00:00,SivaChowdary,16.1,2600.0,3.8,12.0,18869.0,12131.5,59.6,13130.9,19378.7,4.9,54.1,0.0,163900.5,0.0,6.0,3687.4,18965.0,24.0,43.0,0.0,294.0,345.0
2026-10-02T19:14:24.997689+00:00,SivaChowdary,10.6,2600.0,4.5,5.4,23679.0,16723.6,59.6,13136.8,19372.7,4.9,54.1,0.0,32765.2,0.0,6.0,1301.9,2430.8,14.0,29.0,0.0,294.0,347.0
2026-10-02T19:14:25.976904+00:00,SivaChowdary,23.0,2600.0,3.5,18.7,14215.4,11331.5,59.6,13130.9,19378.6,4.9,54.1,0.0,57301.2,0.0,4.0,1119.2,1219.1,7.0,15.0,0.0,294.0,347.0
2026-10-02T19:14:26.856730+00:00,SivaChowdary,15.4,2600.0,5.0,9.8,44721.0,27150.0,59.6,13132.4,19377.1,4.9,54.1,0.0,0.0,0.0,0.0,4489.5,2135.8,18.0,22.0,0.0,294.0,345.0
2026-10-02T19:14:27.887486+00:00,SivaChowdary,13.7,2600.0,3.0,10.2,15486.0,10344.0,59.6,13129.9,19379.6,4.9,54.1,0.0,106558.2,0.0,18.0,379.2,1547.9,4.0,15.0,0.0,294.0,347.0
2026-10-02T19:14:28.873566+00:00,SivaChowdary,13.5,1496.0,4.4,8.5,42782.4,28255.5,59.6,13131.8,19377.7,4.9,54.1,49161.6,151581.6,2.0,12.0,1479.3,856.2,2.0,14.0,0.0,294.0,345.0
2026-10-02T19:14:29.867002+00:00,SivaChowdary,14.0,2600.0,3.2,10.4,15867.4,10235.2,59.6,13135.3,19374.2,4.9,54.1,0.0,0.0,0.0,0.0,630.0,977.0,7.0,12.0,0.0,294.0,345.0
2026-10-02T19:14:31.003439+00:00,SivaChowdary,11.7,2600.0,4.3,7.1,15870.6,8814.1,59.6,13129.3,19380.2,4.9,54.1,0.0,4095.1,0.0,1.0,590.9,1461.7,7.0,20.0,0.0,294.0,347.0
2026-10-02T19:14:31.920582+00:00,SivaChowdary,23.5,2600.0,3.1,19.6,14051.9,10953.5,59.6,13126.2,19383.3,4.9,54.1,0.0,20482.8,0.0,4.0,556.1,996.1,3.0,8.0,0.0,294.0,347.0
2026-10-02T19:14:32.854916+00:00,SivaChowdary,17.4,2600.0,7.0,9.4,44367.8,27734.0,59.6,13130.0,19379.5,4.9,54.1,0.0,90089.2,0.0,7.0,336.9,676.8,4.0,10.0,0.0,294.0,345.0
2026-10-02T19:14:33.882988+00:00,SivaChowdary,17.6,2600.0,5.1,12.1,16936.8,11418.9,59.6,13127.4,19382.1,4.9,54.1,0.0,0.0,0.0,0.0,1772.0,861.0,5.0,12.0,0.0,294.0,347.0
2026-10-02T19:14:34.903304+00:00,SivaChowdary,16.2,2600.0,3.5,11.0,42802.5,28020.0,59.6,13128.6,19380.9,4.9,54.1,16373.5,200575.3,1.0,28.0,1049.3,1491.0,11.0,18.0,0.0,294.0,345.0
2026-10-02T19:14:35.862212+00:00,SivaChowdary,24.0,2600.0,3.9,18.9,18420.6,13950.3,59.5,13175.0,19334.5,4.9,54.1,0.0,180279.1,0.0,16.0,957.3,1825.6,10.0,16.0,0.0,294.0,345.0
2026-10-02T19:14:37.034058+00:00,SivaChowdary,13.4,2600.0,3.7,8.9,18017.7,11473.3,59.4,13198.1,19311.5,4.9,54.1,0.0,4095.0,0.0,1.0,36685.3,1923498.2,238.9,1551.6,0.0,294.0,349.0
2026-10-02T19:14:37.917734+00:00,SivaChowdary,35.5,2600.0,5.8,29.2,37398.1,28853.3,59.2,13276.9,19232.6,4.9,54.1,0.0,28678.2,0.0,2.0,15185.3,1014700.1,116.0,806.2,0.0,294.0,347.0
2026-10-02T19:14:38.847993+00:00,SivaChowdary,20.4,2600.0,3.0,16.3,55350.5,32126.1,58.8,13407.3,19102.2,4.9,54.1,0.0,49133.8,0.0,7.0,2442.1,2588.0,12.0,30.0,0.0,294.0,345.0
2026-10-02T19:14:39.908490+00:00,SivaChowdary,21.2,2600.0,2.9,17.8,24136.8,15641.4,58.3,13540.3,18969.2,4.9,54.1,0.0,12291.4,0.0,3.0,337.1,1060.3,4.0,16.0,0.0,294.0,347.0
2026-10-02T19:14:40.853521+00:00,SivaChowdary,22.5,2600.0,4.6,15.7,48843.2,30886.2,58.0,13652.6,18856.9,4.9,54.1,0.0,131064.5,0.0,3.0,377.0,772.0,4.0,9.0,0.0,294.0,345.0
2026-10-02T19:14:41.867602+00:00,SivaChowdary,17.8,2600.0,4.5,13.3,16779.9,10715.5,58.0,13651.7,18857.8,4.9,54.1,0.0,8199.3,0.0,2.0,7103.3,4548.0,51.0,56.0,0.0,294.0,345.0
2026-10-02T19:14:42.961390+00:00,SivaChowdary,9.7,2600.0,3.7,5.0,18601.5,11285.4,58.0,13655.0,18854.5,4.9,54.1,0.0,53212.1,0.0,8.0,4362.1,9658.5,30.0,122.9,0.0,294.0,347.0
2026-10-02T19:14:43.978067+00:00,SivaChowdary,25.7,2600.0,3.8,21.0,14768.0,11640.1,58.0,13649.4,18860.1,4.9,54.1,0.0,8194.2,0.0,2.0,2239.6,17824.8,10.0,311.1,0.0,294.0,347.0
2026-10-02T19:14:44.857067+00:00,SivaChowdary,14.7,2600.0,3.9,10.0,43348.8,27193.4,58.0,13656.7,18852.8,4.9,54.1,0.0,0.0,0.0,0.0,253.0,7476.3,3.0,132.0,0.0,294.0,345.0
2026-10-02T19:14:45.922867+00:00,SivaChowdary,14.4,2600.0,3.3,10.6,17513.6,11568.7,58.0,13648.4,18861.1,4.9,54.1,0.0,323575.9,0.0,28.0,84.0,7199.8,1.0,128.0,0.0,294.0,347.0
2026-10-02T19:14:46.853011+00:00,SivaChowdary,13.1,2600.0,3.1,9.0,44868.2,27766.6,58.0,13653.6,18855.9,4.9,54.1,0.0,16396.1,0.0,3.0,894.7,10989.1,7.0,184.1,0.0,294.0,345.0
2026-10-02T19:14:47.867952+00:00,SivaChowdary,13.7,2600.0,2.6,10.3,16895.8,11208.2,58.0,13652.9,18856.6,4.9,54.1,0.0,155637.2,0.0,12.0,377.0,9364.3,4.0,162.0,0.0,294.0,345.0
2026-10-02T19:14:49.017271+00:00,SivaChowdary,8.9,2600.0,3.3,5.6,18781.3,11548.9,58.0,13650.0,18859.5,4.9,54.1,0.0,0.0,0.0,0.0,7155.4,7090.5,19.0,116.0,0.0,294.0,347.0
2026-10-02T19:14:49.940641+00:00,SivaChowdary,25.1,2600.0,2.9,21.3,14738.7,11697.5,58.0,13644.1,18865.4,4.9,54.1,0.0,32769.5,0.0,6.0,1512.1,2127.1,15.0,26.0,0.0,294.0,347.0
2026-10-02T19:14:50.900307+00:00,SivaChowdary,16.4,2600.0,4.0,11.3,42438.4,26146.2,58.0,13649.7,18859.9,4.9,54.1,0.0,229378.0,0.0,19.0,4928.0,4760.0,39.0,49.0,0.0,294.0,345.0
2026-10-02T19:14:51.893673+00:00,SivaChowdary,14.9,2600.0,4.0,10.4,19802.8,13155.9,58.0,13647.3,18862.2,4.9,54.1,0.0,65535.4,0.0,11.0,423.0,1435.0,5.0,13.0,0.0,294.0,347.0
2026-10-02T19:14:52.907747+00:00,SivaChowdary,15.9,2600.0,4.8,9.8,42469.5,26718.5,58.0,13641.7,18867.9,4.9,54.1,0.0,0.0,0.0,0.0,84.0,368.0,1.0,6.0,0.0,294.0,345.0
2026-10-02T19:14:53.884660+00:00,SivaChowdary,17.2,2600.0,4.1,12.1,17470.1,11048.7,58.0,13647.0,18862.5,4.9,54.1,0.0,32749.4,0.0,7.0,2898.4,1934.9,15.0,19.0,0.0,294.0,345.0
2026-10-02T19:14:54.971341+00:00,SivaChowdary,13.1,2600.0,5.3,7.3,17796.3,10775.4,58.0,13644.3,18865.2,4.9,54.1,0.0,16390.7,0.0,3.0,337.1,741.3,4.0,11.0,0.0,294.0,347.0
2026-10-02T19:14:55.866255+00:00,SivaChowdary,22.9,2600.0,4.1,18.2,15753.5,11486.7,58.0,13646.9,18862.7,4.9,54.1,0.0,8189.7,0.0,2.0,880.7,1286.6,9.0,15.0,0.0,294.0,347.0
2026-10-02T19:14:56.895866+00:00,SivaChowdary,10.8,2600.0,3.8,6.1,51879.9,29638.4,58.0,13652.8,18856.7,4.9,54.1,0.0,0.0,0.0,0.0,1261.7,5438.8,14.0,84.0,0.0,294.0,345.0
2026-10-02T19:14:57.857451+00:00,SivaChowdary,16.6,2600.0,3.7,12.4,17743.8,11567.9,58.0,13642.6,18867.0,4.9,54.1,0.0,102364.1,0.0,14.0,1747.4,9837.6,17.0,159.9,0.0,294.0,347.0
2026-10-02T19:14:58.981598+00:00,SivaChowdary,12.8,2600.0,3.6,9.1,42074.9,25663.6,58.0,13651.1,18858.5,4.9,54.1,0.0,81956.9,0.0,16.0,2260.0,7523.4,10.0,126.1,0.0,294.0,345.0
2026-10-02T19:14:59.835569+00:00,SivaChowdary,13.5,2600.0,2.5,10.4,16382.7,10323.2,58.0,13647.5,18862.1,4.9,54.1,0.0,0.0,0.0,0.0,84.0,3782.7,1.0,65.0,0.0,294.0,345.0
2026-10-02T19:15:01.016990+00:00,SivaChowdary,13.9,2600.0,4.0,9.5,20509.8,12265.1,58.1,13634.7,18874.8,4.9,54.1,0.0,102383.9,0.0,9.0,58326.8,3277132.3,457.9,2586.6,0.0,294.0,347.0
2026-10-02T19:15:01.809336+00:00,SivaChowdary,20.1,2600.0,3.2,16.4,42052.0,28316.7,58.1,13633.7,18875.9,4.9,54.1,0.0,16387.9,0.0,4.0,599.1,983.2,4.0,8.0,0.0,294.0,345.0
2026-10-02T19:15:02.976186+00:00,SivaChowdary,9.7,2600.0,3.8,5.7,20568.2,12670.5,58.0,13642.7,18866.8,4.9,54.1,0.0,81761.6,0.0,12.0,1475.1,1937.2,15.0,22.0,0.0,294.0,345.0
2026-10-02T19:15:03.902636+00:00,SivaChowdary,13.7,2600.0,3.6,9.6,19005.5,10980.6,58.1,13636.4,18873.1,4.9,54.1,0.0,0.0,0.0,0.0,2323.6,1142.3,11.0,14.0,0.0,294.0,347.0
2026-10-02T19:15:04.967911+00:00,SivaChowdary,14.6,2600.0,3.4,10.6,41718.1,27120.9,58.0,13645.5,18864.0,4.9,54.1,0.0,12285.7,0.0,3.0,420.9,884.8,5.0,12.0,0.0,294.0,345.0
2026-10-02T19:15:05.837536+00:00,SivaChowdary,12.5,2600.0,2.9,9.4,17092.1,10136.5,58.0,13641.7,18867.9,4.9,54.1,0.0,20467.0,0.0,3.0,1720.9,2315.5,19.0,29.0,0.0,294.0,345.0
2026-10-02T19:15:06.982669+00:00,SivaChowdary,13.8,2600.0,4.2,9.3,15452.5,9770.4,58.1,13626.3,18883.2,4.9,54.1,0.0,28682.1,0.0,4.0,5294.9,3113.1,26.0,28.0,0.0,294.0,347.0
2026-10-02T19:15:07.851420+00:00,SivaChowdary,22.0,2600.0,4.3,16.4,48886.3,33196.6,58.0,13643.8,18865.7,4.9,54.1,0.0,40920.0,0.0,6.0,252.8,732.3,3.0,11.0,0.0,294.0,345.0
2026-10-02T19:15:08.906461+00:00,SivaChowdary,10.4,2600.0,2.1,7.5,19599.4,14400.1,58.0,13648.0,18861.6,4.9,54.1,16378.5,85986.9,1.0,8.0,2318.2,894.7,10.0,13.0,0.0,294.0,346.0
2026-10-02T19:15:09.892690+00:00,SivaChowdary,19.9,2600.0,11.0,8.1,37816.5,22357.2,58.2,13601.0,18908.5,4.9,54.1,65592.3,114786.6,1.0,7.0,34336.5,685840.2,215.2,602.5,0.0,294.0,348.0
2026-10-02T19:15:10.871006+00:00,SivaChowdary,25.2,2600.0,7.5,16.9,54710.1,34498.6,58.2,13580.0,18929.5,4.9,54.1,159834.8,438521.3,5.0,21.0,19314.0,103282.7,75.0,128.1,0.0,294.0,346.0
2026-10-02T19:15:11.844065+00:00,SivaChowdary,23.4,2600.0,12.2,10.0,28545.3,18628.0,58.3,13566.7,18942.8,4.9,54.1,158805.3,32785.6,5.0,2.0,13686.3,308019.4,123.1,284.2,0.0,294.0,346.0
2026-10-02T19:15:12.886140+00:00,SivaChowdary,17.1,2600.0,4.5,12.1,21276.9,14799.0,58.2,13580.3,18929.2,4.9,54.1,0.0,421488.9,0.0,27.0,376.6,884.2,4.0,13.0,0.0,294.0,348.0
2026-10-02T19:15:13.947668+00:00,SivaChowdary,11.3,2600.0,4.2,6.8,43592.0,26439.7,58.2,13582.8,18926.7,4.9,54.1,81940.8,327763.1,3.0,17.0,1916.5,717.2,7.0,9.0,0.0,294.0,346.0
2026-10-02T19:15:14.860174+00:00,SivaChowdary,14.9,2600.0,2.5,11.8,25876.1,19958.4,58.2,13584.9,18924.6,4.9,54.1,0.0,0.0,0.0,0.0,0.0,711.5,0.0,8.0,0.0,294.0,346.0
2026-10-02T19:15:16.029848+00:00,SivaChowdary,12.2,2600.0,4.4,7.6,23454.1,12554.6,58.2,13581.4,18928.1,4.9,54.1,0.0,32790.5,0.0,5.0,1217.8,1958.3,11.0,24.0,0.0,294.0,348.0
2026-10-02T19:15:16.864946+00:00,SivaChowdary,21.5,2600.0,2.9,18.2,18392.7,13496.9,58.2,13578.0,18931.6,4.9,54.1,0.0,16389.9,0.0,4.0,8644.1,3445.2,28.0,28.0,0.0,294.0,348.0
2026-10-02T19:15:17.942235+00:00,SivaChowdary,6.5,2600.0,2.5,3.8,39983.1,24704.1,58.2,13598.1,18911.4,4.9,54.1,0.0,24576.1,0.0,4.0,542.0,690.0,6.0,9.0,0.0,294.0,346.0
2026-10-02T19:15:18.881287+00:00,SivaChowdary,14.7,2600.0,2.8,11.6,19428.7,13077.2,58.2,13596.4,18913.1,4.9,54.1,0.0,98327.7,0.0,14.0,4086.0,1643.4,15.0,17.0,0.0,294.0,348.0
2026-10-02T19:15:19.911248+00:00,SivaChowdary,12.6,2600.0,3.5,9.0,52352.1,36403.2,58.2,13593.1,18916.4,4.9,54.1,0.0,8185.3,0.0,2.0,1930.4,19356.1,21.0,36.0,0.0,294.0,346.0
2026-10-02T19:15:20.834893+00:00,SivaChowdary,15.4,2600.0,3.6,11.4,17499.7,12568.0,58.2,13599.0,18910.6,4.9,54.1,0.0,73692.9,0.0,6.0,1047.5,1219.4,11.0,14.0,0.0,294.0,346.0
2026-10-02T19:15:21.932162+00:00,SivaChowdary,9.4,2600.0,2.6,6.3,22695.9,14439.7,58.2,13603.9,18905.6,4.9,54.1,12298.8,1254478.4,3.0,24.0,93729.4,4042071.2,623.5,3259.9,0.0,294.0,348.0
2026-10-02T19:15:22.827644+00:00,SivaChowdary,26.8,2600.0,6.2,19.6,55479.4,35845.4,58.2,13587.1,18922.4,4.9,54.1,0.0,53207.1,0.0,6.0,77666.3,5139875.2,566.6,4159.8,0.0,294.0,346.0
2026-10-02T19:15:23.950010+00:00,SivaChowdary,11.4,2600.0,3.6,7.5,21636.5,12594.6,58.2,13600.8,18908.7,4.9,54.1,1082167.3,8329409.0,6.0,39.0,116114.3,5254677.7,756.6,4194.2,0.0,294.0,346.0
2026-10-02T19:15:24.895247+00:00,SivaChowdary,18.8,2600.0,5.1,12.9,23798.1,14396.1,58.2,13586.9,18922.6,4.9,54.2,360449.8,3280912.4,2.0,20.0,96691.5,4228884.2,594.0,3427.0,0.0,294.0,348.0
2026-10-02T19:15:25.939368+00:00,SivaChowdary,16.7,2600.0,3.3,12.2,46642.9,29078.8,58.2,13594.3,18915.2,4.9,54.2,2588390.6,7859369.5,12.0,38.0,66198.8,4672089.1,483.9,3724.6,0.0,294.0,346.0
2026-10-02T19:15:26.853941+00:00,SivaChowdary,14.0,2600.0,3.4,9.6,23326.7,14736.2,58.2,13589.2,18920.3,4.9,54.2,0.0,0.0,0.0,0.0,57697.9,2511064.1,304.0,2028.9,0.0,294.0,346.0
2026-10-02T19:15:28.006512+00:00,SivaChowdary,12.9,2600.0,4.6,8.5,21097.0,12472.0,58.2,13599.5,18910.0,4.9,54.2,1314503.5,4410343.6,7.0,28.0,70186.3,3906590.4,449.9,3158.2,0.0,294.0,348.0
2026-10-02T19:15:28.874887+00:00,SivaChowdary,25.0,2600.0,6.3,17.1,53842.2,34032.3,58.2,13591.2,18918.4,4.9,54.2,4063624.4,11211834.6,17.0,74.0,79025.6,4785760.1,590.1,3855.4,0.0,294.0,346.0
2026-10-02T19:15:29.920171+00:00,SivaChowdary,11.3,2600.0,2.8,8.0,21189.7,12783.6,58.2,13603.8,18905.7,4.9,54.2,327798.9,6015110.7,2.0,24.0,82964.1,5076784.2,628.2,4107.5,0.0,294.0,346.0
2026-10-02T19:15:30.896206+00:00,SivaChowdary,12.8,2600.0,3.2,8.4,24799.4,13753.1,58.2,13593.1,18916.4,4.9,54.2,0.0,0.0,0.0,0.0,73439.9,4553912.2,576.2,3643.1,0.0,294.0,348.0
2026-10-02T19:15:31.900886+00:00,SivaChowdary,18.8,2600.0,3.7,14.4,45920.4,29723.3,58.2,13591.0,18918.5,4.9,54.2,0.0,5533388.6,0.0,18.0,75679.8,4802913.2,560.0,3942.8,0.0,294.0,346.0
2026-10-02T19:15:32.871258+00:00,SivaChowdary,13.8,2600.0,4.3,8.7,26726.4,15232.7,58.2,13590.5,18919.0,4.9,54.2,229130.7,7008943.3,1.0,27.0,68251.9,4390113.3,507.5,3777.0,0.0,294.0,346.0
2026-10-02T19:15:33.961193+00:00,SivaChowdary,13.2,2600.0,2.0,10.3,19649.1,12644.2,58.2,13596.7,18912.8,4.9,54.2,0.0,0.0,0.0,0.0,54056.9,3345306.8,385.4,2879.2,0.0,294.0,348.0
2026-10-02T19:15:34.873132+00:00,SivaChowdary,18.4,2600.0,6.0,11.6,64720.3,36588.6,58.2,13597.3,18912.2,4.9,54.2,0.0,3254774.2,0.0,13.0,72011.8,4567789.6,526.7,3746.2,0.0,294.0,346.0
2026-10-02T19:15:35.870992+00:00,SivaChowdary,17.5,2600.0,3.7,13.0,26418.3,16522.8,58.2,13594.9,18914.6,4.9,54.2,196498.9,7278648.1,2.0,25.0,82613.1,5008512.1,619.7,4095.7,0.0,294.0,346.0
2026-10-02T19:15:37.009997+00:00,SivaChowdary,8.4,2600.0,3.8,4.9,23253.0,12561.2,58.2,13591.1,18918.4,4.9,54.2,589926.7,6460516.4,3.0,26.0,96597.8,5360950.0,729.1,4356.8,0.0,294.0,348.0
2026-10-02T19:15:37.917904+00:00,SivaChowdary,26.3,2600.0,4.4,20.9,20130.5,14027.2,58.2,13589.9,18919.7,4.9,54.2,0.0,94290.1,0.0,4.0,55382.2,3387440.7,407.4,2736.4,0.0,294.0,348.0
2026-10-02T19:15:38.865871+00:00,SivaChowdary,11.9,1496.0,3.5,6.8,53304.9,31205.9,58.2,13586.3,18923.2,4.9,54.2,0.0,4813244.1,0.0,16.0,74971.9,4430563.8,551.1,3585.3,0.0,294.0,346.0
2026-10-02T19:15:39.887566+00:00,SivaChowdary,17.2,2600.0,4.2,12.3,25601.1,15069.9,58.2,13601.0,18908.5,4.9,54.2,1621897.7,7474654.7,8.0,55.0,110604.9,4836388.2,664.0,3932.7,0.0,294.0,347.0
2026-10-02T19:15:40.983013+00:00,SivaChowdary,13.4,2600.0,4.6,8.0,56380.5,36040.7,58.1,13624.7,18884.8,4.9,54.2,1278189.4,3822277.9,5.0,30.0,111669.7,5280333.7,833.2,4268.8,0.0,294.0,345.0
2026-10-02T19:15:41.869202+00:00,SivaChowdary,18.9,2600.0,2.8,15.0,24499.4,14998.6,58.1,13615.9,18893.6,4.9,54.2,0.0,16380.3,0.0,3.0,75467.9,3555029.1,579.9,2920.3,0.0,294.0,345.0
2026-10-02T19:15:43.033161+00:00,SivaChowdary,13.0,2600.0,4.4,7.9,19984.1,11424.6,58.1,13617.9,18891.6,4.9,54.2,3144726.1,8313620.3,21.0,79.9,66721.0,4033312.7,483.7,3240.9,0.0,294.0,347.0
2026-10-02T19:15:43.826110+00:00,SivaChowdary,26.4,2600.0,5.3,20.0,47040.8,30243.4,58.1,13621.0,18888.5,4.9,54.2,3131659.3,8562874.8,15.0,45.0,62633.3,3921220.1,463.3,3136.3,0.0,294.0,347.0
2026-10-02T19:15:44.963931+00:00,SivaChowdary,10.8,2600.0,3.1,6.2,26719.7,15226.3,58.1,13627.8,18881.7,4.9,54.2,0.0,2981153.7,0.0,25.0,86242.3,5114767.6,645.0,4148.3,0.0,294.0,345.0
2026-10-02T19:15:45.927588+00:00,SivaChowdary,20.1,2600.0,6.1,13.5,29227.5,17557.9,58.1,13624.0,18885.5,4.9,54.2,0.0,16410.1,0.0,3.0,78744.3,4873829.3,601.0,3939.3,0.0,294.0,347.0
2026-10-02T19:15:46.928765+00:00,SivaChowdary,14.9,2600.0,4.2,10.1,49761.7,28642.4,58.1,13620.4,18889.1,4.9,54.2,0.0,3246474.7,0.0,18.0,67334.7,4119913.9,474.8,3357.3,0.0,294.0,345.0
2026-10-02T19:15:47.852164+00:00,SivaChowdary,14.3,2600.0,3.6,9.8,23346.3,14663.4,58.1,13617.2,18892.3,4.9,54.2,556728.1,3205280.4,3.0,46.0,65594.4,3883953.8,479.7,3149.1,0.0,294.0,345.0
2026-10-02T19:15:49.055817+00:00,SivaChowdary,13.8,2600.0,4.6,8.6,19832.7,12805.1,58.1,13628.3,18881.2,4.9,54.2,0.0,1286255.0,0.0,8.0,73294.3,4287683.1,539.0,3455.3,0.0,294.0,349.0
2026-10-02T19:15:49.895275+00:00,SivaChowdary,23.3,2600.0,5.3,17.3,52520.3,32956.2,58.1,13609.1,18900.4,4.9,54.2,0.0,1250311.4,0.0,5.0,61340.6,3861818.7,442.4,3096.6,0.0,294.0,345.0
2026-10-02T19:15:50.933172+00:00,SivaChowdary,15.0,2600.0,2.6,11.3,19164.7,12715.8,58.1,13623.4,18886.1,4.9,54.2,785925.7,3765894.0,3.0,40.0,79690.7,5034437.8,587.6,4063.4,0.0,294.0,345.0
2026-10-02T19:15:51.837872+00:00,SivaChowdary,13.0,2600.0,4.9,7.3,23952.4,13176.7,58.1,13623.4,18886.1,4.9,54.2,819557.2,3556878.2,6.0,36.0,58942.7,3509143.4,442.2,2848.2,0.0,294.0,347.0
2026-10-02T19:15:52.905682+00:00,SivaChowdary,19.9,2600.0,3.2,16.1,44454.8,28922.7,58.1,13620.9,18888.6,4.9,54.2,0.0,0.0,0.0,0.0,45505.5,2899623.7,330.3,2322.1,0.0,294.0,345.0
2026-10-02T19:15:53.843717+00:00,SivaChowdary,12.1,2600.0,4.8,7.0,30612.7,16844.6,58.1,13617.7,18891.8,4.9,54.2,804278.9,2913459.3,4.0,18.0,74316.2,4438697.5,550.0,3584.5,0.0,294.0,345.0
2026-10-02T19:15:54.879688+00:00,SivaChowdary,18.6,2600.0,5.3,12.8,26956.9,17309.0,58.1,13628.2,18881.3,4.9,54.2,16390.6,2778212.1,1.0,23.0,73504.7,4419113.0,547.2,3557.4,0.0,294.0,347.0
2026-10-02T19:15:55.899567+00:00,SivaChowdary,14.2,2600.0,4.6,9.2,50364.8,30091.1,58.1,13620.7,18888.8,4.9,54.2,196615.1,2912360.8,1.0,14.0,62329.2,3934332.6,457.0,3165.1,0.0,294.0,345.0
2026-10-02T19:15:56.853000+00:00,SivaChowdary,17.6,2600.0,3.4,13.3,23608.2,16039.7,58.1,13621.8,18887.7,4.9,54.2,0.0,0.0,0.0,0.0,60402.9,3852576.5,442.9,3075.0,0.0,294.0,345.0
2026-10-02T19:15:58.013021+00:00,SivaChowdary,9.6,2600.0,4.1,5.0,22057.6,11232.8,58.1,13623.8,18885.7,4.9,54.2,589813.0,2895818.1,5.0,30.0,41375.2,2430286.8,308.0,1952.0,0.0,294.0,347.0
2026-10-02T19:15:58.881927+00:00,SivaChowdary,26.3,2600.0,3.5,22.4,20736.3,14534.1,58.1,13618.0,18891.5,4.9,54.2,1277786.0,3665443.7,8.0,45.0,69315.0,4394156.0,509.9,3522.5,0.0,294.0,347.0
2026-10-02T19:15:59.831405+00:00,SivaChowdary,11.6,1496.0,3.2,7.1,48697.8,28613.3,58.1,13619.8,18889.7,4.9,54.2,0.0,0.0,0.0,0.0,70066.5,4498024.3,522.1,3589.8,0.0,294.0,345.0
2026-10-02T19:16:00.931435+00:00,SivaChowdary,27.1,2600.0,5.8,20.2,20535.4,13916.9,58.1,13623.3,18886.2,4.9,54.2,589693.1,3489017.6,3.0,21.0,71352.2,4373504.2,539.9,3518.2,0.0,294.0,347.0
2026-10-02T19:16:01.846581+00:00,SivaChowdary,16.7,2600.0,5.5,10.5,49901.4,29087.9,58.1,13620.5,18889.0,4.9,54.2,1065652.1,3766670.3,7.0,25.0,52503.1,3203687.6,380.2,2551.7,0.0,294.0,345.0
2026-10-02T19:16:02.853415+00:00,SivaChowdary,17.6,2600.0,4.7,11.9,23198.0,15415.7,58.1,13608.8,18900.7,4.9,54.2,1391440.7,3658670.7,8.0,40.0,69863.8,4372322.6,474.6,3455.0,0.0,294.0,345.0
2026-10-02T19:16:03.977418+00:00,SivaChowdary,7.6,2600.0,2.5,4.4,19231.2,10582.6,58.1,13615.1,18894.4,4.9,54.2,0.0,0.0,0.0,0.0,65781.8,3886312.9,486.3,3083.6,0.0,294.0,347.0
2026-10-02T19:16:04.908657+00:00,SivaChowdary,29.3,2600.0,7.3,21.3,26249.9,17581.9,58.1,13612.6,18896.9,4.9,54.2,0.0,1461264.1,0.0,8.0,77065.8,4874038.2,586.6,3921.3,0.0,294.0,347.0
2026-10-02T19:16:05.907511+00:00,SivaChowdary,14.5,2600.0,5.6,7.9,48592.2,29598.4,58.1,13626.0,18883.5,4.9,54.2,147617.5,2981052.9,1.0,16.0,67312.6,4162092.8,500.5,3348.7,0.0,294.0,345.0
2026-10-02T19:16:06.898886+00:00,SivaChowdary,16.3,2600.0,4.3,11.3,22202.0,12954.5,58.1,13623.9,18885.6,4.9,54.2,1047162.7,3464635.8,5.0,27.0,44010.6,2975496.0,326.6,2397.8,0.0,294.0,347.0
2026-10-02T19:16:07.966656+00:00,SivaChowdary,15.1,2600.0,4.7,9.3,47000.3,27908.1,58.1,13618.0,18891.5,4.9,54.2,16387.6,81937.9,1.0,9.0,32028.0,1622481.3,228.0,1307.3,0.0,294.0,345.0
2026-10-02T19:16:08.836490+00:00,SivaChowdary,16.4,2600.0,2.9,12.6,19366.7,12702.8,58.1,13614.8,18894.7,4.9,54.2,688223.7,1765621.4,4.0,18.0,29749.1,1656467.2,188.0,1359.2,0.0,294.0,345.0
2026-10-02T19:16:10.018993+00:00,SivaChowdary,7.8,2600.0,2.4,5.2,15336.3,9000.8,58.1,13616.9,18892.6,4.9,54.2,508343.2,2074368.3,3.0,37.0,30984.8,1983400.7,220.2,1604.4,0.0,294.0,347.0
2026-10-02T19:16:10.848073+00:00,SivaChowdary,25.4,2600.0,5.9,18.9,32413.6,20710.8,58.1,13635.8,18873.7,4.9,54.2,0.0,998979.1,0.0,16.0,37637.2,1667946.2,224.9,1348.4,0.0,294.0,347.0
2026-10-02T19:16:11.920151+00:00,SivaChowdary,11.0,2600.0,4.1,6.3,35200.5,20983.2,58.1,13609.3,18900.2,4.9,54.2,4097.8,49173.6,1.0,5.0,29964.2,2041132.4,216.1,1645.7,0.0,294.0,346.0
2026-10-02T19:16:12.891516+00:00,SivaChowdary,17.6,2600.0,3.6,13.1,31773.9,20715.5,58.1,13610.8,18898.7,4.9,54.2,622785.9,2032248.8,4.0,30.0,41060.8,2520785.9,296.1,2017.6,0.0,294.0,348.0
2026-10-02T19:16:13.912694+00:00,SivaChowdary,15.8,2600.0,4.5,10.9,46476.4,28034.6,58.2,13605.0,18904.6,4.9,54.2,147406.6,1752500.1,1.0,10.0,32054.2,2038772.1,221.9,1627.5,0.0,294.0,346.0
2026-10-02T19:16:14.851012+00:00,SivaChowdary,18.3,2600.0,9.1,8.7,24635.1,16228.5,58.2,13603.6,18905.9,4.9,54.2,1359157.8,14840201.9,13.0,129.9,19589.7,1420433.6,144.9,1136.4,0.0,294.0,346.0
2026-10-02T19:16:15.956473+00:00,SivaChowdary,17.6,2600.0,4.8,12.1,21884.1,13880.9,58.1,13612.3,18897.2,4.9,54.2,556652.5,2021958.5,4.0,45.0,56639.9,3517261.7,409.7,2829.9,0.0,294.0,348.0
2026-10-02T19:16:16.854241+00:00,SivaChowdary,16.3,2600.0,3.2,12.3,51456.1,31595.4,58.1,13606.0,18903.5,4.9,54.2,0.0,2107969.5,0.0,27.0,63945.6,3869437.4,438.5,3114.9,0.0,294.0,346.0
2026-10-02T19:16:17.895408+00:00,SivaChowdary,14.2,2600.0,3.2,9.9,19838.2,13071.1,58.2,13601.5,18908.0,4.9,54.2,0.0,2648756.2,0.0,24.0,49311.5,3334127.5,351.3,2672.5,0.0,294.0,346.0
2026-10-02T19:16:18.906303+00:00,SivaChowdary,9.2,2600.0,2.7,5.5,17061.6,9589.2,58.2,13604.1,18905.4,4.9,54.2,0.0,16406.6,0.0,3.0,29120.2,1850670.7,194.3,1492.1,0.0,294.0,348.0
2026-10-02T19:16:19.866887+00:00,SivaChowdary,21.8,2600.0,2.9,19.0,36739.5,25135.1,58.2,13584.1,18925.4,4.9,54.2,0.0,1253631.6,0.0,21.0,64584.2,4252153.8,462.1,3403.7,0.0,294.0,346.0
2026-10-02T19:16:20.872977+00:00,SivaChowdary,12.2,2600.0,3.5,7.3,32600.3,20409.7,58.2,13604.8,18904.7,4.9,54.2,32764.3,3128987.4,2.0,28.0,41962.2,3217201.4,309.0,2568.7,0.0,294.0,348.0
2026-10-02T19:16:21.895505+00:00,SivaChowdary,16.8,2600.0,5.1,11.2,21109.8,13014.1,58.1,13612.6,18896.9,4.9,54.2,0.0,1649808.9,0.0,22.0,52599.0,3142634.4,364.8,2512.7,0.0,294.0,348.0
2026-10-02T19:16:22.914197+00:00,SivaChowdary,13.3,2600.0,5.1,7.6,43422.4,27851.6,58.1,13610.5,18899.0,4.9,54.2,0.0,61439.2,0.0,9.0,52246.3,3460344.0,374.0,2787.0,0.0,294.0,346.0
2026-10-02T19:16:23.839770+00:00,SivaChowdary,25.0,2600.0,10.2,13.7,31318.3,19120.2,58.2,13577.7,18931.9,4.9,54.2,492168.8,2862781.8,3.0,20.0,68116.8,3800300.6,448.6,3019.0,0.0,294.0,346.0
2026-10-02T19:16:24.965116+00:00,SivaChowdary,20.2,2600.0,11.0,8.5,28008.4,17200.7,58.2,13573.8,18935.7,4.9,54.2,425656.0,3294741.2,2.0,27.0,71264.1,4525699.6,517.6,3629.2,0.0,294.0,348.0
2026-10-02T19:16:25.862891+00:00,SivaChowdary,25.6,2600.0,6.5,18.3,49185.7,31532.1,58.3,13561.0,18948.5,4.9,54.2,0.0,1994819.5,0.0,10.0,58049.0,3288914.3,417.0,2673.1,0.0,294.0,346.0
2026-10-02T19:16:26.916805+00:00,SivaChowdary,12.1,2600.0,5.7,5.8,23904.1,13480.7,58.3,13556.6,18952.9,4.9,54.2,0.0,49172.7,0.0,4.0,74686.4,4572354.0,499.2,3678.5,0.0,294.0,346.0
2026-10-02T19:16:27.843860+00:00,SivaChowdary,25.2,2600.0,12.7,11.5,28268.2,18408.8,58.3,13550.9,18958.7,4.9,54.2,0.0,2901514.8,0.0,25.0,52311.0,3542240.9,379.7,2844.5,0.0,294.0,347.0
2026-10-02T19:16:28.927745+00:00,SivaChowdary,19.3,2600.0,6.8,12.1,53504.8,34561.3,58.3,13559.1,18950.4,4.9,54.2,754478.9,2759588.5,4.0,28.0,76304.4,4186460.5,463.5,3309.6,0.0,294.0,345.0
2026-10-02T19:16:29.843784+00:00,SivaChowdary,20.1,2600.0,8.1,10.7,23430.4,14484.1,58.3,13556.0,18953.5,4.9,54.2,32761.5,0.0,1.0,0.0,26026.9,1252178.1,179.0,988.8,0.0,294.0,345.0
2026-10-02T19:16:30.962814+00:00,SivaChowdary,18.9,2600.0,9.7,8.6,22421.5,15214.1,58.3,13568.8,18940.8,4.9,54.2,606330.0,1249531.4,3.0,8.0,34471.9,2245628.9,222.0,1769.4,0.0,294.0,347.0
2026-10-02T19:16:31.859701+00:00,SivaChowdary,23.5,1496.0,7.4,15.7,56920.7,34765.6,58.3,13556.1,18953.4,4.9,54.2,376849.7,811046.1,2.0,8.0,3859.2,420226.7,39.0,331.0,0.0,294.0,345.0
2026-10-02T19:16:32.893311+00:00,SivaChowdary,13.8,2600.0,5.1,8.3,18944.9,12239.4,58.3,13559.3,18950.2,4.9,54.2,278423.1,1707388.8,2.0,16.0,59226.7,2158430.9,364.9,1765.3,0.0,294.0,345.0
2026-10-02T19:16:33.877340+00:00,SivaChowdary,12.1,2600.0,3.5,8.2,22397.2,13515.5,58.3,13554.7,18954.8,4.9,54.2,0.0,0.0,0.0,0.0,43372.5,3361979.4,321.0,2617.9,0.0,294.0,347.0
2026-10-02T19:16:34.896961+00:00,SivaChowdary,27.6,2600.0,10.4,16.5,45308.4,30335.3,58.3,13559.1,18950.4,4.9,54.2,0.0,631081.9,0.0,5.0,36504.2,2443708.6,253.1,1933.9,0.0,294.0,345.0
2026-10-02T19:16:35.846208+00:00,SivaChowdary,17.3,2600.0,8.7,7.6,22227.1,12682.9,58.3,13542.1,18967.4,4.9,54.2,0.0,622146.9,0.0,5.0,34214.5,1797659.8,201.9,1427.0,0.0,294.0,345.0
2026-10-02T19:16:36.923219+00:00,SivaChowdary,14.5,2600.0,3.6,10.7,19389.2,13752.8,58.3,13557.8,18951.8,4.9,54.2,16382.5,643013.7,1.0,16.0,39467.4,1582198.7,198.0,1271.9,0.0,294.0,347.0
2026-10-02T19:16:37.855028+00:00,SivaChowdary,19.7,1496.0,6.6,11.6,49197.8,29485.1,58.3,13559.8,18949.7,4.9,54.2,0.0,12288.4,0.0,2.0,2964.1,243114.7,31.0,232.0,0.0,294.0,345.0
2026-10-02T19:16:38.844189+00:00,SivaChowdary,18.8,2600.0,6.3,12.0,23034.3,14843.1,58.3,13555.2,18954.3,4.9,54.2,0.0,131187.5,0.0,3.0,16894.9,353841.6,66.1,304.3,0.0,294.0,345.0
2026-10-02T19:16:39.961783+00:00,SivaChowdary,9.4,2600.0,5.5,3.5,20296.8,11022.9,58.3,13554.6,18954.9,4.9,54.2,0.0,212874.6,0.0,2.0,14147.2,728354.3,91.9,573.7,0.0,294.0,347.0
2026-10-02T19:16:40.896843+00:00,SivaChowdary,30.2,2600.0,9.7,19.8,17486.9,13940.6,58.3,13557.2,18952.3,4.9,54.2,0.0,360281.7,0.0,20.0,19391.0,1190397.5,135.9,952.6,0.0,294.0,347.0
2026-10-02T19:16:41.851784+00:00,SivaChowdary,14.1,2600.0,5.0,8.3,49934.6,29753.1,58.3,13559.4,18950.1,4.9,54.2,0.0,4097.5,0.0,1.0,19272.2,754728.6,99.0,615.2,0.0,294.0,345.0
2026-10-02T19:16:42.875839+00:00,SivaChowdary,18.6,2600.0,5.3,12.5,26558.1,19027.8,58.3,13565.8,18943.7,4.9,54.2,0.0,364559.1,0.0,10.0,15305.6,852743.4,113.0,694.0,0.0,294.0,347.0
2026-10-02T19:16:43.952015+00:00,SivaChowdary,12.3,2600.0,4.6,7.4,42913.4,27448.5,58.3,13566.4,18943.2,4.9,54.2,0.0,450469.9,0.0,4.0,22789.4,1665017.9,153.0,1305.7,0.0,294.0,345.0
2026-10-02T19:16:44.837113+00:00,SivaChowdary,17.9,1496.0,3.9,13.3,19229.1,13039.2,58.3,13565.0,18944.5,4.9,54.2,0.0,86070.2,0.0,8.0,11581.3,819891.6,85.1,650.4,0.0,294.0,345.0
2026-10-02T19:16:45.955007+00:00,SivaChowdary,9.9,2600.0,3.4,6.1,17978.1,10866.5,58.3,13564.0,18945.5,4.9,54.2,16357.7,229007.9,1.0,12.0,18586.1,1345051.9,140.8,1054.3,0.0,294.0,347.0
2026-10-02T19:16:46.849670+00:00,SivaChowdary,22.3,2600.0,3.9,18.1,44340.1,28721.1,58.3,13572.2,18937.3,4.9,54.2,0.0,377437.3,0.0,4.0,67571.4,3390457.9,434.7,2723.4,0.0,294.0,345.0
2026-10-02T19:16:47.907722+00:00,SivaChowdary,11.0,2600.0,4.8,5.7,28495.9,15615.8,58.3,13570.0,18939.5,4.9,54.2,32740.3,2349119.7,1.0,38.0,80909.7,5020059.5,611.5,4038.6,0.0,294.0,345.0
2026-10-02T19:16:48.877716+00:00,SivaChowdary,17.9,2600.0,5.0,12.2,25441.8,16791.5,58.2,13572.8,18936.7,4.9,54.2,0.0,0.0,0.0,0.0,56845.7,3287658.0,387.2,2649.3,0.0,294.0,347.0
2026-10-02T19:16:49.962126+00:00,SivaChowdary,15.4,2600.0,3.8,10.9,43693.2,26780.8,58.3,13571.4,18938.1,4.9,54.2,1211727.8,3717057.0,6.0,28.0,58573.7,3748716.1,432.8,2994.3,0.0,294.0,345.0
2026-10-02T19:16:50.852666+00:00,SivaChowdary,20.4,1496.0,5.2,14.1,30933.8,18980.1,58.3,13567.1,18942.4,4.9,54.2,721242.0,3241490.9,3.0,27.0,75187.1,4491362.5,527.3,3596.7,0.0,294.0,345.0
2026-10-02T19:16:51.989074+00:00,SivaChowdary,14.2,2600.0,5.7,8.5,19693.4,11291.1,58.3,13571.7,18937.8,4.9,54.2,0.0,2249322.9,0.0,18.0,73877.3,4632962.7,543.1,3683.0,0.0,294.0,347.0
2026-10-02T19:16:52.852335+00:00,SivaChowdary,21.9,2600.0,4.1,17.0,48145.3,31250.3,58.3,13556.5,18953.1,4.9,54.2,0.0,0.0,0.0,0.0,83158.4,4484240.0,613.0,3635.8,0.0,294.0,345.0
2026-10-02T19:16:53.932194+00:00,SivaChowdary,11.3,2600.0,4.5,5.7,23682.2,14098.3,58.1,13608.5,18901.0,4.9,54.2,0.0,3224535.3,0.0,19.0,92524.2,4772025.2,605.2,3852.2,0.0,294.0,344.0
2026-10-02T19:16:54.885475+00:00,SivaChowdary,18.0,2600.0,4.6,13.1,25217.7,15217.7,58.2,13600.5,18909.0,4.9,54.2,0.0,2917523.0,0.0,22.0,65180.7,3869594.5,486.5,3107.9,0.0,294.0,346.0
2026-10-02T19:16:55.932121+00:00,SivaChowdary,19.2,2600.0,5.8,11.9,48890.6,30617.0,58.2,13604.2,18905.3,4.9,54.2,0.0,2264422.3,0.0,12.0,68096.0,4098883.1,515.8,3282.0,0.0,294.0,344.0
2026-10-02T19:16:56.858555+00:00,SivaChowdary,14.3,2600.0,4.4,9.3,25059.1,14595.1,58.1,13608.1,18901.4,4.9,54.2,0.0,0.0,0.0,0.0,64222.8,3644393.6,479.5,2925.8,0.0,294.0,344.0
2026-10-02T19:16:57.964758+00:00,SivaChowdary,17.5,2600.0,7.5,9.4,22394.6,14904.4,58.1,13611.3,18898.2,4.9,54.2,16369.1,2385792.8,1.0,24.0,65252.5,3396498.4,447.6,2717.5,0.0,294.0,346.0
2026-10-02T19:16:58.842953+00:00,SivaChowdary,18.4,2600.0,3.4,14.1,48987.1,30690.7,58.1,13608.6,18900.9,4.9,54.2,0.0,1696613.7,0.0,17.0,69230.5,4360302.1,511.3,3486.8,0.0,294.0,344.0
2026-10-02T19:16:59.897565+00:00,SivaChowdary,15.2,2600.0,4.4,10.2,21890.7,13788.1,58.1,13613.5,18896.1,4.9,54.2,16385.3,2801881.8,1.0,16.0,70667.5,4562455.6,528.0,3666.3,0.0,294.0,344.0
2026-10-02T19:17:00.879673+00:00,SivaChowdary,13.6,2600.0,4.5,8.5,19203.2,11420.7,58.1,13610.4,18899.1,4.9,54.2,0.0,0.0,0.0,0.0,39757.1,2345528.5,289.9,1879.6,0.0,294.0,346.0
2026-10-02T19:17:01.903490+00:00,SivaChowdary,21.6,2600.0,4.4,16.7,44153.4,29588.3,58.1,13611.2,18898.3,4.9,54.2,0.0,1343591.8,0.0,13.0,57484.4,3398567.5,438.0,2718.2,0.0,294.0,344.0
2026-10-02T19:17:02.863103+00:00,SivaChowdary,12.0,2600.0,4.4,7.1,22726.0,13221.1,58.2,13598.3,18911.2,4.9,54.2,343987.7,3112269.9,2.0,26.0,58558.0,3823611.2,413.9,3050.3,0.0,294.0,344.0
2026-10-02T19:17:03.871819+00:00,SivaChowdary,14.0,2600.0,2.5,11.2,20471.0,13087.5,58.2,13600.8,18908.8,4.9,54.2,0.0,0.0,0.0,0.0,48627.8,2378303.2,284.3,1908.7,0.0,294.0,346.0
2026-10-02T19:17:04.951051+00:00,SivaChowdary,12.6,2600.0,4.4,7.5,44734.6,27493.0,58.1,13605.4,18904.2,4.9,54.2,686479.4,2423108.7,3.0,23.9,30479.8,1809863.4,231.4,1430.6,0.0,294.0,344.0
2026-10-02T19:17:05.862592+00:00,SivaChowdary,19.3,1496.0,4.7,14.0,23801.0,14599.0,58.1,13608.1,18901.4,4.9,54.2,0.0,1025333.8,0.0,7.0,73644.8,4684531.7,534.7,3703.8,0.0,294.0,344.0
2026-10-02T19:17:07.016877+00:00,SivaChowdary,8.8,2600.0,3.7,4.4,21597.2,12430.3,58.1,13608.1,18901.5,4.9,54.2,32782.0,2884817.9,2.0,15.0,82091.1,5331806.5,617.3,4288.8,0.0,294.0,346.0
2026-10-02T19:17:07.843433+00:00,SivaChowdary,24.4,2600.0,4.5,20.0,23995.2,15864.3,58.2,13590.1,18919.4,4.9,54.2,130975.0,282414.9,2.0,13.0,50964.3,3020991.6,395.7,2389.2,0.0,294.0,347.0
2026-10-02T19:17:08.940544+00:00,SivaChowdary,15.3,2600.0,6.8,7.4,60627.8,35184.4,58.2,13584.1,18925.4,4.9,54.2,16388.8,2597628.2,1.0,24.0,76156.4,4883996.9,572.2,3926.2,0.0,294.0,345.0
2026-10-02T19:17:09.874909+00:00,SivaChowdary,24.4,2600.0,7.0,16.4,38194.2,23398.8,58.3,13563.9,18945.6,4.9,54.2,0.0,2804394.0,0.0,8.0,66828.1,3772328.2,510.5,3061.0,0.0,294.0,347.0
2026-10-02T19:17:10.963306+00:00,SivaChowdary,25.8,2600.0,16.8,8.4,60679.0,36054.4,58.5,13503.6,19005.9,4.9,54.2,20478.0,2199335.4,2.0,22.0,90802.1,3811668.7,564.9,3076.7,0.0,294.0,345.0
2026-10-02T19:17:11.862453+00:00,SivaChowdary,22.1,1496.0,4.5,16.1,35343.5,23716.3,58.4,13518.8,18990.7,4.9,54.2,0.0,16384.2,0.0,3.0,71347.0,4084250.5,527.0,3279.0,0.0,294.0,346.0
2026-10-02T19:17:12.996265+00:00,SivaChowdary,16.2,2600.0,6.8,8.5,26303.7,15296.9,58.5,13494.8,19014.8,4.9,54.2,622018.4,2381675.6,4.0,27.0,99958.8,4806787.2,602.4,3911.4,0.0,294.0,347.0
2026-10-02T19:17:13.867376+00:00,SivaChowdary,27.4,2600.0,5.1,20.7,52501.2,39309.2,58.5,13497.1,19012.4,4.9,54.2,442471.1,2851480.2,2.0,18.0,101496.6,3377723.8,503.1,2755.6,0.0,294.0,345.0
2026-10-02T19:17:15.032496+00:00,SivaChowdary,13.2,2600.0,6.5,6.1,31224.9,18619.5,58.5,13500.9,19008.6,4.9,54.2,16389.7,3286134.3,1.0,17.0,90186.4,5879075.7,659.2,4746.7,0.0,294.0,345.0
2026-10-02T19:17:15.902149+00:00,SivaChowdary,27.3,2600.0,5.7,20.3,29116.0,19270.9,58.5,13478.4,19031.1,4.9,54.2,0.0,20488.4,0.0,2.0,70056.8,4335359.0,533.2,3552.5,0.0,294.0,347.0
2026-10-02T19:17:16.927122+00:00,SivaChowdary,17.8,2600.0,7.0,9.3,46885.1,29505.3,58.5,13476.3,19033.2,4.9,54.2,752397.5,3815146.2,3.0,25.0,72459.0,4120034.0,443.3,3302.4,0.0,294.0,345.0
2026-10-02T19:17:17.857560+00:00,SivaChowdary,14.5,2600.0,2.4,11.9,27073.1,20774.1,58.6,13474.6,19034.9,4.9,54.2,1344983.3,2812983.3,6.0,19.0,57755.2,3546524.8,409.5,2837.2,0.0,294.0,346.0
2026-10-02T19:17:19.087014+00:00,SivaChowdary,11.6,2600.0,3.5,6.7,19811.5,12194.9,58.5,13477.2,19032.3,4.9,54.2,16385.3,2744532.0,1.0,29.0,93225.2,5127330.1,642.0,4157.3,0.0,294.0,347.0
2026-10-02T19:17:19.863523+00:00,SivaChowdary,31.2,2600.0,6.2,23.6,27821.1,18747.0,58.5,13483.1,19026.4,4.9,54.2,0.0,389037.0,0.0,5.0,60424.1,3997828.9,454.9,3229.3,0.0,294.0,347.0
2026-10-02T19:17:20.873238+00:00,SivaChowdary,15.8,2600.0,8.0,7.4,54379.4,33368.2,58.5,13498.6,19010.9,4.9,54.2,0.0,3262780.8,0.0,20.0,80870.6,5069009.0,597.4,4087.0,0.0,294.0,345.0
2026-10-02T19:17:21.879448+00:00,SivaChowdary,24.6,2600.0,8.0,15.6,32822.9,20255.9,58.5,13500.3,19009.3,4.9,54.2,1177956.5,4266002.0,6.0,25.0,68071.3,3619893.9,545.2,2942.8,0.0,294.0,347.0
2026-10-02T19:17:22.966889+00:00,SivaChowdary,13.2,2600.0,4.2,8.2,52799.5,35308.1,58.5,13487.6,19021.9,4.9,54.2,0.0,69693.3,0.0,7.0,46110.6,3009004.7,291.3,2409.1,0.0,294.0,345.0
2026-10-02T19:17:23.857304+00:00,SivaChowdary,22.8,2600.0,9.7,12.5,24794.0,15869.2,58.6,13464.9,19044.6,4.9,54.2,918096.5,2184577.9,5.0,50.0,53239.4,3233592.0,383.2,2593.7,0.0,294.0,345.0
2026-10-02T19:17:25.030431+00:00,SivaChowdary,22.0,2600.0,12.7,8.5,28924.8,18640.8,58.4,13520.5,18989.0,4.9,54.2,0.0,2456652.3,0.0,27.0,96243.9,5756635.3,731.7,4632.2,0.0,294.0,347.0
2026-10-02T19:17:25.871496+00:00,SivaChowdary,25.4,2600.0,2.3,21.7,24912.9,16774.8,58.4,13521.1,18988.4,4.9,54.2,0.0,3606389.5,0.0,13.0,74923.6,4567958.5,572.7,3708.8,0.0,294.0,347.0
2026-10-02T19:17:26.894278+00:00,SivaChowdary,13.7,2600.0,5.4,7.4,56216.4,33392.8,58.4,13527.3,18982.2,4.9,54.2,0.0,0.0,0.0,0.0,70610.1,4266803.3,555.1,3454.4,0.0,294.0,345.0
2026-10-02T19:17:27.838356+00:00,SivaChowdary,21.8,2600.0,5.2,15.3,27161.2,17237.5,58.4,13518.6,18990.9,4.9,54.2,0.0,2681966.4,0.0,21.0,67787.4,4672967.0,454.5,3737.4,0.0,294.0,347.0
2026-10-02T19:17:28.884402+00:00,SivaChowdary,16.3,2600.0,5.7,9.8,58672.4,34333.9,58.4,13511.1,18998.4,4.9,54.2,16366.8,2868283.6,1.0,29.0,125911.8,5418574.2,801.2,4437.3,0.0,294.0,345.0
2026-10-02T19:17:29.857529+00:00,SivaChowdary,20.8,2600.0,5.4,14.0,34826.6,20957.5,58.4,13520.2,18989.3,4.9,54.2,49148.6,3170084.1,3.0,23.0,84618.1,4881393.3,664.0,4011.7,0.0,294.0,345.0
2026-10-02T19:17:31.041337+00:00,SivaChowdary,11.5,2600.0,3.0,7.1,26108.4,15393.0,58.4,13514.4,18995.1,4.9,54.2,16386.1,77834.2,1.0,7.0,96810.6,5861619.4,763.1,4761.6,0.0,294.0,347.0
2026-10-02T19:17:31.865790+00:00,SivaChowdary,28.7,2600.0,6.2,20.8,48903.9,30772.2,58.4,13516.5,18993.0,4.9,54.2,16390.0,3105903.2,1.0,15.0,72070.3,4438147.1,558.2,3586.3,0.0,294.0,345.0
2026-10-02T19:17:32.924742+00:00,SivaChowdary,13.2,2600.0,6.1,6.0,33332.4,21462.1,58.3,13541.2,18968.3,4.9,54.2,65554.6,3384255.4,1.0,22.0,78813.3,5134997.7,600.2,4132.2,0.0,294.0,347.0
2026-10-02T19:17:33.894384+00:00,SivaChowdary,23.2,2600.0,6.7,14.7,35955.6,22275.3,58.4,13538.5,18971.0,4.9,54.2,4094.6,57324.2,1.0,8.0,89964.0,4889874.2,709.8,3953.6,0.0,294.0,347.0
2026-10-02T19:17:34.914761+00:00,SivaChowdary,16.6,2600.0,4.5,10.8,58288.4,36543.4,58.2,13590.8,18918.7,4.9,54.2,0.0,3125964.2,0.0,34.0,98899.7,4602687.6,766.2,3750.9,0.0,294.0,345.0
2026-10-02T19:17:35.856640+00:00,SivaChowdary,15.7,2600.0,3.3,11.4,29190.7,17784.0,58.2,13588.5,18921.0,4.9,54.2,0.0,2542893.9,0.0,9.0,93639.4,5304347.8,739.8,4315.8,0.0,294.0,345.0
2026-10-02T19:17:36.979595+00:00,SivaChowdary,15.0,2600.0,5.4,8.7,28353.5,17317.1,58.2,13580.7,18928.8,4.9,54.2,0.0,3318169.8,0.0,15.0,82340.2,5045877.2,574.1,4042.5,0.0,294.0,347.0
2026-10-02T19:17:37.865520+00:00,SivaChowdary,25.5,2600.0,6.2,16.9,54061.0,33784.5,58.3,13560.3,18949.2,4.9,54.2,0.0,4098.7,0.0,1.0,66234.1,4538224.1,489.3,3602.4,0.0,294.0,345.0
2026-10-02T19:17:38.903637+00:00,SivaChowdary,13.5,2600.0,4.7,7.5,22861.4,13355.0,58.3,13542.5,18967.0,4.9,54.2,0.0,2631360.3,0.0,10.0,93477.9,4792181.0,609.5,3852.5,0.0,294.0,345.0
2026-10-02T19:17:39.834838+00:00,SivaChowdary,18.4,2600.0,5.7,11.5,33262.2,19782.1,58.4,13533.9,18975.6,4.9,54.2,0.0,2961424.9,0.0,11.0,81816.5,4737978.1,631.0,3822.0,0.0,294.0,347.0
2026-10-02T19:17:40.924471+00:00,SivaChowdary,16.4,2600.0,2.2,13.2,52149.1,32705.6,58.4,13532.5,18977.0,4.9,54.2,0.0,3092250.7,0.0,21.0,84819.7,5049120.6,653.0,4077.7,0.0,294.0,345.0
2026-10-02T19:17:41.813488+00:00,SivaChowdary,13.1,2600.0,4.9,7.7,29913.1,17069.6,58.4,13523.7,18985.8,4.9,54.2,0.0,20476.0,0.0,4.0,104555.4,4437311.2,616.9,3603.3,0.0,294.0,345.0
2026-10-02T19:17:42.819222+00:00,SivaChowdary,16.9,2600.0,3.8,12.2,27251.1,16751.6,58.4,13521.9,18987.6,4.9,54.2,0.0,2946006.6,0.0,29.0,95092.7,4701536.2,572.2,3820.3,0.0,294.0,347.0
2026-10-02T19:17:43.818130+00:00,SivaChowdary,13.3,2600.0,3.7,8.6,52347.6,31865.7,58.4,13525.1,18984.4,4.9,54.2,344179.9,2921431.5,2.0,16.0,67604.8,3117476.5,513.2,2546.9,0.0,294.0,345.0
2026-10-02T19:17:44.814800+00:00,SivaChowdary,17.9,2600.0,3.6,13.5,25663.0,15343.6,58.4,13535.5,18974.0,4.9,54.2,0.0,3129465.6,0.0,8.0,97799.8,5521365.6,767.0,4494.2,0.0,294.0,345.0
2026-10-02T19:17:45.833001+00:00,SivaChowdary,10.6,2600.0,4.3,5.7,24083.9,13471.7,58.4,13526.2,18983.3,4.9,54.2,0.0,32774.7,0.0,4.0,104040.2,5135747.1,797.2,4178.9,0.0,294.0,347.0
2026-10-02T19:17:46.833833+00:00,SivaChowdary,22.2,2600.0,1.7,19.7,25429.3,19960.8,58.4,13529.5,18980.0,4.9,54.2,0.0,2780884.3,0.0,22.0,66833.8,4105053.6,509.9,3331.6,0.0,294.0,347.0
2026-10-02T19:17:47.855121+00:00,SivaChowdary,13.2,2600.0,6.1,6.8,56913.0,33027.2,58.3,13548.3,18961.2,4.9,54.2,0.0,1625825.5,0.0,15.0,68779.9,2747874.8,309.9,2241.6,0.0,294.0,345.0
2026-10-02T19:17:48.866586+00:00,SivaChowdary,19.0,2600.0,4.8,12.9,33333.1,20751.7,58.3,13556.8,18952.7,4.9,54.2,0.0,0.0,0.0,0.0,89495.0,5058417.9,669.7,4076.2,0.0,294.0,347.0
2026-10-02T19:17:49.876379+00:00,SivaChowdary,13.5,2600.0,3.0,8.6,55488.5,36637.9,58.3,13552.5,18957.0,4.9,54.2,0.0,3187808.3,0.0,17.0,84254.6,4941502.6,662.2,4017.4,0.0,294.0,345.0
2026-10-02T19:17:50.824573+00:00,SivaChowdary,21.5,1496.0,6.0,14.1,29162.9,18288.8,58.2,13577.1,18932.4,4.9,54.2,0.0,3365394.7,0.0,24.0,83436.4,4931284.7,648.7,3999.2,0.0,294.0,345.0
2026-10-02T19:17:52.013375+00:00,SivaChowdary,19.3,2600.0,9.7,8.2,32704.6,21652.8,58.6,13448.4,19061.1,4.9,54.2,0.0,2850262.2,0.0,20.0,82821.9,3887200.7,521.9,3250.4,0.0,294.0,348.0
2026-10-02T19:17:52.851335+00:00,SivaChowdary,32.9,2600.0,9.9,21.7,32872.8,22489.1,58.6,13446.5,19063.1,4.9,54.2,0.0,20487.4,0.0,3.0,41374.9,1300601.2,230.1,1089.4,0.0,294.0,348.0
2026-10-02T19:17:53.872758+00:00,SivaChowdary,10.3,2600.0,5.0,4.7,43154.0,26903.6,58.6,13457.3,19052.2,4.9,54.2,0.0,1155526.6,0.0,25.0,57209.5,2799671.4,373.1,2294.9,0.0,294.0,346.0
2026-10-02T19:17:54.887249+00:00,SivaChowdary,25.2,2600.0,8.9,15.7,36108.0,21301.0,58.7,13428.9,19080.6,4.9,54.2,0.0,2269500.0,0.0,28.0,76081.6,4797859.0,580.1,3873.5,0.0,294.0,348.0
2026-10-02T19:17:55.918937+00:00,SivaChowdary,19.5,2600.0,10.7,8.0,53030.5,32473.2,58.7,13411.5,19098.0,4.9,54.2,0.0,2946866.8,0.0,13.0,98935.4,4672140.6,659.5,3865.0,0.0,294.0,346.0
2026-10-02T19:17:56.865625+00:00,SivaChowdary,21.8,2600.0,7.3,14.2,33071.6,20090.9,58.7,13424.2,19085.3,4.9,54.2,0.0,0.0,0.0,0.0,81756.0,4673600.2,608.3,3789.7,0.0,294.0,346.0
2026-10-02T19:17:57.961203+00:00,SivaChowdary,12.8,2600.0,5.0,6.9,26830.4,15717.1,58.7,13415.4,19094.2,4.9,54.2,16365.4,3101235.2,1.0,16.0,91204.1,5207301.0,722.2,4179.2,0.0,294.0,348.0
2026-10-02T19:17:58.836156+00:00,SivaChowdary,38.1,2600.0,15.8,22.0,49722.5,31004.2,58.7,13413.4,19096.2,4.9,54.2,0.0,2992515.8,0.0,25.0,64300.3,3847060.4,427.3,3072.5,0.0,294.0,348.0
2026-10-02T19:17:59.940939+00:00,SivaChowdary,14.4,2600.0,7.5,6.2,49459.3,29094.9,58.7,13429.2,19080.3,4.9,54.2,0.0,2171024.4,0.0,11.0,95541.4,5140572.9,706.0,4093.3,0.0,294.0,346.0
2026-10-02T19:18:00.892122+00:00,SivaChowdary,36.7,2600.0,12.5,22.8,37689.6,25231.8,58.7,13414.0,19095.5,4.9,54.2,0.0,94244.6,0.0,5.0,67213.1,2777058.6,381.1,2235.9,0.0,294.0,348.0
2026-10-02T19:18:01.946295+00:00,SivaChowdary,15.2,2600.0,5.6,9.2,56437.7,36278.9,58.8,13400.5,19109.0,4.9,54.2,0.0,1437534.9,0.0,11.0,49511.5,3052065.0,365.0,2462.7,0.0,294.0,346.0
2026-10-02T19:18:02.865227+00:00,SivaChowdary,19.8,2600.0,4.8,14.2,30739.8,21128.8,58.8,13405.2,19104.3,4.9,54.2,0.0,2649581.4,0.0,23.0,66351.7,4193064.2,486.9,3355.3,0.0,294.0,346.0
2026-10-02T19:18:04.014736+00:00,SivaChowdary,9.7,2600.0,4.0,5.1,23584.6,14595.9,58.8,13407.7,19101.9,4.9,54.2,1048423.3,3919301.1,5.0,34.0,81408.1,5014632.5,599.9,4015.4,0.0,294.0,348.0
2026-10-02T19:18:04.862101+00:00,SivaChowdary,24.0,2600.0,3.3,20.1,24050.7,15882.1,58.8,13407.9,19101.6,4.9,54.2,0.0,0.0,0.0,0.0,57305.5,3865282.7,429.2,3081.4,0.0,294.0,348.0
2026-10-02T19:18:05.893085+00:00,SivaChowdary,11.5,2600.0,4.8,6.1,54988.3,33183.5,58.7,13425.2,19084.3,4.9,54.2,0.0,2768107.3,0.0,11.0,83141.3,5058875.7,588.8,4023.9,0.0,294.0,346.0
2026-10-02T19:18:06.866403+00:00,SivaChowdary,28.5,2600.0,13.0,14.6,40948.8,24573.7,58.8,13400.1,19109.4,4.9,54.2,0.0,2477641.7,0.0,15.0,113480.9,5060068.8,713.9,4083.3,0.0,294.0,348.0
2026-10-02T19:18:07.882767+00:00,SivaChowdary,22.2,1496.0,10.1,11.4,60625.4,36227.7,58.8,13404.2,19105.4,4.9,54.2,0.0,45097.9,0.0,5.0,105854.4,5049070.8,741.7,4118.8,0.0,294.0,346.0
2026-10-02T19:18:08.856770+00:00,SivaChowdary,22.0,2600.0,11.4,10.1,29680.9,18448.7,58.8,13403.8,19105.7,4.9,54.2,0.0,1238788.1,0.0,35.9,91845.5,4794055.5,597.9,3921.7,0.0,294.0,345.0
2026-10-02T19:18:09.954021+00:00,SivaChowdary,18.7,2600.0,12.6,6.7,32957.2,18555.8,58.8,13389.7,19119.8,4.9,54.2,131176.4,3693436.3,2.0,14.0,182492.3,4980801.1,765.6,4026.2,0.0,294.0,347.0
2026-10-02T19:18:10.875503+00:00,SivaChowdary,28.8,2600.0,9.2,18.0,55609.4,35181.2,58.9,13375.9,19133.6,4.9,54.2,0.0,2651180.2,0.0,15.0,73775.7,3894013.0,530.2,3191.3,0.0,294.0,345.0
2026-10-02T19:18:11.902489+00:00,SivaChowdary,16.0,2600.0,6.0,9.5,28007.4,17068.3,58.8,13389.4,19120.2,4.9,54.2,0.0,20483.9,0.0,2.0,104102.9,5900694.3,824.2,4751.9,0.0,294.0,346.0
2026-10-02T19:18:12.875059+00:00,SivaChowdary,17.6,2600.0,8.3,8.4,27941.1,16355.5,58.8,13391.9,19117.6,4.9,54.2,1064733.3,4328550.4,6.0,34.0,81346.7,4888734.2,619.9,3951.2,0.0,294.0,350.0
2026-10-02T19:18:13.924070+00:00,SivaChowdary,21.8,1496.0,6.8,14.6,56417.2,34598.4,58.8,13409.1,19100.4,4.9,54.2,753346.4,2923311.8,4.0,26.0,75631.1,5075164.7,557.8,4022.3,0.0,294.0,346.0
2026-10-02T19:18:14.854244+00:00,SivaChowdary,11.8,2600.0,3.3,7.8,30764.0,22263.8,58.8,13407.8,19101.7,4.9,54.2,573589.9,2855658.2,3.0,65.0,75553.7,4985602.8,561.1,3960.0,0.0,294.0,346.0
2026-10-02T19:18:15.976864+00:00,SivaChowdary,19.8,2600.0,6.6,12.5,29310.0,19718.8,58.8,13410.0,19099.6,4.9,54.2,0.0,16389.6,0.0,3.0,51857.8,3061851.7,396.1,2421.8,0.0,294.0,348.0
2026-10-02T19:18:16.866821+00:00,SivaChowdary,21.0,2600.0,5.6,14.9,57645.2,37028.8,58.8,13410.1,19099.4,4.9,54.2,474685.0,1244002.1,2.0,10.0,81669.4,2834173.3,416.6,2315.8,0.0,294.0,346.0
2026-10-02T19:18:17.925622+00:00,SivaChowdary,18.8,2600.0,5.7,12.8,28616.7,17081.3,58.8,13397.9,19111.6,4.9,54.2,184485.6,2685289.8,2.0,30.0,78516.5,4635294.7,612.5,3717.3,0.0,294.0,352.0
2026-10-02T19:18:18.902889+00:00,SivaChowdary,17.2,2600.0,7.2,9.3,29386.0,16484.4,58.8,13385.7,19123.9,4.9,54.2,0.0,0.0,0.0,0.0,107725.5,4670943.6,691.4,3764.7,0.0,294.0,354.0
2026-10-02T19:18:19.883754+00:00,SivaChowdary,30.2,2600.0,7.5,21.5,29504.8,19583.8,58.9,13367.5,19142.0,4.9,54.2,0.0,2232530.8,0.0,21.0,92712.8,5038915.7,600.1,3986.4,0.0,294.0,354.0
2026-10-02T19:18:20.851677+00:00,SivaChowdary,17.4,2600.0,5.0,11.7,51629.6,31711.4,58.9,13374.2,19135.3,4.9,54.2,0.0,2442711.0,0.0,50.0,72331.3,4634672.5,544.3,3744.3,0.0,294.0,353.0
2026-10-02T19:18:21.951566+00:00,SivaChowdary,17.2,2600.0,5.0,11.9,24462.9,16249.3,58.9,13377.2,19132.3,4.9,54.2,0.0,2871170.0,0.0,43.0,53232.7,3400769.8,400.0,2727.9,0.0,294.0,353.0
2026-10-02T19:18:22.820588+00:00,SivaChowdary,19.4,2600.0,4.9,13.7,51233.6,32920.1,58.8,13387.4,19122.1,4.9,54.2,0.0,49174.6,0.0,6.0,109163.2,3959386.9,592.3,3221.5,0.0,294.0,351.0
2026-10-02T19:18:23.909342+00:00,SivaChowdary,15.1,2600.0,4.1,10.3,20788.2,12975.5,58.8,13395.1,19114.4,4.9,54.2,0.0,2366488.2,0.0,31.0,56646.1,2872140.6,433.8,2343.0,0.0,294.0,351.0
2026-10-02T19:18:24.888094+00:00,SivaChowdary,15.8,2600.0,4.6,10.6,22417.0,12648.3,58.8,13386.8,19122.7,4.9,54.2,16381.8,1670946.1,1.0,26.0,224375.2,2080340.7,455.9,1791.8,0.0,294.0,353.0
2026-10-02T19:18:25.901589+00:00,SivaChowdary,26.4,2600.0,10.6,14.9,61046.8,37580.9,58.8,13397.7,19111.8,4.9,54.2,0.0,2188189.5,0.0,20.0,92113.0,3411337.8,566.2,2823.2,0.0,294.0,353.0
2026-10-02T19:18:26.845963+00:00,SivaChowdary,14.3,2600.0,4.5,9.3,29173.3,16408.3,58.8,13400.5,19109.0,4.9,54.2,0.0,0.0,0.0,0.0,75350.7,2934983.4,458.8,2361.9,0.0,294.0,351.0
2026-10-02T19:18:27.890231+00:00,SivaChowdary,15.7,2600.0,4.6,11.0,21510.6,13509.3,58.8,13398.4,19111.1,4.9,54.2,0.0,1347809.9,0.0,16.0,74804.5,3558674.5,511.1,2903.5,0.0,294.0,353.0
2026-10-02T19:18:28.854876+00:00,SivaChowdary,17.3,1496.0,4.8,11.8,53767.1,32540.4,58.8,13406.9,19102.6,4.9,54.2,16377.6,2333813.6,1.0,38.0,86226.5,4102219.8,612.8,3327.7,0.0,294.0,351.0
2026-10-02T19:18:29.887110+00:00,SivaChowdary,16.9,2600.0,4.8,11.4,23196.8,13855.4,58.7,13417.9,19091.6,4.9,54.2,16395.1,3279029.6,1.0,29.0,96821.8,4847528.2,659.4,3909.7,0.0,294.0,351.0
2026-10-02T19:18:31.012639+00:00,SivaChowdary,9.3,2600.0,4.1,4.5,23333.3,13034.8,58.7,13419.7,19089.8,4.9,54.2,0.0,36854.9,0.0,3.0,52621.0,2676759.8,393.9,2208.5,0.0,294.0,353.0
2026-10-02T19:18:31.922920+00:00,SivaChowdary,23.8,2600.0,3.5,19.6,24038.6,17709.1,58.7,13415.4,19094.1,4.9,54.2,32775.6,1757593.8,1.0,21.0,66163.4,3080849.4,479.1,2502.6,0.0,294.0,349.0
2026-10-02T19:18:32.863094+00:00,SivaChowdary,16.0,2600.0,5.5,9.6,56513.9,33405.7,58.7,13422.1,19087.4,4.9,54.2,0.0,1646181.9,0.0,22.0,65586.7,3362751.2,534.9,2752.3,0.0,294.0,347.0
2026-10-02T19:18:33.884601+00:00,SivaChowdary,16.1,2600.0,4.5,11.2,25527.5,15290.1,58.7,13434.2,19075.3,4.9,54.2,20462.7,122776.4,1.0,3.0,94502.3,5005681.4,758.4,4028.6,0.0,294.0,349.0
2026-10-02T19:18:34.885870+00:00,SivaChowdary,14.6,2600.0,4.4,9.6,53662.6,31882.3,58.7,13431.6,19077.9,4.9,54.2,0.0,2666105.2,0.0,30.0,80549.9,4436569.7,656.9,3584.0,0.0,294.0,347.0
2026-10-02T19:18:35.851064+00:00,SivaChowdary,16.2,2600.0,4.1,11.6,23239.6,14167.2,58.7,13433.8,19075.7,4.9,54.2,0.0,2738524.5,0.0,13.0,62504.2,3274480.8,500.7,2649.4,0.0,294.0,347.0
2026-10-02T19:18:36.984942+00:00,SivaChowdary,9.3,2600.0,4.0,5.0,24067.8,14007.7,58.6,13442.7,19066.8,4.9,54.2,0.0,1910467.8,0.0,10.0,76875.7,3973876.2,613.6,3202.9,0.0,294.0,349.0
2026-10-02T19:18:37.869653+00:00,SivaChowdary,26.0,2600.0,3.6,21.3,24598.1,16937.5,58.6,13443.8,19065.7,4.9,54.2,0.0,8184.0,0.0,2.0,73089.9,4219109.9,578.4,3408.7,0.0,294.0,349.0
2026-10-02T19:18:38.852549+00:00,SivaChowdary,10.7,2600.0,5.5,4.8,56965.4,31989.8,58.6,13457.2,19052.3,4.9,54.2,458706.6,3473064.4,3.0,26.0,74213.7,4024948.8,591.9,3238.7,0.0,294.0,347.0
2026-10-02T19:18:39.877019+00:00,SivaChowdary,16.9,2600.0,4.4,12.0,27112.7,16129.5,58.6,13452.4,19057.1,4.9,54.2,1032675.1,3610264.8,5.0,31.0,64112.0,3201407.5,466.2,2582.2,0.0,294.0,349.0
2026-10-02T19:18:40.923163+00:00,SivaChowdary,12.9,2600.0,4.1,8.2,47545.5,29028.7,58.6,13448.8,19060.8,4.9,54.2,0.0,1202844.3,0.0,6.0,80454.7,2990373.9,508.4,2402.2,0.0,294.0,347.0
2026-10-02T19:18:41.824283+00:00,SivaChowdary,15.8,2600.0,3.8,11.8,22183.6,13664.7,58.6,13445.9,19063.6,4.9,54.2,0.0,49197.7,0.0,7.0,46784.5,2276646.9,335.3,1920.8,0.0,294.0,347.0
2026-10-02T19:18:43.012644+00:00,SivaChowdary,9.9,2600.0,3.7,6.0,19297.0,11276.6,58.6,13446.8,19062.7,4.9,54.2,0.0,1130552.1,0.0,15.0,73397.6,2086516.5,486.0,1695.1,0.0,294.0,349.0
2026-10-02T19:18:43.876328+00:00,SivaChowdary,28.7,2600.0,5.3,21.7,21752.1,14953.6,58.7,13441.3,19068.2,4.9,54.2,0.0,1293865.3,0.0,7.0,58759.6,2182560.9,417.8,1797.3,0.0,294.0,349.0
2026-10-02T19:18:44.879374+00:00,SivaChowdary,14.5,1496.0,6.4,7.2,47705.4,29252.1,58.6,13453.0,19056.5,4.9,54.2,0.0,1977968.6,0.0,18.0,42275.5,2273602.9,338.9,1879.6,0.0,294.0,349.0
2026-10-02T19:18:45.879093+00:00,SivaChowdary,19.4,2600.0,5.1,13.6,29098.1,17014.9,58.6,13450.3,19059.2,4.9,54.2,0.0,20487.1,0.0,2.0,50608.5,2108178.8,379.1,1724.6,0.0,294.0,349.0
2026-10-02T19:18:46.930115+00:00,SivaChowdary,13.8,2600.0,4.2,9.4,45351.4,27559.4,58.6,13455.2,19054.3,4.9,54.2,0.0,590024.6,0.0,21.0,30767.5,1329418.0,230.1,1130.4,0.0,294.0,347.0
2026-10-02T19:18:47.847999+00:00,SivaChowdary,18.7,1496.0,4.9,12.7,21188.6,13056.7,58.6,13453.5,19056.0,4.9,54.2,16383.7,1015786.7,1.0,25.0,34176.3,928484.5,200.0,788.0,0.0,294.0,347.0
2026-10-02T19:18:48.980273+00:00,SivaChowdary,14.6,2600.0,4.8,8.7,19180.4,11368.4,58.4,13534.8,18974.7,4.9,54.2,0.0,1012103.4,0.0,36.0,51755.0,2315785.5,340.1,1851.7,0.0,294.0,347.0
2026-10-02T19:18:49.865949+00:00,SivaChowdary,25.8,2600.0,5.2,20.4,23326.2,15855.3,58.4,13514.2,18995.3,4.9,54.2,0.0,131000.0,0.0,16.0,29231.9,1614165.3,216.9,1320.3,0.0,294.0,347.0
2026-10-02T19:18:51.064360+00:00,SivaChowdary,11.3,2600.0,4.5,5.9,46366.8,27057.6,58.4,13521.3,18988.2,4.9,54.2,0.0,1134366.7,0.0,21.0,54607.2,2370085.3,397.9,1902.6,0.0,294.0,345.0
2026-10-02T19:18:51.920093+00:00,SivaChowdary,17.4,2600.0,4.2,12.5,22000.4,13579.3,58.4,13517.3,18992.2,4.9,54.2,0.0,524298.6,0.0,8.0,44690.9,2476581.2,358.0,1997.0,0.0,294.0,347.0
2026-10-02T19:18:52.935816+00:00,SivaChowdary,17.1,2600.0,5.3,11.8,55490.1,32578.4,58.4,13525.5,18984.0,4.9,54.2,0.0,0.0,0.0,0.0,95694.1,5174008.6,684.7,4176.1,0.0,294.0,345.0
2026-10-02T19:18:53.864513+00:00,SivaChowdary,17.9,2600.0,5.1,11.7,26264.3,15300.6,58.4,13518.0,18991.5,4.9,54.2,0.0,2395286.6,0.0,10.0,67313.6,4916132.1,546.7,3908.3,0.0,294.0,345.0
2026-10-02T19:18:55.117154+00:00,SivaChowdary,10.7,2600.0,2.8,7.6,17741.8,10631.3,58.4,13521.0,18988.5,4.9,54.2,16369.1,1915181.4,1.0,20.0,53975.8,1906623.3,413.6,1539.6,0.0,294.0,347.0
2026-10-02T19:18:55.847986+00:00,SivaChowdary,25.7,2600.0,4.3,20.8,27708.5,18401.7,58.4,13510.6,18999.0,4.9,54.2,0.0,618552.0,0.0,5.0,13303.2,523049.4,102.0,492.0,0.0,294.0,347.0
2026-10-02T19:18:56.953190+00:00,SivaChowdary,9.0,2600.0,2.2,6.3,40017.6,23026.0,58.4,13526.7,18982.8,4.9,54.2,0.0,0.0,0.0,0.0,41784.0,1715159.3,312.1,1419.3,0.0,294.0,345.0
2026-10-02T19:18:57.909813+00:00,SivaChowdary,18.3,2600.0,5.1,12.8,24022.2,14444.5,58.4,13521.0,18988.5,4.9,54.2,0.0,757576.1,0.0,7.0,36214.2,1606683.0,284.9,1351.7,0.0,294.0,347.0
2026-10-02T19:18:59.001580+00:00,SivaChowdary,16.9,2600.0,4.6,12.1,46844.9,28562.1,58.4,13517.6,18991.9,4.9,54.2,0.0,1011537.2,0.0,17.0,26515.4,1442970.6,193.0,1183.8,0.0,294.0,345.0
2026-10-02T19:18:59.866616+00:00,SivaChowdary,18.9,2600.0,4.4,13.3,21647.9,12560.1,58.4,13525.5,18984.0,4.9,54.2,0.0,1012691.5,0.0,6.0,33134.0,1370762.9,217.2,1133.1,0.0,294.0,345.0
2026-10-02T19:19:01.006410+00:00,SivaChowdary,15.3,2600.0,2.8,12.0,18486.9,12279.4,58.4,13512.7,18996.8,4.9,54.2,0.0,0.0,0.0,0.0,33632.5,1836465.9,257.6,1457.6,0.0,294.0,347.0
2026-10-02T19:19:01.853624+00:00,SivaChowdary,20.7,2600.0,3.9,16.1,43074.6,28774.1,58.4,13517.6,18991.9,4.9,54.2,0.0,684772.2,0.0,6.0,33386.1,1610939.4,241.3,1303.4,0.0,294.0,346.0
2026-10-02T19:19:02.983309+00:00,SivaChowdary,13.5,2600.0,3.4,9.1,19783.1,13110.7,58.5,13505.2,19004.3,4.9,54.2,0.0,618719.5,0.0,15.0,41215.9,2397393.9,313.1,1951.7,0.0,294.0,345.0
2026-10-02T19:19:03.885337+00:00,SivaChowdary,13.7,2600.0,3.9,9.3,22386.4,12943.2,58.4,13509.2,19000.4,4.9,54.2,0.0,0.0,0.0,0.0,43106.2,2253019.3,325.9,1892.4,0.0,294.0,349.0
2026-10-02T19:19:04.952390+00:00,SivaChowdary,19.1,2600.0,4.5,14.1,56920.6,36479.2,58.4,13513.2,18996.3,4.9,54.2,0.0,1221049.3,0.0,7.0,34525.5,1697291.5,276.1,1391.5,0.0,294.0,346.0
2026-10-02T19:19:05.845213+00:00,SivaChowdary,11.9,2600.0,2.4,8.9,17842.3,10307.7,58.4,13521.1,18988.4,4.9,54.2,442227.9,1601028.7,2.0,10.0,10271.7,440526.4,78.0,362.9,0.0,294.0,345.0
2026-10-02T19:19:07.028169+00:00,SivaChowdary,14.4,2600.0,4.1,9.5,22646.9,16030.1,58.5,13501.2,19008.3,4.9,54.2,589900.8,1253539.2,3.0,12.0,32063.2,1456976.7,249.0,1217.2,0.0,294.0,347.0
2026-10-02T19:19:07.856652+00:00,SivaChowdary,21.7,2600.0,4.7,16.1,47871.4,31140.1,58.4,13512.4,18997.1,4.9,54.2,0.0,57327.7,0.0,7.0,36788.5,1300735.4,291.9,1106.7,0.0,294.0,345.0
2026-10-02T19:19:08.904087+00:00,SivaChowdary,14.4,2600.0,3.4,10.3,22483.3,14158.8,58.4,13508.3,19001.2,4.9,54.2,32781.5,1102278.9,1.0,18.0,51419.2,2007264.4,356.1,1659.7,0.0,294.0,345.0
2026-10-02T19:19:09.887708+00:00,SivaChowdary,13.7,2600.0,4.6,8.1,22549.3,12168.2,58.4,13518.0,18991.5,4.9,54.2,0.0,864268.4,0.0,6.0,38154.5,1775604.4,297.0,1400.0,0.0,294.0,347.0
2026-10-02T19:19:10.954286+00:00,SivaChowdary,18.0,2600.0,4.0,13.5,44094.2,28611.3,58.4,13517.5,18992.0,4.9,54.2,0.0,126901.8,0.0,10.0,40155.5,1709001.5,302.8,1400.2,0.0,294.0,345.0
2026-10-02T19:19:11.848071+00:00,SivaChowdary,14.4,2600.0,4.5,9.4,23550.2,13340.6,58.4,13512.3,18997.3,4.9,54.2,0.0,8191.7,0.0,2.0,71782.6,2968213.2,564.0,2430.9,0.0,294.0,345.0
2026-10-02T19:19:12.919509+00:00,SivaChowdary,12.8,2600.0,2.9,9.8,16827.1,10823.8,58.4,13508.4,19001.2,4.9,54.2,737198.6,2248455.8,4.0,15.0,26690.1,989725.7,217.0,871.9,0.0,294.0,347.0
2026-10-02T19:19:13.864338+00:00,SivaChowdary,13.2,2600.0,3.7,8.8,50119.8,30969.0,58.4,13509.2,19000.3,4.9,54.2,377063.6,1422185.5,2.0,10.0,56345.6,1779342.8,389.2,1523.9,0.0,294.0,345.0
2026-10-02T19:19:14.859930+00:00,SivaChowdary,15.7,2600.0,3.7,11.6,26422.8,16868.2,58.4,13512.4,18997.1,4.9,54.2,0.0,1093126.4,0.0,6.0,55905.1,2329097.7,420.8,1935.1,0.0,294.0,345.0
2026-10-02T19:19:15.952852+00:00,SivaChowdary,9.1,2600.0,3.4,4.9,17588.4,10061.8,58.4,13513.9,18995.6,4.9,54.2,0.0,81959.3,0.0,3.0,47009.6,1486623.1,327.2,1200.6,0.0,294.0,347.0
2026-10-02T19:19:16.963972+00:00,SivaChowdary,24.9,2600.0,4.3,20.0,18937.1,13369.9,58.4,13513.4,18996.1,4.9,54.2,4093.2,401134.0,1.0,55.0,35785.6,1212536.8,216.9,1041.3,0.0,294.0,348.0
2026-10-02T19:19:17.854708+00:00,SivaChowdary,18.6,2600.0,5.3,11.9,52108.9,31761.8,58.5,13479.1,19030.4,4.9,54.2,0.0,421951.6,0.0,31.0,34282.2,1678928.0,238.0,1366.2,0.0,294.0,346.0
2026-10-02T19:19:18.935585+00:00,SivaChowdary,14.6,2600.0,3.5,10.4,19411.5,11962.5,58.5,13485.6,19023.9,4.9,54.2,0.0,1216358.3,0.0,24.0,52450.4,2449870.4,366.0,1976.8,0.0,294.0,348.0
2026-10-02T19:19:19.879244+00:00,SivaChowdary,17.7,2600.0,4.6,12.3,48024.8,29908.1,58.6,13467.4,19042.1,4.9,54.2,0.0,0.0,0.0,0.0,39268.5,2243780.7,273.1,1863.7,0.0,294.0,346.0
2026-10-02T19:19:20.866683+00:00,SivaChowdary,19.4,2600.0,4.3,13.7,22266.2,15039.7,58.5,13476.0,19033.5,4.9,54.2,16378.3,1490423.1,1.0,26.0,66170.9,2898169.0,423.9,2460.1,0.0,294.0,346.0
2026-10-02T19:19:21.928007+00:00,SivaChowdary,9.3,2600.0,4.1,4.6,24767.8,15096.3,58.5,13480.6,19029.0,4.9,54.2,0.0,1868063.7,0.0,31.0,49804.7,2863558.0,378.1,2346.4,0.0,294.0,348.0
2026-10-02T19:19:22.901406+00:00,SivaChowdary,22.3,2600.0,2.8,19.2,19786.2,13685.8,58.6,13472.8,19036.7,4.9,54.2,0.0,61434.4,0.0,6.0,66753.0,4326444.1,509.0,3489.7,0.0,294.0,348.0
2026-10-02T19:19:23.862233+00:00,SivaChowdary,16.1,2600.0,5.9,9.6,61278.9,34599.4,58.6,13470.3,19039.2,4.9,54.2,16394.1,2729625.5,1.0,24.0,68494.4,3782497.1,475.3,3036.9,0.0,294.0,346.0
2026-10-02T19:19:24.883781+00:00,SivaChowdary,18.7,2600.0,3.4,13.9,23365.2,14805.2,58.6,13464.4,19045.1,4.9,54.2,16384.2,2191383.0,1.0,20.0,52842.6,3376573.4,426.0,2680.0,0.0,294.0,348.0
2026-10-02T19:19:25.865235+00:00,SivaChowdary,15.7,2600.0,5.1,9.7,50266.8,29430.2,58.6,13463.2,19046.3,4.9,54.2,0.0,1355232.2,0.0,8.0,73052.7,4626252.7,537.8,3742.5,0.0,294.0,346.0
2026-10-02T19:19:26.843104+00:00,SivaChowdary,25.2,2600.0,8.5,15.4,26401.5,16293.1,58.6,13466.9,19042.6,4.9,54.2,0.0,0.0,0.0,0.0,75963.6,4758772.3,517.0,3786.8,0.0,294.0,346.0
2026-10-02T19:19:27.945563+00:00,SivaChowdary,12.6,2600.0,7.2,4.1,27746.8,17213.4,58.5,13481.0,19028.5,4.9,54.2,0.0,2345976.6,0.0,22.0,70894.8,2675789.6,397.8,2179.0,0.0,294.0,348.0
2026-10-02T19:19:28.917055+00:00,SivaChowdary,25.6,2600.0,4.2,20.6,18324.7,13241.2,58.5,13476.5,19033.0,4.9,54.2,229534.8,1557557.3,2.0,26.0,61001.2,2418259.6,318.2,1969.4,0.0,294.0,348.0
2026-10-02T19:19:29.848950+00:00,SivaChowdary,12.6,2600.0,5.4,6.2,50113.5,29448.5,58.5,13483.1,19026.4,4.9,54.2,1310654.7,2805620.2,6.0,32.0,28770.6,1685538.0,221.0,1368.9,0.0,294.0,346.0
2026-10-02T19:19:30.905289+00:00,SivaChowdary,19.2,2600.0,6.0,12.9,21437.2,13583.6,58.6,13474.3,19035.2,4.9,54.2,32745.4,81863.4,1.0,4.0,34949.8,2136175.0,273.8,1727.8,0.0,294.0,348.0
2026-10-02T19:19:31.846386+00:00,SivaChowdary,14.8,2600.0,4.3,9.9,53204.8,31208.6,58.5,13478.8,19030.7,4.9,54.2,81995.1,1467713.1,1.0,13.0,58502.6,3520805.8,441.4,2844.6,0.0,294.0,346.0
2026-10-02T19:19:32.851201+00:00,SivaChowdary,19.1,2600.0,4.5,13.6,25644.0,14733.0,58.6,13462.6,19046.9,4.9,54.2,966129.2,3860423.1,5.0,28.0,74973.1,4620601.6,584.7,3735.0,0.0,294.0,346.0
2026-10-02T19:19:33.999970+00:00,SivaChowdary,8.9,1496.0,3.4,4.9,22708.7,13013.6,58.5,13480.1,19029.4,4.9,54.2,0.0,2697155.0,0.0,25.0,76310.2,4420179.4,586.4,3584.6,0.0,294.0,348.0
2026-10-02T19:19:34.962216+00:00,SivaChowdary,24.2,2600.0,2.9,20.4,18942.3,13536.8,58.6,13471.0,19038.5,4.9,54.2,0.0,40926.1,0.0,3.0,53420.8,2864173.4,425.6,2315.1,0.0,294.0,348.0
2026-10-02T19:19:35.866107+00:00,SivaChowdary,12.5,2600.0,3.8,8.1,53739.4,30809.1,58.6,13467.8,19041.8,4.9,54.2,81960.2,1950653.1,2.0,19.0,54099.5,3105135.6,426.2,2573.3,0.0,294.0,346.0
2026-10-02T19:19:36.958282+00:00,SivaChowdary,14.1,2600.0,3.7,10.2,19694.3,12207.8,58.5,13478.6,19030.9,4.9,54.2,0.0,2216078.7,0.0,30.0,41108.6,2624130.9,312.0,2097.1,0.0,294.0,348.0
2026-10-02T19:19:37.849941+00:00,SivaChowdary,21.5,1496.0,5.0,15.4,54080.8,35280.0,58.6,13464.4,19045.1,4.9,54.2,0.0,16387.3,0.0,4.0,54207.8,3013837.1,426.1,2449.5,0.0,294.0,346.0
2026-10-02T19:19:38.863499+00:00,SivaChowdary,20.2,2600.0,3.3,16.2,21408.2,14310.1,58.3,13554.5,18955.0,4.9,54.2,0.0,1761294.3,0.0,10.0,53670.4,3328104.0,399.0,2679.0,0.0,294.0,346.0
2026-10-02T19:19:40.046731+00:00,SivaChowdary,11.8,2600.0,2.6,8.7,21260.2,12943.4,58.2,13583.7,18925.8,4.9,54.2,0.0,2234760.0,0.0,8.0,67578.9,4205437.7,511.6,3358.5,0.0,294.0,348.0
2026-10-02T19:19:40.936605+00:00,SivaChowdary,31.8,2600.0,3.6,27.7,26533.8,19231.8,58.0,13659.1,18850.4,4.9,54.2,0.0,2044734.2,0.0,7.0,51374.9,3310327.1,392.2,2665.1,0.0,294.0,348.0
2026-10-02T19:19:41.846029+00:00,SivaChowdary,25.3,2600.0,5.0,19.0,58188.1,34843.5,57.7,13765.3,18744.2,4.9,54.2,0.0,524144.8,0.0,4.0,49989.3,3234065.4,366.9,2595.3,0.0,294.0,347.0
2026-10-02T19:19:42.908409+00:00,SivaChowdary,28.0,2600.0,5.9,20.7,37676.4,22690.6,57.2,13906.7,18602.8,4.9,54.2,0.0,2480817.4,0.0,17.0,72689.2,4735881.4,541.7,3852.9,0.0,294.0,348.0
2026-10-02T19:19:43.855203+00:00,SivaChowdary,15.1,2600.0,3.6,10.8,54993.0,32894.8,57.1,13934.6,18574.9,4.9,54.2,0.0,2777031.4,0.0,11.0,75266.5,4182104.3,527.8,3362.9,0.0,294.0,346.0
2026-10-02T19:19:44.884207+00:00,SivaChowdary,20.8,2600.0,4.9,15.0,20235.3,13130.6,57.2,13929.1,18580.4,4.9,54.2,16364.9,1575117.6,1.0,15.0,56663.7,3670022.2,446.5,2933.6,0.0,294.0,346.0
2026-10-02T19:19:45.943316+00:00,SivaChowdary,11.4,2600.0,3.9,7.0,23131.5,12751.1,57.2,13920.8,18588.7,4.9,54.2,0.0,12290.9,0.0,2.0,55567.3,3577327.2,440.1,2872.7,0.0,294.0,348.0
2026-10-02T19:19:46.880721+00:00,SivaChowdary,23.0,2600.0,3.0,19.0,30390.4,20203.3,57.2,13917.1,18592.4,4.9,54.2,409767.7,1438284.8,2.0,8.0,45514.6,2785956.5,358.1,2249.9,0.0,294.0,346.0
2026-10-02T19:19:47.858826+00:00,SivaChowdary,15.7,2600.0,5.1,9.1,42041.7,24396.0,57.0,13966.9,18542.7,4.9,54.2,0.0,1891574.5,0.0,34.0,67364.3,4508147.0,487.8,3686.5,0.0,294.0,345.0
2026-10-02T19:19:48.870802+00:00,SivaChowdary,15.4,2600.0,3.3,11.8,19665.7,12014.1,57.1,13956.3,18553.2,4.9,54.2,0.0,0.0,0.0,0.0,51762.6,3153302.9,369.0,2717.2,0.0,294.0,347.0
2026-10-02T19:19:49.915195+00:00,SivaChowdary,14.3,2600.0,3.6,9.7,47862.5,28648.5,57.1,13944.9,18564.6,4.9,54.2,0.0,2355075.3,0.0,29.0,51140.3,3833116.1,368.0,3142.8,0.0,294.0,345.0
2026-10-02T19:19:50.851128+00:00,SivaChowdary,30.0,2600.0,14.2,15.1,30310.0,19057.3,57.3,13897.3,18612.2,4.9,54.2,16370.5,2377815.6,1.0,27.0,59134.2,3328618.7,384.7,2719.8,0.0,294.0,346.0
2026-10-02T19:19:51.970852+00:00,SivaChowdary,9.8,2600.0,5.1,4.5,23130.6,12375.8,57.3,13895.2,18614.3,4.9,54.2,0.0,2373077.1,0.0,19.0,68274.0,4572740.1,509.3,3678.3,0.0,294.0,348.0
2026-10-02T19:19:52.833782+00:00,SivaChowdary,31.4,2600.0,8.8,21.8,24229.9,17822.7,57.3,13880.7,18628.9,4.9,54.2,0.0,0.0,0.0,0.0,54029.4,3530945.3,396.2,2844.4,0.0,294.0,348.0
2026-10-02T19:19:53.843571+00:00,SivaChowdary,11.2,2600.0,5.2,5.3,53035.8,30124.0,57.2,13898.4,18611.2,4.9,54.2,0.0,2312400.8,0.0,15.0,44827.3,2807184.3,312.8,2273.2,0.0,294.0,346.0
2026-10-02T19:19:54.880701+00:00,SivaChowdary,18.7,2600.0,4.7,12.8,27806.0,16265.6,57.3,13888.3,18621.2,4.9,54.2,0.0,1972305.2,0.0,16.0,26338.4,2039587.9,191.2,1635.8,0.0,294.0,348.0
2026-10-02T19:19:55.948437+00:00,SivaChowdary,15.0,1496.0,5.8,7.8,49186.8,29060.8,57.2,13898.6,18610.9,4.9,54.2,0.0,2391468.7,0.0,12.0,68354.0,4929408.0,493.9,3947.0,0.0,294.0,346.0
2026-10-02T19:19:56.865749+00:00,SivaChowdary,22.3,2600.0,8.1,13.6,24103.6,15318.9,57.2,13897.9,18611.6,4.9,54.2,0.0,155606.9,0.0,14.0,76284.8,4056218.5,455.9,3224.1,0.0,294.0,346.0
2026-10-02T19:19:57.964628+00:00,SivaChowdary,12.8,2600.0,4.6,6.9,23976.0,13801.9,57.3,13890.6,18618.9,4.9,54.2,0.0,2194175.9,0.0,26.0,95119.5,6026491.1,642.6,4810.2,0.0,294.0,348.0
2026-10-02T19:19:58.840981+00:00,SivaChowdary,28.3,2600.0,6.3,21.6,27365.0,19016.1,57.3,13876.0,18633.5,4.9,54.2,0.0,2642212.9,0.0,12.0,83122.2,4624467.7,581.1,3692.4,0.0,294.0,348.0
2026-10-02T19:19:59.883713+00:00,SivaChowdary,13.4,2600.0,5.4,6.6,49154.5,29825.2,57.3,13881.2,18628.4,4.9,54.2,0.0,1787183.7,0.0,24.0,77331.5,4623384.8,552.4,3703.8,0.0,294.0,346.0
2026-10-02T19:20:00.884700+00:00,SivaChowdary,29.7,2600.0,10.0,19.1,27631.2,19099.3,57.4,13848.8,18660.7,4.9,54.2,0.0,32775.4,0.0,7.0,70768.0,4998432.7,532.1,3992.9,0.0,294.0,350.0
2026-10-02T19:20:01.904230+00:00,SivaChowdary,20.9,2600.0,10.1,10.3,63816.6,37219.5,57.3,13880.1,18629.5,4.9,54.2,0.0,2014177.9,0.0,9.0,72669.0,3857760.1,477.7,3117.4,0.0,294.0,346.0
2026-10-02T19:20:02.857769+00:00,SivaChowdary,18.5,2600.0,7.4,10.8,28292.9,17293.9,57.3,13879.2,18630.3,4.9,54.2,0.0,1740793.8,0.0,19.0,72405.7,4177103.1,509.0,3309.0,0.0,294.0,346.0
2026-10-02T19:20:03.960601+00:00,SivaChowdary,16.3,2600.0,10.3,5.4,28108.1,16198.7,57.3,13866.1,18643.4,4.9,54.2,0.0,1974352.0,0.0,10.0,151033.1,6028381.3,781.0,4873.2,0.0,294.0,348.0
2026-10-02T19:20:04.861156+00:00,SivaChowdary,24.1,2600.0,5.5,17.8,36528.7,23779.1,57.3,13874.8,18634.7,4.9,54.2,0.0,0.0,0.0,0.0,75010.8,3946062.9,529.4,3182.2,0.0,294.0,348.0
2026-10-02T19:20:05.976046+00:00,SivaChowdary,11.0,2600.0,4.7,5.7,42035.8,24584.2,57.3,13893.6,18616.0,4.9,54.2,0.0,1432331.7,0.0,7.0,91615.9,6288554.6,701.4,5028.5,0.0,294.0,348.0
2026-10-02T19:20:06.886124+00:00,SivaChowdary,22.5,1496.0,8.9,12.7,25861.5,16103.6,57.3,13884.7,18624.8,4.9,54.2,606267.3,2543864.7,4.0,15.0,81703.0,4371312.3,537.1,3508.3,0.0,294.0,348.0
2026-10-02T19:20:07.933613+00:00,SivaChowdary,15.9,2600.0,5.3,10.2,48408.8,29337.6,57.3,13881.7,18627.8,4.9,54.2,0.0,69669.1,0.0,8.0,64104.2,4275552.3,428.2,3383.8,0.0,294.0,346.0
2026-10-02T19:20:08.861830+00:00,SivaChowdary,18.2,2600.0,7.1,10.7,27712.6,16061.2,57.3,13881.1,18628.4,4.9,54.3,630478.1,2108417.0,4.0,23.0,87208.7,4820928.0,575.7,3849.1,0.0,294.0,346.0
2026-10-02T19:20:09.953454+00:00,SivaChowdary,22.5,2600.0,12.5,9.5,31151.4,18538.0,57.3,13875.6,18633.9,4.9,54.3,0.0,2159519.3,0.0,18.0,95952.2,5523980.0,718.3,4456.9,0.0,294.0,348.0
2026-10-02T19:20:10.849427+00:00,SivaChowdary,23.6,2600.0,7.6,15.4,58365.2,35809.1,57.3,13883.6,18625.9,4.9,54.3,32750.7,1707130.1,1.0,11.0,76306.7,3738845.6,487.7,3015.4,0.0,294.0,346.0
2026-10-02T19:20:11.898757+00:00,SivaChowdary,12.9,2600.0,4.2,8.4,22137.0,13069.5,57.3,13875.2,18634.3,4.9,54.3,0.0,90136.5,0.0,5.0,71383.4,4651622.2,548.1,3684.0,0.0,294.0,346.0
2026-10-02T19:20:12.859847+00:00,SivaChowdary,26.0,1496.0,13.0,11.9,26524.4,15977.2,57.3,13876.7,18632.8,4.9,54.3,0.0,1567607.5,0.0,9.0,48388.2,3029448.3,323.8,2419.2,0.0,294.0,348.0
2026-10-02T19:20:13.902306+00:00,SivaChowdary,20.5,2600.0,4.2,15.2,50303.2,31852.6,57.3,13872.6,18636.9,4.9,54.3,0.0,786841.5,0.0,6.0,53488.8,3442236.6,379.2,2753.4,0.0,294.0,346.0
2026-10-02T19:20:14.847749+00:00,SivaChowdary,12.6,1496.0,5.0,7.0,21974.9,13031.9,57.3,13895.9,18613.6,4.9,54.3,0.0,1331498.1,0.0,6.0,36275.1,1929576.0,234.1,1543.3,0.0,294.0,346.0
2026-10-02T19:20:15.920269+00:00,SivaChowdary,15.9,2600.0,4.1,11.3,24507.2,16565.8,57.3,13873.7,18635.8,4.9,54.3,0.0,77808.9,0.0,8.0,57589.8,3941553.1,427.9,3172.4,0.0,294.0,348.0
2026-10-02T19:20:16.844634+00:00,SivaChowdary,13.6,1496.0,3.9,8.8,49278.3,30468.3,57.3,13877.7,18631.8,4.9,54.3,0.0,1422445.1,0.0,24.0,42248.7,2108811.8,253.2,1719.4,0.0,294.0,346.0
2026-10-02T19:20:17.856655+00:00,SivaChowdary,16.8,2600.0,4.2,12.0,20351.4,12801.9,57.3,13880.1,18629.4,4.9,54.3,0.0,1858703.5,0.0,25.0,57135.9,3628247.2,414.8,2948.6,0.0,294.0,346.0
2026-10-02T19:20:18.969514+00:00,SivaChowdary,9.4,2600.0,4.2,4.6,22389.6,13041.5,57.3,13886.3,18623.2,4.9,54.3,0.0,2219598.6,0.0,10.0,57890.7,3269922.5,419.9,2651.5,0.0,294.0,348.0
2026-10-02T19:20:19.875892+00:00,SivaChowdary,24.3,2600.0,3.3,20.2,26399.4,19800.6,57.3,13875.7,18633.8,4.9,54.3,0.0,0.0,0.0,0.0,53311.2,3348541.3,396.3,2722.0,0.0,294.0,350.0
2026-10-02T19:20:20.833740+00:00,SivaChowdary,18.8,2600.0,7.5,10.2,67381.9,42387.5,57.2,13914.0,18595.5,4.9,54.3,0.0,2159960.2,0.0,13.0,42193.7,2473993.6,321.6,2025.4,0.0,294.0,345.0
2026-10-02T19:20:21.888613+00:00,SivaChowdary,15.1,2600.0,3.2,11.1,23506.0,13932.2,57.2,13911.5,18598.0,4.9,54.3,1853283.6,3915676.6,8.0,23.0,64668.0,3882635.9,448.5,3137.2,0.0,294.0,347.0
2026-10-02T19:20:22.948905+00:00,SivaChowdary,11.2,2600.0,3.3,7.5,46215.1,27428.3,57.2,13905.1,18604.4,4.9,54.3,0.0,69612.5,0.0,6.0,36575.8,2234965.9,286.9,1896.5,0.0,294.0,345.0
2026-10-02T19:20:23.863873+00:00,SivaChowdary,16.0,2600.0,2.2,12.7,25518.1,18715.3,57.2,13906.5,18603.0,4.9,54.3,901087.1,2056117.0,4.0,19.0,33687.8,2009008.7,252.0,1776.9,0.0,294.0,345.0
2026-10-02T19:20:24.976001+00:00,SivaChowdary,15.2,1496.0,6.1,8.4,23685.0,13255.4,57.2,13898.1,18611.4,4.9,54.3,0.0,1261034.6,0.0,8.0,56782.0,2977736.6,375.8,2473.0,0.0,294.0,347.0
2026-10-02T19:20:25.869679+00:00,SivaChowdary,33.6,2600.0,12.3,19.4,54153.5,35225.3,57.3,13886.4,18623.1,4.9,54.3,0.0,2017111.5,0.0,9.0,69324.8,3418322.7,420.5,2770.0,0.0,294.0,345.0
2026-10-02T19:20:26.967544+00:00,SivaChowdary,11.7,2600.0,5.8,5.7,24309.3,14038.8,57.3,13888.4,18621.1,4.9,54.3,0.0,0.0,0.0,0.0,93011.2,4649695.2,583.8,3745.3,0.0,294.0,345.0
2026-10-02T19:20:27.884969+00:00,SivaChowdary,17.3,2600.0,5.7,11.3,26046.8,15825.0,57.3,13888.4,18621.1,4.9,54.3,0.0,2442381.8,0.0,26.0,56489.2,4129965.2,421.5,3266.1,0.0,294.0,347.0
2026-10-02T19:20:28.929627+00:00,SivaChowdary,28.3,2600.0,14.8,12.7,62388.5,35273.3,57.3,13879.1,18630.4,4.9,54.3,1097209.0,2485096.5,6.0,30.0,55373.8,2849255.2,367.8,2288.9,0.0,294.0,345.0
2026-10-02T19:20:29.847481+00:00,SivaChowdary,18.2,1496.0,6.3,11.4,27180.5,16787.3,57.3,13887.4,18622.1,4.9,54.3,1296984.5,2819710.0,5.0,18.0,56419.2,3358639.5,365.7,2654.4,0.0,294.0,345.0
2026-10-02T19:20:30.993669+00:00,SivaChowdary,15.2,2600.0,5.6,8.7,23602.7,14492.4,57.2,13901.1,18608.4,4.9,54.3,0.0,0.0,0.0,0.0,47559.5,3132902.4,348.0,2488.1,0.0,294.0,347.0
2026-10-02T19:20:31.841357+00:00,SivaChowdary,21.4,2600.0,4.9,15.5,54244.8,35608.8,57.2,13898.4,18611.1,4.9,54.3,1097906.8,2257263.6,5.0,15.0,35618.8,1925187.5,246.0,1552.3,0.0,294.0,345.0
2026-10-02T19:20:32.881214+00:00,SivaChowdary,23.9,2600.0,12.7,10.7,28896.7,17621.5,57.3,13891.0,18618.5,4.9,54.3,1408181.0,2955542.6,6.0,20.0,70791.6,3994076.9,476.7,3154.1,0.0,294.0,345.0
2026-10-02T19:20:33.849882+00:00,SivaChowdary,11.4,2600.0,4.1,6.1,25872.0,15634.4,57.3,13884.0,18625.5,4.9,54.3,0.0,0.0,0.0,0.0,63067.5,4023944.9,430.0,3161.9,0.0,294.0,347.0
2026-10-02T19:20:34.906484+00:00,SivaChowdary,25.4,2600.0,5.5,19.1,30642.9,19691.6,57.3,13890.6,18618.9,4.9,54.3,1638287.1,3354392.9,7.0,17.0,83571.2,5241268.9,635.0,4185.7,0.0,294.0,347.0
2026-10-02T19:20:35.864188+00:00,SivaChowdary,13.8,2600.0,4.5,8.1,45269.6,25929.6,57.2,13899.7,18609.8,4.9,54.3,2457089.8,5159888.5,10.0,28.0,67737.9,4200830.6,519.9,3371.3,0.0,294.0,345.0
2026-10-02T19:20:36.879817+00:00,SivaChowdary,17.6,2600.0,4.7,12.7,23786.7,15380.7,57.3,13877.4,18632.1,4.9,54.3,2507351.0,5178581.1,11.0,28.0,63021.1,3522287.5,411.1,2815.7,0.0,294.0,347.0
2026-10-02T19:20:37.934980+00:00,SivaChowdary,17.1,2600.0,6.8,9.2,51319.8,30627.3,57.2,13904.0,18605.5,4.9,54.3,0.0,12288.9,0.0,2.0,77205.8,4760011.4,539.0,3778.3,0.0,294.0,345.0
2026-10-02T19:20:38.816343+00:00,SivaChowdary,19.7,2600.0,5.1,13.4,24850.2,16143.1,57.2,13901.9,18607.6,4.9,54.3,2081036.9,4264487.1,8.0,19.0,63157.2,3349328.8,412.1,2699.3,0.0,294.0,345.0
2026-10-02T19:20:39.961182+00:00,SivaChowdary,18.8,2600.0,11.5,6.8,33827.9,18549.1,57.3,13893.8,18615.7,4.9,54.3,2211377.6,4811793.9,10.0,32.0,88321.5,5107651.0,573.9,4075.1,0.0,294.0,347.0
2026-10-02T19:20:40.842243+00:00,SivaChowdary,27.0,2600.0,8.2,18.3,58117.5,36350.2,57.3,13896.5,18613.0,4.9,54.3,1934495.0,3963255.7,8.0,18.0,73509.0,3121233.8,398.2,2531.5,0.0,294.0,345.0
2026-10-02T19:20:41.931448+00:00,SivaChowdary,15.7,2600.0,8.9,6.3,20755.9,11768.3,57.3,13888.8,18620.7,4.9,54.3,0.0,16376.1,0.0,3.0,95626.7,4314018.0,581.7,3451.3,0.0,294.0,345.0
2026-10-02T19:20:42.853696+00:00,SivaChowdary,17.3,2600.0,4.1,12.0,31440.5,18918.5,57.2,13898.8,18610.7,4.9,54.3,1933158.5,4046526.7,9.0,30.0,75559.0,4565057.6,606.0,3642.7,0.0,294.0,349.0
2026-10-02T19:20:43.914543+00:00,SivaChowdary,24.3,2600.0,10.4,13.3,68219.4,44047.9,57.4,13849.6,18659.9,4.9,54.3,1376284.9,2949181.9,6.0,25.0,112396.4,2484031.1,406.0,2054.0,0.0,294.0,347.0
2026-10-02T19:20:44.843068+00:00,SivaChowdary,20.5,2600.0,10.5,9.3,26044.7,16417.6,57.8,13732.1,18777.4,4.9,54.3,512269.1,2172020.8,6.0,207.1,82183.2,1755717.2,346.2,1463.8,0.0,294.0,347.0
2026-10-02T19:20:46.014597+00:00,SivaChowdary,18.2,2600.0,6.5,11.4,28840.3,16817.6,57.9,13685.3,18824.2,4.9,54.3,0.0,122774.7,0.0,6.0,87741.8,3001508.6,482.6,2457.9,0.0,294.0,349.0
2026-10-02T19:20:46.828396+00:00,SivaChowdary,19.2,2600.0,5.0,13.3,52545.8,33469.1,57.8,13726.2,18783.3,4.9,54.3,770764.3,1771118.0,3.0,33.0,39568.8,1610393.6,228.2,1311.2,0.0,294.0,347.0
2026-10-02T19:20:47.903318+00:00,SivaChowdary,13.6,2600.0,3.2,9.2,17606.4,11090.2,57.8,13726.8,18782.7,4.9,54.3,834844.2,1866122.2,5.0,28.0,38297.1,2574393.6,253.8,2067.2,0.0,294.0,347.0
2026-10-02T19:20:48.878584+00:00,SivaChowdary,10.5,2600.0,3.3,6.6,29260.1,20401.0,57.8,13726.0,18783.5,4.9,54.3,344182.7,872748.9,2.0,26.0,25540.8,631258.6,120.0,517.2,0.0,294.0,349.0
2026-10-02T19:20:49.930035+00:00,SivaChowdary,21.7,2600.0,4.2,16.2,49273.8,30559.0,57.7,13749.2,18760.3,4.9,54.3,0.0,0.0,0.0,0.0,61482.0,2370509.2,279.1,1897.5,0.0,294.0,347.0
2026-10-02T19:20:50.824303+00:00,SivaChowdary,11.0,2600.0,2.8,7.6,20968.4,13225.5,57.5,13827.7,18681.8,4.9,54.3,622099.6,1375167.5,3.0,23.0,36778.9,2012531.0,255.8,1587.7,0.0,294.0,347.0
2026-10-02T19:20:51.919513+00:00,SivaChowdary,14.9,2600.0,3.3,11.0,25202.5,17944.6,57.4,13846.0,18663.5,4.9,54.3,562632.6,1184705.5,5.0,11.0,51652.9,1478554.0,239.2,1232.0,0.0,294.0,349.0
2026-10-02T19:20:52.853250+00:00,SivaChowdary,14.5,2600.0,4.3,9.3,49735.0,31495.6,57.4,13849.1,18660.4,4.9,54.3,0.0,0.0,0.0,0.0,17453.8,1345775.5,134.9,1064.4,0.0,294.0,347.0
2026-10-02T19:20:53.849128+00:00,SivaChowdary,17.8,2600.0,4.5,12.8,21425.2,14478.7,57.4,13849.7,18659.9,4.9,54.3,327560.9,1003155.3,4.0,61.0,38395.0,2430605.3,261.9,1936.3,0.0,294.0,347.0
2026-10-02T19:20:55.005242+00:00,SivaChowdary,11.7,2600.0,5.6,5.3,30742.5,20459.0,57.4,13861.3,18648.2,4.9,54.3,459042.8,1065635.1,3.0,13.0,40160.4,1789864.8,231.1,1432.9,0.0,294.0,349.0
2026-10-02T19:20:55.897476+00:00,SivaChowdary,27.4,2600.0,4.7,21.0,18152.4,13103.9,57.4,13858.9,18650.6,4.9,54.3,605787.7,1485817.1,3.0,35.0,30731.7,1569196.3,208.9,1321.1,0.0,294.0,349.0
2026-10-02T19:20:56.855310+00:00,SivaChowdary,12.1,2600.0,4.5,6.8,51463.3,28933.0,57.3,13872.7,18636.8,4.9,54.3,0.0,0.0,0.0,0.0,20206.9,1316265.6,150.2,1068.1,0.0,294.0,347.0
2026-10-02T19:20:57.894351+00:00,SivaChowdary,15.5,2600.0,3.5,11.0,18589.6,11393.1,57.3,13873.7,18635.8,4.9,54.3,882959.9,1929430.9,4.0,24.0,29656.3,1248564.5,162.7,1022.9,0.0,294.0,350.0
2026-10-02T19:20:58.912292+00:00,SivaChowdary,19.5,2600.0,7.6,11.0,50565.5,30658.2,57.3,13868.4,18641.1,4.9,54.3,704839.0,1503929.8,4.0,17.0,47238.9,2379369.9,254.1,1908.9,0.0,294.0,347.0
2026-10-02T19:20:59.854333+00:00,SivaChowdary,16.5,2600.0,4.1,12.1,27252.9,20884.8,57.3,13878.2,18631.3,4.9,54.3,1082372.4,2263142.2,5.0,17.0,33357.7,1816282.6,238.2,1479.4,0.0,294.0,347.0
2026-10-02T19:21:00.988496+00:00,SivaChowdary,12.5,2600.0,4.2,7.7,22043.5,13479.6,57.3,13885.6,18623.9,4.9,54.3,0.0,0.0,0.0,0.0,50840.4,2774649.3,340.1,2233.8,0.0,294.0,349.0
2026-10-02T19:21:01.829589+00:00,SivaChowdary,25.1,2600.0,4.3,20.3,38201.2,23896.1,57.3,13873.6,18635.9,4.9,54.3,1491262.6,3101334.5,6.0,19.0,53944.5,3584825.8,397.1,2901.6,0.0,294.0,349.0
2026-10-02T19:21:02.922668+00:00,SivaChowdary,10.2,2600.0,4.0,5.6,39683.6,22338.9,57.3,13874.2,18635.3,4.9,54.3,2195156.1,4713852.0,10.0,50.0,94123.1,5158594.3,612.9,4143.4,0.0,294.0,347.0
2026-10-02T19:21:03.911494+00:00,SivaChowdary,16.5,2600.0,3.9,12.2,22588.0,14144.1,57.4,13863.0,18646.5,4.9,54.3,3014253.6,6241470.7,12.0,30.0,69756.7,4941300.3,503.9,4008.5,0.0,294.0,349.0
2026-10-02T19:21:04.941778+00:00,SivaChowdary,15.0,2600.0,6.7,7.9,46931.7,28938.5,57.4,13861.3,18648.2,4.9,54.3,0.0,0.0,0.0,0.0,69725.7,4885466.0,506.2,3932.6,0.0,294.0,347.0
2026-10-02T19:21:05.859541+00:00,SivaChowdary,17.0,2600.0,6.0,10.4,20360.6,12501.0,57.3,13876.9,18632.6,4.9,54.3,2457794.5,5067153.1,11.0,27.0,60735.8,4172071.2,445.0,3387.3,0.0,294.0,347.0
2026-10-02T19:21:06.990287+00:00,SivaChowdary,10.6,2600.0,3.0,7.8,19009.3,10989.4,57.4,13861.2,18648.4,4.9,54.3,3194426.1,6581336.8,13.0,34.0,72728.7,4754117.5,489.9,3781.5,0.0,294.0,349.0
2026-10-02T19:21:07.840175+00:00,SivaChowdary,24.0,2600.0,3.9,19.3,43775.2,29533.0,57.4,13860.8,18648.7,4.9,54.3,0.0,20473.1,0.0,2.0,57574.5,3303013.0,390.9,2625.1,0.0,294.0,347.0
2026-10-02T19:21:08.928688+00:00,SivaChowdary,8.3,2600.0,2.1,5.7,19126.1,11463.1,57.3,13871.3,18638.2,4.9,54.3,1590090.8,3376893.8,7.0,31.0,50203.6,3430487.2,349.2,2745.5,0.0,294.0,347.0
2026-10-02T19:21:09.863525+00:00,SivaChowdary,12.3,2600.0,2.5,9.2,19798.6,12030.1,57.4,13860.7,18648.9,4.9,54.3,2067815.9,4430449.2,10.0,25.0,24994.0,1880515.1,177.9,1492.5,0.0,294.0,349.0
2026-10-02T19:21:10.915765+00:00,SivaChowdary,15.5,2600.0,3.2,11.7,42950.9,27887.1,57.4,13857.6,18651.9,4.9,54.3,1294574.0,2662889.5,5.0,13.0,48878.0,2749951.5,316.1,2217.4,0.0,294.0,347.0
2026-10-02T19:21:11.856910+00:00,SivaChowdary,15.1,2600.0,4.2,10.0,19947.6,12188.3,57.4,13851.7,18657.9,4.9,54.3,0.0,32752.6,0.0,2.0,34594.7,2256394.9,256.9,1782.2,0.0,294.0,347.0
2026-10-02T19:21:12.951080+00:00,SivaChowdary,12.8,2600.0,3.1,9.0,17896.3,11060.4,57.4,13853.0,18656.5,4.9,54.3,917621.9,1892595.2,4.0,11.0,54919.1,2956582.9,391.1,2352.3,0.0,294.0,349.0
2026-10-02T19:21:13.860332+00:00,SivaChowdary,19.9,2600.0,6.1,13.3,54753.4,33575.2,57.3,13868.4,18641.1,4.9,54.3,1048239.4,2358538.6,4.0,32.0,43077.2,2153473.4,316.9,1757.4,0.0,294.0,347.0
2026-10-02T19:21:14.891147+00:00,SivaChowdary,21.2,2600.0,10.3,10.9,22349.0,14097.4,57.3,13886.3,18623.2,4.9,54.3,1541128.5,3188824.4,7.0,18.0,65069.6,4410202.6,496.3,3524.4,0.0,294.0,347.0
2026-10-02T19:21:15.954909+00:00,SivaChowdary,13.9,2600.0,5.4,7.7,25305.6,13860.9,57.3,13893.3,18616.2,4.9,54.3,0.0,16365.0,0.0,3.0,79726.5,4766923.7,627.3,3820.6,0.0,294.0,348.0
2026-10-02T19:21:16.886739+00:00,SivaChowdary,26.6,2600.0,5.4,20.2,25915.3,17293.6,57.2,13900.5,18609.0,4.9,54.3,2756584.8,5722374.7,11.0,35.1,85690.6,4677938.6,683.0,3771.6,0.0,294.0,348.0
2026-10-02T19:21:17.868393+00:00,SivaChowdary,12.5,2600.0,4.4,7.9,58072.8,34194.2,57.3,13892.3,18617.2,4.9,54.3,49097.7,2880399.6,1.0,18.0,61484.0,3863108.2,502.4,3143.5,0.0,294.0,346.0
2026-10-02T19:21:18.878634+00:00,SivaChowdary,16.9,2600.0,4.1,12.1,26905.9,16294.8,57.2,13899.7,18609.9,4.9,54.3,114742.9,3380817.7,1.0,127.1,99212.5,4657357.6,787.4,3751.8,0.0,294.0,348.0
2026-10-02T19:21:19.926752+00:00,SivaChowdary,13.5,2600.0,4.6,8.6,63221.5,38624.3,57.3,13895.7,18613.9,4.9,54.3,0.0,0.0,0.0,0.0,107896.6,5662660.9,821.6,4543.3,0.0,294.0,346.0
2026-10-02T19:21:20.863423+00:00,SivaChowdary,17.5,2600.0,3.2,13.3,25833.7,16498.0,57.2,13907.8,18601.7,4.9,54.3,0.0,2671839.9,0.0,14.0,82280.6,4854186.8,667.3,3934.9,0.0,294.0,346.0
2026-10-02T19:21:21.977166+00:00,SivaChowdary,8.8,2600.0,4.1,4.7,22999.5,12430.1,57.2,13911.2,18598.3,4.9,54.3,0.0,2301604.1,0.0,13.0,84164.3,5386483.8,664.9,4334.3,0.0,294.0,348.0
2026-10-02T19:21:22.843604+00:00,SivaChowdary,23.7,2600.0,3.4,19.5,36474.5,23496.3,57.3,13897.5,18612.0,4.9,54.3,0.0,0.0,0.0,0.0,77414.5,4588225.2,625.1,3685.4,0.0,294.0,348.0
2026-10-02T19:21:23.929509+00:00,SivaChowdary,10.3,2600.0,3.6,6.2,45531.6,27129.9,57.0,13978.3,18531.2,4.9,54.3,1478623.4,4041841.4,6.9,31.7,91719.7,5224182.5,667.4,4220.8,0.0,294.0,345.0
2026-10-02T19:21:24.895443+00:00,SivaChowdary,18.4,2600.0,5.0,13.0,30621.2,17601.2,57.1,13944.7,18564.9,4.9,54.3,0.0,2716657.4,0.0,13.1,69636.8,4194359.4,563.5,3434.2,0.0,294.0,347.0
2026-10-02T19:21:25.913868+00:00,SivaChowdary,23.4,2600.0,6.3,15.6,57732.7,36126.7,57.1,13951.3,18558.2,4.9,54.3,0.0,712736.8,0.0,9.0,48820.2,2673543.0,442.0,2119.1,0.0,294.0,345.0
2026-10-02T19:21:26.863677+00:00,SivaChowdary,21.8,2600.0,7.8,13.2,38974.3,23053.2,57.1,13952.2,18557.3,4.9,54.3,0.0,0.0,0.0,0.0,100987.9,2847991.3,532.3,2311.8,0.0,294.0,345.0
2026-10-02T19:21:27.978258+00:00,SivaChowdary,17.5,2600.0,4.1,12.8,21061.9,13373.8,57.0,13981.2,18528.4,4.9,54.3,0.0,61544.8,0.0,7.0,31704.0,398739.2,160.3,390.7,0.0,294.0,347.0
2026-10-02T19:21:28.861231+00:00,SivaChowdary,23.8,2600.0,5.8,17.5,50464.5,32286.8,57.0,13967.3,18542.2,4.9,54.3,0.0,73739.0,0.0,11.0,2401.4,1532.2,11.0,18.0,0.0,294.0,345.0
2026-10-02T19:21:29.891990+00:00,SivaChowdary,19.0,2600.0,5.4,13.0,24427.7,17393.4,57.0,13977.4,18532.1,4.9,54.3,0.0,16373.1,0.0,3.0,83.9,591.6,1.0,10.0,0.0,294.0,345.0
2026-10-02T19:21:30.954658+00:00,SivaChowdary,14.2,2600.0,3.9,9.4,25193.0,15674.0,57.0,13980.7,18528.8,4.9,54.3,0.0,0.0,0.0,0.0,8074.1,2774.8,27.0,29.0,0.0,294.0,347.0
2026-10-02T19:21:31.878541+00:00,SivaChowdary,31.0,2600.0,5.1,24.8,44338.3,37763.8,57.0,13982.1,18527.4,4.9,54.2,16375.2,307035.6,1.0,28.0,52945.6,2006516.5,228.9,1586.2,0.0,294.0,347.0
2026-10-02T19:21:32.854514+00:00,SivaChowdary,20.1,2600.0,5.3,13.5,46937.9,27643.7,56.9,14004.8,18504.7,4.9,54.2,0.0,302980.5,0.0,34.0,16110.4,11259.4,36.0,47.0,0.0,294.0,345.0
2026-10-02T19:21:33.897467+00:00,SivaChowdary,14.7,2600.0,3.3,10.6,17476.1,11338.6,56.9,14004.9,18504.6,4.9,54.2,0.0,61475.6,0.0,6.0,5950.4,2459.4,19.0,26.0,0.0,294.0,347.0
2026-10-02T19:21:34.894266+00:00,SivaChowdary,11.7,2600.0,3.5,7.5,52801.0,35780.9,56.9,14006.7,18502.8,4.9,54.2,0.0,81906.1,0.0,18.0,336.9,900.8,4.0,14.0,0.0,294.0,345.0
2026-10-02T19:21:35.863335+00:00,SivaChowdary,23.9,2600.0,11.8,11.5,24039.6,14848.6,57.0,13983.7,18525.8,4.9,54.2,0.0,249882.7,0.0,23.0,7439.8,3462.4,20.0,30.0,0.0,294.0,345.0
2026-10-02T19:21:36.960952+00:00,SivaChowdary,13.8,2600.0,7.1,6.1,31100.7,18525.4,57.0,13964.2,18545.3,4.9,54.2,0.0,344182.7,0.0,23.0,17497.0,11373.9,53.0,57.0,0.0,294.0,347.0
2026-10-02T19:21:37.846624+00:00,SivaChowdary,32.8,1496.0,12.8,19.0,57348.9,35977.9,57.1,13960.5,18549.1,4.9,54.2,0.0,20458.9,0.0,3.0,24877.4,493477.6,70.9,404.6,0.0,294.0,345.0
2026-10-02T19:21:38.938170+00:00,SivaChowdary,9.1,2600.0,3.9,5.0,23644.1,15885.6,57.0,13968.6,18540.9,4.9,54.2,0.0,172222.4,0.0,18.0,50219.5,3712207.0,352.4,2905.2,0.0,294.0,345.0
2026-10-02T19:21:39.892873+00:00,SivaChowdary,14.3,2600.0,3.2,10.7,20744.5,13768.0,57.0,13974.6,18534.9,4.9,54.2,0.0,57339.7,0.0,14.0,959.9,2317.8,9.0,25.0,0.0,294.0,347.0
2026-10-02T19:21:40.946282+00:00,SivaChowdary,12.7,2600.0,3.3,9.0,44438.7,28447.0,57.0,13975.9,18533.6,4.9,54.2,0.0,77763.9,0.0,15.0,5598.7,4063.9,32.0,41.0,0.0,294.0,345.0
2026-10-02T19:21:41.833020+00:00,SivaChowdary,16.3,2600.0,5.0,11.0,26530.4,17071.8,57.0,13985.2,18524.3,4.9,54.2,0.0,8198.6,0.0,2.0,1640.3,2156.7,17.0,25.0,0.0,294.0,345.0
2026-10-02T19:21:42.971303+00:00,SivaChowdary,11.0,2600.0,3.0,7.4,17085.4,10772.1,57.0,13989.3,18520.2,4.9,54.2,0.0,147485.3,0.0,15.0,2076.4,2651.5,21.0,29.0,0.0,294.0,347.0
2026-10-02T19:21:43.851197+00:00,SivaChowdary,19.4,2600.0,4.6,14.4,50998.9,30988.6,57.0,13983.3,18526.2,4.9,54.2,0.0,81921.5,0.0,15.0,31152.6,1330791.8,161.0,1076.0,0.0,294.0,347.0
2026-10-02T19:21:44.931592+00:00,SivaChowdary,19.3,2600.0,11.7,7.1,27210.2,18085.8,57.0,13977.2,18532.3,4.9,54.2,0.0,53232.8,0.0,5.0,51082.4,2768657.2,344.9,2186.4,0.0,294.0,345.0
2026-10-02T19:21:45.887224+00:00,SivaChowdary,14.0,2600.0,5.0,8.7,24282.1,15317.1,57.0,13974.8,18534.7,4.9,54.2,0.0,12282.5,0.0,2.0,6789.9,3434.5,12.0,9.0,0.0,294.0,347.0
2026-10-02T19:21:46.941258+00:00,SivaChowdary,22.2,2600.0,9.1,12.9,49511.2,30923.6,57.0,13976.3,18533.2,4.9,54.2,0.0,73770.0,0.0,3.0,39124.3,2240922.9,223.1,1793.0,0.0,294.0,345.0
2026-10-02T19:21:47.868068+00:00,SivaChowdary,13.5,2600.0,5.0,7.5,21209.5,12049.6,57.1,13957.3,18552.2,4.9,54.2,0.0,36871.8,0.0,8.0,32029.8,2101992.0,212.0,1777.4,0.0,294.0,345.0
2026-10-02T19:21:48.964656+00:00,SivaChowdary,15.6,2600.0,4.1,10.8,21260.1,14673.5,57.0,13976.4,18533.1,4.9,54.2,0.0,106441.4,0.0,15.0,10792.5,355201.9,38.0,504.7,0.0,294.0,347.0
2026-10-02T19:21:49.882168+00:00,SivaChowdary,15.4,2600.0,5.2,9.9,46632.0,29458.2,57.1,13955.7,18553.9,4.9,54.2,0.0,122843.2,0.0,2.0,29506.2,1362012.5,147.0,1244.6,0.0,294.0,345.0
2026-10-02T19:21:50.874418+00:00,SivaChowdary,22.3,2600.0,10.3,11.4,19288.6,12933.4,57.0,13968.6,18540.9,4.9,54.2,0.0,147529.2,0.0,4.0,377.2,2085.0,4.0,33.0,0.0,294.0,345.0
2026-10-02T19:21:51.888725+00:00,SivaChowdary,11.1,2600.0,5.8,5.1,22498.5,13102.5,57.0,13968.8,18540.7,4.9,54.2,0.0,245787.8,0.0,22.0,24343.8,961752.9,108.0,753.1,0.0,294.0,347.0
2026-10-02T19:21:52.842799+00:00,SivaChowdary,23.5,2600.0,5.7,17.2,44467.4,29566.3,57.0,13971.6,18537.9,4.9,54.2,0.0,102359.6,0.0,8.0,40308.1,2884018.3,338.9,2264.1,0.0,294.0,345.0
2026-10-02T19:21:53.866024+00:00,SivaChowdary,13.6,2600.0,9.0,4.4,26622.4,16262.6,57.0,13969.6,18539.9,4.9,54.2,0.0,45077.1,0.0,9.0,27087.7,677720.9,93.0,563.3,0.0,294.0,345.0
2026-10-02T19:21:54.881353+00:00,SivaChowdary,23.9,2600.0,6.6,16.4,28981.7,20785.1,57.0,13973.9,18535.7,4.9,54.2,0.0,175925.7,0.0,12.0,13904.0,831421.2,119.9,663.2,0.0,294.0,347.0
2026-10-02T19:21:55.929003+00:00,SivaChowdary,18.0,2600.0,6.6,10.5,48349.6,29607.8,57.0,13971.6,18537.9,4.9,54.2,0.0,16400.5,0.0,3.0,6124.2,3399.4,31.0,30.0,0.0,294.0,345.0
2026-10-02T19:21:56.849722+00:00,SivaChowdary,20.8,2600.0,5.0,14.9,24180.7,18397.9,57.0,13981.0,18528.5,4.9,54.2,0.0,0.0,0.0,0.0,1322.4,1452.5,14.0,17.0,0.0,294.0,345.0
2026-10-02T19:21:57.955447+00:00,SivaChowdary,8.8,2600.0,3.9,4.5,19462.3,12072.8,57.3,13890.4,18619.1,4.9,54.2,20420.5,93934.5,1.0,12.0,3556.6,4449.0,30.9,36.9,0.0,294.0,349.0
2026-10-02T19:21:58.941910+00:00,SivaChowdary,26.6,2600.0,4.8,21.4,19669.1,16286.1,57.4,13858.8,18650.7,4.9,54.2,0.0,78030.7,0.0,9.0,2427.4,2732.2,12.0,21.1,0.0,294.0,349.0
2026-10-02T19:21:59.857606+00:00,SivaChowdary,10.4,2600.0,2.4,7.2,44953.5,26298.0,57.3,13869.7,18639.8,4.9,54.2,0.0,36857.1,0.0,9.0,0.0,2185.6,0.0,16.0,0.0,294.0,347.0
2026-10-02T19:22:00.985480+00:00,SivaChowdary,19.7,2600.0,3.1,16.5,16207.3,12948.4,57.4,13864.4,18645.2,4.9,54.2,0.0,0.0,0.0,0.0,1101.0,1767.9,12.0,16.0,0.0,294.0,349.0
2026-10-02T19:22:01.832213+00:00,SivaChowdary,12.4,1496.0,2.2,9.4,42762.4,25411.1,57.3,13871.6,18637.9,4.9,54.2,0.0,12284.7,0.0,3.0,22423.9,19595.7,47.0,54.0,0.0,294.0,347.0
2026-10-02T19:22:02.851246+00:00,SivaChowdary,28.6,2600.0,16.1,12.2,26732.1,17561.1,57.5,13813.4,18696.2,4.9,54.2,147423.4,53236.2,4.0,9.0,16854.3,7845.3,50.0,43.0,0.0,294.0,347.0
2026-10-02T19:22:03.941945+00:00,SivaChowdary,9.1,2600.0,3.3,5.0,22308.6,13268.5,57.5,13815.0,18694.5,4.9,54.2,0.0,508077.8,0.0,55.0,19156.6,374719.2,108.0,371.1,0.0,294.0,349.0
2026-10-02T19:22:04.980460+00:00,SivaChowdary,25.2,2600.0,2.3,20.9,22740.9,19071.1,57.5,13804.0,18705.6,4.9,54.2,0.0,77755.2,0.0,2.0,1561.6,2587.7,16.0,30.0,0.0,294.0,349.0
2026-10-02T19:22:05.826376+00:00,SivaChowdary,13.2,1496.0,3.1,9.6,48008.3,28640.2,57.5,13818.1,18691.4,4.9,54.2,32810.6,319903.0,2.0,17.0,840.1,4228.5,9.0,77.1,0.0,294.0,347.0
2026-10-02T19:22:06.832155+00:00,SivaChowdary,18.4,2600.0,5.9,11.7,28297.7,17939.4,57.6,13792.2,18717.3,4.9,54.2,32759.6,470919.2,1.0,28.0,7816.0,207290.8,39.0,203.9,0.0,294.0,349.0
2026-10-02T19:22:07.810996+00:00,SivaChowdary,13.4,2600.0,3.9,8.3,48358.1,31244.7,57.5,13809.8,18699.7,4.9,54.2,0.0,12292.6,0.0,2.0,7627.9,401739.5,64.0,343.1,0.0,294.0,347.0
2026-10-02T19:22:08.828980+00:00,SivaChowdary,21.1,2600.0,5.0,14.7,29514.9,19268.0,57.5,13804.8,18704.7,4.9,54.2,28666.1,131044.9,4.0,17.0,7491.5,326915.4,53.0,318.9,0.0,294.0,347.0
2026-10-02T19:22:09.828884+00:00,SivaChowdary,13.7,2600.0,7.8,4.9,20992.7,13010.2,57.6,13796.5,18713.0,4.9,54.2,49130.2,790176.6,2.0,25.0,728.7,2830.7,10.0,52.0,0.0,294.0,349.0
2026-10-02T19:22:10.814618+00:00,SivaChowdary,27.2,2600.0,6.9,18.8,61615.4,40682.5,57.4,13862.2,18647.3,4.9,54.2,32753.9,511779.4,2.0,23.0,9651.8,327611.8,61.0,318.9,0.0,294.0,347.0
2026-10-02T19:22:11.822063+00:00,SivaChowdary,11.9,2600.0,4.8,6.0,26077.3,15182.0,57.3,13867.6,18641.9,4.9,54.2,28696.5,77890.5,1.0,3.0,8924.6,25906.1,56.0,88.1,0.0,294.0,347.0
2026-10-02T19:22:12.839234+00:00,SivaChowdary,16.6,2600.0,6.2,9.7,25768.7,16553.6,57.4,13863.4,18646.1,4.9,54.2,0.0,425664.7,0.0,19.0,2429.2,11942.0,22.0,161.9,0.0,294.0,349.0
2026-10-02T19:22:13.826777+00:00,SivaChowdary,19.5,2600.0,8.7,9.9,55132.5,35518.5,57.3,13868.7,18640.8,4.9,54.2,0.0,331743.0,0.0,7.0,1936.8,997.9,7.0,14.0,0.0,294.0,347.0
2026-10-02T19:22:14.819760+00:00,SivaChowdary,14.4,1496.0,4.0,8.6,32798.1,21019.7,57.4,13863.6,18645.9,4.9,54.2,0.0,12297.8,0.0,3.0,934.7,3630.9,11.0,74.1,0.0,294.0,347.0
2026-10-02T19:22:15.828977+00:00,SivaChowdary,15.8,1496.0,3.7,10.9,24301.3,15594.9,57.3,13874.4,18635.1,4.9,54.2,0.0,8192.4,0.0,2.0,1146.1,3793.2,11.0,66.0,0.0,294.0,349.0
2026-10-02T19:22:16.821462+00:00,SivaChowdary,13.3,2600.0,2.6,9.5,50579.8,32605.9,57.2,13898.8,18610.7,4.9,54.2,0.0,102308.6,0.0,16.0,640.4,5411.2,4.0,100.9,0.0,294.0,347.0
2026-10-02T19:22:17.831269+00:00,SivaChowdary,15.1,2600.0,2.8,11.0,32883.8,25709.8,57.2,13905.6,18603.9,4.9,54.2,0.0,40966.0,0.0,5.0,2191.3,6181.9,22.0,109.0,0.0,294.0,347.0
2026-10-02T19:22:18.825363+00:00,SivaChowdary,8.2,2600.0,1.4,5.5,15705.1,10066.7,57.2,13912.2,18597.4,4.9,54.2,0.0,12299.8,0.0,3.0,5614.4,6367.1,17.0,116.1,0.0,294.0,349.0
2026-10-02T19:22:19.828200+00:00,SivaChowdary,24.2,2600.0,2.7,20.5,25050.8,19369.6,57.2,13905.0,18604.6,4.9,54.2,0.0,0.0,0.0,0.0,1672.6,20402.7,17.0,60.9,0.0,294.0,349.0
2026-10-02T19:22:20.824983+00:00,SivaChowdary,10.2,2600.0,3.1,5.7,47887.7,30092.7,57.2,13912.4,18597.1,4.9,54.2,0.0,188458.2,0.0,8.0,1144.3,4232.9,12.0,71.0,0.0,294.0,347.0
2026-10-02T19:22:21.816798+00:00,SivaChowdary,13.9,2600.0,2.2,10.8,24606.4,18725.5,57.2,13920.0,18589.5,4.9,54.2,0.0,36851.2,0.0,4.0,851.7,2986.0,8.0,55.0,0.0,294.0,349.0
2026-10-02T19:22:22.828305+00:00,SivaChowdary,11.8,2600.0,3.0,7.8,40653.5,26518.1,57.1,13935.0,18574.5,4.9,54.2,0.0,0.0,0.0,0.0,2087.6,4713.1,14.0,82.0,0.0,294.0,347.0
2026-10-02T19:22:23.826966+00:00,SivaChowdary,14.6,2600.0,2.4,10.7,27978.1,22083.5,57.1,13941.8,18567.7,4.9,54.2,0.0,65620.6,0.0,11.0,2694.5,4259.5,16.0,80.1,0.0,294.0,347.0
2026-10-02T19:22:24.827693+00:00,SivaChowdary,9.2,2600.0,2.3,6.6,11888.2,6680.2,57.1,13948.4,18561.1,4.9,54.2,0.0,53217.7,0.0,10.0,842.5,6790.1,9.0,144.9,0.0,294.0,349.0
2026-10-02T19:22:25.811581+00:00,SivaChowdary,18.3,2600.0,2.2,15.3,41625.8,28358.2,57.1,13943.6,18565.9,4.9,54.2,0.0,16385.9,0.0,3.0,26386.0,54529.2,108.0,138.0,0.0,294.0,347.0
2026-10-02T19:22:26.827401+00:00,SivaChowdary,6.6,2600.0,1.5,4.8,10163.1,6038.3,57.1,13943.8,18565.7,4.9,54.2,0.0,0.0,0.0,0.0,1155.2,1747.4,11.0,22.0,0.0,294.0,347.0
2026-10-02T19:22:27.821378+00:00,SivaChowdary,14.4,1496.0,2.9,10.6,25973.5,19525.9,57.1,13956.2,18553.3,4.9,54.2,0.0,61417.6,0.0,11.0,1219.6,1715.4,13.0,21.0,0.0,294.0,348.0
2026-10-02T19:22:28.830383+00:00,SivaChowdary,16.3,2600.0,4.2,11.3,60035.4,47940.5,56.8,14034.4,18475.1,4.9,54.2,0.0,217176.3,0.0,27.0,1479.6,568.2,2.0,9.0,0.0,294.0,345.0
2026-10-02T19:22:29.820889+00:00,SivaChowdary,12.6,1496.0,2.2,9.9,14645.4,9157.8,56.8,14039.8,18469.7,4.9,54.2,0.0,20470.7,0.0,5.0,1262.4,1736.2,14.0,22.0,0.0,294.0,345.0
2026-10-02T19:22:30.834509+00:00,SivaChowdary,10.1,2600.0,2.1,7.4,10551.5,6250.3,56.8,14033.2,18476.3,4.9,54.2,0.0,8196.3,0.0,1.0,84.0,1143.6,1.0,11.0,0.0,294.0,347.0
2026-10-02T19:22:31.823879+00:00,SivaChowdary,18.8,1496.0,3.6,14.1,53930.2,39552.1,56.8,14029.6,18479.9,4.9,54.2,16376.2,90068.9,1.0,10.0,1431.3,1902.1,12.0,18.0,0.0,294.0,345.0
2026-10-02T19:22:32.824664+00:00,SivaChowdary,9.5,2600.0,1.8,7.0,10165.8,6524.3,56.8,14031.3,18478.2,4.9,54.2,0.0,32754.6,0.0,6.0,9417.1,2323.0,19.0,20.0,0.0,294.0,345.0
2026-10-02T19:22:33.819264+00:00,SivaChowdary,15.2,2600.0,5.0,9.8,26976.1,17204.6,56.8,14032.0,18477.5,4.9,54.2,0.0,8189.9,0.0,2.0,10048.4,15182.1,28.0,43.0,0.0,294.0,347.0
2026-10-02T19:22:34.827988+00:00,SivaChowdary,14.4,2600.0,2.2,11.5,35905.4,22873.3,56.8,14039.6,18470.0,4.9,54.2,0.0,0.0,0.0,0.0,1709.9,2130.8,17.0,20.0,0.0,294.0,345.0
2026-10-02T19:22:35.814315+00:00,SivaChowdary,9.4,2600.0,2.5,6.2,12924.7,6994.4,56.8,14038.8,18470.8,4.9,54.2,28702.4,159913.4,2.0,5.0,630.7,915.0,7.0,12.0,0.0,294.0,345.0
2026-10-02T19:22:36.823741+00:00,SivaChowdary,15.9,2600.0,7.1,8.5,13539.9,9139.2,56.8,14033.8,18475.7,4.9,54.2,0.0,28650.6,0.0,7.0,7701.3,5833.6,25.0,40.0,0.0,294.0,347.0
2026-10-02T19:22:37.814766+00:00,SivaChowdary,12.4,2600.0,3.2,8.8,38549.5,24368.1,56.8,14033.8,18475.7,4.9,54.2,0.0,12284.0,0.0,2.0,421.9,961.7,5.0,14.0,0.0,294.0,345.0
2026-10-02T19:22:38.813668+00:00,SivaChowdary,11.8,2600.0,1.1,10.3,11468.9,6981.6,56.8,14039.2,18470.3,4.9,54.2,0.0,12299.7,0.0,2.0,2026.9,890.8,8.0,11.0,0.0,294.0,346.0
2026-10-02T19:22:39.814667+00:00,SivaChowdary,6.6,2600.0,2.5,3.7,14068.0,7449.5,56.8,14035.6,18473.9,4.9,54.2,0.0,4096.3,0.0,1.0,938.1,1299.1,10.0,15.0,0.0,294.0,347.0
2026-10-02T19:22:40.856783+00:00,SivaChowdary,20.5,2600.0,1.8,17.9,44711.2,41958.9,56.8,14028.3,18481.2,4.9,54.2,131037.3,343972.9,1.0,6.0,1590.6,2009.5,17.0,23.0,0.0,294.0,347.0
2026-10-02T19:22:41.815403+00:00,SivaChowdary,12.2,1496.0,3.2,8.5,55770.8,36827.2,56.7,14088.2,18421.3,4.9,54.2,0.0,12288.4,0.0,2.0,887.0,887.0,9.0,9.0,0.0,294.0,344.0
2026-10-02T19:22:42.815615+00:00,SivaChowdary,11.5,2600.0,1.6,9.7,11081.3,7325.1,56.6,14095.2,18414.3,4.9,54.2,0.0,28688.2,0.0,4.0,1069.6,1316.7,11.0,14.0,0.0,294.0,346.0
2026-10-02T19:22:43.817752+00:00,SivaChowdary,12.1,1496.0,3.2,8.4,39081.5,24668.8,56.7,14088.3,18421.3,4.9,54.2,0.0,102390.9,0.0,19.0,2238.8,1243.9,11.0,15.0,0.0,294.0,344.0
2026-10-02T19:22:44.812672+00:00,SivaChowdary,13.3,1496.0,1.4,11.1,34295.3,28738.8,56.6,14096.0,18413.5,4.9,54.2,0.0,8185.4,0.0,2.0,464.6,640.5,5.0,8.0,0.0,294.0,344.0
2026-10-02T19:22:45.818457+00:00,SivaChowdary,6.4,2600.0,2.6,3.6,11060.1,6056.8,56.6,14099.7,18409.8,4.9,54.2,0.0,12293.6,0.0,2.0,377.2,535.2,4.0,7.0,0.0,294.0,348.0
2026-10-02T19:22:46.844730+00:00,SivaChowdary,20.8,2600.0,1.5,18.5,15339.3,12597.0,56.6,14094.2,18415.4,4.9,54.2,0.0,16373.6,0.0,3.0,1656.9,2080.7,13.0,17.0,0.0,294.0,346.0
2026-10-02T19:22:47.824140+00:00,SivaChowdary,11.4,2600.0,2.7,7.7,37903.0,23208.2,56.6,14098.5,18411.0,4.9,54.2,0.0,36865.9,0.0,6.0,755.0,1215.1,8.0,12.0,0.0,294.0,344.0
2026-10-02T19:22:48.821387+00:00,SivaChowdary,13.5,2600.0,2.7,10.4,13836.3,9035.2,56.6,14095.6,18413.9,4.9,54.2,0.0,155685.6,0.0,14.0,2943.7,1673.4,17.0,19.0,0.0,294.0,346.0
2026-10-02T19:22:49.828684+00:00,SivaChowdary,10.7,2600.0,2.6,7.9,38156.6,24702.0,56.6,14097.8,18411.7,4.9,54.2,0.0,53226.5,0.0,4.0,1137.5,1760.3,12.0,20.0,0.0,294.0,344.0
2026-10-02T19:22:50.824731+00:00,SivaChowdary,15.1,2600.0,2.7,11.8,12274.1,8318.2,56.6,14100.2,18409.3,4.9,54.2,0.0,147565.7,0.0,4.0,84.1,279.2,1.0,3.0,0.0,294.0,344.0
2026-10-02T19:22:51.814714+00:00,SivaChowdary,6.1,2600.0,1.7,4.0,12681.4,7135.0,56.6,14099.0,18410.6,4.9,54.2,0.0,36853.7,0.0,4.0,674.8,989.7,8.0,12.0,0.0,294.0,346.0
2026-10-02T19:22:52.838546+00:00,SivaChowdary,23.9,2600.0,3.6,19.8,17580.0,11945.7,56.6,14101.0,18408.5,4.9,54.2,0.0,122887.3,0.0,3.0,630.0,802.0,7.0,10.0,0.0,294.0,346.0
2026-10-02T19:22:53.827781+00:00,SivaChowdary,11.0,2600.0,3.1,7.4,50397.1,34798.0,56.6,14100.3,18409.2,4.9,54.2,0.0,77799.4,0.0,12.0,1771.4,580.8,5.0,7.0,0.0,294.0,344.0
2026-10-02T19:22:54.880608+00:00,SivaChowdary,19.3,2600.0,4.0,14.5,16745.9,11494.3,56.6,14097.1,18412.4,4.9,54.2,0.0,24602.3,0.0,4.0,1970.1,2428.6,20.0,26.0,0.0,294.0,346.0
2026-10-02T19:22:55.822416+00:00,SivaChowdary,15.6,1496.0,3.9,10.7,50403.5,31071.0,56.7,14081.1,18428.4,4.9,54.2,0.0,12276.9,0.0,3.0,376.7,772.3,4.0,11.0,0.0,294.0,344.0
2026-10-02T19:22:56.816783+00:00,SivaChowdary,13.1,2600.0,2.0,10.3,15932.7,10482.2,56.7,14085.8,18423.7,4.9,54.2,0.0,0.0,0.0,0.0,922.8,1286.7,10.0,17.0,0.0,294.0,344.0
2026-10-02T19:22:57.889503+00:00,SivaChowdary,16.9,2600.0,8.2,7.3,38517.6,24995.7,57.2,13918.3,18591.2,4.9,54.2,0.0,196621.0,0.0,21.0,10665.7,15975.1,87.0,105.0,0.0,294.0,348.0
2026-10-02T19:22:58.951398+00:00,SivaChowdary,29.0,2600.0,6.3,21.7,23365.9,17595.7,57.2,13920.6,18588.9,4.9,54.2,16387.5,110615.3,1.0,18.0,1944.4,2096.4,7.0,22.0,0.0,294.0,348.0
2026-10-02T19:22:59.829942+00:00,SivaChowdary,12.9,2600.0,2.5,9.0,49681.3,30689.6,57.2,13921.6,18587.9,4.9,54.2,0.0,77843.2,0.0,18.0,293.1,1102.3,3.0,16.0,0.0,294.0,346.0
2026-10-02T19:23:01.013783+00:00,SivaChowdary,19.3,2600.0,2.8,15.5,16314.9,11939.5,57.2,13928.2,18581.3,4.9,54.2,0.0,45050.2,0.0,8.0,460.9,1350.8,5.0,21.0,0.0,294.0,348.0
2026-10-02T19:23:01.836516+00:00,SivaChowdary,18.3,2600.0,3.3,13.5,48434.4,30552.2,57.1,13937.8,18571.7,4.9,54.2,0.0,49125.0,0.0,10.0,1303.3,1947.9,10.0,20.0,0.0,294.0,346.0
2026-10-02T19:23:02.916751+00:00,SivaChowdary,13.6,2600.0,2.6,10.0,20864.9,15764.0,57.1,13931.5,18578.0,4.9,54.2,0.0,94279.7,0.0,16.0,1363.0,2264.7,14.0,21.0,0.0,294.0,347.0
2026-10-02T19:23:03.861709+00:00,SivaChowdary,17.5,2600.0,6.0,10.3,28451.2,16853.6,57.2,13925.4,18584.1,4.9,54.2,0.0,81874.4,0.0,13.0,2747.5,1561.1,14.0,16.0,0.0,294.0,348.0
2026-10-02T19:23:04.903215+00:00,SivaChowdary,24.4,2600.0,8.4,15.0,47672.3,32044.6,57.1,13930.6,18578.9,4.9,54.2,0.0,24580.3,0.0,4.0,672.1,1202.2,7.0,16.0,0.0,294.0,346.0
2026-10-02T19:23:05.870632+00:00,SivaChowdary,15.1,2600.0,6.0,8.2,21090.5,13484.1,57.3,13894.2,18615.3,4.9,54.2,0.0,147445.6,0.0,5.0,84.0,863.9,1.0,13.0,0.0,294.0,346.0
2026-10-02T19:23:06.921517+00:00,SivaChowdary,16.7,2600.0,4.8,11.2,24272.0,17014.1,57.4,13836.5,18673.1,4.9,54.2,0.0,253983.5,0.0,6.0,33831.2,31384.9,76.0,91.0,0.0,294.0,348.0
2026-10-02T19:23:07.854736+00:00,SivaChowdary,17.8,2600.0,6.0,11.3,55873.6,35797.7,57.5,13819.4,18690.1,4.9,54.2,0.0,94230.9,0.0,3.0,7359.8,7215.8,35.0,40.0,0.0,294.0,347.0
2026-10-02T19:23:08.869068+00:00,SivaChowdary,14.5,2600.0,3.4,10.7,16676.6,11327.6,57.5,13825.1,18684.4,4.9,54.2,0.0,130974.5,0.0,12.0,2483.2,2126.4,12.0,26.0,0.0,294.0,347.0
2026-10-02T19:23:09.875704+00:00,SivaChowdary,9.1,2600.0,3.9,4.3,20971.9,11612.8,57.4,13837.8,18671.7,4.9,54.2,0.0,49168.3,0.0,4.0,379.1,517.2,4.0,6.0,0.0,294.0,349.0
2026-10-02T19:23:10.931135+00:00,SivaChowdary,21.0,2600.0,3.3,17.2,19961.8,14435.4,57.4,13837.1,18672.4,4.9,54.2,0.0,4091.9,0.0,1.0,63298.0,1868061.1,379.6,1499.5,0.0,294.0,349.0
2026-10-02T19:23:11.868993+00:00,SivaChowdary,17.9,2600.0,6.2,11.3,64907.5,37302.0,57.4,13835.1,18674.5,4.9,54.2,0.0,61539.0,0.0,9.0,76184.6,4343708.4,624.0,3446.5,0.0,294.0,347.0
2026-10-02T19:23:12.881056+00:00,SivaChowdary,18.0,1496.0,7.5,10.1,16933.9,11267.2,57.4,13838.8,18670.7,4.9,54.2,0.0,20485.9,0.0,5.0,2704.8,76037.8,26.0,87.0,0.0,294.0,349.0
2026-10-02T19:23:13.831556+00:00,SivaChowdary,12.9,2600.0,4.4,7.8,46560.5,27709.6,57.4,13844.2,18665.3,4.9,54.2,0.0,4094.0,0.0,1.0,39230.0,1771663.5,266.9,1413.3,0.0,294.0,347.0
2026-10-02T19:23:14.861933+00:00,SivaChowdary,16.3,2600.0,2.3,13.7,16144.9,10876.3,57.4,13839.2,18670.3,4.9,54.2,16385.9,114701.3,1.0,16.0,142.0,368.0,2.0,6.0,0.0,294.0,347.0
2026-10-02T19:23:15.846231+00:00,SivaChowdary,10.2,2600.0,3.9,5.1,17961.6,9602.0,57.4,13844.8,18664.7,4.9,54.2,0.0,94169.2,0.0,3.0,1263.5,2091.1,12.0,23.0,0.0,294.0,349.0
2026-10-02T19:23:16.937722+00:00,SivaChowdary,21.2,2600.0,3.9,17.4,19321.1,15326.2,57.4,13849.7,18659.9,4.9,54.2,0.0,16391.7,0.0,4.0,1224.6,1544.7,10.0,13.0,0.0,294.0,349.0
2026-10-02T19:23:17.849355+00:00,SivaChowdary,20.0,2600.0,11.2,8.2,54500.3,33639.0,57.4,13847.7,18661.8,4.9,54.2,0.0,24571.6,0.0,4.0,7287.7,2306.6,17.0,19.0,0.0,294.0,347.0
2026-10-02T19:23:18.925573+00:00,SivaChowdary,16.2,2600.0,4.5,10.7,19303.1,12812.4,57.4,13836.4,18673.1,4.9,54.2,0.0,28666.2,0.0,4.0,3875.2,1853.6,13.0,23.0,0.0,294.0,349.0
2026-10-02T19:23:19.859530+00:00,SivaChowdary,16.2,2600.0,5.7,9.8,53768.9,35592.2,57.4,13841.4,18668.1,4.9,54.2,0.0,0.0,0.0,0.0,1348.6,18530.9,14.0,22.0,0.0,294.0,347.0
2026-10-02T19:23:20.853854+00:00,SivaChowdary,19.1,2600.0,6.5,11.8,23927.5,16733.3,57.4,13838.5,18671.0,4.9,54.2,0.0,172014.4,0.0,8.0,1726.8,1874.8,18.0,21.0,0.0,294.0,347.0
2026-10-02T19:23:21.907653+00:00,SivaChowdary,14.6,2600.0,9.9,4.7,27358.0,15372.3,57.4,13835.2,18674.3,4.9,54.2,0.0,237403.1,0.0,17.0,45248.6,542643.1,112.9,444.7,0.0,294.0,351.0
2026-10-02T19:23:22.851702+00:00,SivaChowdary,36.7,2600.0,16.1,20.0,47536.1,31291.7,57.5,13819.8,18689.7,4.9,54.2,0.0,0.0,0.0,0.0,155713.8,5103624.3,758.7,4093.9,0.0,294.0,347.0
2026-10-02T19:23:23.851897+00:00,SivaChowdary,10.0,2600.0,4.6,4.4,33535.6,20199.1,57.5,13822.3,18687.2,4.9,54.2,0.0,57324.5,0.0,9.0,14074.2,287926.0,60.0,249.9,0.0,294.0,347.0
2026-10-02T19:23:24.869514+00:00,SivaChowdary,21.2,2600.0,6.8,13.4,26765.9,16766.7,57.4,13849.2,18660.3,4.9,54.2,0.0,24574.1,0.0,4.0,13834.9,10833.2,29.0,42.0,0.0,294.0,349.0
2026-10-02T19:23:25.936461+00:00,SivaChowdary,18.3,2600.0,10.2,7.1,56283.4,35628.6,57.5,13820.2,18689.3,4.9,54.2,65513.2,221107.2,1.0,8.0,86105.1,2380130.2,538.8,1978.3,0.0,294.0,347.0
2026-10-02T19:23:26.833369+00:00,SivaChowdary,18.2,2600.0,4.6,12.9,24742.7,15919.3,57.5,13813.4,18696.1,4.9,54.2,0.0,0.0,0.0,0.0,28790.8,1697335.1,260.1,1365.4,0.0,294.0,347.0
2026-10-02T19:23:28.024750+00:00,SivaChowdary,19.3,2600.0,12.6,5.5,23852.2,15192.3,57.5,13815.4,18694.1,4.9,54.2,32790.2,659903.6,2.0,47.0,30357.6,1291314.9,214.1,1035.7,0.0,294.0,349.0
2026-10-02T19:23:28.831832+00:00,SivaChowdary,35.5,2600.0,11.7,22.9,43935.4,27907.3,57.6,13784.0,18725.5,4.9,54.2,20454.6,229091.3,2.0,20.0,54361.4,3071948.9,428.5,2441.0,0.0,294.0,349.0
2026-10-02T19:23:29.972999+00:00,SivaChowdary,12.0,2600.0,5.7,5.2,42008.7,26354.9,57.5,13808.0,18701.6,4.9,54.2,4095.7,233453.5,1.0,11.0,599.0,636.9,5.0,8.0,0.0,294.0,347.0
2026-10-02T19:23:30.906540+00:00,SivaChowdary,26.2,2600.0,7.8,16.5,32014.3,19275.7,57.6,13790.9,18718.6,4.9,54.2,0.0,0.0,0.0,0.0,36817.0,1647655.0,277.8,1324.8,0.0,294.0,349.0
2026-10-02T19:23:31.934802+00:00,SivaChowdary,23.0,2600.0,12.4,8.9,51998.4,33319.1,57.6,13785.4,18724.1,4.9,54.2,0.0,98336.8,0.0,6.0,34549.5,2261111.7,299.1,1795.6,0.0,294.0,347.0
2026-10-02T19:23:32.863001+00:00,SivaChowdary,24.7,2600.0,11.0,12.7,25457.5,16458.5,57.6,13790.7,18718.8,4.9,54.2,16389.5,282718.3,1.0,14.0,253.1,1069.4,3.0,17.0,0.0,294.0,347.0
2026-10-02T19:23:34.039121+00:00,SivaChowdary,18.3,2600.0,10.3,6.8,19860.4,12264.5,57.6,13795.9,18713.6,4.9,54.2,0.0,73785.1,0.0,15.0,16568.8,134390.1,45.0,135.1,0.0,294.0,349.0
2026-10-02T19:23:34.842752+00:00,SivaChowdary,30.8,2600.0,7.2,21.9,32893.3,21538.4,57.6,13781.0,18728.6,4.9,54.2,0.0,106438.7,0.0,15.0,35022.2,2743113.9,287.8,2154.8,0.0,294.0,349.0
2026-10-02T19:23:35.926181+00:00,SivaChowdary,9.8,2600.0,3.8,4.5,35020.7,22186.8,57.6,13793.6,18715.9,4.9,54.2,0.0,196606.3,0.0,5.0,2577.0,96247.2,22.0,92.0,0.0,294.0,347.0
2026-10-02T19:23:36.897432+00:00,SivaChowdary,24.8,2600.0,10.1,12.7,21667.2,14774.0,57.6,13782.4,18727.1,4.9,54.2,16391.7,364716.4,1.0,16.0,293.1,717.3,3.0,10.0,0.0,294.0,349.0
2026-10-02T19:23:37.912565+00:00,SivaChowdary,20.6,2600.0,4.9,14.1,50974.4,34589.4,57.3,13882.4,18627.2,4.9,54.2,0.0,159432.4,0.0,10.0,420.2,787.5,5.0,12.0,0.0,294.0,345.0
2026-10-02T19:23:38.864655+00:00,SivaChowdary,14.4,2600.0,3.0,10.0,22748.4,15535.3,57.3,13890.1,18619.4,4.9,54.2,0.0,0.0,0.0,0.0,13309.2,8785.0,81.1,84.2,0.0,294.0,345.0
2026-10-02T19:23:40.008991+00:00,SivaChowdary,16.2,2600.0,5.3,9.9,23872.3,16697.5,57.2,13899.8,18609.7,4.9,54.2,0.0,40976.0,0.0,5.0,1050.4,1672.7,11.0,20.0,0.0,294.0,349.0
2026-10-02T19:23:40.855864+00:00,SivaChowdary,30.0,2600.0,11.7,17.3,60650.6,35892.7,57.3,13869.4,18640.2,4.9,54.2,0.0,69637.3,0.0,2.0,64046.9,2921684.5,395.0,2300.2,0.0,294.0,345.0
2026-10-02T19:23:41.899157+00:00,SivaChowdary,17.4,2600.0,9.8,8.0,26765.3,15825.6,57.3,13874.4,18635.1,4.9,54.2,0.0,12287.7,0.0,2.0,94728.7,3734000.4,519.0,2928.9,0.0,294.0,345.0
2026-10-02T19:23:42.883094+00:00,SivaChowdary,19.5,2600.0,9.0,8.9,28792.7,17235.4,57.3,13891.0,18618.6,4.9,54.2,0.0,73742.7,0.0,4.0,63628.7,2778396.5,387.1,2233.4,0.0,294.0,347.0
2026-10-02T19:23:43.931951+00:00,SivaChowdary,19.3,2600.0,6.2,12.3,49640.2,30404.0,57.3,13883.1,18626.4,4.9,54.2,0.0,122823.6,0.0,10.0,25014.5,483963.9,97.0,419.8,0.0,294.0,345.0
2026-10-02T19:23:44.858130+00:00,SivaChowdary,23.2,2600.0,16.7,6.3,30371.0,17883.7,57.3,13890.0,18619.5,4.9,54.2,0.0,4097.1,0.0,1.0,158309.7,1983489.1,572.2,1781.5,0.0,294.0,345.0
2026-10-02T19:23:45.894078+00:00,SivaChowdary,15.9,2600.0,3.8,11.7,26116.5,16512.5,57.3,13890.6,18619.0,4.9,54.2,0.0,16380.5,0.0,2.0,55831.2,3542348.0,459.9,2810.4,0.0,294.0,347.0
2026-10-02T19:23:46.856708+00:00,SivaChowdary,23.6,2600.0,9.6,12.7,70439.6,41133.5,57.7,13739.9,18769.6,4.9,54.2,0.0,12286.4,0.0,3.0,102544.3,1924349.2,404.9,1642.8,0.0,294.0,347.0
2026-10-02T19:23:47.846715+00:00,SivaChowdary,23.1,2600.0,10.5,11.7,36686.0,22904.5,58.1,13622.8,18886.7,4.9,54.2,272414.0,634949.9,9.0,36.0,77088.5,3367439.9,525.1,2755.3,0.0,294.0,347.0
2026-10-02T19:23:48.960647+00:00,SivaChowdary,14.8,2600.0,8.3,5.7,24368.8,15964.3,58.1,13618.4,18891.1,4.9,54.2,0.0,245949.3,0.0,32.0,13794.6,377925.9,89.1,372.3,0.0,294.0,349.0
2026-10-02T19:23:49.835093+00:00,SivaChowdary,27.9,2600.0,4.7,22.1,46915.6,34373.5,58.0,13654.6,18854.9,4.9,54.2,0.0,0.0,0.0,0.0,3523.7,3138.8,16.0,21.0,0.0,294.0,349.0
2026-10-02T19:23:50.972898+00:00,SivaChowdary,10.0,2600.0,4.4,5.3,42701.1,25158.4,57.9,13677.0,18832.5,4.9,54.2,16370.6,241466.6,1.0,28.0,6415.8,2830.7,21.0,25.0,0.0,294.0,347.0
2026-10-02T19:23:51.889800+00:00,SivaChowdary,17.4,2600.0,4.5,12.5,19415.4,12503.6,58.0,13668.7,18840.8,4.9,54.2,0.0,172150.7,0.0,15.0,4724.3,3841.6,35.0,40.0,0.0,294.0,349.0
2026-10-02T19:23:52.944588+00:00,SivaChowdary,15.3,2600.0,4.9,9.5,48207.4,30607.1,57.9,13671.6,18837.9,4.9,54.2,0.0,81930.9,0.0,14.0,37753.0,1596847.2,238.0,1277.2,0.0,294.0,347.0
2026-10-02T19:23:53.870719+00:00,SivaChowdary,14.0,2600.0,2.7,10.5,23991.8,18347.3,57.7,13752.5,18757.0,4.9,54.2,0.0,0.0,0.0,0.0,2188.9,1409.6,9.0,15.0,0.0,294.0,349.0
2026-10-02T19:23:55.127146+00:00,SivaChowdary,13.7,1496.0,4.9,7.8,19150.8,12935.8,57.7,13764.6,18744.9,4.9,54.2,0.0,73692.5,0.0,6.0,167.9,329.8,2.0,5.0,0.0,294.0,349.0
2026-10-02T19:23:55.890995+00:00,SivaChowdary,26.6,2600.0,3.0,22.7,22798.9,16003.8,57.6,13774.2,18735.3,4.9,54.2,0.0,8200.6,0.0,2.0,17611.5,16007.8,43.0,46.0,0.0,294.0,349.0
2026-10-02T19:23:56.941632+00:00,SivaChowdary,10.1,2600.0,3.3,5.8,39641.9,25003.5,57.6,13785.1,18724.4,4.9,54.2,16343.1,163431.3,1.0,30.9,5572.1,2804.0,23.9,27.9,0.0,294.0,347.0
2026-10-02T19:23:57.905185+00:00,SivaChowdary,16.8,2600.0,3.5,12.3,20462.5,13619.7,57.6,13782.3,18727.2,4.9,54.2,0.0,114836.9,0.0,16.0,2978.9,3355.4,21.0,30.0,0.0,294.0,349.0
2026-10-02T19:23:58.965818+00:00,SivaChowdary,18.9,2600.0,5.6,12.3,46192.3,31213.4,57.5,13813.7,18695.8,4.9,54.2,0.0,85981.3,0.0,6.0,6131.5,5217.9,29.0,39.0,0.0,294.0,347.0
2026-10-02T19:23:59.887032+00:00,SivaChowdary,18.9,2600.0,5.2,11.9,17519.0,11212.6,57.5,13829.8,18679.7,4.9,54.2,0.0,131289.6,0.0,5.0,3054.1,2905.8,13.0,20.0,0.0,294.0,347.0
2026-10-02T19:24:00.998851+00:00,SivaChowdary,18.9,2600.0,4.5,13.8,16347.3,10995.4,57.5,13811.9,18697.7,4.9,54.2,0.0,192292.0,0.0,19.0,15500.3,335525.1,74.9,281.7,0.0,294.0,349.0
2026-10-02T19:24:01.858725+00:00,SivaChowdary,21.1,2600.0,4.6,15.9,48075.8,31233.0,57.5,13816.4,18693.1,4.9,54.2,163955.4,356603.0,1.0,7.0,48942.4,1744459.8,257.2,1427.0,0.0,294.0,347.0
2026-10-02T19:24:02.925758+00:00,SivaChowdary,13.3,2600.0,3.3,9.3,15870.9,10646.3,57.5,13818.3,18691.2,4.9,54.2,0.0,53294.7,0.0,8.0,774.7,1448.3,8.0,19.0,0.0,294.0,347.0
2026-10-02T19:24:03.889362+00:00,SivaChowdary,12.4,1496.0,4.1,7.4,17414.8,10216.4,57.5,13819.9,18689.6,4.9,54.2,0.0,102263.8,0.0,16.0,2151.1,1154.5,9.0,15.0,0.0,294.0,349.0
2026-10-02T19:24:04.950678+00:00,SivaChowdary,19.7,2600.0,3.3,14.8,41827.1,29012.4,57.5,13821.4,18688.1,4.9,54.2,0.0,0.0,0.0,0.0,462.7,716.6,5.0,9.0,0.0,294.0,347.0
2026-10-02T19:24:05.860751+00:00,SivaChowdary,12.0,2600.0,3.0,8.2,16734.5,10021.1,57.5,13831.5,18678.0,4.9,54.2,0.0,8201.1,0.0,2.0,19175.2,767718.8,126.1,626.7,0.0,294.0,347.0
2026-10-02T19:24:06.913843+00:00,SivaChowdary,14.1,2600.0,2.7,10.3,20834.8,15719.4,57.5,13825.5,18684.1,4.9,54.2,0.0,20489.7,0.0,3.0,1175.6,3358.6,12.0,31.0,0.0,294.0,349.0
2026-10-02T19:24:07.844088+00:00,SivaChowdary,15.8,2600.0,4.4,10.5,42997.4,27302.0,57.4,13837.7,18671.8,4.9,54.2,0.0,12272.7,0.0,2.0,21969.6,24152.9,69.9,81.9,0.0,294.0,347.0
2026-10-02T19:24:08.853218+00:00,SivaChowdary,17.2,2600.0,4.4,12.1,24631.0,14890.4,57.4,13835.7,18673.8,4.9,54.2,0.0,45054.2,0.0,7.0,1478.9,1080.0,2.0,14.0,0.0,294.0,347.0
2026-10-02T19:24:10.149332+00:00,SivaChowdary,11.1,2600.0,4.9,5.5,18990.9,10819.5,57.4,13833.6,18675.9,4.9,54.2,16396.9,90182.9,1.0,9.0,55857.9,2923535.1,453.4,2326.8,0.0,294.0,349.0
2026-10-02T19:24:10.912013+00:00,SivaChowdary,28.0,2600.0,2.9,24.2,18314.5,13820.5,57.5,13826.2,18683.3,4.9,54.2,0.0,4090.5,0.0,1.0,3090.9,1431.1,10.0,12.0,0.0,294.0,349.0
2026-10-02T19:24:11.855569+00:00,SivaChowdary,12.4,2600.0,4.1,7.8,46804.3,27394.0,57.5,13829.9,18679.6,4.9,54.2,0.0,426607.0,0.0,11.0,630.9,747.1,7.0,9.0,0.0,294.0,347.0
2026-10-02T19:24:12.889952+00:00,SivaChowdary,14.4,2600.0,3.1,10.5,17450.3,11022.8,57.5,13826.0,18683.5,4.9,54.2,0.0,85983.0,0.0,19.0,966.6,1286.5,11.0,16.0,0.0,294.0,350.0
2026-10-02T19:24:13.895773+00:00,SivaChowdary,13.0,2600.0,4.0,8.2,43132.8,26850.4,57.5,13825.1,18684.4,4.9,54.2,0.0,1535564.0,0.0,25.0,3164.1,3262.1,18.0,33.0,0.0,294.0,347.0
2026-10-02T19:24:14.846539+00:00,SivaChowdary,19.6,2600.0,6.5,12.5,16347.2,11562.6,57.5,13824.7,18684.8,4.9,54.2,0.0,213021.1,0.0,32.0,377.1,1112.2,4.0,12.0,0.0,294.0,347.0
2026-10-02T19:24:15.971702+00:00,SivaChowdary,10.4,2600.0,3.5,6.2,16156.2,9474.2,57.5,13823.2,18686.3,4.9,54.2,4093.5,261984.6,1.0,6.0,14751.0,654779.6,81.0,522.7,0.0,294.0,349.0
2026-10-02T19:24:16.845739+00:00,SivaChowdary,23.1,2600.0,4.0,18.5,33389.0,22364.1,57.5,13820.9,18688.7,4.9,54.2,0.0,221462.6,0.0,8.0,38539.5,1733489.0,316.4,1389.7,0.0,294.0,349.0
2026-10-02T19:24:17.930936+00:00,SivaChowdary,10.0,2600.0,4.4,5.1,34593.7,21393.4,57.4,13846.9,18662.6,4.9,54.2,0.0,85797.0,0.0,11.0,46887.3,2896808.3,415.9,2284.2,0.0,294.0,346.0
2026-10-02T19:24:18.905155+00:00,SivaChowdary,14.6,2600.0,3.1,11.1,20254.9,13835.5,57.4,13841.5,18668.0,4.9,54.2,0.0,242320.3,0.0,9.0,4011.9,1810.9,14.0,19.1,0.0,294.0,348.0
2026-10-02T19:24:19.927611+00:00,SivaChowdary,16.4,2600.0,3.3,12.2,52160.7,37353.9,57.5,13824.9,18684.6,4.9,54.2,0.0,8186.9,0.0,1.0,1801.9,19534.9,19.0,33.0,0.0,294.0,346.0
2026-10-02T19:24:20.867387+00:00,SivaChowdary,17.0,2600.0,4.5,11.4,23286.5,16084.2,57.4,13841.8,18667.7,4.9,54.2,0.0,24597.7,0.0,6.0,46065.6,2462879.9,362.3,1935.7,0.0,294.0,346.0
2026-10-02T19:24:21.956010+00:00,SivaChowdary,11.8,2600.0,4.5,7.3,17104.9,10387.7,57.4,13846.7,18662.8,4.9,54.2,0.0,159677.9,0.0,18.0,19208.0,936317.5,163.9,740.7,0.0,294.0,348.0
2026-10-02T19:24:22.864081+00:00,SivaChowdary,18.7,2600.0,4.8,12.8,47006.5,31359.7,57.4,13840.1,18669.4,4.9,54.2,0.0,0.0,0.0,0.0,30967.7,1520988.9,254.9,1208.8,0.0,294.0,346.0
2026-10-02T19:24:23.911880+00:00,SivaChowdary,13.3,2600.0,4.2,8.3,16897.8,10520.4,57.4,13843.9,18665.6,4.9,54.2,0.0,65519.9,0.0,10.0,25378.8,1148240.8,203.9,912.8,0.0,294.0,346.0
2026-10-02T19:24:24.903183+00:00,SivaChowdary,10.6,2600.0,3.2,6.8,18022.5,10229.9,57.4,13842.9,18666.6,4.9,54.2,0.0,155738.4,0.0,6.0,293.2,997.6,3.0,15.0,0.0,294.0,348.0
2026-10-02T19:24:25.913531+00:00,SivaChowdary,20.8,2600.0,5.0,15.3,39956.1,27209.2,57.4,13838.0,18671.5,4.9,54.2,0.0,12282.2,0.0,3.0,420.8,1012.5,5.0,16.0,0.0,294.0,346.0
2026-10-02T19:24:26.859837+00:00,SivaChowdary,8.2,2600.0,3.0,5.1,15787.6,9369.0,57.4,13854.9,18654.6,4.9,54.2,0.0,0.0,0.0,0.0,635.1,1019.1,7.0,13.0,0.0,294.0,346.0
2026-10-02T19:24:27.879297+00:00,SivaChowdary,16.0,2600.0,4.4,11.2,25347.5,16083.2,57.2,13921.8,18587.7,4.9,54.2,0.0,61475.1,0.0,11.0,7169.1,46325.4,17.0,47.0,0.0,294.0,347.0
2026-10-02T19:24:28.937513+00:00,SivaChowdary,15.0,2600.0,5.2,8.8,46419.9,27671.0,57.2,13912.7,18596.8,4.9,54.2,0.0,159692.2,0.0,13.0,40891.7,2292368.2,346.9,1817.4,0.0,294.0,347.0
2026-10-02T19:24:29.869208+00:00,SivaChowdary,18.2,2600.0,3.9,13.3,18064.0,11499.2,57.2,13922.7,18586.8,4.9,54.2,0.0,73658.6,0.0,3.0,14456.4,1097843.3,121.9,872.2,0.0,294.0,345.0
2026-10-02T19:24:30.971783+00:00,SivaChowdary,11.2,2600.0,3.6,7.3,14905.4,8824.2,57.2,13913.8,18595.7,4.9,54.2,0.0,0.0,0.0,0.0,754.3,1065.4,8.0,12.0,0.0,294.0,347.0
2026-10-02T19:24:31.851454+00:00,SivaChowdary,18.6,2600.0,2.6,15.1,46617.7,30658.0,57.2,13918.8,18590.7,4.9,54.2,0.0,12291.6,0.0,3.0,852.3,1977.6,6.0,16.0,0.0,294.0,345.0
2026-10-02T19:24:32.917002+00:00,SivaChowdary,12.6,2600.0,3.6,8.1,18130.7,12111.2,57.2,13908.7,18600.8,4.9,54.2,0.0,36861.4,0.0,7.0,1098.9,1437.9,12.0,17.0,0.0,294.0,345.0
2026-10-02T19:24:33.912408+00:00,SivaChowdary,13.2,2600.0,4.5,8.5,18899.5,11147.5,57.2,13917.5,18592.0,4.9,54.2,0.0,0.0,0.0,0.0,22454.0,724730.4,145.1,596.2,0.0,294.0,347.0
2026-10-02T19:24:34.937531+00:00,SivaChowdary,17.0,2600.0,3.1,13.2,39446.8,25719.7,57.2,13915.7,18593.8,4.9,54.2,0.0,0.0,0.0,0.0,1136.3,1604.4,12.0,19.0,0.0,294.0,345.0
2026-10-02T19:24:35.842814+00:00,SivaChowdary,10.9,2600.0,3.5,6.9,20308.0,12735.7,57.2,13920.8,18588.7,4.9,54.2,0.0,159351.8,0.0,5.0,544.7,712.2,6.0,9.0,0.0,294.0,345.0
2026-10-02T19:24:36.944060+00:00,SivaChowdary,14.6,2600.0,2.8,10.5,32414.2,26555.3,57.2,13909.4,18600.1,4.9,54.2,0.0,57470.2,0.0,12.0,5881.9,3426.5,31.1,36.1,0.0,294.0,347.0
2026-10-02T19:24:37.846711+00:00,SivaChowdary,13.5,2600.0,4.3,9.3,43445.0,27108.5,57.2,13921.8,18587.7,4.9,54.2,0.0,110541.2,0.0,17.0,380.8,1128.5,4.0,9.0,0.0,294.0,345.0
2026-10-02T19:24:38.848347+00:00,SivaChowdary,16.0,2600.0,3.5,11.9,17003.2,10406.6,57.2,13915.2,18594.3,4.9,54.2,0.0,4097.0,0.0,1.0,2190.5,1814.5,9.0,19.0,0.0,294.0,345.0
2026-10-02T19:24:40.058560+00:00,SivaChowdary,8.7,2600.0,3.8,4.1,18656.6,10989.5,57.2,13916.5,18593.0,4.9,54.2,0.0,8187.9,0.0,2.0,32376.7,1487034.9,247.9,1196.4,0.0,294.0,347.0
2026-10-02T19:24:40.969218+00:00,SivaChowdary,31.4,2600.0,4.7,26.2,14441.5,11910.5,57.2,13906.2,18603.3,4.9,54.2,0.0,12297.8,0.0,2.0,1382.1,1782.4,14.0,20.0,0.0,294.0,347.0
2026-10-02T19:24:41.847707+00:00,SivaChowdary,23.7,2600.0,5.6,17.1,48236.5,31389.4,57.2,13927.3,18582.2,4.9,54.2,0.0,12282.3,0.0,2.0,545.7,825.6,6.0,11.0,0.0,294.0,345.0
2026-10-02T19:24:42.921920+00:00,SivaChowdary,20.1,2600.0,4.4,14.5,17216.1,13090.7,57.1,13944.8,18564.8,4.9,54.2,0.0,8200.6,0.0,2.0,1704.8,2018.1,15.0,22.0,0.0,294.0,347.0
2026-10-02T19:24:43.852857+00:00,SivaChowdary,20.7,2600.0,4.6,15.3,49127.2,32028.7,56.9,14004.7,18504.8,4.9,54.2,0.0,57302.2,0.0,9.0,11986.3,14801.2,31.0,40.0,0.0,294.0,345.0
2026-10-02T19:24:44.877611+00:00,SivaChowdary,21.4,2600.0,3.1,17.4,21733.4,14458.6,56.6,14099.5,18410.0,4.9,54.2,0.0,147472.1,0.0,3.0,84.0,144.0,1.0,2.0,0.0,294.0,345.0
2026-10-02T19:24:45.970363+00:00,SivaChowdary,9.1,2600.0,2.9,5.8,16286.6,8972.0,56.6,14105.8,18403.8,4.9,54.2,0.0,16387.6,0.0,2.0,461.1,549.1,5.0,7.0,0.0,294.0,347.0
2026-10-02T19:24:46.838750+00:00,SivaChowdary,21.8,2600.0,4.0,17.6,29103.1,19772.3,56.6,14102.0,18407.5,4.9,54.2,0.0,8189.2,0.0,2.0,1101.6,1909.4,9.0,20.0,0.0,294.0,349.0
2026-10-02T19:24:47.914948+00:00,SivaChowdary,10.1,2600.0,2.8,6.1,38920.7,22802.0,56.6,14107.1,18402.4,4.9,54.2,0.0,32735.0,0.0,5.0,83.9,591.4,1.0,10.0,0.0,294.0,345.0
2026-10-02T19:24:48.907040+00:00,SivaChowdary,11.8,2600.0,2.4,9.0,16380.0,9976.3,56.6,14101.3,18408.2,4.9,54.2,0.0,135266.7,0.0,11.0,12899.4,3399.5,30.0,31.0,0.0,294.0,347.0
2026-10-02T19:24:49.934586+00:00,SivaChowdary,14.3,2600.0,3.7,10.0,40959.3,25879.2,56.6,14094.6,18414.9,4.9,54.2,0.0,0.0,0.0,0.0,930.7,1497.1,10.0,18.0,0.0,294.0,345.0
2026-10-02T19:24:50.858842+00:00,SivaChowdary,15.3,2600.0,3.9,11.0,18102.3,11163.3,56.7,14072.9,18436.6,4.9,54.2,0.0,281974.6,0.0,14.0,1346.9,1614.3,15.0,19.0,0.0,294.0,346.0
2026-10-02T19:24:51.908530+00:00,SivaChowdary,14.1,2600.0,3.8,9.8,17453.1,11170.8,56.7,14065.8,18443.7,4.9,54.2,0.0,106704.7,0.0,20.0,377.7,669.3,4.0,8.0,0.0,294.0,348.0
2026-10-02T19:24:52.856417+00:00,SivaChowdary,16.0,2600.0,3.7,11.0,44082.4,28220.4,56.7,14070.1,18439.4,4.9,54.2,0.0,0.0,0.0,0.0,378.9,684.7,4.0,9.0,0.0,294.0,346.0
2026-10-02T19:24:53.898207+00:00,SivaChowdary,14.0,2600.0,3.5,10.2,15410.8,9456.5,56.7,14077.8,18431.7,4.9,54.2,0.0,24585.2,0.0,6.0,1479.6,679.3,2.0,9.0,0.0,294.0,346.0
2026-10-02T19:24:54.941509+00:00,SivaChowdary,9.8,2600.0,2.8,6.1,15285.0,8222.6,56.7,14068.9,18440.6,4.9,54.2,0.0,192549.9,0.0,6.0,1089.2,1415.3,12.0,18.0,0.0,294.0,348.0
2026-10-02T19:24:55.855748+00:00,SivaChowdary,20.2,2600.0,2.6,17.5,40224.8,26986.0,56.7,14067.2,18442.3,4.9,54.2,0.0,98213.2,0.0,4.0,41457.7,2295082.4,325.7,1811.3,0.0,294.0,346.0
2026-10-02T19:24:56.901503+00:00,SivaChowdary,14.8,2600.0,7.8,6.4,25303.4,15417.9,56.7,14084.1,18425.4,4.9,54.2,0.0,0.0,0.0,0.0,20043.3,1269998.7,173.2,1021.2,0.0,294.0,346.0
2026-10-02T19:24:57.857695+00:00,SivaChowdary,17.5,1496.0,5.6,10.9,21080.3,13777.4,56.6,14099.7,18409.8,4.9,54.2,0.0,90036.4,0.0,13.0,754.4,1373.8,8.0,19.0,0.0,294.0,348.0
2026-10-02T19:24:58.942028+00:00,SivaChowdary,14.0,2600.0,3.5,9.8,38426.0,24679.9,56.6,14104.2,18405.3,4.9,54.2,0.0,32770.6,0.0,5.0,4869.4,2103.2,15.0,22.0,0.0,294.0,346.0
2026-10-02T19:24:59.823054+00:00,SivaChowdary,12.9,2600.0,3.6,8.8,18521.7,11503.9,56.6,14113.0,18396.6,4.9,54.2,0.0,53261.4,0.0,8.0,293.1,948.2,3.0,13.0,0.0,294.0,346.0
2026-10-02T19:25:00.958430+00:00,SivaChowdary,14.2,2600.0,2.9,11.0,14422.4,9733.6,56.6,14105.9,18403.6,4.9,54.2,0.0,0.0,0.0,0.0,460.8,804.6,5.0,11.0,0.0,294.0,348.0
2026-10-02T19:25:01.818622+00:00,SivaChowdary,16.4,2600.0,3.4,12.5,46181.2,30219.4,56.6,14112.7,18396.8,4.9,54.2,0.0,36870.6,0.0,7.0,556.1,782.1,3.0,5.0,0.0,294.0,346.0
2026-10-02T19:25:02.926610+00:00,SivaChowdary,14.7,2600.0,3.3,11.0,15532.8,10558.0,56.6,14103.9,18405.6,4.9,54.2,0.0,65585.9,0.0,11.0,1236.9,1626.2,13.0,19.0,0.0,294.0,346.0
2026-10-02T19:25:03.931438+00:00,SivaChowdary,12.4,2600.0,4.1,7.8,18803.8,10809.7,56.6,14110.2,18399.3,4.9,54.2,0.0,225086.1,0.0,18.0,2232.1,1349.8,10.0,17.0,0.0,294.0,348.0
2026-10-02T19:25:04.905607+00:00,SivaChowdary,18.7,2600.0,3.0,14.5,41010.4,27639.9,56.6,14111.8,18397.7,4.9,54.2,0.0,0.0,0.0,0.0,1263.0,1681.1,14.0,21.0,0.0,294.0,346.0
2026-10-02T19:25:05.867574+00:00,SivaChowdary,8.4,2600.0,3.1,4.8,16657.5,9288.7,56.6,14111.8,18397.7,4.9,54.2,0.0,16374.7,0.0,2.0,84.0,423.8,1.0,7.0,0.0,294.0,347.0
2026-10-02T19:25:06.888734+00:00,SivaChowdary,14.4,2600.0,3.1,10.8,21391.1,12628.9,56.6,14106.6,18402.9,4.9,54.2,0.0,8199.7,0.0,2.0,24662.2,9831.2,52.0,53.0,0.0,294.0,348.0
2026-10-02T19:25:07.928002+00:00,SivaChowdary,11.4,2600.0,2.8,8.2,38601.4,25090.9,56.6,14101.3,18408.2,4.9,54.2,0.0,20480.7,0.0,4.0,932.0,7182.3,8.0,18.0,0.0,294.0,347.0
2026-10-02T19:25:08.850534+00:00,SivaChowdary,17.4,1496.0,4.9,11.5,19808.2,12761.0,56.6,14103.2,18406.4,4.9,54.2,0.0,40944.0,0.0,5.0,2334.1,1564.4,10.0,15.0,0.0,294.0,346.0
2026-10-02T19:25:10.093250+00:00,SivaChowdary,11.1,2600.0,3.5,7.2,12711.9,7711.5,56.6,14104.0,18405.5,4.9,54.2,0.0,45059.0,0.0,4.0,461.0,1206.1,5.0,14.0,0.0,294.0,348.0
2026-10-02T19:25:10.878958+00:00,SivaChowdary,27.8,2600.0,4.8,21.1,39766.5,28998.7,56.6,14095.7,18413.8,4.9,54.2,0.0,28618.4,0.0,5.0,1125.9,2170.9,12.0,24.0,0.0,294.0,346.0
2026-10-02T19:25:11.921401+00:00,SivaChowdary,12.0,2600.0,3.8,7.7,29121.1,19099.3,56.5,14150.3,18359.2,4.9,54.2,0.0,12304.9,0.0,2.0,337.5,621.9,4.0,9.0,0.0,294.0,346.0
2026-10-02T19:25:12.885394+00:00,SivaChowdary,14.3,1496.0,3.2,9.9,19258.1,12389.8,56.5,14145.3,18364.2,4.9,54.2,0.0,40979.3,0.0,6.0,377.2,836.4,4.0,11.0,0.0,294.0,348.0
2026-10-02T19:25:13.945775+00:00,SivaChowdary,15.2,2600.0,4.0,10.8,38942.5,26533.5,56.5,14149.4,18360.1,4.9,54.2,0.0,8194.6,0.0,2.0,2151.7,810.3,9.0,9.0,0.0,294.0,346.0
2026-10-02T19:25:14.854081+00:00,SivaChowdary,13.5,2600.0,4.1,8.5,16874.0,9714.4,56.5,14150.4,18359.1,4.9,54.2,0.0,8184.7,0.0,2.0,57.9,287.7,1.0,4.0,0.0,294.0,346.0
2026-10-02T19:25:15.921634+00:00,SivaChowdary,16.6,2600.0,4.4,11.4,16646.4,11095.6,56.5,14141.9,18367.6,4.9,54.2,0.0,77863.3,0.0,3.0,3307.7,5130.6,20.0,20.0,0.0,294.0,348.0
2026-10-02T19:25:16.854496+00:00,SivaChowdary,13.7,2600.0,3.1,10.2,44343.2,28339.0,56.5,14145.9,18363.6,4.9,54.2,0.0,94214.8,0.0,5.0,4817.3,2614.2,18.0,21.0,0.0,294.0,346.0
2026-10-02T19:25:17.892221+00:00,SivaChowdary,13.1,2600.0,3.1,9.7,16769.0,11680.7,56.5,14148.2,18361.3,4.9,54.2,0.0,20481.2,0.0,4.0,1566.1,1830.1,15.0,19.0,0.0,294.0,346.0
2026-10-02T19:25:18.951619+00:00,SivaChowdary,11.4,2600.0,4.2,5.9,17107.9,9253.2,56.5,14148.1,18361.4,4.9,54.2,0.0,126938.2,0.0,22.0,11771.5,18324.5,46.0,54.0,0.0,294.0,348.0
2026-10-02T19:25:19.875593+00:00,SivaChowdary,21.9,2600.0,4.6,16.4,42261.6,29223.3,56.5,14143.4,18366.2,4.9,54.2,0.0,0.0,0.0,0.0,3293.9,20177.5,22.0,37.0,0.0,294.0,346.0
2026-10-02T19:25:20.975699+00:00,SivaChowdary,11.8,2600.0,4.2,6.9,25746.2,18737.8,56.4,14172.3,18337.2,4.9,54.2,16387.3,979140.1,1.0,189.0,22116.4,910587.4,152.0,715.1,0.0,294.0,345.0
2026-10-02T19:25:21.858581+00:00,SivaChowdary,16.2,2600.0,4.0,11.9,22358.2,14599.1,56.4,14161.9,18347.6,4.9,54.2,0.0,77744.8,0.0,9.0,25827.7,1663387.2,215.8,1336.6,0.0,294.0,347.0
2026-10-02T19:25:22.958591+00:00,SivaChowdary,14.6,2600.0,3.9,10.1,39194.3,25016.4,56.5,14156.2,18353.3,4.9,54.2,0.0,53225.4,0.0,7.0,1190.5,1387.4,12.0,15.0,0.0,294.0,345.0
2026-10-02T19:25:23.855636+00:00,SivaChowdary,17.3,2600.0,4.4,11.9,17718.3,11768.9,56.4,14164.7,18344.8,4.9,54.2,0.0,229431.8,0.0,10.0,2106.5,1159.3,8.0,14.0,0.0,294.0,345.0
2026-10-02T19:25:25.007480+00:00,SivaChowdary,13.0,2600.0,4.3,8.1,16773.2,9884.3,56.4,14166.9,18342.6,4.9,54.2,0.0,57409.6,0.0,6.0,510.6,567.6,6.0,8.0,0.0,294.0,348.0
2026-10-02T19:25:25.847135+00:00,SivaChowdary,26.5,2600.0,6.2,19.6,52343.9,35226.8,56.4,14161.4,18348.1,4.9,54.2,0.0,16381.1,0.0,3.0,1731.7,1837.7,14.0,22.0,0.0,294.0,345.0
2026-10-02T19:25:26.903094+00:00,SivaChowdary,8.3,2600.0,1.9,5.9,12228.2,7082.1,56.4,14167.5,18342.0,4.9,54.2,0.0,0.0,0.0,0.0,379.0,956.0,4.0,13.0,0.0,294.0,345.0
2026-10-02T19:25:27.887087+00:00,SivaChowdary,15.5,2600.0,3.9,10.4,21468.1,14507.6,56.4,14168.2,18341.3,4.9,54.2,0.0,20469.6,0.0,3.0,1215.4,1320.3,12.0,14.0,0.0,294.0,347.0
2026-10-02T19:25:28.990230+00:00,SivaChowdary,19.5,2600.0,5.4,13.4,45877.9,29517.1,56.4,14171.0,18338.5,4.9,54.2,0.0,110611.1,0.0,15.0,1818.3,765.1,6.0,10.0,0.0,294.0,345.0
2026-10-02T19:25:29.855883+00:00,SivaChowdary,15.7,2600.0,3.8,10.9,16727.9,10571.1,56.4,14174.4,18335.1,4.9,54.2,0.0,45069.3,0.0,10.0,0.0,280.1,0.0,5.0,0.0,294.0,345.0
2026-10-02T19:25:31.026290+00:00,SivaChowdary,14.2,2600.0,4.3,9.1,16498.4,11002.6,56.4,14173.0,18336.6,4.9,54.2,0.0,0.0,0.0,0.0,460.5,804.1,5.0,11.0,0.0,294.0,347.0
2026-10-02T19:25:31.868799+00:00,SivaChowdary,18.1,2600.0,3.0,14.6,46801.7,29738.9,56.4,14175.9,18333.7,4.9,54.2,0.0,24597.4,0.0,3.0,1396.2,1796.6,12.0,16.0,0.0,294.0,345.0
2026-10-02T19:25:32.912699+00:00,SivaChowdary,14.7,2600.0,4.0,10.2,15569.5,10070.0,56.4,14174.1,18335.4,4.9,54.2,0.0,36867.7,0.0,8.0,630.1,914.1,7.0,12.0,0.0,294.0,345.0
2026-10-02T19:25:33.927474+00:00,SivaChowdary,11.2,2600.0,3.6,6.6,20979.6,12374.8,56.4,14170.5,18339.0,4.9,54.2,0.0,4094.0,0.0,1.0,4341.8,12778.6,24.0,33.0,0.0,294.0,347.0
2026-10-02T19:25:34.927251+00:00,SivaChowdary,19.9,2600.0,3.9,16.0,34866.0,23966.1,56.4,14165.8,18343.7,4.9,54.2,0.0,61473.5,0.0,3.0,1057.6,1194.7,10.0,17.0,0.0,294.0,345.0
2026-10-02T19:25:35.864126+00:00,SivaChowdary,12.3,2600.0,3.4,7.8,23970.8,13529.6,56.4,14170.7,18338.9,4.9,54.2,0.0,4095.3,0.0,1.0,1554.7,2123.6,16.0,21.0,0.0,294.0,345.0
2026-10-02T19:25:36.907548+00:00,SivaChowdary,17.8,2600.0,4.3,12.5,30153.6,24048.5,56.4,14164.4,18345.1,4.9,54.2,0.0,622191.0,0.0,89.9,1131.3,1642.9,12.0,20.0,0.0,294.0,347.0
2026-10-02T19:25:37.904510+00:00,SivaChowdary,18.1,1496.0,5.7,11.1,42260.2,26598.1,56.4,14170.5,18339.0,4.9,54.2,0.0,16388.3,0.0,3.0,706.2,1172.3,7.0,15.0,0.0,294.0,345.0
2026-10-02T19:25:38.852700+00:00,SivaChowdary,16.4,2600.0,3.4,12.2,15111.9,9575.9,56.4,14175.6,18333.9,4.9,54.2,0.0,0.0,0.0,0.0,4587.3,2046.5,12.0,21.0,0.0,294.0,345.0
2026-10-02T19:25:40.052646+00:00,SivaChowdary,7.3,2600.0,2.6,4.1,15483.6,8627.0,56.4,14168.2,18341.3,4.9,54.2,0.0,24567.5,0.0,4.0,1469.5,2180.2,16.0,27.0,0.0,294.0,347.0
2026-10-02T19:25:40.938470+00:00,SivaChowdary,23.5,2600.0,3.1,20.2,15712.6,11713.5,56.4,14167.4,18342.1,4.9,54.2,0.0,16384.6,0.0,4.0,15938.6,551220.7,98.0,441.0,0.0,294.0,347.0
2026-10-02T19:25:41.861512+00:00,SivaChowdary,14.8,2600.0,4.7,9.3,50021.2,30229.5,56.4,14170.1,18339.4,4.9,54.2,0.0,12290.3,0.0,2.0,34652.3,2398318.1,292.1,1874.3,0.0,294.0,345.0
2026-10-02T19:25:42.895777+00:00,SivaChowdary,15.4,2600.0,3.1,11.1,23660.4,16809.4,56.4,14167.6,18341.9,4.9,54.2,0.0,12286.1,0.0,3.0,1612.8,49388.5,15.0,67.0,0.0,294.0,347.0
2026-10-02T19:25:43.912661+00:00,SivaChowdary,12.1,2600.0,4.2,7.0,43616.5,27476.7,56.4,14169.2,18340.3,4.9,54.2,0.0,135082.8,0.0,9.0,2132.7,596.6,5.0,8.0,0.0,294.0,347.0
2026-10-02T19:25:44.846414+00:00,SivaChowdary,19.2,2600.0,4.1,14.2,24993.8,15639.4,56.4,14168.4,18341.1,4.9,54.2,0.0,12293.8,0.0,3.0,377.2,1053.5,4.0,16.0,0.0,294.0,345.0
2026-10-02T19:25:46.020055+00:00,SivaChowdary,12.3,2600.0,5.3,6.5,22560.0,15890.7,56.4,14159.6,18349.9,4.9,54.2,0.0,16384.7,0.0,2.0,546.0,1026.0,6.0,14.0,0.0,294.0,347.0
2026-10-02T19:25:46.857637+00:00,SivaChowdary,26.8,2600.0,3.9,21.1,17687.3,12793.4,56.4,14163.7,18345.8,4.9,54.2,0.0,8193.5,0.0,1.0,5076.0,3226.6,21.0,30.0,0.0,294.0,347.0
2026-10-02T19:25:47.910055+00:00,SivaChowdary,10.7,2600.0,3.4,6.2,40716.1,25218.3,56.4,14171.7,18337.8,4.9,54.2,0.0,36835.2,0.0,7.0,631.5,1117.1,7.0,15.0,0.0,294.0,345.0
2026-10-02T19:25:48.845906+00:00,SivaChowdary,16.2,2600.0,3.3,12.0,20020.6,12890.6,56.4,14162.5,18347.0,4.9,54.2,0.0,82000.2,0.0,9.0,1988.9,874.9,8.0,11.0,0.0,294.0,347.0
2026-10-02T19:25:49.922948+00:00,SivaChowdary,13.4,2600.0,4.5,8.4,38654.8,23753.5,56.4,14163.1,18346.5,4.9,54.2,0.0,57345.1,0.0,3.0,963.0,1247.0,10.0,15.0,0.0,294.0,345.0
2026-10-02T19:25:50.833005+00:00,SivaChowdary,20.6,2600.0,4.9,14.1,18151.4,12268.5,56.4,14170.7,18338.8,4.9,54.2,0.0,73652.7,0.0,14.0,1168.8,1697.3,12.0,19.0,0.0,294.0,345.0
2026-10-02T19:25:51.980033+00:00,SivaChowdary,11.2,2600.0,3.3,6.9,16391.2,8856.5,56.4,14163.8,18345.7,4.9,54.2,0.0,16381.2,0.0,4.0,1441.8,1778.7,14.0,21.0,0.0,294.0,347.0
2026-10-02T19:25:52.870308+00:00,SivaChowdary,25.1,2600.0,5.3,18.9,34626.0,24168.9,56.4,14160.4,18349.2,4.9,54.2,0.0,200744.6,0.0,44.0,918.2,920.2,9.0,10.0,0.0,294.0,345.0
2026-10-02T19:25:53.955076+00:00,SivaChowdary,11.3,2600.0,4.4,6.0,23704.9,14928.5,56.4,14167.7,18341.8,4.9,54.2,0.0,0.0,0.0,0.0,2580.4,2218.4,14.0,25.0,0.0,294.0,345.0
2026-10-02T19:25:54.903972+00:00,SivaChowdary,23.5,2600.0,5.7,16.2,21892.2,13861.6,56.4,14167.2,18342.3,4.9,54.2,0.0,45048.1,0.0,6.0,292.9,684.9,3.0,10.0,0.0,294.0,347.0
2026-10-02T19:25:55.956605+00:00,SivaChowdary,16.7,2600.0,4.4,11.3,42603.4,26860.0,56.4,14167.6,18341.9,4.9,54.2,0.0,12295.3,0.0,3.0,1248.7,996.6,7.0,11.0,0.0,294.0,345.0
2026-10-02T19:25:56.868012+00:00,SivaChowdary,16.2,2600.0,3.5,12.2,17844.0,11686.6,56.5,14154.9,18354.6,4.9,54.2,0.0,0.0,0.0,0.0,462.2,770.3,5.0,10.0,0.0,294.0,345.0
2026-10-02T19:25:58.014762+00:00,SivaChowdary,11.4,2600.0,3.0,7.5,15754.8,10076.8,56.4,14160.7,18348.8,4.9,54.2,0.0,12279.3,0.0,3.0,1561.9,343.8,3.0,5.0,0.0,294.0,347.0
2026-10-02T19:25:58.882149+00:00,SivaChowdary,25.4,2600.0,4.0,19.8,39820.4,26420.0,56.5,14153.2,18356.3,4.9,54.2,0.0,20480.7,0.0,3.0,0.0,480.0,0.0,8.0,0.0,294.0,347.0
2026-10-02T19:25:59.928265+00:00,SivaChowdary,10.0,2600.0,3.5,6.2,18383.7,10439.1,56.4,14174.2,18335.3,4.9,54.2,0.0,36871.5,0.0,8.0,168.0,263.1,2.0,3.0,0.0,294.0,345.0
2026-10-02T19:26:00.891269+00:00,SivaChowdary,30.2,2600.0,4.9,24.3,21555.4,15677.4,56.4,14164.4,18345.1,4.9,54.2,0.0,0.0,0.0,0.0,546.2,914.3,6.0,12.0,0.0,294.0,347.0
2026-10-02T19:26:01.950376+00:00,SivaChowdary,13.1,2600.0,3.7,8.4,46489.8,29620.1,56.4,14168.2,18341.3,4.9,54.2,0.0,77813.7,0.0,4.0,1310.8,1598.8,11.0,14.0,0.0,294.0,345.0
2026-10-02T19:26:02.831974+00:00,SivaChowdary,16.9,2600.0,3.3,13.1,18115.7,12440.6,56.4,14159.0,18350.5,4.9,54.2,0.0,45065.2,0.0,7.0,1327.3,1920.4,14.0,22.0,0.0,294.0,345.0
2026-10-02T19:26:03.998002+00:00,SivaChowdary,9.2,2600.0,3.5,4.7,22957.4,12151.1,56.4,14163.9,18345.7,4.9,54.2,0.0,90097.9,0.0,11.0,1562.8,711.9,3.0,11.0,0.0,294.0,347.0
2026-10-02T19:26:04.890294+00:00,SivaChowdary,22.5,2600.0,2.9,18.9,15152.3,11218.3,56.4,14158.9,18350.6,4.9,54.2,0.0,45033.1,0.0,3.0,1207.4,2018.0,12.0,21.0,0.0,294.0,347.0
2026-10-02T19:26:05.853956+00:00,SivaChowdary,12.1,2600.0,4.5,6.6,44474.5,27131.8,56.4,14171.4,18338.1,4.9,54.2,0.0,4096.4,0.0,1.0,25349.6,1195001.9,177.0,965.1,0.0,294.0,345.0
2026-10-02T19:26:06.881669+00:00,SivaChowdary,17.1,2600.0,3.7,12.8,18383.6,13233.1,56.4,14160.9,18348.6,4.9,54.2,0.0,8197.6,0.0,2.0,1552.1,3233.2,16.0,29.0,0.0,294.0,347.0
2026-10-02T19:26:07.848348+00:00,SivaChowdary,14.2,2600.0,4.2,8.8,45952.5,27514.7,56.4,14158.8,18350.7,4.9,54.2,0.0,28643.6,0.0,5.0,629.4,1025.0,7.0,14.0,0.0,294.0,345.0
2026-10-02T19:26:08.843214+00:00,SivaChowdary,15.8,2600.0,3.0,11.8,15621.6,9890.6,56.4,14166.9,18342.6,4.9,54.2,0.0,53267.2,0.0,7.0,2608.9,1857.7,14.0,24.0,0.0,294.0,345.0
2026-10-02T19:26:10.042146+00:00,SivaChowdary,6.2,2600.0,2.1,3.5,13942.4,8123.5,56.4,14163.5,18346.0,4.9,54.2,0.0,209036.8,0.0,45.0,421.3,1476.0,5.0,16.0,0.0,294.0,347.0
2026-10-02T19:26:10.961964+00:00,SivaChowdary,25.7,2600.0,3.7,20.9,16925.0,13157.3,56.5,14155.2,18354.3,4.9,54.2,0.0,16369.5,0.0,3.0,1053.1,2009.2,11.0,25.0,0.0,294.0,347.0
2026-10-02T19:26:11.850984+00:00,SivaChowdary,13.1,2600.0,4.0,8.9,46160.2,28095.8,56.5,14154.8,18354.7,4.9,54.2,0.0,8197.2,0.0,2.0,0.0,336.2,0.0,6.0,0.0,294.0,345.0
2026-10-02T19:26:12.910047+00:00,SivaChowdary,13.5,2600.0,2.8,10.4,17701.6,11405.7,56.5,14157.7,18351.8,4.9,54.2,0.0,155547.9,0.0,12.0,83.9,1077.3,1.0,11.0,0.0,294.0,347.0
2026-10-02T19:26:13.855465+00:00,SivaChowdary,14.8,2600.0,4.5,9.6,55726.4,36489.6,56.4,14161.2,18348.4,4.9,54.2,0.0,4098.1,0.0,1.0,1734.9,1134.6,5.0,13.0,0.0,294.0,345.0
2026-10-02T19:26:14.857778+00:00,SivaChowdary,13.9,2600.0,2.9,10.5,17368.6,11784.2,56.4,14162.4,18347.2,4.9,54.2,0.0,65470.4,0.0,5.0,336.7,788.2,4.0,12.0,0.0,294.0,345.0
2026-10-02T19:26:16.028886+00:00,SivaChowdary,8.4,2600.0,3.2,4.4,17905.9,10231.5,56.4,14159.5,18350.0,4.9,54.2,0.0,12269.4,0.0,2.0,2440.3,3067.3,20.0,32.0,0.0,294.0,349.0
2026-10-02T19:26:16.957053+00:00,SivaChowdary,22.4,2600.0,2.6,19.1,15568.1,12279.7,56.5,14155.3,18354.2,4.9,54.2,0.0,12304.7,0.0,3.0,22200.1,18324.9,53.1,71.1,0.0,294.0,347.0
2026-10-02T19:26:17.845351+00:00,SivaChowdary,14.4,2600.0,4.4,9.4,48240.4,29767.7,56.5,14136.5,18373.0,4.9,54.2,0.0,20501.9,0.0,4.0,5219.6,12114.9,30.0,40.0,0.0,294.0,345.0
2026-10-02T19:26:18.913140+00:00,SivaChowdary,29.5,2600.0,12.1,16.7,49993.9,28488.8,56.7,14077.9,18431.7,4.9,54.2,765812.9,1924770.3,178.0,72.0,29041.7,32346.1,125.0,138.0,0.0,294.0,349.0
2026-10-02T19:26:19.849771+00:00,SivaChowdary,31.1,2600.0,15.2,15.1,72712.2,44344.4,56.7,14075.2,18434.3,4.9,54.2,397324.2,2310215.1,97.0,84.0,18826.6,44265.4,84.0,89.0,0.0,294.0,347.0
2026-10-02T19:26:20.848800+00:00,SivaChowdary,34.1,2600.0,15.6,17.2,40051.0,26003.3,56.6,14094.8,18414.7,4.9,54.2,499488.1,2440122.3,115.9,129.9,12907.2,16238.7,47.0,45.0,0.0,294.0,347.0
2026-10-02T19:26:21.958628+00:00,SivaChowdary,27.4,2600.0,15.5,11.0,33457.6,19581.4,56.7,14091.3,18418.2,4.9,54.2,331901.4,2413456.0,78.0,152.1,2758.0,5661.1,17.0,25.0,0.0,294.0,350.0
2026-10-02T19:26:22.887071+00:00,SivaChowdary,47.0,2600.0,16.9,28.2,39400.6,25198.1,56.7,14076.9,18432.6,4.9,54.2,380566.9,3678813.2,92.9,173.8,47671.8,2538551.2,375.6,2029.1,0.0,294.0,349.0
2026-10-02T19:26:23.855046+00:00,SivaChowdary,31.6,2600.0,17.4,13.0,63534.8,37590.6,56.7,14075.9,18433.6,4.9,54.2,266591.6,3658457.3,65.1,137.2,3013.0,2816.7,7.0,16.0,0.0,294.0,347.0
2026-10-02T19:26:24.868741+00:00,SivaChowdary,38.0,2600.0,19.0,18.3,33094.7,21614.3,56.8,14059.2,18450.3,4.9,54.2,69610.3,2108781.9,17.0,149.0,1667.5,2328.3,7.0,13.0,0.0,294.0,349.0
2026-10-02T19:26:25.905967+00:00,SivaChowdary,25.1,2600.0,12.9,10.9,50846.2,32437.6,56.7,14061.7,18447.8,4.9,54.2,16381.8,630699.2,1.0,63.0,3561.5,3435.5,15.0,22.0,0.0,294.0,347.0
2026-10-02T19:26:26.866826+00:00,SivaChowdary,23.1,2600.0,8.5,13.6,25118.1,17026.9,56.7,14072.3,18437.2,4.9,54.2,0.0,143115.8,0.0,16.0,3431.1,6285.3,14.0,22.0,0.0,294.0,347.0
2026-10-02T19:26:27.984024+00:00,SivaChowdary,13.2,2600.0,7.3,5.3,15857.0,8041.8,56.7,14079.0,18430.5,4.9,54.2,0.0,238123.3,0.0,36.1,511.2,712.7,6.0,10.0,0.0,294.0,349.0
2026-10-02T19:26:28.887637+00:00,SivaChowdary,29.4,2600.0,7.7,21.4,17408.9,12806.1,56.7,14063.6,18445.9,4.9,54.2,0.0,253834.1,0.0,49.0,1647.2,564.7,4.0,8.0,0.0,294.0,349.0
2026-10-02T19:26:29.856025+00:00,SivaChowdary,13.0,2600.0,7.7,4.9,45172.0,26854.6,56.7,14073.8,18435.7,4.9,54.2,16386.2,262178.8,1.0,41.0,462.1,8499.1,5.0,148.0,0.0,294.0,347.0
2026-10-02T19:26:30.904987+00:00,SivaChowdary,19.7,2600.0,6.0,13.1,19274.5,12380.7,56.7,14070.0,18439.5,4.9,54.2,155732.8,1508149.3,8.0,44.0,507.3,8747.8,6.0,153.1,0.0,294.0,349.0
2026-10-02T19:26:31.838562+00:00,SivaChowdary,19.2,2600.0,4.1,14.4,42453.6,27189.4,56.7,14073.9,18435.6,4.9,54.2,0.0,130953.5,0.0,30.0,966.1,3931.4,7.0,57.9,0.0,294.0,347.0
2026-10-02T19:26:32.846906+00:00,SivaChowdary,17.5,1496.0,4.4,12.1,20194.5,14092.0,56.7,14067.2,18442.3,4.9,54.2,0.0,114696.5,0.0,24.0,923.1,1487.1,10.0,20.0,0.0,294.0,347.0
2026-10-02T19:26:33.962904+00:00,SivaChowdary,9.5,2600.0,4.4,4.7,17917.1,10363.1,56.7,14067.4,18442.1,4.9,54.2,0.0,139373.4,0.0,27.0,1898.5,2075.6,6.0,32.0,0.0,294.0,350.0
2026-10-02T19:26:34.866914+00:00,SivaChowdary,30.5,2600.0,9.5,20.5,24432.1,18818.6,56.9,14011.8,18497.7,4.9,54.2,0.0,89990.6,0.0,6.0,7345.1,3166.7,19.0,29.0,0.0,294.0,350.0
2026-10-02T19:26:35.820835+00:00,SivaChowdary,13.9,1496.0,8.2,5.0,51830.3,30719.1,56.9,14023.3,18486.2,4.9,54.2,0.0,106572.7,0.0,17.0,925.7,1287.9,10.0,16.0,0.0,294.0,348.0
2026-10-02T19:26:36.888890+00:00,SivaChowdary,23.3,2600.0,10.9,11.4,25705.3,17750.8,56.9,14015.3,18494.2,4.9,54.2,0.0,81914.7,0.0,18.0,7939.5,3896.7,25.0,37.0,0.0,294.0,350.0
2026-10-02T19:26:37.954549+00:00,SivaChowdary,21.7,2600.0,11.7,9.3,54233.8,33327.0,56.9,14008.2,18501.3,4.9,54.2,0.0,147433.8,0.0,20.0,68947.6,3763212.9,502.9,2981.6,0.0,294.0,348.0
2026-10-02T19:26:38.815707+00:00,SivaChowdary,20.3,2600.0,5.7,13.7,22886.3,14540.6,56.9,14021.4,18488.1,4.9,54.2,0.0,0.0,0.0,0.0,30298.1,1158461.5,158.0,924.0,0.0,294.0,348.0
2026-10-02T19:26:39.952499+00:00,SivaChowdary,14.8,2600.0,10.0,4.5,29444.7,16756.3,56.9,14009.4,18500.1,4.9,54.2,0.0,139333.4,0.0,16.0,109584.6,2908850.5,494.2,2352.2,0.0,294.0,350.0
2026-10-02T19:26:40.850614+00:00,SivaChowdary,30.1,2600.0,6.4,22.7,30333.2,20582.3,56.9,14014.9,18494.6,4.9,54.2,163770.8,446275.5,1.0,23.0,71021.0,3986426.8,576.8,3196.6,0.0,294.0,349.0
2026-10-02T19:26:41.881599+00:00,SivaChowdary,15.3,2600.0,6.3,8.0,51860.7,30737.6,56.8,14029.3,18480.2,4.9,54.2,0.0,16383.3,0.0,3.0,337.0,509.0,4.0,7.0,0.0,294.0,347.0
2026-10-02T19:26:42.886233+00:00,SivaChowdary,16.7,2600.0,3.8,12.2,21154.1,14105.4,56.8,14040.6,18468.9,4.9,54.2,0.0,69658.8,0.0,16.0,521.2,1194.5,5.0,16.0,0.0,294.0,349.0
2026-10-02T19:26:43.980596+00:00,SivaChowdary,18.2,2600.0,9.3,8.2,43675.7,27972.9,56.8,14033.0,18476.5,4.9,54.2,16362.9,167719.6,1.0,22.0,1813.7,1243.4,6.0,19.0,0.0,294.0,347.0
2026-10-02T19:26:44.860329+00:00,SivaChowdary,23.4,2600.0,5.1,17.2,23467.9,17309.5,56.8,14039.6,18469.9,4.9,54.2,0.0,57385.3,0.0,12.0,15480.1,577376.9,88.1,475.3,0.0,294.0,347.0
2026-10-02T19:26:46.036366+00:00,SivaChowdary,10.5,2600.0,3.7,5.6,15325.4,8585.5,56.8,14041.8,18467.8,4.9,54.2,0.0,4097.2,0.0,1.0,1022.3,1444.4,10.0,19.0,0.0,294.0,349.0
2026-10-02T19:26:46.952162+00:00,SivaChowdary,25.3,2600.0,4.3,20.2,15413.5,12058.3,56.8,14035.3,18474.2,4.9,54.2,0.0,94241.6,0.0,14.0,8061.9,3937.4,30.0,36.0,0.0,294.0,349.0
2026-10-02T19:26:47.851990+00:00,SivaChowdary,13.3,2600.0,3.3,8.9,45368.2,26669.1,56.8,14034.8,18474.7,4.9,54.2,0.0,73728.3,0.0,16.0,22461.1,905195.7,153.0,731.0,0.0,294.0,347.0
2026-10-02T19:26:48.913336+00:00,SivaChowdary,14.1,2600.0,3.3,10.6,17437.3,11356.1,56.8,14043.6,18465.9,4.9,54.2,0.0,102319.8,0.0,17.0,2400.1,1461.9,12.0,18.0,0.0,294.0,349.0
2026-10-02T19:26:49.860709+00:00,SivaChowdary,15.0,2600.0,4.9,9.4,51091.4,31865.3,56.9,14026.0,18483.5,4.9,54.2,0.0,94247.5,0.0,3.0,8026.4,3250.4,24.0,29.0,0.0,294.0,347.0
2026-10-02T19:26:50.861750+00:00,SivaChowdary,20.9,2600.0,7.3,13.0,23752.8,16605.3,56.9,14026.9,18482.6,4.9,54.2,0.0,188351.0,0.0,13.0,631.8,1072.6,7.0,13.0,0.0,294.0,347.0
2026-10-02T19:26:51.960548+00:00,SivaChowdary,13.7,2600.0,10.0,4.0,23215.2,13399.3,56.9,14017.3,18492.2,4.9,54.2,0.0,32790.9,0.0,8.0,52562.7,3058294.5,410.3,2430.7,0.0,294.0,349.0
2026-10-02T19:26:52.982290+00:00,SivaChowdary,24.5,2600.0,4.4,19.2,16634.1,12453.3,56.9,14022.0,18487.5,4.9,54.2,0.0,40967.6,0.0,8.0,377.1,805.2,4.0,11.0,0.0,294.0,349.0
2026-10-02T19:26:53.868164+00:00,SivaChowdary,14.2,2600.0,5.1,8.5,47225.0,28847.1,56.8,14033.9,18475.6,4.9,54.2,0.0,0.0,0.0,0.0,2105.4,1941.5,8.0,26.0,0.0,294.0,349.0
2026-10-02T19:26:54.938026+00:00,SivaChowdary,15.6,2600.0,3.7,11.0,19091.4,12080.3,56.8,14028.3,18481.2,4.9,54.2,0.0,53187.8,0.0,8.0,19306.2,826661.8,116.9,677.2,0.0,294.0,349.0
2026-10-02T19:26:55.851217+00:00,SivaChowdary,12.8,1496.0,2.8,9.4,49617.0,32542.7,56.8,14034.5,18475.0,4.9,54.2,0.0,8202.3,0.0,2.0,22819.5,52628.8,96.1,116.1,0.0,294.0,347.0
2026-10-02T19:26:56.854125+00:00,SivaChowdary,15.5,2600.0,4.4,10.7,22545.1,14619.7,56.9,14018.9,18490.6,4.9,54.2,0.0,0.0,0.0,0.0,32831.0,1296390.6,191.0,1046.2,0.0,294.0,347.0
2026-10-02T19:26:57.932041+00:00,SivaChowdary,9.9,1496.0,5.4,4.2,22997.5,13523.1,56.8,14028.2,18481.3,4.9,54.2,0.0,81691.0,0.0,13.0,24971.0,1276972.2,167.5,1018.1,0.0,294.0,349.0
2026-10-02T19:26:58.887736+00:00,SivaChowdary,32.6,2600.0,10.9,20.9,23309.7,16863.1,56.9,14014.3,18495.3,4.9,54.2,0.0,20526.4,0.0,4.0,41877.6,1753156.0,282.6,1424.2,0.0,294.0,349.0
2026-10-02T19:26:59.845886+00:00,SivaChowdary,12.9,2600.0,5.7,6.7,51707.5,30471.6,56.9,14014.4,18495.1,4.9,54.2,16381.6,131052.9,1.0,10.0,27648.0,1194800.7,171.0,962.9,0.0,294.0,347.0
2026-10-02T19:27:00.928323+00:00,SivaChowdary,33.4,2600.0,15.6,17.5,42587.1,25603.4,56.9,14008.2,18501.3,4.9,54.2,65534.6,151548.7,1.0,4.0,83345.2,3815988.2,496.0,3042.9,0.0,294.0,349.0
2026-10-02T19:27:01.846683+00:00,SivaChowdary,25.7,2600.0,14.7,9.9,59656.1,35460.2,56.9,14015.5,18494.0,4.9,54.2,0.0,16388.7,0.0,3.0,43604.5,2136107.2,272.1,1687.5,0.0,294.0,347.0
2026-10-02T19:27:02.848846+00:00,SivaChowdary,26.2,2600.0,13.7,12.1,32019.2,20373.5,56.9,14015.1,18494.4,4.9,54.2,0.0,32778.5,0.0,6.0,102485.8,2150098.4,357.1,1775.6,0.0,294.0,347.0
2026-10-02T19:27:04.019749+00:00,SivaChowdary,12.3,2600.0,8.2,3.9,17692.2,10660.7,56.9,14016.7,18492.8,4.9,54.2,0.0,49113.8,0.0,8.0,2605.0,2034.4,14.0,27.0,0.0,294.0,349.0
2026-10-02T19:27:04.933116+00:00,SivaChowdary,30.0,2600.0,6.4,22.3,34263.5,28491.5,57.1,13932.4,18577.2,4.9,54.2,0.0,57373.2,0.0,9.0,11956.1,25928.2,56.0,61.0,0.0,294.0,350.0
2026-10-02T19:27:05.850073+00:00,SivaChowdary,25.9,2600.0,17.6,8.1,56039.9,33859.9,57.1,13933.7,18575.8,4.9,54.2,0.0,65530.0,0.0,8.0,1090.9,1536.9,12.0,19.0,0.0,294.0,348.0
2026-10-02T19:27:06.884988+00:00,SivaChowdary,27.3,2600.0,17.1,10.3,26458.3,17469.9,57.1,13936.6,18572.9,4.9,54.2,0.0,1228304.2,0.0,180.9,30074.9,6225.5,48.0,48.0,0.0,294.0,350.0
2026-10-02T19:27:07.957033+00:00,SivaChowdary,13.9,2600.0,5.0,7.4,44660.2,27434.4,57.1,13931.8,18577.7,4.9,54.2,0.0,249504.9,0.0,13.0,9718.3,211901.8,38.9,177.7,0.0,294.0,348.0
2026-10-02T19:27:08.858670+00:00,SivaChowdary,17.0,2600.0,4.2,12.3,26600.9,16675.0,57.1,13935.0,18574.5,4.9,54.2,0.0,36930.5,0.0,5.0,74645.5,4733583.6,639.2,3734.7,0.0,294.0,348.0
2026-10-02T19:27:10.025625+00:00,SivaChowdary,11.9,2600.0,5.2,6.2,23880.2,13264.8,57.1,13931.8,18577.7,4.9,54.2,0.0,143379.1,0.0,7.0,83695.2,4294153.3,626.1,3456.5,0.0,294.0,350.0
2026-10-02T19:27:10.884172+00:00,SivaChowdary,23.8,2600.0,2.9,20.4,19571.9,14642.7,57.1,13933.3,18576.2,4.9,54.2,0.0,77811.6,0.0,4.0,7824.8,2091.7,15.0,17.0,0.0,294.0,349.0
2026-10-02T19:27:11.941820+00:00,SivaChowdary,13.7,1496.0,4.7,8.2,56446.9,32718.1,57.1,13932.0,18577.5,4.9,54.2,0.0,40933.8,0.0,6.0,77640.4,5218855.9,678.6,4102.4,0.0,294.0,347.0
2026-10-02T19:27:12.895284+00:00,SivaChowdary,21.2,1496.0,5.0,15.7,25760.4,16990.4,57.1,13933.1,18576.4,4.9,54.2,0.0,0.0,0.0,0.0,41773.6,2268219.9,312.4,1803.3,0.0,294.0,349.0
2026-10-02T19:27:13.879635+00:00,SivaChowdary,19.6,2600.0,10.5,8.6,56014.6,33224.7,57.2,13922.9,18586.6,4.9,54.2,0.0,8193.4,0.0,2.0,127019.7,4627872.2,630.1,3700.6,0.0,294.0,347.0
2026-10-02T19:27:14.851885+00:00,SivaChowdary,22.7,2600.0,10.7,11.5,27108.4,16972.4,57.2,13916.5,18593.0,4.9,54.2,65491.1,32745.6,1.0,4.0,81687.0,3799337.6,500.7,2997.9,0.0,294.0,347.0
2026-10-02T19:27:16.067237+00:00,SivaChowdary,16.1,2600.0,9.9,5.6,20777.8,11982.8,57.2,13913.2,18596.3,4.9,54.2,0.0,49179.9,0.0,6.0,37864.5,673876.9,121.1,597.3,0.0,294.0,349.0
2026-10-02T19:27:16.904403+00:00,SivaChowdary,22.8,2600.0,2.7,19.6,13700.6,10829.9,57.2,13927.8,18581.7,4.9,54.2,0.0,0.0,0.0,0.0,8780.9,3598.3,26.0,32.0,0.0,294.0,349.0
2026-10-02T19:27:17.872513+00:00,SivaChowdary,12.0,2600.0,4.2,6.5,42868.6,27689.4,57.1,13941.1,18568.4,4.9,54.2,0.0,20465.5,0.0,5.0,669.5,1065.2,7.0,14.0,0.0,294.0,347.0
2026-10-02T19:27:18.895811+00:00,SivaChowdary,20.2,2600.0,7.8,11.8,20979.9,13957.9,57.2,13927.2,18582.3,4.9,54.2,0.0,57368.2,0.0,11.0,28362.0,1291300.9,171.1,1015.4,0.0,294.0,349.0
2026-10-02T19:27:19.976628+00:00,SivaChowdary,15.7,2600.0,5.1,9.7,52090.5,31010.9,57.2,13913.7,18595.8,4.9,54.2,0.0,77818.8,0.0,5.0,22413.5,1627879.3,192.0,1299.9,0.0,294.0,347.0
2026-10-02T19:27:20.860607+00:00,SivaChowdary,19.7,2600.0,3.5,15.2,18008.3,13246.5,57.2,13919.8,18589.7,4.9,54.2,0.0,172168.9,0.0,7.0,1155.9,1183.9,11.0,14.0,0.0,294.0,347.0
2026-10-02T19:27:22.029878+00:00,SivaChowdary,11.1,2600.0,6.0,4.5,19274.8,10836.5,57.2,13925.3,18584.2,4.9,54.2,65514.9,24568.1,1.0,5.0,25861.7,352978.2,92.0,321.9,0.0,294.0,349.0
2026-10-02T19:27:22.887212+00:00,SivaChowdary,28.1,2600.0,7.0,20.9,22241.0,17429.4,57.2,13908.3,18601.2,4.9,54.2,32772.5,217117.7,2.0,16.0,23584.2,630511.1,97.0,526.1,0.0,294.0,349.0
2026-10-02T19:27:23.841202+00:00,SivaChowdary,18.9,2600.0,9.4,7.7,51684.6,32381.0,57.2,13916.6,18592.9,4.9,54.2,0.0,40929.6,0.0,6.0,2395.2,1618.8,11.0,19.0,0.0,294.0,347.0
2026-10-02T19:27:24.886009+00:00,SivaChowdary,18.5,2600.0,5.8,12.5,23558.4,15776.3,57.2,13912.1,18597.4,4.9,54.2,0.0,180227.2,0.0,8.0,27457.5,1329487.5,186.0,1066.0,0.0,294.0,349.0
2026-10-02T19:27:25.891469+00:00,SivaChowdary,15.1,2600.0,5.4,8.4,50052.2,30350.7,57.2,13919.5,18590.1,4.9,54.2,0.0,139359.2,0.0,6.0,19482.3,817792.6,116.1,661.5,0.0,294.0,347.0
2026-10-02T19:27:26.830565+00:00,SivaChowdary,18.4,2600.0,5.0,12.8,22551.4,16079.5,57.2,13907.0,18602.5,4.9,54.2,0.0,0.0,0.0,0.0,7942.8,2569.9,22.0,27.0,0.0,294.0,347.0
2026-10-02T19:27:28.026384+00:00,SivaChowdary,14.4,2600.0,9.5,4.8,25708.7,14441.6,57.2,13903.3,18606.2,4.9,54.2,0.0,73741.5,0.0,12.0,57316.5,2424118.4,329.1,1922.4,0.0,294.0,349.0
2026-10-02T19:27:28.875513+00:00,SivaChowdary,26.9,2600.0,6.1,20.0,20220.4,15131.6,57.2,13903.1,18606.4,4.9,54.2,0.0,126871.8,0.0,12.0,15607.2,983228.2,140.9,797.3,0.0,294.0,349.0
2026-10-02T19:27:29.860902+00:00,SivaChowdary,20.5,2600.0,12.4,7.3,59536.1,36364.4,57.3,13880.0,18629.5,4.9,54.2,0.0,40996.5,0.0,4.0,24476.8,1098401.2,144.1,879.8,0.0,294.0,347.0
2026-10-02T19:27:30.898730+00:00,SivaChowdary,17.8,2600.0,6.6,11.1,22917.9,14209.7,57.3,13870.8,18638.7,4.9,54.2,0.0,28659.4,0.0,3.0,36495.9,1336010.3,218.9,1067.5,0.0,294.0,349.0
2026-10-02T19:27:31.905948+00:00,SivaChowdary,15.1,2600.0,6.0,8.0,45150.7,27950.4,57.4,13863.8,18645.7,4.9,54.2,0.0,16364.3,0.0,4.0,7872.5,404770.2,64.9,333.6,0.0,294.0,347.0
2026-10-02T19:27:32.851764+00:00,SivaChowdary,27.8,2600.0,12.1,15.3,26352.1,17559.7,57.4,13859.1,18650.4,4.9,54.2,0.0,41003.8,0.0,7.0,41411.2,1600040.5,244.3,1303.4,0.0,294.0,347.0
2026-10-02T19:27:34.044439+00:00,SivaChowdary,13.6,2600.0,6.6,6.4,24966.7,15174.9,57.3,13868.6,18640.9,4.9,54.2,0.0,0.0,0.0,0.0,91660.4,4580429.9,560.8,3617.8,0.0,294.0,349.0
2026-10-02T19:27:34.880628+00:00,SivaChowdary,31.1,2600.0,8.8,21.9,20257.6,15293.0,57.3,13879.9,18629.6,4.9,54.2,0.0,192612.7,0.0,30.0,7208.8,354041.1,66.0,319.2,0.0,294.0,349.0
2026-10-02T19:27:35.847625+00:00,SivaChowdary,15.9,2600.0,5.4,9.6,48674.8,29047.3,57.3,13879.2,18630.4,4.9,54.2,65520.9,16380.2,1.0,4.0,671.8,1089.7,7.0,14.0,0.0,294.0,347.0
2026-10-02T19:27:36.877656+00:00,SivaChowdary,19.4,2600.0,5.2,13.4,19914.0,13273.6,57.3,13877.0,18632.5,4.9,54.2,0.0,180286.9,0.0,6.0,11660.1,3957.4,34.0,38.0,0.0,294.0,349.0
2026-10-02T19:27:37.871345+00:00,SivaChowdary,16.4,2600.0,6.2,8.7,50998.7,30592.6,57.3,13881.3,18628.2,4.9,54.2,0.0,81852.0,0.0,10.0,60956.4,1398804.4,240.8,1144.0,0.0,294.0,347.0
2026-10-02T19:27:38.830809+00:00,SivaChowdary,27.7,2600.0,12.4,14.5,36087.3,22340.6,57.3,13870.1,18639.4,4.9,54.2,0.0,0.0,0.0,0.0,153178.2,3529881.3,651.1,2931.3,0.0,294.0,347.0
2026-10-02T19:27:39.999849+00:00,SivaChowdary,7.8,2600.0,2.8,4.4,13017.2,6996.1,57.3,13875.3,18634.2,4.9,54.2,0.0,86017.6,0.0,6.0,8505.2,191038.6,52.0,192.0,0.0,294.0,349.0
2026-10-02T19:27:40.844032+00:00,SivaChowdary,29.9,2600.0,6.7,23.0,35081.0,22313.7,57.3,13895.8,18613.7,4.9,54.2,0.0,163933.6,0.0,19.0,41680.8,53686.6,104.1,138.1,0.0,294.0,349.0
2026-10-02T19:27:41.900816+00:00,SivaChowdary,25.7,2600.0,13.6,9.8,61574.6,35556.2,57.7,13749.4,18760.1,4.9,54.2,128026.1,1569087.9,5.0,21.0,77673.8,851080.5,337.1,800.2,0.0,294.0,347.0
2026-10-02T19:27:42.876964+00:00,SivaChowdary,20.6,2600.0,4.9,14.5,22793.1,14790.3,57.6,13770.5,18739.1,4.9,54.2,0.0,17557774.5,0.0,73.9,11821.0,351759.1,79.9,370.5,0.0,294.0,349.0
2026-10-02T19:27:43.940691+00:00,SivaChowdary,15.2,2600.0,7.4,7.5,49496.6,31153.6,57.7,13760.7,18748.8,4.9,54.2,32782.3,282747.2,2.0,38.0,32942.4,1445893.2,207.1,1167.5,0.0,294.0,347.0
2026-10-02T19:27:44.848252+00:00,SivaChowdary,26.0,2600.0,11.2,13.7,27002.3,16984.3,57.7,13762.7,18746.8,4.9,54.2,0.0,135289.9,0.0,14.0,59285.4,2905296.6,404.4,2303.1,0.0,294.0,347.0
2026-10-02T19:27:46.031984+00:00,SivaChowdary,14.2,2600.0,7.6,6.0,27924.1,16778.3,57.7,13764.6,18744.9,4.9,54.2,114655.6,270259.6,1.0,6.0,94931.2,5336722.0,699.8,4184.8,0.0,294.0,349.0
2026-10-02T19:27:46.839319+00:00,SivaChowdary,35.6,2600.0,13.7,20.9,51878.1,32015.6,57.7,13756.7,18752.8,4.9,54.2,0.0,16376.1,0.0,4.0,74751.1,4143658.4,620.7,3268.4,0.0,294.0,351.0
2026-10-02T19:27:47.899926+00:00,SivaChowdary,18.7,2600.0,9.1,8.0,49411.3,30905.7,57.7,13759.0,18750.5,4.9,54.2,16388.1,262209.5,1.0,20.0,97826.4,5198017.6,725.2,4131.0,0.0,294.0,348.0
2026-10-02T19:27:48.839488+00:00,SivaChowdary,20.6,2600.0,8.3,11.5,29819.2,18871.2,57.7,13761.7,18747.8,4.9,54.2,0.0,106525.2,0.0,12.0,69940.2,2679186.9,436.1,2146.6,0.0,294.0,350.0
2026-10-02T19:27:49.922105+00:00,SivaChowdary,13.5,2600.0,3.5,9.1,49360.8,33935.7,57.7,13766.9,18742.6,4.9,54.2,0.0,0.0,0.0,0.0,1258.5,1642.1,13.0,19.0,0.0,294.0,348.0
2026-10-02T19:27:50.859634+00:00,SivaChowdary,16.5,2600.0,3.6,11.9,19711.8,13337.4,57.6,13787.2,18722.3,4.9,54.2,16395.5,286921.6,1.0,41.0,672.5,1450.0,7.0,19.0,0.0,294.0,348.0
2026-10-02T19:27:51.990635+00:00,SivaChowdary,9.7,2600.0,3.4,6.2,16190.8,9610.4,57.6,13800.1,18709.4,4.9,54.2,0.0,167996.0,0.0,28.0,3345.2,3932.4,27.0,37.0,0.0,294.0,350.0
2026-10-02T19:27:52.854009+00:00,SivaChowdary,21.0,2600.0,2.9,17.0,48532.3,34326.5,57.5,13806.5,18703.0,4.9,54.2,0.0,16378.0,0.0,4.0,4383.4,2112.2,15.0,23.0,0.0,294.0,348.0
2026-10-02T19:27:53.922898+00:00,SivaChowdary,9.5,2600.0,2.9,5.4,18164.7,10771.4,57.5,13823.6,18685.9,4.9,54.2,0.0,0.0,0.0,0.0,36324.5,1744205.8,266.1,1401.4,0.0,294.0,348.0
2026-10-02T19:27:54.881712+00:00,SivaChowdary,15.9,2600.0,3.9,11.1,21470.9,13877.6,57.5,13823.3,18686.2,4.9,54.2,0.0,28673.2,0.0,6.0,635.0,1028.0,7.0,14.0,0.0,294.0,350.0
2026-10-02T19:27:55.957752+00:00,SivaChowdary,14.4,2600.0,4.0,9.9,45030.0,28299.7,57.5,13827.2,18682.3,4.9,54.2,0.0,20455.9,0.0,4.0,19075.5,19327.2,53.9,66.9,0.0,294.0,348.0
2026-10-02T19:27:56.838136+00:00,SivaChowdary,15.1,2600.0,3.8,10.4,16782.8,10931.7,57.5,13822.7,18686.8,4.9,54.2,0.0,0.0,0.0,0.0,782.7,1006.9,9.0,13.0,0.0,294.0,350.0
2026-10-02T19:27:58.062136+00:00,SivaChowdary,13.9,2600.0,5.6,8.2,21756.0,11868.0,57.5,13824.6,18684.9,4.9,54.2,0.0,110591.8,0.0,14.0,4189.0,3031.0,14.0,23.0,0.0,294.0,350.0
2026-10-02T19:27:58.887439+00:00,SivaChowdary,31.7,2600.0,5.7,24.4,21396.8,15318.1,57.5,13811.8,18697.7,4.9,54.2,0.0,53210.2,0.0,7.0,26789.0,1079071.6,162.9,863.4,0.0,294.0,350.0
2026-10-02T19:27:59.946626+00:00,SivaChowdary,11.1,2600.0,3.6,6.4,39403.6,25803.3,57.5,13830.6,18678.9,4.9,54.2,0.0,8199.4,0.0,2.0,714.6,1807.6,8.0,24.0,0.0,294.0,348.0
2026-10-02T19:28:00.890574+00:00,SivaChowdary,25.5,2600.0,3.5,21.4,17814.7,12464.4,57.5,13830.5,18679.0,4.9,54.2,0.0,69661.9,0.0,3.0,716.3,1171.5,6.0,13.0,0.0,294.0,350.0
2026-10-02T19:28:01.923314+00:00,SivaChowdary,12.5,2600.0,3.8,7.9,42259.4,27585.9,57.4,13839.6,18669.9,4.9,54.2,0.0,20480.7,0.0,3.0,975.0,1370.0,8.0,11.0,0.0,294.0,348.0
2026-10-02T19:28:02.845766+00:00,SivaChowdary,18.5,2600.0,4.7,13.3,18687.1,13046.7,57.4,13839.3,18670.2,4.9,54.2,0.0,32764.7,0.0,6.0,4177.6,2547.7,21.0,25.0,0.0,294.0,348.0
2026-10-02T19:28:03.987339+00:00,SivaChowdary,7.0,2600.0,3.0,3.9,18730.2,11357.3,57.4,13851.4,18658.1,4.9,54.2,0.0,106479.9,0.0,18.0,2867.6,1674.7,17.0,19.0,0.0,294.0,350.0
2026-10-02T19:28:04.851593+00:00,SivaChowdary,23.5,2600.0,3.7,18.9,21154.1,14917.8,57.4,13852.9,18656.6,4.9,54.2,0.0,0.0,0.0,0.0,29772.6,1444778.9,216.9,1124.7,0.0,294.0,350.0
2026-10-02T19:28:05.871499+00:00,SivaChowdary,8.8,2600.0,3.2,4.7,41756.4,25121.9,57.4,13854.3,18655.2,4.9,54.2,180273.2,430197.4,1.0,10.0,5353.5,238123.0,51.0,216.1,0.0,294.0,350.0
2026-10-02T19:28:06.870743+00:00,SivaChowdary,16.9,2600.0,3.5,12.5,19530.2,12791.7,57.4,13842.4,18667.1,4.9,54.2,0.0,40981.5,0.0,4.0,465.2,836.4,5.0,11.0,0.0,294.0,350.0
2026-10-02T19:28:07.943493+00:00,SivaChowdary,11.7,2600.0,3.3,7.3,42426.2,25631.9,57.4,13851.8,18657.7,4.9,54.2,0.0,12273.6,0.0,2.0,22266.9,803037.2,136.8,659.2,0.0,294.0,350.0
2026-10-02T19:28:08.842384+00:00,SivaChowdary,15.3,2600.0,2.0,12.8,22837.0,16478.6,57.4,13851.8,18657.7,4.9,54.2,0.0,163876.0,0.0,26.0,13045.9,7406.6,77.0,70.0,0.0,294.0,348.0
2026-10-02T19:28:09.999926+00:00,SivaChowdary,7.2,2600.0,2.7,3.6,13799.9,8234.1,57.4,13854.1,18655.4,4.9,54.2,0.0,40980.5,0.0,2.0,796.4,1220.6,8.0,15.0,0.0,294.0,350.0
2026-10-02T19:28:10.901535+00:00,SivaChowdary,22.1,2600.0,1.9,19.2,16124.1,12295.6,57.4,13853.4,18656.1,4.9,54.2,0.0,12273.6,0.0,3.0,318.6,443.5,4.0,5.0,0.0,294.0,350.0
2026-10-02T19:28:11.825125+00:00,SivaChowdary,10.9,2600.0,3.2,7.2,46206.6,28518.5,57.3,13870.2,18639.3,4.9,54.2,0.0,20514.9,0.0,3.0,84.1,424.7,1.0,7.0,0.0,294.0,347.0
2026-10-02T19:28:12.876167+00:00,SivaChowdary,17.5,2600.0,3.3,13.1,21774.8,14767.5,57.3,13865.9,18643.6,4.9,54.2,0.0,106363.0,0.0,11.0,11272.9,232296.5,53.9,202.7,0.0,294.0,349.0
2026-10-02T19:28:13.915398+00:00,SivaChowdary,13.0,2600.0,3.0,8.6,43755.3,26633.9,57.4,13858.7,18650.8,4.9,54.2,0.0,77803.3,0.0,4.0,1478.6,511.9,2.0,8.0,0.0,294.0,347.0
2026-10-02T19:28:14.854738+00:00,SivaChowdary,18.0,2600.0,3.4,13.5,18925.8,12077.8,57.3,13869.9,18639.6,4.9,54.2,0.0,299225.7,0.0,8.0,24666.9,473987.9,149.1,456.3,0.0,294.0,347.0
2026-10-02T19:28:16.016428+00:00,SivaChowdary,11.8,2600.0,3.4,7.6,17219.5,9970.5,57.4,13861.4,18648.1,4.9,54.2,0.0,32786.1,0.0,4.0,1055.6,1439.8,10.0,13.0,0.0,294.0,349.0
2026-10-02T19:28:16.879413+00:00,SivaChowdary,28.5,2600.0,5.4,21.9,22173.0,15124.7,57.4,13862.3,18647.2,4.9,54.2,0.0,12278.0,0.0,2.0,1101.1,1301.9,9.0,10.0,0.0,294.0,349.0
2026-10-02T19:28:17.857630+00:00,SivaChowdary,12.8,2600.0,4.0,7.9,49684.1,32341.9,57.2,13908.6,18600.9,4.9,54.2,0.0,270368.9,0.0,47.0,14871.8,613529.7,81.0,497.1,0.0,294.0,346.0
2026-10-02T19:28:18.877048+00:00,SivaChowdary,19.0,2600.0,4.7,13.7,22440.1,15768.3,57.2,13909.3,18600.2,4.9,54.2,0.0,114719.4,0.0,9.0,4086.1,1811.5,15.0,20.0,0.0,294.0,348.0
2026-10-02T19:28:19.943559+00:00,SivaChowdary,12.4,2600.0,3.7,7.8,49520.1,34044.5,57.2,13901.7,18607.8,4.9,54.2,0.0,8184.9,0.0,1.0,1969.3,19811.8,21.0,35.0,0.0,294.0,346.0
2026-10-02T19:28:20.857723+00:00,SivaChowdary,18.7,2600.0,3.6,14.7,16502.4,13391.8,57.2,13913.9,18595.7,4.9,54.2,0.0,245959.0,0.0,16.0,382.3,551.4,4.0,7.0,0.0,294.0,347.0
2026-10-02T19:28:21.962747+00:00,SivaChowdary,7.2,2600.0,3.0,3.5,17023.2,10584.9,57.0,13986.9,18522.6,4.9,54.2,0.0,73651.1,0.0,15.0,5960.8,4277.5,43.0,43.0,0.0,294.0,346.0
2026-10-02T19:28:22.884364+00:00,SivaChowdary,22.6,2600.0,3.0,19.0,16781.1,12725.8,57.0,13985.0,18524.5,4.9,54.2,0.0,8204.8,0.0,2.0,1238.9,1600.5,13.0,18.0,0.0,294.0,346.0
2026-10-02T19:28:23.863395+00:00,SivaChowdary,12.5,2600.0,5.0,6.6,46371.2,26673.9,57.1,13948.3,18561.2,4.9,54.2,0.0,569150.0,0.0,28.0,18147.8,618831.0,97.0,495.8,0.0,294.0,344.0
2026-10-02T19:28:24.885495+00:00,SivaChowdary,29.5,2600.0,10.1,18.4,33990.1,25190.5,57.2,13921.2,18588.3,4.9,54.2,0.0,1154363.0,0.0,23.0,11457.0,677240.1,101.9,558.7,0.0,294.0,346.0
2026-10-02T19:28:25.910702+00:00,SivaChowdary,12.3,1496.0,3.9,7.8,54059.1,36866.9,57.2,13916.4,18593.1,4.9,54.2,0.0,1233629.2,0.0,10.0,10688.4,8553.1,45.0,50.0,0.0,294.0,344.0
2026-10-02T19:28:26.844063+00:00,SivaChowdary,14.6,2600.0,2.7,11.1,17705.8,11471.7,57.2,13927.7,18581.8,4.9,54.2,0.0,0.0,0.0,0.0,587.7,824.6,6.0,9.0,0.0,294.0,344.0
2026-10-02T19:28:27.964944+00:00,SivaChowdary,10.5,2600.0,4.3,4.9,14631.2,8236.6,57.2,13922.5,18587.1,4.9,54.2,0.0,159834.1,0.0,12.0,168.1,176.1,2.0,2.0,0.0,294.0,346.0
2026-10-02T19:28:28.865601+00:00,SivaChowdary,27.0,2600.0,4.9,21.1,20081.8,13837.4,57.2,13916.2,18593.3,4.9,54.2,4091.7,130934.1,1.0,13.0,41279.5,1516216.6,257.7,1227.7,0.0,294.0,346.0
2026-10-02T19:28:29.917548+00:00,SivaChowdary,9.2,1496.0,3.6,4.8,41077.5,24469.3,57.2,13926.0,18583.5,4.9,54.2,184344.8,467006.8,2.0,17.0,592.1,1092.1,7.0,15.0,0.0,294.0,344.0
2026-10-02T19:28:30.877953+00:00,SivaChowdary,16.0,1496.0,2.0,12.9,19541.7,12687.7,57.2,13916.6,18592.9,4.9,54.2,0.0,57369.7,0.0,3.0,84.0,671.3,1.0,10.0,0.0,294.0,346.0
2026-10-02T19:28:31.943535+00:00,SivaChowdary,9.7,2600.0,2.2,7.0,37981.6,24213.7,57.2,13918.4,18591.1,4.9,54.2,0.0,16374.3,0.0,2.0,724.6,1015.4,5.0,8.0,0.0,294.0,344.0
2026-10-02T19:28:32.851538+00:00,SivaChowdary,19.5,2600.0,4.3,14.5,18117.0,11915.5,57.2,13915.6,18593.9,4.9,54.2,16406.7,102541.7,1.0,14.0,12182.8,159507.5,44.1,151.2,0.0,294.0,344.0
2026-10-02T19:28:33.998588+00:00,SivaChowdary,9.0,2600.0,3.7,5.4,16567.0,9724.8,57.2,13921.9,18587.6,4.9,54.2,0.0,8185.1,0.0,2.0,9797.7,569668.1,72.9,459.6,0.0,294.0,346.0
2026-10-02T19:28:34.837813+00:00,SivaChowdary,25.6,2600.0,5.4,19.1,29330.6,19625.4,57.2,13924.2,18585.3,4.9,54.2,0.0,0.0,0.0,0.0,1170.5,1675.7,12.0,19.0,0.0,294.0,346.0
2026-10-02T19:28:35.924582+00:00,SivaChowdary,11.6,2600.0,5.4,5.8,39234.3,22245.6,57.1,13934.0,18575.5,4.9,54.2,0.0,134983.4,0.0,2.0,4398.0,50281.2,43.9,63.9,0.0,294.0,344.0
2026-10-02T19:28:36.903685+00:00,SivaChowdary,17.4,2600.0,4.6,12.3,21998.1,14112.2,57.2,13920.5,18589.1,4.9,54.2,0.0,20510.9,0.0,4.0,10404.7,205835.9,115.2,206.3,0.0,294.0,346.0
2026-10-02T19:28:37.917060+00:00,SivaChowdary,13.4,2600.0,3.9,9.5,38769.5,25457.7,57.2,13921.7,18587.9,4.9,54.2,0.0,12286.9,0.0,2.0,25861.7,1341374.4,178.0,1053.9,0.0,294.0,344.0
2026-10-02T19:28:38.836352+00:00,SivaChowdary,13.4,2600.0,3.1,9.8,18434.7,11185.6,57.2,13924.6,18584.9,4.9,54.2,0.0,0.0,0.0,0.0,10426.7,511942.6,83.0,430.9,0.0,294.0,344.0
2026-10-02T19:28:40.001305+00:00,SivaChowdary,10.7,2600.0,3.4,7.1,13877.7,8394.4,57.2,13921.9,18587.6,4.9,54.2,0.0,4094.7,0.0,1.0,1147.6,1583.5,12.0,17.0,0.0,294.0,346.0
2026-10-02T19:28:40.830447+00:00,SivaChowdary,20.3,2600.0,3.0,16.6,43909.6,29029.6,57.2,13920.9,18588.6,4.9,54.2,0.0,12297.1,0.0,3.0,407.3,423.3,4.0,5.0,0.0,294.0,344.0
2026-10-02T19:28:41.927577+00:00,SivaChowdary,9.0,2600.0,3.2,5.7,12526.9,7399.5,57.2,13924.6,18584.9,4.9,54.2,0.0,36866.6,0.0,6.0,84.0,766.1,1.0,10.0,0.0,294.0,344.0
2026-10-02T19:28:42.885176+00:00,SivaChowdary,14.3,1496.0,3.4,10.3,19328.4,11945.9,57.2,13922.8,18586.7,4.9,54.2,0.0,0.0,0.0,0.0,1105.4,1553.8,11.0,18.0,0.0,294.0,346.0
2026-10-02T19:28:43.906029+00:00,SivaChowdary,16.7,2600.0,4.4,12.0,43152.7,26687.4,57.2,13917.1,18592.4,4.9,54.2,0.0,61482.3,0.0,9.0,11684.0,15474.6,28.0,43.0,0.0,294.0,344.0
2026-10-02T19:28:44.877162+00:00,SivaChowdary,14.2,2600.0,3.6,9.9,17592.6,10508.4,57.2,13922.9,18586.6,4.9,54.2,0.0,12285.0,0.0,2.0,84.0,450.9,1.0,6.0,0.0,294.0,344.0
2026-10-02T19:28:45.977140+00:00,SivaChowdary,15.4,2600.0,4.1,10.5,16484.1,10868.0,57.2,13917.3,18592.2,4.9,54.2,0.0,12292.5,0.0,2.0,33233.2,1362091.1,157.1,1092.4,0.0,294.0,346.0
2026-10-02T19:28:46.836818+00:00,SivaChowdary,18.9,2600.0,4.8,13.1,44537.9,28146.0,57.2,13917.5,18592.0,4.9,54.2,0.0,770322.4,0.0,164.1,2193.8,4385.6,17.0,29.0,0.0,294.0,344.0
2026-10-02T19:28:47.923278+00:00,SivaChowdary,14.2,2600.0,3.8,9.8,13904.4,8758.1,57.2,13924.8,18584.7,4.9,54.2,0.0,90030.3,0.0,14.0,336.7,1059.0,4.0,16.0,0.0,294.0,344.0
2026-10-02T19:28:48.903218+00:00,SivaChowdary,11.7,2600.0,3.9,7.4,19039.1,10756.8,57.2,13913.1,18596.4,4.9,54.2,0.0,368565.0,0.0,21.0,37034.5,1294900.7,175.0,1048.8,0.0,294.0,347.0
2026-10-02T19:28:49.922766+00:00,SivaChowdary,20.3,2600.0,3.6,16.0,42352.1,28913.9,57.3,13881.3,18628.2,4.9,54.2,0.0,86087.3,0.0,4.0,808.7,1026.9,9.0,13.0,0.0,294.0,345.0
2026-10-02T19:28:50.867256+00:00,SivaChowdary,12.5,2600.0,3.8,7.7,19233.2,10152.6,57.3,13891.9,18617.7,4.9,54.2,0.0,172042.9,0.0,17.0,7654.5,3917.2,22.0,38.0,0.0,294.0,345.0
2026-10-02T19:28:51.906205+00:00,SivaChowdary,14.4,2600.0,3.6,10.6,16521.0,10697.9,57.3,13887.4,18622.1,4.9,54.2,0.0,20483.7,0.0,5.0,802.1,1132.2,9.0,14.0,0.0,294.0,347.0
2026-10-02T19:28:52.897610+00:00,SivaChowdary,13.5,1496.0,3.9,8.4,41953.2,26320.0,57.3,13887.7,18621.8,4.9,54.2,0.0,12284.3,0.0,2.0,84.0,535.8,1.0,9.0,0.0,294.0,345.0
2026-10-02T19:28:53.863919+00:00,SivaChowdary,15.6,2600.0,3.8,11.5,15957.3,10540.8,57.3,13891.7,18617.8,4.9,54.2,0.0,0.0,0.0,0.0,2320.2,1430.1,11.0,16.0,0.0,294.0,345.0
2026-10-02T19:28:55.015987+00:00,SivaChowdary,13.3,2600.0,5.3,7.2,21507.4,11855.4,57.3,13886.6,18622.9,4.9,54.2,0.0,12295.6,0.0,2.0,1604.0,2063.3,15.0,21.0,0.0,294.0,347.0
2026-10-02T19:28:55.883207+00:00,SivaChowdary,29.7,2600.0,5.7,22.9,18795.9,13338.1,57.3,13872.8,18636.8,4.9,54.2,0.0,28607.9,0.0,5.0,21271.4,1024330.0,136.7,819.2,0.0,294.0,347.0
2026-10-02T19:28:56.881829+00:00,SivaChowdary,10.6,2600.0,3.9,6.2,45008.7,26583.9,57.3,13886.0,18623.5,4.9,54.2,0.0,16410.5,0.0,3.0,377.6,709.1,4.0,9.0,0.0,294.0,345.0
2026-10-02T19:28:57.865095+00:00,SivaChowdary,21.2,2600.0,8.2,12.0,20006.6,13038.7,57.3,13885.5,18624.0,4.9,54.2,0.0,77822.3,0.0,10.0,1093.0,1377.0,12.0,17.0,0.0,294.0,347.0
2026-10-02T19:28:58.957892+00:00,SivaChowdary,17.2,2600.0,5.3,10.4,40006.5,26197.6,57.3,13880.1,18629.4,4.9,54.2,0.0,122798.6,0.0,20.0,1478.0,819.5,2.0,14.0,0.0,294.0,347.0
2026-10-02T19:28:59.849836+00:00,SivaChowdary,18.7,2600.0,4.1,14.3,17694.7,12058.4,57.3,13887.7,18621.8,4.9,54.2,0.0,65527.4,0.0,14.0,84.0,655.9,1.0,11.0,0.0,294.0,345.0
2026-10-02T19:29:01.019661+00:00,SivaChowdary,11.7,2600.0,3.3,7.8,16471.1,9382.2,57.2,13898.2,18611.3,4.9,54.2,0.0,57302.6,0.0,4.0,23994.7,1209888.8,163.9,970.3,0.0,294.0,349.0
2026-10-02T19:29:01.887908+00:00,SivaChowdary,25.3,2600.0,2.7,22.3,16526.5,12287.0,57.3,13890.1,18619.4,4.9,54.2,0.0,0.0,0.0,0.0,557.9,1158.8,3.0,10.0,0.0,294.0,347.0
2026-10-02T19:29:02.856777+00:00,SivaChowdary,11.3,2600.0,3.5,6.8,42205.7,26502.3,57.2,13898.0,18611.5,4.9,54.2,0.0,40921.9,0.0,9.0,773.3,1221.9,8.0,15.0,0.0,294.0,345.0
2026-10-02T19:29:03.910684+00:00,SivaChowdary,16.0,1496.0,4.0,11.2,19560.2,12272.8,57.2,13900.3,18609.2,4.9,54.2,0.0,73823.1,0.0,11.0,2152.8,1264.6,9.0,16.0,0.0,294.0,347.0
2026-10-02T19:29:04.961822+00:00,SivaChowdary,10.3,2600.0,3.5,6.6,42706.9,26188.4,57.3,13895.5,18614.1,4.9,54.2,0.0,0.0,0.0,0.0,968.5,1446.3,11.0,19.0,0.0,294.0,345.0
2026-10-02T19:29:05.860346+00:00,SivaChowdary,21.3,2600.0,4.6,15.7,18546.8,12795.1,57.2,13926.0,18583.5,4.9,54.2,0.0,147550.0,0.0,4.0,716.5,964.6,8.0,12.0,0.0,294.0,345.0
2026-10-02T19:29:06.983141+00:00,SivaChowdary,13.7,2600.0,4.1,8.2,14654.5,9385.9,57.2,13921.5,18588.0,4.9,54.2,0.0,16373.3,0.0,3.0,717.5,1176.2,8.0,15.0,0.0,294.0,347.0
2026-10-02T19:29:07.850210+00:00,SivaChowdary,26.8,2600.0,5.5,20.9,19815.9,13702.0,57.2,13915.5,18594.0,4.9,54.2,0.0,24595.8,0.0,5.0,19901.0,855991.8,129.1,667.5,0.0,294.0,347.0
2026-10-02T19:29:08.880315+00:00,SivaChowdary,9.5,2600.0,4.4,4.9,42735.8,26271.5,57.1,13931.9,18577.6,4.9,54.2,0.0,40906.2,0.0,5.0,26749.8,707202.5,140.8,627.2,0.0,294.0,345.0
2026-10-02T19:29:09.906171+00:00,SivaChowdary,14.0,2600.0,2.9,10.2,16149.0,9993.0,57.2,13920.3,18589.2,4.9,54.2,0.0,40980.3,0.0,6.0,670.3,1103.5,7.0,14.0,0.0,294.0,347.0
2026-10-02T19:29:10.929018+00:00,SivaChowdary,14.0,2600.0,4.2,9.3,42750.3,26631.7,57.2,13923.0,18586.5,4.9,54.2,16365.4,118648.8,1.0,10.0,1378.4,1826.9,14.0,20.0,0.0,294.0,345.0
2026-10-02T19:29:11.858433+00:00,SivaChowdary,15.5,2600.0,3.5,11.4,16566.6,10577.7,57.2,13917.5,18592.1,4.9,54.2,0.0,20496.8,0.0,5.0,588.5,1203.0,6.0,16.0,0.0,294.0,345.0
2026-10-02T19:29:12.983735+00:00,SivaChowdary,10.2,2600.0,3.5,6.3,13207.4,7853.4,57.2,13923.2,18586.3,4.9,54.2,0.0,0.0,0.0,0.0,3682.7,2547.5,16.0,29.0,0.0,294.0,347.0
2026-10-02T19:29:13.834271+00:00,SivaChowdary,25.1,2600.0,4.3,19.8,38196.0,24977.2,57.1,13935.4,18574.1,4.9,54.2,0.0,28678.0,0.0,3.0,1690.4,685.1,4.0,9.0,0.0,294.0,348.0
2026-10-02T19:29:14.939681+00:00,SivaChowdary,9.3,2600.0,4.2,4.7,27913.8,16826.7,57.1,13947.5,18562.1,4.9,54.2,0.0,8194.3,0.0,2.0,569.2,424.1,5.0,7.0,0.0,294.0,345.0
2026-10-02T19:29:15.902624+00:00,SivaChowdary,15.2,2600.0,3.9,11.3,22289.5,14181.3,57.1,13938.9,18570.6,4.9,54.2,0.0,16376.3,0.0,3.0,1317.4,2136.0,14.0,24.0,0.0,294.0,347.0
2026-10-02T19:29:16.932621+00:00,SivaChowdary,15.2,2600.0,4.9,9.5,42650.2,26602.3,57.1,13944.4,18565.1,4.9,54.2,0.0,569200.1,0.0,116.0,1318.7,1685.6,12.0,16.0,0.0,294.0,345.0
2026-10-02T19:29:17.847530+00:00,SivaChowdary,12.7,2600.0,2.7,9.5,17465.3,11883.6,57.1,13943.0,18566.5,4.9,54.2,0.0,20486.2,0.0,4.0,150.0,760.2,2.0,13.0,0.0,294.0,345.0
2026-10-02T19:29:19.023183+00:00,SivaChowdary,10.0,2600.0,2.2,7.4,13932.6,8372.1,57.1,13946.5,18563.0,4.9,54.2,0.0,45051.3,0.0,10.0,4194.6,2146.8,17.0,26.0,0.0,294.0,346.0
2026-10-02T19:29:19.884158+00:00,SivaChowdary,21.0,2600.0,2.8,17.1,47803.9,32110.6,57.1,13954.9,18554.6,4.9,54.2,0.0,0.0,0.0,0.0,1768.1,19024.6,19.0,33.0,0.0,294.0,344.0
2026-10-02T19:29:20.946010+00:00,SivaChowdary,10.6,2600.0,2.6,7.7,15228.4,9391.2,57.0,13975.8,18533.7,4.9,54.2,0.0,233478.1,0.0,10.0,2381.1,2794.1,21.0,32.0,0.0,294.0,344.0
2026-10-02T19:29:21.909339+00:00,SivaChowdary,10.7,2600.0,2.7,7.9,26211.4,18845.7,57.0,13967.4,18542.1,4.9,54.2,0.0,53252.9,0.0,12.0,843.1,1614.1,10.0,22.0,0.0,294.0,346.0
2026-10-02T19:29:22.901196+00:00,SivaChowdary,17.4,2600.0,3.2,13.6,42420.5,26663.5,57.0,13972.8,18536.8,4.9,54.2,0.0,16389.2,0.0,4.0,1031.3,1388.4,10.0,15.0,0.0,294.0,344.0
2026-10-02T19:29:23.842660+00:00,SivaChowdary,13.7,2600.0,4.8,7.5,17066.5,10616.9,57.0,13972.2,18537.3,4.9,54.2,0.0,49156.3,0.0,6.0,1479.1,856.1,2.0,10.0,0.0,294.0,344.0
2026-10-02T19:29:24.896352+00:00,SivaChowdary,17.7,2600.0,4.4,12.3,17417.0,10786.3,57.0,13963.3,18546.2,4.9,54.2,0.0,16378.4,0.0,3.0,669.8,841.7,7.0,10.0,0.0,294.0,346.0
2026-10-02T19:29:25.873931+00:00,SivaChowdary,12.6,1496.0,3.7,8.1,42073.0,26809.3,57.0,13972.1,18537.4,4.9,54.2,0.0,16383.6,0.0,4.0,670.0,1290.0,7.0,18.0,0.0,294.0,344.0
2026-10-02T19:29:26.825236+00:00,SivaChowdary,15.7,2600.0,3.0,11.6,17136.0,10511.5,57.0,13963.3,18546.2,4.9,54.2,0.0,32775.7,0.0,3.0,507.1,918.2,6.0,12.0,0.0,294.0,344.0
2026-10-02T19:29:27.999281+00:00,SivaChowdary,7.0,2600.0,3.2,3.3,13358.6,8217.9,57.0,13968.2,18541.3,4.9,54.2,0.0,69614.4,0.0,10.0,13077.7,349880.6,56.0,276.9,0.0,294.0,346.0
2026-10-02T19:29:28.879125+00:00,SivaChowdary,25.8,2600.0,5.0,20.7,21890.7,15323.3,57.1,13962.3,18547.2,4.9,54.2,0.0,122906.2,0.0,11.0,24370.2,1601138.9,210.0,1270.3,0.0,294.0,346.0
2026-10-02T19:29:29.886970+00:00,SivaChowdary,9.0,2600.0,3.2,4.8,39483.4,25194.4,57.0,13975.4,18534.2,4.9,54.2,0.0,61448.4,0.0,9.0,670.1,1322.2,7.0,16.0,0.0,294.0,344.0
2026-10-02T19:29:30.855088+00:00,SivaChowdary,14.3,2600.0,3.3,10.5,16603.5,9909.9,57.1,13961.6,18547.9,4.9,54.2,0.0,24570.8,0.0,2.0,84.0,1062.8,1.0,17.0,0.0,294.0,346.0
2026-10-02T19:29:31.936445+00:00,SivaChowdary,10.5,2600.0,3.0,7.4,39114.5,24717.1,57.0,13969.2,18540.3,4.9,54.2,0.0,16391.3,0.0,4.0,1232.6,1437.6,11.0,14.0,0.0,294.0,345.0
2026-10-02T19:29:32.844016+00:00,SivaChowdary,21.0,2600.0,5.8,14.5,28280.5,20059.0,57.2,13898.7,18610.8,4.9,54.2,28663.4,474993.9,1.0,75.0,14081.8,18683.4,43.0,56.0,0.0,294.0,347.0
2026-10-02T19:29:33.955339+00:00,SivaChowdary,12.3,2600.0,3.9,8.2,19690.9,10913.9,57.2,13913.1,18596.4,4.9,54.2,0.0,12281.1,0.0,2.0,2112.8,1283.3,9.0,18.0,0.0,294.0,347.0
2026-10-02T19:29:34.834844+00:00,SivaChowdary,23.2,2600.0,4.1,17.9,26881.2,18320.9,57.2,13908.0,18601.5,4.9,54.2,0.0,0.0,0.0,0.0,1223.2,1499.2,14.0,18.0,0.0,294.0,347.0
2026-10-02T19:29:35.950083+00:00,SivaChowdary,8.7,2600.0,2.8,4.9,34042.0,21925.6,57.2,13928.9,18580.6,4.9,54.2,0.0,32785.4,0.0,6.0,967.5,1279.7,11.0,17.0,0.0,294.0,345.0
2026-10-02T19:29:36.894686+00:00,SivaChowdary,12.1,2600.0,2.3,9.8,16658.9,10212.6,57.2,13920.8,18588.7,4.9,54.2,4093.0,180093.7,1.0,6.0,710.5,1093.2,7.0,13.0,0.0,294.0,347.0
2026-10-02T19:29:37.932324+00:00,SivaChowdary,13.5,2600.0,4.0,9.3,39839.5,26120.5,57.2,13924.3,18585.3,4.9,54.2,0.0,40971.8,0.0,4.0,1081.3,1241.4,11.0,15.0,0.0,294.0,345.0
2026-10-02T19:29:38.857641+00:00,SivaChowdary,12.6,2600.0,3.0,8.8,16132.4,10018.5,57.2,13922.7,18586.8,4.9,54.2,0.0,69677.1,0.0,11.0,5697.7,2395.6,16.0,25.0,0.0,294.0,345.0
2026-10-02T19:29:39.977621+00:00,SivaChowdary,9.4,2600.0,1.9,7.2,14497.6,8433.0,57.2,13917.8,18591.7,4.9,54.2,0.0,4095.1,0.0,1.0,790.8,1333.7,8.0,16.0,0.0,294.0,347.0
2026-10-02T19:29:40.855272+00:00,SivaChowdary,16.8,2600.0,3.0,13.3,43456.1,27811.7,57.2,13922.3,18587.2,4.9,54.2,0.0,98250.1,0.0,8.0,422.8,1229.3,5.0,17.0,0.0,294.0,347.0
2026-10-02T19:29:41.932320+00:00,SivaChowdary,12.1,2600.0,2.7,9.0,14279.0,8805.7,57.2,13914.9,18594.6,4.9,54.2,0.0,20488.6,0.0,4.0,461.2,780.3,5.0,10.0,0.0,294.0,345.0
2026-10-02T19:29:42.871405+00:00,SivaChowdary,9.8,2600.0,3.6,5.6,17780.2,10199.8,57.2,13912.8,18596.7,4.9,54.2,147424.6,1740429.0,4.0,28.0,1168.8,2451.5,10.0,26.0,0.0,294.0,347.0
2026-10-02T19:29:43.930963+00:00,SivaChowdary,24.7,2600.0,4.3,19.8,46810.2,32371.9,57.2,13905.7,18603.9,4.9,54.2,2346564.9,25316691.5,40.0,281.9,2579.5,1644.7,12.0,19.0,0.0,294.0,347.0
2026-10-02T19:29:44.851812+00:00,SivaChowdary,14.2,2600.0,2.4,11.2,18677.5,12399.0,57.2,13909.4,18600.1,4.9,54.2,0.0,114697.4,0.0,21.0,92.0,442.0,1.0,7.0,0.0,294.0,345.0
2026-10-02T19:29:45.949609+00:00,SivaChowdary,20.4,2600.0,3.3,16.0,16698.2,12021.4,57.2,13911.1,18598.4,4.9,54.2,0.0,16383.2,0.0,3.0,168.0,298.0,2.0,5.0,0.0,294.0,347.0
2026-10-02T19:29:46.833242+00:00,SivaChowdary,16.9,1496.0,3.6,12.3,42833.7,28160.8,57.2,13912.7,18596.9,4.9,54.2,0.0,57304.8,0.0,12.0,809.4,1591.9,6.0,16.0,0.0,294.0,345.0
2026-10-02T19:29:47.868776+00:00,SivaChowdary,15.0,2600.0,3.6,10.4,18450.2,11206.3,57.2,13921.4,18588.2,4.9,54.2,0.0,73808.9,0.0,15.0,22803.0,23437.7,60.1,66.1,0.0,294.0,345.0
2026-10-02T19:29:49.000182+00:00,SivaChowdary,9.0,2600.0,3.7,4.8,14463.3,8427.0,57.2,13916.0,18593.5,4.9,54.2,65528.2,282590.3,4.0,34.0,2874.7,2151.7,18.0,28.0,0.0,294.0,347.0
2026-10-02T19:29:49.867188+00:00,SivaChowdary,21.3,2600.0,3.0,17.8,17149.5,12675.4,57.2,13902.7,18606.8,4.9,54.2,0.0,32769.0,0.0,7.0,548.0,962.0,6.0,13.0,0.0,294.0,347.0
2026-10-02T19:29:50.914159+00:00,SivaChowdary,13.1,2600.0,3.8,8.2,42921.6,25191.9,57.2,13924.2,18585.4,4.9,54.2,0.0,245700.7,0.0,20.0,336.9,867.8,4.0,12.0,0.0,294.0,345.0
2026-10-02T19:29:51.892463+00:00,SivaChowdary,16.4,2600.0,4.4,11.6,17497.7,10374.8,57.2,13916.6,18592.9,4.9,54.2,0.0,45081.1,0.0,10.0,846.5,969.5,9.0,12.0,0.0,294.0,349.0
2026-10-02T19:29:52.953183+00:00,SivaChowdary,14.4,2600.0,4.0,9.2,45060.1,28794.2,57.2,13918.0,18591.5,4.9,54.2,0.0,28670.2,0.0,7.0,28841.2,1806802.4,169.0,1403.9,0.0,294.0,345.0
2026-10-02T19:29:53.851002+00:00,SivaChowdary,16.5,2600.0,3.6,11.7,18534.2,11123.7,57.2,13912.3,18597.2,4.9,54.2,0.0,204592.3,0.0,4.0,17433.3,827897.5,142.9,690.3,0.0,294.0,345.0
2026-10-02T19:29:54.989944+00:00,SivaChowdary,12.3,2600.0,3.8,7.8,15498.0,8799.1,57.2,13912.8,18596.7,4.9,54.2,0.0,69703.8,0.0,9.0,168.2,1058.1,2.0,16.0,0.0,294.0,347.0
2026-10-02T19:29:55.821377+00:00,SivaChowdary,19.9,2600.0,3.5,15.6,48237.4,31036.7,57.2,13912.2,18597.3,4.9,54.2,0.0,20478.5,0.0,5.0,783.9,1043.9,9.0,13.0,0.0,294.0,345.0
2026-10-02T19:29:56.957809+00:00,SivaChowdary,8.8,2600.0,2.8,5.5,15323.4,9017.1,57.2,13915.1,18594.5,4.9,54.2,0.0,81767.1,0.0,4.0,1701.8,2427.5,18.0,28.9,0.0,294.0,345.0
2026-10-02T19:29:57.894547+00:00,SivaChowdary,13.2,2600.0,3.0,9.6,19914.5,12942.8,57.2,13915.5,18594.1,4.9,54.2,0.0,77955.1,0.0,10.0,293.5,517.9,3.0,7.0,0.0,294.0,347.0
2026-10-02T19:29:59.005044+00:00,SivaChowdary,15.8,2600.0,4.3,10.7,42893.0,28272.9,57.2,13916.0,18593.5,4.9,54.2,0.0,16387.4,0.0,4.0,2217.5,986.2,10.0,11.0,0.0,294.0,345.0
2026-10-02T19:29:59.824555+00:00,SivaChowdary,13.2,2600.0,3.4,9.5,19338.4,13127.7,57.2,13912.6,18596.9,4.9,54.2,0.0,65554.3,0.0,14.0,0.0,168.0,0.0,3.0,0.0,294.0,345.0
2026-10-02T19:30:00.992908+00:00,SivaChowdary,14.2,2600.0,2.3,11.2,13825.4,8851.7,57.2,13912.8,18596.7,4.9,54.2,0.0,98278.2,0.0,9.0,168.0,287.9,2.0,4.0,0.0,294.0,347.0
2026-10-02T19:30:01.851108+00:00,SivaChowdary,17.4,2600.0,3.2,13.8,44464.6,30645.5,57.2,13913.0,18596.5,4.9,54.2,0.0,0.0,0.0,0.0,850.5,1265.3,7.0,11.0,0.0,294.0,345.0
2026-10-02T19:30:02.944517+00:00,SivaChowdary,13.6,2600.0,3.3,9.1,22326.8,16088.9,57.1,13951.6,18557.9,4.9,54.2,0.0,171892.1,0.0,25.0,1513.8,2116.3,17.0,27.0,0.0,294.0,344.0
2026-10-02T19:30:03.850322+00:00,SivaChowdary,11.9,2600.0,3.1,8.3,18294.6,11290.8,57.1,13960.6,18548.9,4.9,54.2,0.0,102470.6,0.0,18.0,1774.2,970.7,5.0,13.0,0.0,294.0,346.0
2026-10-02T19:30:04.958886+00:00,SivaChowdary,22.8,2600.0,9.3,12.7,46642.3,32146.5,57.1,13955.5,18554.0,4.9,54.2,0.0,0.0,0.0,0.0,1475.4,1385.3,14.0,15.0,0.0,294.0,344.0
2026-10-02T19:30:05.854756+00:00,SivaChowdary,11.2,2600.0,3.3,7.4,17837.6,10261.5,57.1,13960.5,18549.1,4.9,54.2,0.0,65475.6,0.0,5.0,1642.5,1777.4,16.0,17.0,0.0,294.0,344.0
2026-10-02T19:30:06.969143+00:00,SivaChowdary,13.7,2600.0,2.9,9.9,15816.5,9930.9,57.0,13965.3,18544.2,4.9,54.2,0.0,24565.9,0.0,3.0,1006.6,1644.3,10.0,17.0,0.0,294.0,346.0
2026-10-02T19:30:07.847239+00:00,SivaChowdary,16.6,2600.0,4.2,11.6,46647.3,30011.3,57.0,13972.1,18537.4,4.9,54.2,0.0,24602.5,0.0,5.0,293.3,764.8,3.0,10.0,0.0,294.0,344.0
2026-10-02T19:30:08.882177+00:00,SivaChowdary,16.0,2600.0,4.1,11.1,16959.4,10915.5,57.0,13975.6,18533.9,4.9,54.2,32751.4,237447.5,2.0,28.0,5450.2,1655.2,13.0,16.0,0.0,294.0,344.0
2026-10-02T19:30:09.890157+00:00,SivaChowdary,8.6,2600.0,3.6,4.0,15832.6,9134.4,57.0,13973.1,18536.4,4.9,54.2,0.0,85991.9,0.0,14.0,799.8,1579.6,9.0,22.0,0.0,294.0,346.0
2026-10-02T19:30:10.967212+00:00,SivaChowdary,22.9,2600.0,2.5,19.4,17383.1,14091.7,57.0,13972.6,18536.9,4.9,54.2,0.0,8193.0,0.0,2.0,945.1,1302.2,10.0,15.0,0.0,294.0,348.0
2026-10-02T19:30:11.869933+00:00,SivaChowdary,18.5,2600.0,4.7,12.5,55884.8,32665.0,57.0,13969.8,18539.7,4.9,54.2,0.0,28666.8,0.0,6.0,0.0,335.9,0.0,6.0,0.0,294.0,344.0
2026-10-02T19:30:12.914217+00:00,SivaChowdary,14.9,2600.0,3.5,10.8,16445.5,11188.2,57.0,13971.0,18538.5,4.9,54.2,0.0,0.0,0.0,0.0,16346.4,905264.2,93.1,709.7,0.0,294.0,346.0
2026-10-02T19:30:13.857357+00:00,SivaChowdary,15.2,2600.0,4.5,9.1,44627.4,27631.1,57.0,13969.7,18539.8,4.9,54.2,0.0,4091.7,0.0,1.0,14276.1,606950.0,113.9,500.5,0.0,294.0,344.0
2026-10-02T19:30:14.876440+00:00,SivaChowdary,16.0,2600.0,3.2,12.1,17713.2,12193.1,57.0,13973.6,18535.9,4.9,54.2,0.0,8198.1,0.0,2.0,84.1,312.2,1.0,5.0,0.0,294.0,344.0
2026-10-02T19:30:15.936684+00:00,SivaChowdary,10.1,2600.0,3.3,6.2,18615.2,11494.5,57.0,13967.8,18541.8,4.9,54.2,16383.3,208887.4,1.0,12.0,409.0,861.0,4.0,12.0,0.0,294.0,346.0
2026-10-02T19:30:16.915882+00:00,SivaChowdary,21.3,2600.0,2.8,18.4,13715.4,10228.1,57.0,13972.9,18536.6,4.9,54.2,0.0,65542.8,0.0,8.0,1271.1,1887.2,11.0,19.0,0.0,294.0,346.0
2026-10-02T19:30:17.846103+00:00,SivaChowdary,10.8,2600.0,2.9,7.0,43727.0,27439.3,57.0,13969.0,18540.6,4.9,54.2,0.0,16377.6,0.0,4.0,755.7,1707.3,9.0,25.0,0.0,294.0,344.0
2026-10-02T19:30:18.902005+00:00,SivaChowdary,14.2,2600.0,3.3,10.6,16774.7,10575.2,57.0,13970.4,18539.1,4.9,54.2,0.0,28669.7,0.0,6.0,4084.7,1930.8,15.0,22.0,0.0,294.0,346.0
2026-10-02T19:30:19.855276+00:00,SivaChowdary,12.2,2600.0,3.0,8.2,47122.2,27842.6,57.1,13961.1,18548.4,4.9,54.2,0.0,0.0,0.0,0.0,2101.3,19567.7,22.0,39.0,0.0,294.0,344.0
2026-10-02T19:30:20.840057+00:00,SivaChowdary,16.9,2600.0,3.7,12.8,21042.6,16028.3,57.0,13967.8,18541.7,4.9,54.2,0.0,49116.2,0.0,8.0,629.5,1043.2,7.0,14.0,0.0,294.0,344.0
2026-10-02T19:30:22.030113+00:00,SivaChowdary,5.7,2600.0,2.3,3.0,14960.4,8841.9,57.0,13971.4,18538.1,4.9,54.2,0.0,53217.5,0.0,11.0,933.5,1683.0,9.0,21.0,0.0,294.0,346.0
2026-10-02T19:30:22.989306+00:00,SivaChowdary,22.1,2600.0,2.3,19.3,14513.4,11934.0,57.0,13970.7,18538.8,4.9,54.2,0.0,40949.9,0.0,6.0,1915.5,1193.7,6.0,16.0,0.0,294.0,346.0
2026-10-02T19:30:23.850601+00:00,SivaChowdary,13.1,2600.0,4.0,8.3,43975.9,26778.8,57.0,13965.6,18544.0,4.9,54.2,0.0,40993.4,0.0,6.0,716.6,1469.2,8.0,20.0,0.0,294.0,344.0
2026-10-02T19:30:24.915988+00:00,SivaChowdary,16.8,2600.0,4.0,12.0,15805.2,10997.9,57.0,13969.5,18540.0,4.9,54.2,0.0,28674.3,0.0,5.0,681.1,1025.1,7.0,13.0,0.0,294.0,346.0
2026-10-02T19:30:25.845501+00:00,SivaChowdary,13.6,2600.0,3.2,9.5,46273.3,28863.7,57.0,13967.4,18542.1,4.9,54.2,0.0,12291.3,0.0,2.0,84.0,592.2,1.0,10.0,0.0,294.0,344.0
2026-10-02T19:30:26.855283+00:00,SivaChowdary,15.0,2600.0,3.4,11.1,16817.7,10866.0,57.0,13966.2,18543.3,4.9,54.2,0.0,69651.5,0.0,6.0,377.1,876.2,4.0,12.0,0.0,294.0,344.0
2026-10-02T19:30:27.960812+00:00,SivaChowdary,6.9,2600.0,2.9,3.9,15489.9,8707.7,57.0,13969.5,18540.0,4.9,54.2,0.0,0.0,0.0,0.0,510.9,694.8,4.0,11.0,0.0,294.0,346.0
2026-10-02T19:30:28.947698+00:00,SivaChowdary,22.9,2600.0,3.0,19.5,16578.2,12737.3,57.1,13961.4,18548.1,4.9,54.2,32758.5,171982.4,2.0,19.0,1859.5,1207.7,6.0,14.0,0.0,294.0,346.0
2026-10-02T19:30:29.870683+00:00,SivaChowdary,11.8,2600.0,3.1,8.0,43773.4,26068.2,57.0,13970.2,18539.3,4.9,54.2,16389.8,86046.3,1.0,10.0,0.0,424.1,0.0,7.0,0.0,294.0,346.0
2026-10-02T19:30:30.887899+00:00,SivaChowdary,17.7,2600.0,4.4,12.6,21744.2,12888.8,57.0,13964.4,18545.1,4.9,54.2,0.0,12280.2,0.0,2.0,336.8,923.4,4.0,13.0,0.0,294.0,346.0
2026-10-02T19:30:31.894998+00:00,SivaChowdary,13.3,2600.0,4.3,7.8,42784.1,27596.4,57.0,13964.4,18545.1,4.9,54.2,0.0,32791.0,0.0,4.0,1392.0,2311.6,12.0,25.0,0.0,294.0,344.0
2026-10-02T19:30:32.854047+00:00,SivaChowdary,20.8,2600.0,5.1,14.6,23753.7,16237.2,57.1,13953.7,18555.8,4.9,54.2,0.0,73733.3,0.0,14.0,36930.7,1796523.9,245.0,1433.1,0.0,294.0,344.0
2026-10-02T19:30:33.997863+00:00,SivaChowdary,4.8,2600.0,1.9,3.2,14155.0,7571.7,57.0,13969.6,18539.9,4.9,54.2,0.0,40936.9,0.0,8.0,2232.7,1406.2,10.0,18.0,0.0,294.0,346.0
2026-10-02T19:30:35.003069+00:00,SivaChowdary,30.0,2600.0,7.2,21.6,15308.7,12636.8,57.1,13954.2,18555.4,4.9,54.2,0.0,0.0,0.0,0.0,842.0,1644.0,9.0,22.0,0.0,294.0,346.0
2026-10-02T19:30:35.870377+00:00,SivaChowdary,16.8,2600.0,3.3,12.7,43245.7,26672.7,57.1,13957.3,18552.2,4.9,54.2,0.0,139246.9,0.0,3.0,66.0,503.9,1.0,9.0,0.0,294.0,344.0
2026-10-02T19:30:37.030945+00:00,SivaChowdary,17.8,2600.0,4.7,12.4,16468.7,11301.7,57.1,13958.9,18550.6,4.9,54.2,131149.6,426236.2,1.0,13.0,820.5,1201.7,9.0,15.0,0.0,294.0,346.0
2026-10-02T19:30:37.847058+00:00,SivaChowdary,24.4,2600.0,6.2,17.2,54557.5,34223.2,57.2,13927.7,18581.8,4.9,54.2,16389.9,266335.2,1.0,26.0,293.1,573.2,3.0,8.0,0.0,294.0,347.0
2026-10-02T19:30:38.898811+00:00,SivaChowdary,13.7,2600.0,3.2,10.0,16320.2,10573.0,57.1,13944.9,18564.6,4.9,54.2,0.0,0.0,0.0,0.0,9896.5,18458.8,53.0,70.0,0.0,294.0,349.0
2026-10-02T19:30:39.870229+00:00,SivaChowdary,8.9,2600.0,2.9,5.4,19996.5,11383.4,57.1,13943.5,18566.0,4.9,54.2,32772.1,335914.0,2.0,27.0,4803.6,2952.4,21.0,25.0,0.0,294.0,348.0
2026-10-02T19:30:40.933580+00:00,SivaChowdary,20.9,2600.0,3.7,16.3,29266.8,20888.5,57.1,13949.3,18560.2,4.9,54.2,0.0,114663.6,0.0,19.0,964.8,1380.7,10.0,13.0,0.0,294.0,346.0
2026-10-02T19:30:41.858914+00:00,SivaChowdary,11.1,2600.0,4.0,6.8,26894.8,15749.9,57.1,13955.9,18553.6,4.9,54.2,0.0,86092.0,0.0,15.0,718.6,1062.9,8.0,11.0,0.0,294.0,346.0
2026-10-02T19:30:42.911153+00:00,SivaChowdary,14.5,2600.0,3.0,10.8,17091.5,11523.9,57.1,13954.7,18554.8,4.9,54.2,0.0,0.0,0.0,0.0,879.6,1206.5,9.0,14.0,0.0,294.0,348.0
2026-10-02T19:30:43.828568+00:00,SivaChowdary,10.4,2600.0,2.5,7.4,41138.6,25448.9,57.1,13955.0,18554.6,4.9,54.2,0.0,102443.9,0.0,21.0,1774.8,997.4,5.0,14.0,0.0,294.0,346.0
2026-10-02T19:30:44.849200+00:00,SivaChowdary,14.9,2600.0,2.9,11.5,17206.9,11261.4,57.1,13954.6,18554.9,4.9,54.2,0.0,57290.3,0.0,12.0,336.7,606.4,4.0,9.0,0.0,294.0,346.0
2026-10-02T19:30:46.014022+00:00,SivaChowdary,8.8,2600.0,4.0,4.7,19684.8,12504.4,57.1,13949.3,18560.2,4.9,54.2,0.0,65548.6,0.0,15.0,591.1,1015.2,7.0,14.0,0.0,294.0,348.0
2026-10-02T19:30:46.968753+00:00,SivaChowdary,22.7,2600.0,2.9,19.1,14510.5,11687.1,57.1,13946.2,18563.3,4.9,54.2,0.0,0.0,0.0,0.0,892.8,1536.6,7.0,15.0,0.0,294.0,348.0
2026-10-02T19:30:47.864289+00:00,SivaChowdary,12.4,2600.0,3.4,8.3,44029.5,27830.6,57.1,13954.9,18554.6,4.9,54.2,0.0,69481.3,0.0,15.0,0.0,326.3,0.0,5.0,0.0,294.0,346.0
2026-10-02T19:30:48.879671+00:00,SivaChowdary,13.6,2600.0,2.9,10.3,20389.7,14395.2,57.1,13953.3,18556.2,4.9,54.2,49255.2,352995.4,3.0,34.1,2410.0,1823.8,12.0,24.1,0.0,294.0,348.0
2026-10-02T19:30:49.877210+00:00,SivaChowdary,15.7,2600.0,5.5,9.3,48603.6,30394.5,57.1,13940.7,18568.8,4.9,54.2,0.0,4093.1,0.0,1.0,841.4,1315.1,9.0,17.0,0.0,294.0,346.0
2026-10-02T19:30:50.833423+00:00,SivaChowdary,16.7,2600.0,4.1,12.4,18228.0,11451.9,57.1,13953.8,18555.7,4.9,54.2,0.0,160007.5,0.0,7.0,1121.8,1637.7,7.0,21.0,0.0,294.0,346.0
2026-10-02T19:30:52.016635+00:00,SivaChowdary,6.5,2600.0,3.0,3.8,17833.6,10121.2,57.1,13954.4,18555.1,4.9,54.2,0.0,40956.7,0.0,6.0,489.0,1348.9,6.0,21.0,0.0,294.0,348.0
2026-10-02T19:30:52.934061+00:00,SivaChowdary,21.5,2600.0,2.7,18.2,16907.7,12124.0,57.1,13946.7,18562.8,4.9,54.2,0.0,49087.2,0.0,9.0,1061.6,1391.2,10.0,17.0,0.0,294.0,348.0
2026-10-02T19:30:53.857432+00:00,SivaChowdary,11.9,2600.0,3.7,7.9,49009.5,28827.8,57.1,13948.8,18560.7,4.9,54.2,0.0,0.0,0.0,0.0,34161.2,1609743.8,244.2,1288.1,0.0,294.0,346.0
2026-10-02T19:30:54.936474+00:00,SivaChowdary,16.8,2600.0,4.0,12.7,23516.6,16924.1,57.1,13943.9,18565.6,4.9,54.2,0.0,20481.4,0.0,4.0,437.0,1089.1,5.0,13.0,0.0,294.0,348.0
2026-10-02T19:30:55.852849+00:00,SivaChowdary,14.3,2600.0,4.1,9.3,45246.4,28366.9,57.1,13951.4,18558.1,4.9,54.2,0.0,12288.4,0.0,3.0,903.0,1098.0,9.0,14.0,0.0,294.0,346.0
2026-10-02T19:30:56.867185+00:00,SivaChowdary,13.5,2600.0,3.0,10.3,17797.2,10577.2,57.1,13949.0,18560.6,4.9,54.2,0.0,12281.2,0.0,3.0,376.8,749.6,4.0,10.0,0.0,294.0,346.0
2026-10-02T19:30:57.970891+00:00,SivaChowdary,6.5,2600.0,2.7,3.4,18221.3,9619.1,57.1,13947.8,18561.7,4.9,54.2,0.0,77825.1,0.0,10.0,461.0,493.0,5.0,6.0,0.0,294.0,348.0
2026-10-02T19:30:58.974177+00:00,SivaChowdary,23.4,2600.0,4.2,18.8,16030.8,12356.5,57.1,13938.4,18571.1,4.9,54.2,0.0,155704.8,0.0,6.0,1806.7,809.3,5.0,10.0,0.0,294.0,348.0
2026-10-02T19:30:59.842186+00:00,SivaChowdary,12.4,2600.0,3.7,8.4,45170.3,26581.4,57.1,13945.3,18564.2,4.9,54.2,0.0,28670.3,0.0,4.0,253.0,596.0,3.0,8.0,0.0,294.0,346.0
2026-10-02T19:31:01.020503+00:00,SivaChowdary,27.2,2600.0,4.7,21.6,17795.8,13459.8,57.1,13937.1,18572.4,4.9,54.2,0.0,45025.2,0.0,8.0,758.5,846.4,9.0,11.0,0.0,294.0,348.0
2026-10-02T19:31:01.822370+00:00,SivaChowdary,20.1,2600.0,4.0,15.9,43266.6,28047.0,57.1,13947.1,18562.4,4.9,54.2,0.0,0.0,0.0,0.0,556.5,990.0,3.0,7.0,0.0,294.0,346.0
2026-10-02T19:31:02.909864+00:00,SivaChowdary,9.1,2600.0,3.0,6.0,13004.3,7607.0,57.1,13943.4,18566.1,4.9,54.2,0.0,32763.8,0.0,7.0,898.9,1371.8,9.0,16.0,0.0,294.0,346.0
2026-10-02T19:31:03.887218+00:00,SivaChowdary,15.1,2600.0,3.4,11.6,20174.8,12263.3,57.1,13943.4,18566.1,4.9,54.2,0.0,49149.1,0.0,7.0,2149.9,1318.9,9.0,17.0,0.0,294.0,348.0
2026-10-02T19:31:04.988505+00:00,SivaChowdary,15.8,2600.0,4.0,10.6,44187.5,27712.9,57.1,13945.8,18563.7,4.9,54.2,0.0,0.0,0.0,0.0,715.8,913.7,8.0,11.0,0.0,294.0,346.0
2026-10-02T19:31:05.866139+00:00,SivaChowdary,18.2,2600.0,4.1,13.3,18011.6,11909.7,57.1,13953.3,18556.2,4.9,54.2,0.0,8193.2,0.0,2.0,253.0,477.1,3.0,7.0,0.0,294.0,346.0
2026-10-02T19:31:06.986488+00:00,SivaChowdary,11.0,2600.0,3.7,7.6,15802.5,9377.1,57.1,13948.1,18561.4,4.9,54.2,0.0,8196.4,0.0,2.0,971.5,1600.9,11.0,20.0,0.0,294.0,348.0
2026-10-02T19:31:07.870239+00:00,SivaChowdary,24.0,2600.0,5.1,18.1,30081.1,20231.0,57.1,13941.9,18567.6,4.9,54.2,0.0,24576.0,0.0,4.0,293.0,620.0,3.0,8.0,0.0,294.0,346.0
2026-10-02T19:31:08.936736+00:00,SivaChowdary,16.5,2600.0,9.9,5.9,38157.7,23421.8,57.0,13964.2,18545.3,4.9,54.2,65535.5,471036.2,4.0,21.0,22172.8,16124.9,41.0,47.0,0.0,294.0,345.0
2026-10-02T19:31:09.880810+00:00,SivaChowdary,15.1,2600.0,3.3,11.2,19437.7,12376.4,57.0,13964.1,18545.4,4.9,54.2,16384.6,712728.0,1.0,139.0,627.0,767.0,6.0,8.0,0.0,294.0,347.0
2026-10-02T19:31:10.951776+00:00,SivaChowdary,12.5,2600.0,2.9,9.1,47480.2,28616.6,57.0,13963.4,18546.1,4.9,54.2,0.0,8185.3,0.0,2.0,167.9,231.8,2.0,3.0,0.0,294.0,345.0
2026-10-02T19:31:11.876290+00:00,SivaChowdary,16.1,2600.0,4.3,11.8,19085.1,12331.3,57.1,13960.5,18549.0,4.9,54.2,16391.0,118834.7,1.0,12.0,382.2,799.3,4.0,12.0,0.0,294.0,345.0
2026-10-02T19:31:13.025483+00:00,SivaChowdary,13.6,2600.0,4.2,8.7,16072.4,10620.3,57.1,13961.9,18547.7,4.9,54.2,0.0,0.0,0.0,0.0,4431.6,1900.0,14.0,19.0,0.0,294.0,347.0
2026-10-02T19:31:13.816636+00:00,SivaChowdary,23.5,2600.0,4.5,18.6,39483.5,25671.5,57.1,13955.5,18554.0,4.9,54.2,0.0,8193.8,0.0,2.0,45112.7,2583686.5,331.1,2007.4,0.0,294.0,347.0
2026-10-02T19:31:14.926130+00:00,SivaChowdary,11.1,2600.0,4.6,6.1,29702.4,17603.7,57.1,13931.2,18578.3,4.9,54.2,0.0,200814.6,0.0,8.0,12698.0,579531.0,114.1,495.3,0.0,294.0,348.0
2026-10-02T19:31:15.906987+00:00,SivaChowdary,27.6,2600.0,12.6,14.5,29551.0,18372.9,57.3,13883.0,18626.6,4.9,54.2,0.0,86048.1,0.0,5.0,7173.7,2787.0,16.0,23.0,0.0,294.0,350.0
2026-10-02T19:31:16.926877+00:00,SivaChowdary,16.3,2600.0,5.6,10.3,44389.7,28554.7,57.3,13883.3,18626.2,4.9,54.2,0.0,73662.8,0.0,13.0,1596.6,2186.1,13.0,16.0,0.0,294.0,348.0
2026-10-02T19:31:17.912387+00:00,SivaChowdary,15.7,2600.0,5.3,10.0,21778.1,14688.5,57.3,13894.1,18615.4,4.9,54.2,0.0,28694.5,0.0,5.0,528.4,714.6,6.0,9.0,0.0,294.0,347.0
2026-10-02T19:31:18.975449+00:00,SivaChowdary,24.4,1496.0,7.8,16.0,25114.4,14988.5,57.3,13880.5,18629.0,4.9,54.2,0.0,32751.5,0.0,5.0,17218.3,17785.0,55.0,58.0,0.0,294.0,349.0
2026-10-02T19:31:19.870680+00:00,SivaChowdary,23.7,1496.0,5.7,17.4,44786.0,30211.0,57.3,13884.3,18625.2,4.9,54.2,0.0,28670.1,0.0,2.0,3788.7,20861.6,25.0,40.0,0.0,294.0,347.0
2026-10-02T19:31:20.926854+00:00,SivaChowdary,9.3,2600.0,3.5,5.4,16207.5,10471.5,57.3,13882.5,18627.0,4.9,54.2,0.0,32785.2,0.0,6.0,10460.5,12916.8,40.0,53.0,0.0,294.0,347.0
2026-10-02T19:31:21.909702+00:00,SivaChowdary,14.7,2600.0,3.0,11.5,20357.5,12208.1,57.3,13884.4,18625.1,4.9,54.2,16370.7,208726.5,1.0,19.0,4834.1,65183.1,51.0,76.9,0.0,294.0,349.0
2026-10-02T19:31:22.973551+00:00,SivaChowdary,11.8,2600.0,3.3,8.0,38194.3,25133.1,57.3,13887.2,18622.3,4.9,54.2,0.0,16386.7,0.0,3.0,1688.3,1883.3,16.0,21.0,0.0,294.0,347.0
2026-10-02T19:31:23.832958+00:00,SivaChowdary,14.1,2600.0,3.1,10.3,17331.8,10868.1,57.3,13884.0,18625.5,4.9,54.2,0.0,65573.0,0.0,10.0,2527.4,1744.0,12.0,18.0,0.0,294.0,347.0
2026-10-02T19:31:25.004414+00:00,SivaChowdary,11.7,2600.0,4.2,7.0,14943.5,8773.9,57.3,13893.2,18616.3,4.9,54.2,0.0,49156.8,0.0,6.0,1279.1,792.1,4.0,13.0,0.0,294.0,349.0
2026-10-02T19:31:25.862805+00:00,SivaChowdary,27.0,2600.0,5.1,21.2,28729.3,19736.8,57.3,13888.0,18621.5,4.9,54.2,16381.3,163813.1,1.0,18.0,16666.3,32594.6,62.0,78.0,0.0,294.0,349.0
2026-10-02T19:31:26.934027+00:00,SivaChowdary,10.7,2600.0,4.3,5.4,32064.5,19493.6,57.3,13896.4,18613.1,4.9,54.2,0.0,135124.0,0.0,7.0,9253.0,21967.8,50.0,56.0,0.0,294.0,347.0
2026-10-02T19:31:27.908320+00:00,SivaChowdary,22.2,2600.0,5.1,16.1,29232.7,18021.8,57.3,13890.2,18619.3,4.9,54.2,0.0,69550.4,0.0,5.0,17089.9,62645.5,89.9,107.9,0.0,294.0,349.0
2026-10-02T19:31:28.937061+00:00,SivaChowdary,16.1,2600.0,5.0,10.8,43661.9,27393.1,57.3,13896.2,18613.3,4.9,54.2,16417.0,184691.6,1.0,16.0,2876.8,2573.2,18.0,24.0,0.0,294.0,347.0
2026-10-02T19:31:29.852225+00:00,SivaChowdary,19.8,2600.0,8.2,11.0,19415.3,13134.4,57.2,13904.6,18605.0,4.9,54.2,0.0,69586.6,0.0,9.0,83.9,207.9,1.0,3.0,0.0,294.0,347.0
2026-10-02T19:31:31.034228+00:00,SivaChowdary,11.2,2600.0,3.7,7.1,14295.7,8360.7,57.2,13908.0,18601.5,4.9,54.2,0.0,737522.5,0.0,34.0,1392.5,1890.6,11.0,18.0,0.0,294.0,349.0
2026-10-02T19:31:31.871113+00:00,SivaChowdary,23.4,2600.0,4.5,18.4,42863.1,27066.4,57.2,13907.3,18602.2,4.9,54.2,0.0,0.0,0.0,0.0,847.2,1351.1,6.0,13.0,0.0,294.0,347.0
2026-10-02T19:31:32.920268+00:00,SivaChowdary,10.1,2600.0,2.8,7.1,22178.0,15269.0,57.2,13900.8,18608.7,4.9,54.2,0.0,45121.0,0.0,9.0,803.2,1095.6,9.0,14.0,0.0,294.0,347.0
2026-10-02T19:31:33.834780+00:00,SivaChowdary,14.1,2600.0,3.8,9.4,17589.8,11120.5,57.2,13911.9,18597.6,4.9,54.2,0.0,4096.2,0.0,1.0,1648.1,733.0,4.0,11.0,0.0,294.0,349.0
2026-10-02T19:31:34.942780+00:00,SivaChowdary,14.8,2600.0,4.4,10.0,43953.1,26551.6,57.2,13909.5,18600.0,4.9,54.2,0.0,131129.1,0.0,1.0,514.2,1042.5,6.0,15.0,0.0,294.0,347.0
2026-10-02T19:31:35.838452+00:00,SivaChowdary,16.1,2600.0,4.0,10.8,21107.0,13178.9,57.2,13915.1,18594.4,4.9,54.2,0.0,4093.5,0.0,1.0,2713.3,8742.6,18.0,34.0,0.0,294.0,347.0
2026-10-02T19:31:36.979161+00:00,SivaChowdary,11.1,2600.0,3.6,7.2,14873.2,8471.5,57.2,13909.2,18600.3,4.9,54.2,0.0,188495.0,0.0,7.0,1011.4,1670.7,11.0,21.0,0.0,294.0,350.0
2026-10-02T19:31:37.850582+00:00,SivaChowdary,20.3,2600.0,3.8,15.9,49863.5,32406.7,57.2,13908.5,18601.0,4.9,54.2,0.0,36876.2,0.0,3.0,293.1,1021.3,3.0,16.0,0.0,294.0,347.0
2026-10-02T19:31:38.914816+00:00,SivaChowdary,9.6,2600.0,3.0,6.1,13800.1,8228.1,57.2,13918.8,18590.7,4.9,54.2,0.0,94106.5,0.0,15.0,1477.4,678.3,2.0,9.0,0.0,294.0,346.0
2026-10-02T19:31:39.915424+00:00,SivaChowdary,12.0,2600.0,2.4,9.0,22317.5,14534.0,57.2,13916.6,18592.9,4.9,54.2,0.0,40999.5,0.0,10.0,377.4,941.9,4.0,14.0,0.0,294.0,348.0
2026-10-02T19:31:40.941794+00:00,SivaChowdary,15.3,2600.0,3.3,11.5,44617.0,25646.5,57.1,13930.7,18578.8,4.9,54.2,0.0,24561.1,0.0,6.0,1046.4,1564.1,11.0,17.0,0.0,294.0,346.0
2026-10-02T19:31:41.854558+00:00,SivaChowdary,13.2,2600.0,3.8,8.8,16871.2,10306.3,57.2,13925.5,18584.0,4.9,54.2,0.0,114825.4,0.0,9.0,11622.9,81946.1,64.1,100.1,0.0,294.0,348.0
2026-10-02T19:31:43.025491+00:00,SivaChowdary,11.6,2600.0,2.4,8.8,16275.9,10884.6,57.2,13925.0,18584.5,4.9,54.2,0.0,32715.6,0.0,5.0,3344.6,2582.9,21.0,29.0,0.0,294.0,348.0
2026-10-02T19:31:43.850257+00:00,SivaChowdary,17.1,2600.0,3.0,13.2,45871.6,28845.5,57.2,13923.5,18586.0,4.9,54.2,0.0,127088.4,0.0,13.0,423.4,727.6,5.0,10.0,0.0,294.0,346.0
2026-10-02T19:31:44.967050+00:00,SivaChowdary,12.2,2600.0,3.4,8.4,15754.8,10331.1,57.2,13927.5,18582.0,4.9,54.2,0.0,16392.1,0.0,3.0,18799.3,18647.2,45.0,66.0,0.0,294.0,346.0
2026-10-02T19:31:45.871171+00:00,SivaChowdary,13.2,1496.0,3.1,9.7,18836.8,11633.3,57.1,13943.2,18566.3,4.9,54.2,0.0,65504.2,0.0,13.0,292.9,572.7,3.0,8.0,0.0,294.0,347.0
2026-10-02T19:31:46.929730+00:00,SivaChowdary,22.4,1496.0,5.0,16.8,55386.1,32476.7,57.1,13941.7,18567.8,4.9,54.2,0.0,86028.5,0.0,15.0,8471.2,58560.5,36.0,68.0,0.0,294.0,345.0
2026-10-02T19:31:47.851862+00:00,SivaChowdary,10.9,2600.0,3.3,7.1,16534.7,9269.5,57.1,13946.5,18563.0,4.9,54.2,16386.6,176156.5,1.0,20.0,0.0,564.1,0.0,8.0,0.0,294.0,345.0
2026-10-02T19:31:48.923265+00:00,SivaChowdary,15.7,2600.0,3.9,11.0,17468.9,11612.3,57.1,13944.7,18564.8,4.9,54.2,0.0,106452.8,0.0,10.0,24354.1,15226.8,42.0,47.0,0.0,294.0,347.0
2026-10-02T19:31:49.879542+00:00,SivaChowdary,15.5,2600.0,3.8,11.0,47036.0,29596.7,57.1,13930.5,18579.0,4.9,54.2,65499.8,0.0,1.0,0.0,759.6,2427.7,9.0,25.0,0.0,294.0,345.0
2026-10-02T19:31:50.913222+00:00,SivaChowdary,19.0,2600.0,4.9,13.3,17002.7,11032.7,57.1,13947.6,18561.9,4.9,54.2,0.0,225356.1,0.0,16.0,1526.5,2355.8,15.0,21.0,0.0,294.0,345.0
2026-10-02T19:31:51.897055+00:00,SivaChowdary,7.9,2600.0,2.2,4.4,14543.0,7997.5,57.1,13948.5,18561.0,4.9,54.2,16385.1,114695.5,1.0,14.0,843.1,1335.1,9.0,17.0,0.0,294.0,347.0
2026-10-02T19:31:52.879806+00:00,SivaChowdary,22.8,2600.0,3.1,18.8,27059.7,18215.0,57.1,13938.5,18571.0,4.9,54.2,0.0,24555.7,0.0,5.0,5504.5,2214.2,21.0,22.0,0.0,294.0,345.0
2026-10-02T19:31:53.849490+00:00,SivaChowdary,8.3,2600.0,2.8,4.7,31236.4,18110.5,57.1,13948.5,18561.1,4.9,54.2,0.0,0.0,0.0,0.0,1773.6,1459.3,5.0,13.0,0.0,294.0,345.0
2026-10-02T19:31:54.873606+00:00,SivaChowdary,18.6,2600.0,4.4,13.4,24025.7,15227.2,57.1,13939.8,18569.7,4.9,54.2,0.0,61436.6,0.0,13.0,795.0,1469.9,8.0,18.0,0.0,294.0,347.0
2026-10-02T19:31:55.885117+00:00,SivaChowdary,12.9,2600.0,3.4,7.9,47657.5,27633.8,57.1,13944.4,18565.1,4.9,54.2,0.0,12291.5,0.0,3.0,377.1,613.2,4.0,8.0,0.0,294.0,345.0
2026-10-02T19:31:56.872005+00:00,SivaChowdary,18.7,2600.0,4.0,13.5,17906.6,11695.7,57.1,13947.2,18562.3,4.9,54.2,0.0,16383.6,0.0,4.0,1421.0,1864.0,15.0,22.0,0.0,294.0,347.0
2026-10-02T19:31:57.991575+00:00,SivaChowdary,9.2,2600.0,3.8,4.2,15768.7,8380.4,57.1,13942.7,18566.8,4.9,54.2,0.0,77837.1,0.0,10.0,1392.2,2644.4,15.0,27.0,0.0,294.0,347.0
2026-10-02T19:31:58.887154+00:00,SivaChowdary,26.4,2600.0,4.1,21.7,16711.9,13233.4,57.1,13936.8,18572.7,4.9,54.2,0.0,110511.7,0.0,6.0,1477.9,231.8,2.0,3.0,0.0,294.0,347.0
2026-10-02T19:31:59.851907+00:00,SivaChowdary,14.2,2600.0,5.8,7.6,47505.3,26722.9,57.1,13951.4,18558.1,4.9,54.2,0.0,12295.3,0.0,3.0,84.1,200.1,1.0,3.0,0.0,294.0,345.0
2026-10-02T19:32:00.939057+00:00,SivaChowdary,22.1,2600.0,4.5,17.1,13625.5,10052.7,57.1,13936.5,18573.1,4.9,54.2,0.0,4094.7,0.0,1.0,460.8,699.8,5.0,8.0,0.0,294.0,347.0
2026-10-02T19:32:01.852812+00:00,SivaChowdary,13.7,2600.0,2.9,10.1,52081.5,32701.0,57.1,13937.6,18572.0,4.9,54.2,0.0,49161.0,0.0,3.0,1243.2,1479.3,7.0,13.0,0.0,294.0,345.0
2026-10-02T19:32:02.866725+00:00,SivaChowdary,14.9,2600.0,3.4,10.7,16216.5,10823.3,57.1,13932.1,18577.4,4.9,54.2,0.0,69543.9,0.0,11.0,773.0,1221.5,8.0,15.0,0.0,294.0,345.0
2026-10-02T19:32:04.022147+00:00,SivaChowdary,6.8,2600.0,2.8,3.7,15372.8,8734.8,57.1,13947.3,18562.2,4.9,54.2,0.0,93658.7,0.0,17.9,1595.6,819.2,4.0,12.9,0.0,294.0,347.0
2026-10-02T19:32:04.872556+00:00,SivaChowdary,21.1,2600.0,2.4,18.3,17684.2,12832.3,57.1,13941.8,18567.8,4.9,54.2,0.0,0.0,0.0,0.0,896.0,1432.2,10.1,18.1,0.0,294.0,347.0
2026-10-02T19:32:05.917348+00:00,SivaChowdary,11.1,2600.0,3.8,6.6,46662.8,27885.8,57.1,13941.8,18567.7,4.9,54.2,0.0,147306.9,0.0,4.0,882.1,1595.4,10.0,15.0,0.0,294.0,345.0
2026-10-02T19:32:06.896775+00:00,SivaChowdary,13.0,1496.0,2.7,9.8,17428.9,10697.5,57.1,13937.5,18572.0,4.9,54.2,0.0,20481.0,0.0,3.0,672.0,1361.1,7.0,18.0,0.0,294.0,347.0
2026-10-02T19:32:07.945861+00:00,SivaChowdary,15.9,2600.0,4.5,10.9,44491.9,26477.6,57.1,13937.6,18571.9,4.9,54.2,0.0,28639.1,0.0,5.0,1183.6,1475.3,11.0,16.0,0.0,294.0,345.0
2026-10-02T19:32:08.851602+00:00,SivaChowdary,14.7,2600.0,3.3,10.4,16269.9,10580.7,57.1,13940.1,18569.4,4.9,54.2,0.0,36897.8,0.0,5.0,2403.2,1589.5,11.0,19.0,0.0,294.0,345.0
2026-10-02T19:32:09.978129+00:00,SivaChowdary,11.6,2600.0,4.1,7.2,18974.3,11256.7,57.1,13933.8,18575.7,4.9,54.2,0.0,36886.0,0.0,2.0,63115.7,2292775.3,341.2,1805.1,0.0,294.0,347.0
2026-10-02T19:32:10.838363+00:00,SivaChowdary,21.8,2600.0,3.6,16.7,45051.9,29803.3,57.2,13926.1,18583.4,4.9,54.2,0.0,8190.7,0.0,2.0,41840.4,2359479.3,305.0,1834.7,0.0,294.0,345.0
2026-10-02T19:32:11.923115+00:00,SivaChowdary,10.2,2600.0,3.5,6.1,19960.6,11961.8,57.1,13937.1,18572.4,4.9,54.2,0.0,86036.0,0.0,8.0,19755.6,979989.0,179.0,798.2,0.0,294.0,345.0
2026-10-02T19:32:12.869757+00:00,SivaChowdary,12.8,2600.0,2.3,10.1,17431.0,11253.2,57.1,13938.1,18571.4,4.9,54.2,0.0,0.0,0.0,0.0,673.7,1289.3,7.0,17.0,0.0,294.0,347.0
2026-10-02T19:32:13.936907+00:00,SivaChowdary,17.2,2600.0,4.7,11.9,43050.4,26347.6,57.1,13935.4,18574.2,4.9,54.2,0.0,221273.4,0.0,9.0,2065.8,1066.4,8.0,14.0,0.0,294.0,345.0
2026-10-02T19:32:14.851305+00:00,SivaChowdary,14.8,1496.0,3.2,10.1,16619.8,11076.9,57.1,13937.7,18571.8,4.9,54.2,0.0,171968.1,0.0,15.0,376.9,548.8,4.0,7.0,0.0,294.0,345.0
2026-10-02T19:32:16.076349+00:00,SivaChowdary,14.2,2600.0,3.9,9.3,14790.1,9340.1,57.1,13936.2,18573.3,4.9,54.2,0.0,69632.6,0.0,16.0,23060.2,1091186.1,161.0,869.0,0.0,294.0,347.0
2026-10-02T19:32:16.849342+00:00,SivaChowdary,25.9,2600.0,4.3,20.7,39351.2,25723.9,57.2,13927.7,18581.8,4.9,54.2,0.0,0.0,0.0,0.0,50463.5,2760858.0,395.2,2190.8,0.0,294.0,349.0
2026-10-02T19:32:17.935666+00:00,SivaChowdary,10.7,2600.0,3.3,6.3,28041.4,17423.3,57.2,13905.3,18604.2,4.9,54.2,0.0,151581.0,0.0,18.0,1016.2,2228.4,10.0,18.0,0.0,294.0,346.0
2026-10-02T19:32:18.887083+00:00,SivaChowdary,14.6,1496.0,3.4,10.4,25235.0,17592.1,57.2,13902.8,18606.7,4.9,54.2,0.0,49157.9,0.0,10.0,8375.0,4263.5,32.0,43.0,0.0,294.0,348.0
2026-10-02T19:32:19.942844+00:00,SivaChowdary,16.0,2600.0,3.6,11.9,48820.8,34766.6,57.3,13891.5,18618.0,4.9,54.2,0.0,0.0,0.0,0.0,2265.0,19669.3,24.0,36.0,0.0,294.0,346.0
2026-10-02T19:32:20.861566+00:00,SivaChowdary,16.8,2600.0,4.8,11.2,22662.3,16135.0,57.2,13906.5,18603.0,4.9,54.2,0.0,32749.7,0.0,6.0,27696.5,1684573.6,186.9,1331.3,0.0,294.0,346.0
2026-10-02T19:32:22.000657+00:00,SivaChowdary,11.0,2600.0,2.4,7.7,16526.3,10366.9,57.2,13901.7,18607.9,4.9,54.2,0.0,114731.6,0.0,7.0,21613.2,1190831.8,186.1,983.4,0.0,294.0,348.0
2026-10-02T19:32:22.873312+00:00,SivaChowdary,18.3,2600.0,3.8,13.9,48815.3,32320.0,57.2,13900.8,18608.7,4.9,54.2,0.0,24563.1,0.0,4.0,729.6,1398.3,7.0,18.0,0.0,294.0,346.0
2026-10-02T19:32:23.946811+00:00,SivaChowdary,10.6,2600.0,2.7,7.3,15216.7,9087.2,57.2,13903.1,18606.4,4.9,54.2,0.0,49163.9,0.0,6.0,28010.8,1315919.4,188.0,1038.3,0.0,294.0,346.0
2026-10-02T19:32:24.922130+00:00,SivaChowdary,16.8,2600.0,4.6,11.7,26155.0,15561.4,57.3,13894.1,18615.4,4.9,54.2,0.0,32760.5,0.0,6.0,6090.6,324550.9,54.0,284.9,0.0,294.0,348.0
2026-10-02T19:32:26.023102+00:00,SivaChowdary,18.2,2600.0,3.5,13.8,41012.8,27076.7,57.3,13895.1,18614.4,4.9,54.2,0.0,12296.0,0.0,3.0,1683.1,1884.2,18.0,22.0,0.0,294.0,348.0
2026-10-02T19:32:26.888514+00:00,SivaChowdary,25.5,1496.0,9.4,14.4,19600.6,12470.9,57.2,13898.5,18611.0,4.9,54.2,0.0,20461.9,0.0,4.0,883.2,1154.0,10.0,14.0,0.0,294.0,346.0
2026-10-02T19:32:28.067161+00:00,SivaChowdary,14.7,2600.0,3.3,9.8,15052.6,9493.6,57.2,13900.4,18609.2,4.9,54.2,0.0,0.0,0.0,0.0,2153.8,1346.5,9.0,17.0,0.0,294.0,348.0
2026-10-02T19:32:28.868193+00:00,SivaChowdary,24.0,2600.0,4.5,18.6,44670.9,29173.1,57.2,13898.4,18611.1,4.9,54.2,0.0,69689.5,0.0,10.0,293.2,517.4,3.0,7.0,0.0,294.0,346.0
2026-10-02T19:32:29.954045+00:00,SivaChowdary,12.5,2600.0,3.1,8.7,14452.1,9739.7,57.2,13901.5,18608.0,4.9,54.2,0.0,53229.9,0.0,7.0,713.8,1193.6,8.0,17.0,0.0,294.0,346.0
2026-10-02T19:32:30.920312+00:00,SivaChowdary,13.2,1496.0,3.7,8.6,17017.4,9950.8,57.2,13901.1,18608.4,4.9,54.2,0.0,8186.9,0.0,2.0,83.9,255.8,1.0,4.0,0.0,294.0,348.0
2026-10-02T19:32:31.931481+00:00,SivaChowdary,18.8,2600.0,3.7,14.6,41408.2,28792.7,57.2,13901.8,18607.7,4.9,54.2,0.0,73724.7,0.0,3.0,557.0,958.0,3.0,7.0,0.0,294.0,346.0
2026-10-02T19:32:32.845131+00:00,SivaChowdary,12.0,1496.0,3.1,8.1,19078.5,10470.5,57.3,13893.6,18615.9,4.9,54.2,0.0,57357.7,0.0,10.0,34724.3,1697852.4,219.1,1362.3,0.0,294.0,346.0
2026-10-02T19:32:33.912012+00:00,SivaChowdary,13.0,2600.0,2.6,9.7,16029.0,10207.5,57.2,13898.1,18611.4,4.9,54.2,0.0,24531.6,0.0,3.0,1768.8,1250.7,5.0,19.0,0.0,294.0,348.0
2026-10-02T19:32:34.850286+00:00,SivaChowdary,10.5,2600.0,2.9,7.3,39406.7,24650.9,57.2,13901.3,18608.2,4.9,54.2,0.0,0.0,0.0,0.0,379.6,517.8,4.0,6.0,0.0,294.0,346.0
2026-10-02T19:32:35.860103+00:00,SivaChowdary,15.0,2600.0,2.3,12.0,17961.3,11603.5,57.2,13902.5,18607.0,4.9,54.2,0.0,680023.6,0.0,141.0,1594.2,1651.2,14.0,18.0,0.0,294.0,346.0
2026-10-02T19:32:37.048611+00:00,SivaChowdary,9.0,2600.0,3.5,5.2,14970.7,8335.0,57.2,13898.4,18611.2,4.9,54.2,0.0,40964.8,0.0,5.0,1214.1,1654.2,13.0,21.0,0.0,294.0,348.0
2026-10-02T19:32:37.874733+00:00,SivaChowdary,25.9,2600.0,4.4,20.8,17550.0,12411.0,57.3,13890.1,18619.4,4.9,54.2,0.0,86015.8,0.0,5.0,628.0,826.0,7.0,10.0,0.0,294.0,348.0
2026-10-02T19:32:38.852996+00:00,SivaChowdary,9.8,2600.0,3.5,5.4,46649.6,28405.2,57.2,13899.7,18609.8,4.9,54.2,131082.3,335898.3,1.0,6.0,12144.9,7983.6,68.0,76.0,0.0,294.0,346.0
2026-10-02T19:32:39.845839+00:00,SivaChowdary,13.6,2600.0,2.7,10.6,18186.5,11107.8,57.3,13897.6,18612.0,4.9,54.2,0.0,4097.0,0.0,1.0,880.2,1195.3,9.0,13.0,0.0,294.0,348.0
2026-10-02T19:32:40.969305+00:00,SivaChowdary,12.0,2600.0,3.9,7.4,39323.1,24868.9,57.2,13901.3,18608.2,4.9,54.2,0.0,12280.5,0.0,3.0,167.9,534.7,2.0,7.0,0.0,294.0,346.0
2026-10-02T19:32:41.834898+00:00,SivaChowdary,19.7,2600.0,4.2,15.0,17717.8,11353.3,57.3,13893.3,18616.2,4.9,54.2,0.0,53277.5,0.0,7.0,7351.1,2840.6,20.0,25.0,0.0,294.0,346.0
2026-10-02T19:32:43.016291+00:00,SivaChowdary,6.9,2600.0,2.8,4.1,12612.0,6969.8,57.2,13908.5,18601.0,4.9,54.2,0.0,0.0,0.0,0.0,899.7,1519.5,9.0,17.0,0.0,294.0,348.0
2026-10-02T19:32:43.869006+00:00,SivaChowdary,27.5,2600.0,4.0,22.3,25760.2,16643.8,57.2,13898.6,18610.9,4.9,54.2,0.0,49186.7,0.0,7.0,1777.3,1341.9,5.0,19.0,0.0,294.0,348.0
2026-10-02T19:32:44.929301+00:00,SivaChowdary,9.5,1496.0,3.4,5.5,40956.7,24773.8,57.2,13911.6,18597.9,4.9,54.2,0.0,12283.4,0.0,3.0,18969.9,48676.8,92.0,117.0,0.0,294.0,346.0
2026-10-02T19:32:45.911682+00:00,SivaChowdary,17.5,2600.0,3.7,13.3,20928.8,12822.3,57.2,13898.0,18611.5,4.9,54.2,0.0,24580.4,0.0,4.0,33733.1,2596806.4,275.0,2014.4,0.0,294.0,348.0
2026-10-02T19:32:46.940172+00:00,SivaChowdary,13.1,2600.0,2.6,10.1,48258.6,31955.8,57.2,13907.0,18602.5,4.9,54.2,0.0,176038.9,0.0,24.0,30491.6,2549533.5,250.9,1989.0,0.0,294.0,346.0
2026-10-02T19:32:47.832327+00:00,SivaChowdary,15.1,2600.0,2.9,11.1,23867.2,17040.9,57.1,13932.5,18577.0,4.9,54.2,0.0,24577.3,0.0,5.0,0.0,359.0,0.0,5.0,0.0,294.0,347.0
2026-10-02T19:32:48.950654+00:00,SivaChowdary,8.3,2600.0,2.4,5.8,14385.8,8342.6,57.1,13934.7,18574.8,4.9,54.2,0.0,69645.5,0.0,10.0,2111.4,1635.3,9.0,18.0,0.0,294.0,347.0
2026-10-02T19:32:49.872324+00:00,SivaChowdary,22.6,2600.0,4.0,17.9,39877.3,26363.0,57.2,13910.6,18598.9,4.9,54.2,0.0,8187.3,0.0,1.0,547.7,993.4,6.0,13.0,0.0,294.0,345.0
2026-10-02T19:32:50.960845+00:00,SivaChowdary,10.0,2600.0,4.2,5.3,18235.8,10486.9,57.1,13937.7,18571.8,4.9,54.2,16377.6,122831.8,1.0,14.0,713.7,1384.5,8.0,19.0,0.0,294.0,345.0
2026-10-02T19:32:51.863509+00:00,SivaChowdary,16.1,2600.0,3.5,12.0,19305.6,11886.7,57.2,13926.7,18582.8,4.9,54.2,0.0,258216.3,0.0,55.0,4319.8,3783.5,35.0,41.0,0.0,294.0,347.0
2026-10-02T19:32:52.906692+00:00,SivaChowdary,13.2,2600.0,3.7,9.3,39413.7,24569.2,57.1,13934.4,18575.1,4.9,54.2,0.0,16383.4,0.0,4.0,2162.9,2519.9,22.0,28.0,0.0,294.0,345.0
2026-10-02T19:32:53.848577+00:00,SivaChowdary,14.2,2600.0,4.3,9.3,16599.0,10402.2,57.1,13932.3,18577.2,4.9,54.2,0.0,0.0,0.0,0.0,2484.1,2404.1,12.0,31.0,0.0,294.0,345.0
2026-10-02T19:32:54.975365+00:00,SivaChowdary,12.9,2600.0,4.2,8.6,14587.0,8819.6,57.2,13929.2,18580.4,4.9,54.2,0.0,192525.4,0.0,8.0,168.0,927.1,2.0,14.0,0.0,294.0,347.0
2026-10-02T19:32:55.865596+00:00,SivaChowdary,20.1,2600.0,4.8,14.1,46581.4,29419.8,57.2,13924.9,18584.6,4.9,54.2,0.0,12296.3,0.0,3.0,586.4,1402.9,6.0,20.0,0.0,294.0,345.0
2026-10-02T19:32:56.914697+00:00,SivaChowdary,11.9,2600.0,2.9,8.7,15876.4,10035.1,57.1,13932.0,18577.5,4.9,54.2,0.0,69646.9,0.0,7.0,1555.3,1793.4,16.0,19.0,0.0,294.0,345.0
2026-10-02T19:32:57.886219+00:00,SivaChowdary,13.6,2600.0,4.5,8.3,17909.3,10067.9,57.2,13930.1,18579.4,4.9,54.2,0.0,57332.0,0.0,9.0,1422.7,1746.6,14.0,19.0,0.0,294.0,347.0
2026-10-02T19:32:58.920285+00:00,SivaChowdary,18.2,2600.0,3.6,14.3,44045.6,28565.6,57.2,13921.7,18587.8,4.9,54.2,0.0,36840.3,0.0,5.0,5690.3,2265.5,17.0,23.0,0.0,294.0,345.0
2026-10-02T19:32:59.854539+00:00,SivaChowdary,10.0,1496.0,3.1,6.3,16750.0,9591.4,57.2,13930.0,18579.6,4.9,54.2,0.0,28682.3,0.0,5.0,423.2,790.3,5.0,9.0,0.0,294.0,345.0
2026-10-02T19:33:01.029066+00:00,SivaChowdary,20.2,2600.0,3.2,16.5,14785.0,10330.2,57.2,13921.8,18587.8,4.9,54.2,0.0,8189.8,0.0,2.0,168.0,406.9,2.0,5.0,0.0,294.0,347.0
2026-10-02T19:33:01.884687+00:00,SivaChowdary,18.1,2600.0,3.0,14.8,47990.0,31850.6,57.2,13919.8,18589.7,4.9,54.2,0.0,12295.9,0.0,2.0,557.4,1006.6,3.0,9.0,0.0,294.0,345.0
2026-10-02T19:33:02.904882+00:00,SivaChowdary,16.1,2600.0,4.2,12.0,24464.6,16676.9,57.2,13924.5,18585.0,4.9,54.2,0.0,24565.5,0.0,6.0,773.7,1110.5,8.0,13.0,0.0,294.0,345.0
2026-10-02T19:33:03.883780+00:00,SivaChowdary,10.0,2600.0,3.1,6.5,17557.5,9823.8,57.2,13921.8,18587.7,4.9,54.2,0.0,57319.5,0.0,9.0,1771.2,500.8,5.0,6.0,0.0,294.0,347.0
2026-10-02T19:33:04.910786+00:00,SivaChowdary,19.1,2600.0,4.1,14.6,44186.4,28960.9,57.2,13917.7,18591.8,4.9,54.2,0.0,0.0,0.0,0.0,61627.6,4108578.1,486.4,3205.4,0.0,294.0,345.0
2026-10-02T19:33:05.875351+00:00,SivaChowdary,11.4,2600.0,4.0,6.5,18188.8,9893.1,57.2,13929.7,18579.8,4.9,54.2,0.0,143389.9,0.0,4.0,6366.3,303072.2,57.0,269.1,0.0,294.0,345.0
2026-10-02T19:33:06.887125+00:00,SivaChowdary,14.7,2600.0,3.1,11.6,14991.3,10344.7,57.2,13908.2,18601.4,4.9,54.2,0.0,65502.5,0.0,5.0,1510.2,2309.8,15.0,24.0,0.0,294.0,347.0
2026-10-02T19:33:07.857822+00:00,SivaChowdary,17.3,2600.0,6.1,10.1,44814.6,27938.3,57.2,13916.9,18592.7,4.9,54.2,0.0,229148.8,0.0,50.0,1461.6,1670.3,14.0,20.0,0.0,294.0,346.0
2026-10-02T19:33:08.850133+00:00,SivaChowdary,24.3,2600.0,6.7,16.9,27306.2,15780.1,57.2,13899.5,18610.0,4.9,54.2,163913.4,65565.4,3.0,6.0,20046.0,107546.2,110.0,135.1,0.0,294.0,346.0
2026-10-02T19:33:09.990303+00:00,SivaChowdary,13.0,2600.0,4.7,7.1,21758.6,11644.1,57.3,13886.6,18622.9,4.9,54.2,32802.1,1078368.5,2.0,36.0,168.2,512.5,2.0,8.0,0.0,294.0,349.0
2026-10-02T19:33:10.940269+00:00,SivaChowdary,24.1,2600.0,5.0,19.5,12815.9,10157.8,57.3,13884.7,18624.8,4.9,54.2,0.0,12274.5,0.0,2.0,961.9,2051.7,10.0,28.0,0.0,294.0,349.0
2026-10-02T19:33:11.858185+00:00,SivaChowdary,15.4,2600.0,5.9,9.1,46279.4,27925.3,57.3,13889.4,18620.1,4.9,54.2,0.0,49219.4,0.0,8.0,293.4,854.2,3.0,13.0,0.0,294.0,347.0
2026-10-02T19:33:12.895494+00:00,SivaChowdary,14.4,2600.0,2.8,11.4,17380.3,12343.0,57.3,13883.4,18626.2,4.9,54.2,212750.5,670982.2,8.0,33.0,3470.1,2514.1,14.0,30.0,0.0,294.0,349.0
2026-10-02T19:33:13.895328+00:00,SivaChowdary,11.7,2600.0,3.8,7.4,43148.8,27755.7,57.2,13899.7,18609.8,4.9,54.2,0.0,57407.6,0.0,6.0,1904.1,1264.4,7.0,18.0,0.0,294.0,347.0
2026-10-02T19:33:14.848962+00:00,SivaChowdary,14.9,1496.0,2.9,11.2,15341.3,9837.6,57.2,13904.4,18605.2,4.9,54.2,0.0,8190.0,0.0,2.0,142.0,759.8,2.0,13.0,0.0,294.0,349.0
2026-10-02T19:33:16.075689+00:00,SivaChowdary,9.0,2600.0,3.7,4.6,20068.4,12908.2,57.3,13890.7,18618.8,4.9,54.2,0.0,20469.2,0.0,5.0,817.6,1505.2,8.0,19.0,0.0,294.0,349.0
2026-10-02T19:33:16.999794+00:00,SivaChowdary,25.4,2600.0,3.6,21.7,13670.7,10580.0,57.3,13894.5,18615.0,4.9,54.2,0.0,12275.2,0.0,2.0,1184.8,1389.5,10.0,11.0,0.0,294.0,349.0
2026-10-02T19:33:17.861518+00:00,SivaChowdary,15.7,2600.0,4.0,10.5,46601.6,28105.1,57.3,13897.7,18611.8,4.9,54.2,0.0,123002.9,0.0,11.0,1243.2,2245.2,11.0,16.0,0.0,294.0,348.0
2026-10-02T19:33:18.944099+00:00,SivaChowdary,13.3,2600.0,3.8,9.2,15783.0,9924.9,57.3,13893.1,18616.4,4.9,54.2,0.0,12290.3,0.0,2.0,14584.8,25613.9,57.0,77.0,0.0,294.0,349.0
2026-10-02T19:33:19.886844+00:00,SivaChowdary,15.1,2600.0,3.4,11.0,48205.5,32018.6,57.3,13881.8,18627.7,4.9,54.2,0.0,0.0,0.0,0.0,14681.3,32524.8,51.0,67.0,0.0,294.0,347.0
2026-10-02T19:33:20.893343+00:00,SivaChowdary,21.2,2600.0,10.2,10.6,18286.8,13263.7,57.3,13886.2,18623.3,4.9,54.2,0.0,155433.8,0.0,19.0,1857.4,3544.1,17.0,24.0,0.0,294.0,348.0
2026-10-02T19:33:21.835550+00:00,SivaChowdary,9.1,2600.0,3.3,5.2,24854.5,12604.0,57.3,13887.6,18622.0,4.9,54.2,0.0,241989.8,0.0,18.0,803.1,1213.6,9.0,15.0,0.0,294.0,350.0
2026-10-02T19:33:22.911791+00:00,SivaChowdary,20.3,2600.0,3.2,16.8,39395.2,26921.2,57.3,13888.7,18620.8,4.9,54.2,0.0,131019.5,0.0,10.0,1483.4,2072.2,15.0,25.0,0.0,294.0,348.0
2026-10-02T19:33:23.850659+00:00,SivaChowdary,9.8,2600.0,2.6,6.4,15635.4,8829.3,57.3,13894.7,18614.8,4.9,54.2,0.0,45037.0,0.0,6.0,2118.1,1463.4,7.0,18.0,0.0,294.0,350.0
2026-10-02T19:33:24.902403+00:00,SivaChowdary,18.3,2600.0,4.4,13.3,19706.4,13632.8,57.3,13885.0,18624.5,4.9,54.2,0.0,163910.2,0.0,7.0,920.4,2249.0,9.0,27.0,0.0,294.0,350.0
2026-10-02T19:33:25.855665+00:00,SivaChowdary,19.7,2600.0,7.7,11.1,46921.8,29869.0,57.3,13878.8,18630.7,4.9,54.2,49122.5,10884719.1,3.0,102.9,524.7,940.4,4.0,14.0,0.0,294.0,348.0
2026-10-02T19:33:26.858917+00:00,SivaChowdary,15.9,2600.0,3.3,11.4,34659.7,28182.4,57.3,13881.0,18628.5,4.9,54.2,0.0,102499.8,0.0,23.0,377.4,1045.0,4.0,15.0,0.0,294.0,348.0
2026-10-02T19:33:27.997834+00:00,SivaChowdary,7.8,2600.0,3.4,4.5,14780.9,8187.6,57.3,13887.1,18622.4,4.9,54.2,0.0,0.0,0.0,0.0,1898.1,1210.8,7.0,17.0,0.0,294.0,352.0
2026-10-02T19:33:28.874251+00:00,SivaChowdary,25.6,2600.0,3.6,21.9,26456.9,20193.2,57.3,13876.4,18633.1,4.9,54.2,0.0,188558.1,0.0,23.0,38074.7,2296597.8,252.2,1806.4,0.0,294.0,350.0
2026-10-02T19:33:29.853996+00:00,SivaChowdary,9.1,1496.0,3.4,4.8,44785.6,27568.3,57.3,13885.8,18623.7,4.9,54.2,49138.4,364442.9,2.0,20.0,21329.1,1269528.7,188.9,1011.7,0.0,294.0,348.0
2026-10-02T19:33:30.871175+00:00,SivaChowdary,16.3,2600.0,4.2,12.3,18367.0,11362.5,57.3,13879.7,18629.8,4.9,54.2,0.0,167972.3,0.0,14.0,983.2,2325.5,6.0,24.0,0.0,294.0,350.0
2026-10-02T19:33:31.872013+00:00,SivaChowdary,10.2,1496.0,3.3,6.2,40790.6,25727.7,57.3,13884.6,18624.9,4.9,54.2,0.0,86061.7,0.0,3.0,1225.7,2948.6,8.0,28.0,0.0,294.0,348.0
2026-10-02T19:33:32.831236+00:00,SivaChowdary,16.3,1496.0,4.1,12.2,17415.9,10658.9,57.3,13877.9,18631.6,4.9,54.2,0.0,270055.9,0.0,9.0,83.9,640.3,1.0,10.0,0.0,294.0,348.0
2026-10-02T19:33:34.005341+00:00,SivaChowdary,8.4,2600.0,3.4,4.2,14079.1,7472.5,57.3,13882.3,18627.2,4.9,54.2,0.0,4095.7,0.0,1.0,2361.9,1662.9,12.0,22.0,0.0,294.0,350.0
2026-10-02T19:33:34.920290+00:00,SivaChowdary,25.0,2600.0,3.9,20.4,15060.0,10754.3,57.3,13874.1,18635.4,4.9,54.2,0.0,0.0,0.0,0.0,1094.9,3701.2,12.0,70.1,0.0,294.0,350.0
2026-10-02T19:33:35.856538+00:00,SivaChowdary,9.0,2600.0,3.1,5.5,41573.7,26121.5,57.3,13877.6,18631.9,4.9,54.2,0.0,12284.9,0.0,3.0,799.8,1331.7,9.0,18.0,0.0,294.0,348.0
2026-10-02T19:33:36.869673+00:00,SivaChowdary,15.7,2600.0,4.1,11.6,18462.9,11749.3,57.3,13881.5,18628.0,4.9,54.2,0.0,188517.4,0.0,7.0,1258.7,1803.0,13.0,23.0,0.0,294.0,350.0
2026-10-02T19:33:37.895458+00:00,SivaChowdary,12.1,2600.0,3.5,7.7,43165.3,26714.6,57.3,13876.4,18633.1,4.9,54.2,0.0,90066.8,0.0,10.0,418.8,5600.2,5.0,126.9,0.0,294.0,348.0
2026-10-02T19:33:38.846377+00:00,SivaChowdary,14.8,2600.0,2.9,11.2,17709.2,11084.2,57.3,13883.0,18626.5,4.9,54.2,0.0,0.0,0.0,0.0,2570.7,8154.4,13.0,171.0,0.0,294.0,348.0
2026-10-02T19:33:40.009444+00:00,SivaChowdary,6.4,2600.0,2.7,3.5,16078.0,8504.7,57.3,13878.2,18631.3,4.9,54.2,0.0,24508.9,0.0,3.0,209.4,8873.7,3.0,204.4,0.0,294.0,350.0
2026-10-02T19:33:40.847861+00:00,SivaChowdary,23.5,2600.0,3.3,20.1,20097.1,13887.8,57.3,13876.6,18632.9,4.9,54.2,0.0,24632.5,0.0,4.0,337.8,8551.6,4.0,192.4,0.0,294.0,351.0
2026-10-02T19:33:41.850937+00:00,SivaChowdary,12.0,2600.0,4.1,6.5,50035.7,27787.5,57.3,13882.6,18627.0,4.9,54.2,0.0,118833.1,0.0,12.0,1262.5,8073.3,13.0,165.1,0.0,294.0,348.0
2026-10-02T19:33:42.864226+00:00,SivaChowdary,20.1,1496.0,6.7,12.6,31071.1,25416.2,57.3,13882.5,18627.0,4.9,54.2,0.0,0.0,0.0,0.0,1319.2,2879.5,14.0,40.0,0.0,294.0,350.0
2026-10-02T19:33:43.938644+00:00,SivaChowdary,11.9,2600.0,3.5,8.1,41526.9,25494.6,57.3,13886.6,18623.0,4.9,54.2,0.0,65455.4,0.0,9.0,1561.1,1221.5,3.0,19.0,0.0,294.0,348.0
2026-10-02T19:33:44.848940+00:00,SivaChowdary,15.4,2600.0,2.4,12.4,15197.1,10403.6,57.3,13887.6,18621.9,4.9,54.2,0.0,53276.5,0.0,11.0,0.0,424.2,0.0,7.0,0.0,294.0,348.0
2026-10-02T19:33:46.020286+00:00,SivaChowdary,9.6,2600.0,3.0,5.9,14941.1,8304.0,57.3,13886.2,18623.3,4.9,54.2,0.0,20455.5,0.0,4.0,545.3,1248.5,6.0,18.0,0.0,294.0,350.0
2026-10-02T19:33:46.884859+00:00,SivaChowdary,23.3,2600.0,3.0,20.0,14956.7,11956.9,57.3,13887.4,18622.1,4.9,54.2,0.0,4099.8,0.0,1.0,557.5,1072.0,3.0,9.0,0.0,294.0,350.0
2026-10-02T19:33:47.851451+00:00,SivaChowdary,9.7,2600.0,4.0,5.1,45997.2,28837.9,57.3,13892.1,18617.4,4.9,54.2,0.0,28675.9,0.0,6.0,590.1,818.1,7.0,11.0,0.0,294.0,348.0
2026-10-02T19:33:48.914859+00:00,SivaChowdary,16.3,2600.0,3.8,11.9,18754.7,11778.1,57.3,13883.7,18625.8,4.9,54.2,0.0,36867.4,0.0,5.0,2025.2,1380.1,8.0,20.0,0.0,294.0,350.0
2026-10-02T19:33:49.947844+00:00,SivaChowdary,13.3,2600.0,4.1,9.0,43862.9,27472.6,57.3,13872.7,18636.8,4.9,54.2,0.0,139241.6,0.0,16.0,1615.7,1747.7,16.0,24.0,0.0,294.0,348.0
2026-10-02T19:33:50.861378+00:00,SivaChowdary,19.0,1496.0,4.4,14.1,16419.3,10866.5,57.3,13887.5,18622.0,4.9,54.2,0.0,188546.0,0.0,9.0,1434.0,2795.9,16.0,32.0,0.0,294.0,348.0
2026-10-02T19:33:51.992155+00:00,SivaChowdary,10.7,2600.0,4.2,6.0,17465.5,9821.0,57.3,13889.9,18619.6,4.9,54.2,0.0,122679.5,0.0,8.0,1301.9,1962.8,14.0,25.0,0.0,294.0,350.0
2026-10-02T19:33:52.884691+00:00,SivaChowdary,22.3,2600.0,3.4,19.0,17876.3,12832.1,57.3,13878.5,18631.0,4.9,54.2,0.0,49202.4,0.0,12.0,47849.0,3081472.9,331.3,2407.5,0.0,294.0,350.0
2026-10-02T19:33:53.862827+00:00,SivaChowdary,9.2,2600.0,3.1,5.1,43274.3,25778.1,57.3,13893.1,18616.4,4.9,54.2,0.0,0.0,0.0,0.0,1479.7,665.3,2.0,9.0,0.0,294.0,348.0
2026-10-02T19:33:54.889000+00:00,SivaChowdary,16.3,1496.0,4.0,11.9,19994.1,12206.9,57.3,13887.6,18621.9,4.9,54.2,0.0,24563.8,0.0,4.0,1436.3,1892.1,10.0,18.0,0.0,294.0,350.0
2026-10-02T19:33:55.956865+00:00,SivaChowdary,10.1,2600.0,2.8,6.8,39925.2,24911.7,57.3,13881.3,18628.2,4.9,54.2,0.0,40977.7,0.0,9.0,963.4,1457.6,10.0,19.0,0.0,294.0,348.0
2026-10-02T19:33:56.864366+00:00,SivaChowdary,14.2,2600.0,1.9,11.5,15199.1,9801.1,57.3,13889.2,18620.3,4.9,54.2,0.0,16384.1,0.0,4.0,1093.0,1569.0,12.0,20.0,0.0,294.0,348.0
2026-10-02T19:33:57.980636+00:00,SivaChowdary,9.2,2600.0,2.5,6.2,16551.5,9498.2,57.3,13885.0,18624.5,4.9,54.2,0.0,77817.1,0.0,10.0,463.0,940.9,5.0,13.0,0.0,294.0,350.0
2026-10-02T19:33:58.852521+00:00,SivaChowdary,22.5,2600.0,2.7,19.0,38015.7,25125.8,57.3,13878.4,18631.1,4.9,54.2,0.0,155622.1,0.0,25.0,1394.8,527.9,1.0,7.0,0.0,294.0,348.0
2026-10-02T19:33:59.907689+00:00,SivaChowdary,9.9,2600.0,3.7,5.3,24771.0,14103.7,57.3,13879.7,18629.8,4.9,54.2,0.0,53239.5,0.0,13.0,84.0,561.9,1.0,9.0,0.0,294.0,350.0
2026-10-02T19:34:00.899503+00:00,SivaChowdary,21.2,2600.0,3.2,17.1,26054.6,17689.1,57.3,13869.1,18640.4,4.9,54.2,0.0,20483.6,0.0,3.0,84.0,487.1,1.0,7.0,0.0,294.0,350.0
2026-10-02T19:34:01.915736+00:00,SivaChowdary,12.6,2600.0,3.5,8.6,40428.9,25654.8,57.3,13881.3,18628.2,4.9,54.2,0.0,65540.6,0.0,3.0,894.1,1651.1,7.0,16.0,0.0,294.0,348.0
2026-10-02T19:34:02.864742+00:00,SivaChowdary,19.6,2600.0,4.9,13.6,21494.8,15394.4,57.3,13867.5,18642.1,4.9,54.2,0.0,167918.7,0.0,8.0,1962.8,1691.8,18.0,20.0,0.0,294.0,348.0
2026-10-02T19:34:03.990012+00:00,SivaChowdary,12.7,2600.0,4.8,7.1,15548.2,9335.3,57.3,13876.1,18633.4,4.9,54.2,0.0,77810.1,0.0,13.0,16785.0,18359.7,55.0,71.0,0.0,294.0,350.0
2026-10-02T19:34:04.859730+00:00,SivaChowdary,21.7,2600.0,4.2,17.0,36684.9,24216.6,57.3,13870.5,18639.0,4.9,54.2,0.0,0.0,0.0,0.0,5059.1,7686.2,30.0,41.0,0.0,294.0,348.0
2026-10-02T19:34:05.992587+00:00,SivaChowdary,9.3,2600.0,3.1,5.1,19250.2,11934.9,57.3,13883.8,18625.7,4.9,54.2,0.0,155633.5,0.0,7.0,3112.7,3310.7,23.0,27.0,0.0,294.0,348.0
2026-10-02T19:34:06.910169+00:00,SivaChowdary,17.1,2600.0,3.9,12.9,18462.9,11197.4,57.3,13866.5,18643.1,4.9,54.2,0.0,16391.9,0.0,4.0,295.1,700.3,3.0,9.0,0.0,294.0,350.0
2026-10-02T19:34:07.976010+00:00,SivaChowdary,14.9,2600.0,3.6,10.5,45202.2,29264.3,57.3,13879.1,18630.5,4.9,54.2,0.0,28675.3,0.0,4.0,15015.7,16596.9,34.0,49.0,0.0,294.0,348.0
2026-10-02T19:34:08.871975+00:00,SivaChowdary,14.4,2600.0,3.8,10.0,23767.3,16316.2,57.3,13880.9,18628.6,4.9,54.2,0.0,40927.8,0.0,5.0,5338.8,1580.8,13.0,16.0,0.0,294.0,347.0
2026-10-02T19:34:10.058672+00:00,SivaChowdary,10.5,2600.0,3.2,6.7,16167.1,9453.7,57.3,13883.6,18625.9,4.9,54.2,0.0,61489.9,0.0,8.0,921.7,1360.1,10.0,17.0,0.0,294.0,349.0
2026-10-02T19:34:10.875251+00:00,SivaChowdary,24.6,2600.0,4.9,18.9,44788.8,29647.3,57.3,13876.0,18633.5,4.9,54.2,0.0,24565.4,0.0,3.0,0.0,335.9,0.0,6.0,0.0,294.0,347.0
2026-10-02T19:34:11.936184+00:00,SivaChowdary,12.9,2600.0,4.5,7.4,15642.2,9073.5,57.3,13882.6,18626.9,4.9,54.2,0.0,114631.0,0.0,13.0,799.6,1490.3,9.0,19.0,0.0,294.0,347.0
2026-10-02T19:34:12.926845+00:00,SivaChowdary,15.3,2600.0,3.8,11.0,18141.9,11005.0,57.3,13883.2,18626.3,4.9,54.2,32795.0,668197.3,2.0,15.0,379.3,573.5,4.0,7.0,0.0,294.0,349.0
2026-10-02T19:34:13.935409+00:00,SivaChowdary,16.5,2600.0,3.6,12.0,40335.0,26603.4,57.3,13882.1,18627.4,4.9,54.2,0.0,77798.9,0.0,12.0,1478.5,1015.7,2.0,17.0,0.0,294.0,347.0
2026-10-02T19:34:14.838636+00:00,SivaChowdary,14.1,2600.0,3.5,9.7,19814.6,12592.4,57.3,13880.2,18629.3,4.9,54.2,0.0,430266.2,0.0,62.0,18043.8,871426.1,115.0,700.3,0.0,294.0,347.0
2026-10-02T19:34:16.030792+00:00,SivaChowdary,13.4,2600.0,3.9,8.7,17565.1,10746.4,57.3,13882.0,18627.5,4.9,54.2,0.0,24574.7,0.0,4.0,30389.4,1179870.8,232.0,967.9,0.0,294.0,349.0
2026-10-02T19:34:16.862219+00:00,SivaChowdary,20.4,1496.0,4.2,15.6,55334.9,40265.1,57.3,13881.5,18628.0,4.9,54.2,0.0,4097.0,0.0,1.0,3996.0,4069.0,12.0,14.0,0.0,294.0,347.0
2026-10-02T19:34:17.957687+00:00,SivaChowdary,10.9,2600.0,2.6,8.0,14981.8,8993.9,57.3,13889.2,18620.3,4.9,54.2,0.0,24567.5,0.0,5.0,1049.6,1366.5,11.0,18.0,0.0,294.0,347.0
2026-10-02T19:34:18.876723+00:00,SivaChowdary,13.6,2600.0,3.2,9.3,24049.0,15574.3,57.3,13893.8,18615.7,4.9,54.2,0.0,0.0,0.0,0.0,4747.4,5306.4,22.0,32.0,0.0,294.0,350.0
2026-10-02T19:34:19.935534+00:00,SivaChowdary,23.9,2600.0,4.8,18.5,53129.1,34484.3,57.3,13874.6,18634.9,4.9,54.2,0.0,0.0,0.0,0.0,1371.6,1500.6,14.0,18.0,0.0,294.0,346.0
2026-10-02T19:34:20.848437+00:00,SivaChowdary,19.7,2600.0,9.1,9.8,33771.6,21962.5,57.4,13835.2,18674.3,4.9,54.2,0.0,343978.1,0.0,23.0,15238.2,56581.9,102.0,114.0,0.0,294.0,348.0
2026-10-02T19:34:21.966419+00:00,SivaChowdary,15.1,2600.0,4.6,10.0,17370.4,10788.7,57.4,13838.4,18671.1,4.9,54.2,0.0,135101.5,0.0,21.0,12857.7,44619.0,70.0,87.0,0.0,294.0,350.0
2026-10-02T19:34:22.856747+00:00,SivaChowdary,18.4,2600.0,4.8,13.5,49889.9,31871.2,57.4,13854.6,18655.0,4.9,54.2,90135.3,1372515.0,4.0,36.0,18965.9,102828.6,58.0,134.0,0.0,294.0,347.0
2026-10-02T19:34:23.857502+00:00,SivaChowdary,23.5,1496.0,5.8,16.9,19956.2,12399.2,57.4,13860.6,18648.9,4.9,54.2,16388.2,1474942.2,4.0,4.0,2190.6,4655.2,9.0,76.0,0.0,294.0,347.0
2026-10-02T19:34:24.884373+00:00,SivaChowdary,19.0,2600.0,5.4,11.7,28593.2,18567.9,57.4,13845.7,18663.8,4.9,54.2,110561.8,970487.1,27.0,47.0,84.0,16322.5,1.0,285.9,0.0,294.0,349.0
2026-10-02T19:34:25.883713+00:00,SivaChowdary,32.7,2600.0,5.6,27.0,20137.9,15423.5,57.4,13849.6,18659.9,4.9,54.2,0.0,458886.2,0.0,34.0,2535.7,8306.4,18.0,133.0,0.0,294.0,349.0
2026-10-02T19:34:26.867893+00:00,SivaChowdary,23.6,2600.0,5.7,16.4,48830.5,29215.5,57.4,13857.2,18652.3,4.9,54.2,4095.4,819073.8,1.0,26.0,14859.7,27516.8,51.0,117.0,0.0,294.0,347.0
2026-10-02T19:34:27.921771+00:00,SivaChowdary,24.4,2600.0,3.9,20.5,20475.0,15110.4,57.4,13852.0,18657.5,4.9,54.2,0.0,147362.4,0.0,13.0,1060.3,3546.7,12.0,37.0,0.0,294.0,349.0
2026-10-02T19:34:28.862989+00:00,SivaChowdary,27.9,2600.0,6.9,19.2,54911.8,33201.2,57.4,13844.7,18664.8,4.9,54.2,4098.0,913854.7,1.0,33.0,47989.5,1331535.8,249.1,1061.5,0.0,294.0,347.0
2026-10-02T19:34:29.866096+00:00,SivaChowdary,24.6,2600.0,5.9,18.3,22558.5,15691.7,57.4,13853.2,18656.3,4.9,54.2,36868.1,1089656.5,9.0,52.0,34630.8,2184405.7,306.0,1716.2,0.0,294.0,347.0
2026-10-02T19:34:30.886655+00:00,SivaChowdary,17.0,2600.0,4.3,11.6,21015.2,13201.3,57.4,13846.8,18662.7,4.9,54.2,8186.6,769543.3,2.0,23.0,336.8,494.7,4.0,7.0,0.0,294.0,349.0
2026-10-02T19:34:31.896368+00:00,SivaChowdary,28.7,2600.0,5.9,22.4,22822.5,16585.6,57.4,13844.3,18665.2,4.9,54.2,32783.1,241775.1,2.0,3.0,894.4,1315.6,7.0,11.0,0.0,294.0,349.0
2026-10-02T19:34:32.863503+00:00,SivaChowdary,19.8,2600.0,5.2,13.5,51870.9,33613.5,57.4,13841.1,18668.5,4.9,54.2,16379.8,921366.5,4.0,27.0,3654.1,2131.5,16.0,22.0,0.0,294.0,347.0
2026-10-02T19:34:33.889778+00:00,SivaChowdary,21.2,2600.0,4.4,16.1,18580.8,12010.5,57.4,13846.2,18663.3,4.9,54.2,12288.5,614426.8,3.0,38.0,2280.1,1057.0,11.0,12.0,0.0,294.0,349.0
2026-10-02T19:34:34.864634+00:00,SivaChowdary,19.0,2600.0,4.8,12.8,47460.5,30337.6,57.4,13848.6,18661.0,4.9,54.2,49154.6,0.0,12.0,0.0,1256.1,1540.1,13.0,18.0,0.0,294.0,347.0
2026-10-02T19:34:35.854303+00:00,SivaChowdary,18.9,2600.0,2.9,15.4,25846.8,18893.4,57.4,13845.8,18663.7,4.9,54.2,12292.2,733433.9,3.0,27.0,923.3,1375.5,10.0,18.0,0.0,294.0,347.0
2026-10-02T19:34:37.046018+00:00,SivaChowdary,11.1,2600.0,2.7,7.9,17796.3,10308.6,57.4,13838.2,18671.3,4.9,54.2,8186.1,1784580.0,2.0,34.0,1343.0,2905.9,14.0,41.0,0.0,294.0,349.0
2026-10-02T19:34:37.932278+00:00,SivaChowdary,32.5,2600.0,4.6,26.9,19877.8,14899.8,57.4,13838.0,18671.5,4.9,54.2,4099.3,692774.8,1.0,18.0,0.0,728.6,0.0,13.0,0.0,294.0,351.0
2026-10-02T19:34:38.860629+00:00,SivaChowdary,18.1,2600.0,5.3,11.5,55711.2,31758.3,57.4,13834.0,18675.5,4.9,54.2,4096.2,0.0,1.0,0.0,34667.4,651205.2,280.0,550.0,0.0,294.0,347.0
2026-10-02T19:34:39.958473+00:00,SivaChowdary,19.0,2600.0,5.5,13.0,27136.4,17647.7,57.5,13831.7,18677.9,4.9,54.2,660392.6,352209.4,28.0,40.0,196197.0,5344664.8,1763.8,4187.4,0.0,294.0,349.0
2026-10-02T19:34:40.818674+00:00,SivaChowdary,19.9,1496.0,4.9,13.9,54198.8,32674.2,57.5,13828.7,18680.8,4.9,54.2,605403.3,94162.5,29.0,19.0,152046.5,4578978.0,1400.3,3602.3,0.0,294.0,347.0
2026-10-02T19:34:41.914565+00:00,SivaChowdary,17.7,2600.0,4.7,12.4,23691.7,15150.1,57.5,13823.6,18685.9,4.9,54.2,0.0,122873.0,0.0,23.0,170248.3,5088493.0,1510.9,3958.8,0.0,294.0,347.0
2026-10-02T19:34:42.899258+00:00,SivaChowdary,12.7,2600.0,4.5,7.5,26723.0,14012.2,57.5,13824.1,18685.4,4.9,54.2,0.0,127004.6,0.0,3.0,169370.2,5004280.5,1530.3,3905.9,0.0,294.0,349.0
2026-10-02T19:34:43.926486+00:00,SivaChowdary,24.3,2600.0,4.2,18.4,51980.1,32327.9,57.5,13815.6,18693.9,4.9,54.2,0.0,85960.0,0.0,16.0,165705.1,5169570.8,1491.0,4041.4,0.0,294.0,347.0
2026-10-02T19:34:44.848568+00:00,SivaChowdary,10.1,1496.0,3.1,6.6,21824.7,12323.9,57.5,13823.4,18686.1,4.9,54.2,0.0,65610.2,0.0,13.0,139400.6,4569428.2,1247.4,3513.0,0.0,294.0,347.0
2026-10-02T19:34:45.909373+00:00,SivaChowdary,18.4,2600.0,4.4,12.9,22335.4,13325.5,57.5,13812.6,18696.9,4.9,54.2,0.0,12286.6,0.0,3.0,148700.9,5014607.7,1341.8,3870.6,0.0,294.0,349.0
2026-10-02T19:34:46.860368+00:00,SivaChowdary,17.2,2600.0,4.1,12.7,55115.1,34082.0,57.5,13814.4,18695.1,4.9,54.2,0.0,0.0,0.0,0.0,172825.2,4262630.1,1430.0,3286.0,0.0,294.0,347.0
2026-10-02T19:34:47.854381+00:00,SivaChowdary,24.8,2600.0,5.6,18.6,25035.0,16637.3,57.5,13818.8,18690.7,4.9,54.2,0.0,81946.2,0.0,14.0,206240.0,4952977.9,1500.5,3849.2,0.0,294.0,347.0
2026-10-02T19:34:49.078591+00:00,SivaChowdary,13.7,2600.0,3.7,9.2,23139.6,14873.5,57.5,13813.1,18696.5,4.9,54.2,0.0,57330.6,0.0,10.0,109803.2,3134239.7,967.8,2523.4,0.0,294.0,349.0
2026-10-02T19:34:49.976758+00:00,SivaChowdary,31.6,2600.0,6.5,24.5,17357.3,14336.4,57.6,13800.1,18709.4,4.9,54.2,0.0,20941979.2,0.0,322.0,84.0,536.0,1.0,9.0,0.0,294.0,349.0
2026-10-02T19:34:50.862625+00:00,SivaChowdary,27.2,2600.0,8.8,16.9,52120.8,33243.4,57.6,13798.9,18710.6,4.9,54.2,327477.5,368412.2,5.0,20.0,1262.2,1798.9,13.0,23.0,0.0,294.0,347.0
2026-10-02T19:34:52.006331+00:00,SivaChowdary,22.8,2600.0,7.6,14.8,16140.4,11729.5,57.6,13797.6,18711.9,4.9,54.2,0.0,167929.3,0.0,11.0,892.0,1536.9,10.0,19.0,0.0,294.0,349.0
2026-10-02T19:34:52.849729+00:00,SivaChowdary,28.0,2600.0,10.2,16.8,50561.0,34142.4,57.6,13794.5,18715.0,4.9,54.2,348174.1,4694206.3,12.0,1094.0,0.0,98.0,0.0,2.0,0.0,294.0,347.0
2026-10-02T19:34:53.924997+00:00,SivaChowdary,21.7,2600.0,7.5,13.0,23997.0,20311.3,57.6,13794.7,18714.8,4.9,54.2,967100.5,16289087.6,19.0,3635.7,2110.0,1225.6,9.0,15.0,0.0,294.0,347.0
2026-10-02T19:34:54.917862+00:00,SivaChowdary,27.1,2600.0,13.1,12.3,27605.1,21312.3,57.6,13798.4,18711.1,4.9,54.2,77821.5,14212659.2,4.0,3382.9,1134.0,1989.9,12.0,26.0,0.0,294.0,349.0
2026-10-02T19:34:55.939732+00:00,SivaChowdary,40.3,2600.0,17.2,21.6,50419.5,37277.3,57.6,13793.0,18716.5,4.9,54.2,454732.7,12798061.3,19.0,2903.5,421.1,933.2,5.0,14.0,0.0,294.0,347.0
2026-10-02T19:34:56.880111+00:00,SivaChowdary,31.8,2600.0,17.8,12.8,27030.6,21501.7,57.6,13791.2,18718.3,4.9,54.2,261994.3,12776314.5,20.0,2900.3,292.8,572.7,3.0,8.0,0.0,294.0,349.0
2026-10-02T19:34:58.030979+00:00,SivaChowdary,36.8,2600.0,19.6,16.2,31062.8,23886.5,57.6,13785.6,18723.9,4.9,54.2,188372.4,13071409.0,18.0,2991.3,753.8,1377.7,8.0,19.0,0.0,294.0,349.0
2026-10-02T19:34:58.862254+00:00,SivaChowdary,38.0,2600.0,17.0,20.1,55514.5,39354.1,57.6,13777.5,18732.0,4.9,54.2,73775.1,12107320.1,3.0,2910.9,2359.5,1119.7,11.0,13.0,0.0,294.0,348.0
2026-10-02T19:34:59.871557+00:00,SivaChowdary,33.2,2600.0,16.4,15.2,24665.5,21062.4,57.6,13783.5,18726.0,4.9,54.2,315487.8,14401814.5,20.0,3312.0,84.0,480.1,1.0,8.0,0.0,294.0,347.0
2026-10-02T19:35:00.895541+00:00,SivaChowdary,19.8,2600.0,6.9,11.8,29059.1,22825.9,57.6,13786.2,18723.3,4.9,54.2,73718.0,14813226.0,2.0,3577.5,1353.8,1760.8,13.0,19.0,0.0,294.0,349.0
2026-10-02T19:35:01.895936+00:00,SivaChowdary,34.7,2600.0,12.8,20.9,23557.6,20608.9,57.6,13775.7,18733.8,4.9,54.2,0.0,13518545.3,0.0,3237.5,1062.2,1683.7,9.0,17.0,0.0,294.0,349.0
2026-10-02T19:35:02.855679+00:00,SivaChowdary,28.7,2600.0,15.2,12.5,57237.4,38417.8,57.6,13786.1,18723.4,4.9,54.2,163984.4,13044960.9,3.0,3031.7,1193.1,1530.3,12.0,17.0,0.0,294.0,347.0
2026-10-02T19:35:03.861206+00:00,SivaChowdary,34.8,2600.0,18.3,15.4,31586.6,28152.8,57.6,13780.5,18729.0,4.9,54.2,712470.3,14249405.3,20.0,3284.9,1856.4,913.7,6.0,12.0,0.0,294.0,349.0
2026-10-02T19:35:04.886728+00:00,SivaChowdary,30.8,2600.0,17.1,12.3,54217.0,38853.9,57.6,13781.9,18727.6,4.9,54.2,2178226.5,16811650.6,46.0,3565.6,1801.3,2411.1,13.0,14.0,0.0,294.0,347.0
2026-10-02T19:35:05.852903+00:00,SivaChowdary,27.1,2600.0,8.0,17.5,26108.6,21574.6,57.6,13787.5,18722.0,4.9,54.2,0.0,14343156.6,0.0,3461.7,10403.2,31552.7,65.0,81.0,0.0,294.0,347.0
2026-10-02T19:35:07.048615+00:00,SivaChowdary,15.1,2600.0,4.6,8.9,23686.2,18906.8,57.6,13773.4,18736.1,4.9,54.2,49146.2,16275571.6,3.0,3910.5,1265.8,2722.7,14.0,18.0,0.0,294.0,349.0
2026-10-02T19:35:07.915583+00:00,SivaChowdary,34.4,2600.0,8.8,24.7,23383.4,21410.7,57.6,13781.0,18728.5,4.9,54.2,0.0,12710380.0,0.0,3095.1,293.1,461.2,3.0,6.0,0.0,294.0,349.0
2026-10-02T19:35:08.866107+00:00,SivaChowdary,20.9,2600.0,8.0,11.4,53534.3,37223.1,57.6,13785.7,18723.9,4.9,54.2,0.0,14151619.2,0.0,3435.0,2444.3,1532.5,12.0,17.0,0.0,294.0,347.0
2026-10-02T19:35:09.865078+00:00,SivaChowdary,31.2,2600.0,15.1,15.2,26666.1,22334.3,57.6,13779.0,18730.5,4.9,54.2,53258.1,15113023.0,4.0,3531.7,84.0,256.0,1.0,4.0,0.0,294.0,349.0
2026-10-02T19:35:10.913177+00:00,SivaChowdary,28.4,2600.0,15.0,11.5,51102.0,35517.6,57.6,13773.6,18735.9,4.9,54.2,388929.4,13219503.9,9.0,2868.6,425.8,622.7,5.0,9.0,0.0,294.0,347.0
2026-10-02T19:35:11.856018+00:00,SivaChowdary,36.9,2600.0,17.0,18.7,29603.7,23558.9,57.7,13758.1,18751.4,4.9,54.2,565701.0,10879496.8,36.0,2478.0,969.8,1455.2,10.0,16.0,0.0,294.0,347.0
2026-10-02T19:35:12.976501+00:00,SivaChowdary,22.2,2600.0,12.0,9.0,28477.6,21988.0,57.7,13765.3,18744.2,4.9,54.2,126889.6,14899294.7,8.0,3548.6,36229.3,1753838.8,250.8,1396.0,0.0,294.0,349.0
2026-10-02T19:35:13.899342+00:00,SivaChowdary,31.9,2600.0,9.4,21.6,25715.9,24110.4,57.6,13771.1,18738.4,4.9,54.2,4099.8,3853821.6,1.0,887.8,1691.6,517.5,4.0,6.0,0.0,294.0,349.0
2026-10-02T19:35:14.854899+00:00,SivaChowdary,15.8,2600.0,8.3,6.9,49374.7,29474.4,57.6,13785.3,18724.3,4.9,54.2,0.0,106385.4,0.0,18.0,7260.5,23730.3,49.9,56.9,0.0,294.0,347.0
2026-10-02T19:35:15.888186+00:00,SivaChowdary,16.9,2600.0,4.0,12.4,29306.9,22040.2,57.5,13801.2,18708.4,4.9,54.2,22527.2,77821.1,7.0,14.0,4140.8,8620.7,22.0,29.0,0.0,294.0,349.0
2026-10-02T19:35:16.924204+00:00,SivaChowdary,19.3,2600.0,6.2,12.9,50553.5,31849.3,57.6,13797.5,18712.0,4.9,54.2,100406.6,0.0,32.0,0.0,1356.7,1914.0,12.0,19.0,0.0,294.0,347.0
2026-10-02T19:35:17.849485+00:00,SivaChowdary,22.5,1496.0,5.6,16.5,21651.7,15042.1,57.7,13764.1,18745.4,4.9,54.2,47101.2,159734.7,12.0,24.0,1047.9,1299.9,11.0,16.0,0.0,294.0,348.0
2026-10-02T19:35:18.985981+00:00,SivaChowdary,15.6,2600.0,6.8,9.0,45464.9,22085.3,57.6,13770.3,18739.2,4.9,54.2,178210.7,167968.7,54.0,10.0,8285.6,3352.7,29.0,33.0,0.0,294.0,350.0
2026-10-02T19:35:19.843957+00:00,SivaChowdary,32.8,2600.0,8.0,24.1,45580.4,23923.6,57.7,13763.9,18745.6,4.9,54.2,57335.7,0.0,16.0,0.0,1213.8,18684.3,12.0,23.0,0.0,294.0,350.0
2026-10-02T19:35:20.887430+00:00,SivaChowdary,20.1,2600.0,9.3,10.2,77094.2,39752.7,57.6,13768.4,18741.1,4.9,54.2,559380.9,73764.5,147.1,13.0,590.3,937.5,7.0,12.0,0.0,294.0,348.0
2026-10-02T19:35:21.891735+00:00,SivaChowdary,24.5,2600.0,8.8,14.9,48562.5,24250.3,57.6,13770.3,18739.2,4.9,54.2,206773.5,184253.6,62.0,18.0,1988.3,2038.3,19.0,21.0,0.0,294.0,350.0
2026-10-02T19:35:22.957327+00:00,SivaChowdary,23.3,2600.0,10.4,12.3,74222.0,43854.2,57.6,13772.3,18737.2,4.9,54.2,61455.7,200755.3,19.0,28.0,759.2,871.2,9.0,11.0,0.0,294.0,348.0
2026-10-02T19:35:23.866518+00:00,SivaChowdary,27.4,2600.0,8.4,18.5,24361.7,13842.9,57.6,13781.0,18728.5,4.9,54.2,42995.2,225212.9,12.0,25.0,1980.4,1350.6,7.0,16.0,0.0,294.0,348.0
2026-10-02T19:35:25.008106+00:00,SivaChowdary,19.1,2600.0,6.9,11.4,31476.3,15515.2,57.6,13775.6,18733.9,4.9,54.2,1277803.0,2215677.7,261.0,89.0,1144.9,1268.9,11.0,13.0,0.0,294.0,350.0
2026-10-02T19:35:25.865426+00:00,SivaChowdary,27.0,2600.0,6.0,20.2,26467.4,13688.2,57.6,13768.9,18740.6,4.9,54.2,1310639.7,4128515.0,78.0,412.0,711.0,902.9,7.0,10.0,0.0,294.0,350.0
2026-10-02T19:35:26.896446+00:00,SivaChowdary,12.6,2600.0,6.9,5.2,53133.8,25281.0,57.6,13784.0,18725.5,4.9,54.2,0.0,269888.0,0.0,42.9,83.9,693.8,1.0,11.0,0.0,294.0,348.0
2026-10-02T19:35:27.896478+00:00,SivaChowdary,21.3,2600.0,7.1,13.8,26442.6,11994.8,57.6,13769.5,18740.0,4.9,54.2,0.0,295521.8,0.0,39.1,1138.3,1511.1,11.0,18.0,0.0,294.0,350.0
2026-10-02T19:35:28.944627+00:00,SivaChowdary,24.2,2600.0,9.8,13.4,60327.0,35731.2,57.8,13731.4,18778.1,4.9,54.2,0.0,4927653.7,0.0,73.0,15270.5,18064.6,42.0,54.0,0.0,294.0,349.0
2026-10-02T19:35:29.865611+00:00,SivaChowdary,25.3,2600.0,8.6,15.7,33080.3,17871.2,57.8,13729.3,18780.2,4.9,54.2,228866.4,9567431.0,7.0,133.7,544.8,967.8,6.0,13.0,0.0,294.0,349.0
2026-10-02T19:35:30.997174+00:00,SivaChowdary,11.7,2600.0,4.7,6.3,23610.1,8473.4,57.7,13735.9,18773.6,4.9,54.2,49264.8,533702.4,3.0,62.1,592.4,2446.6,7.0,41.1,0.0,294.0,351.0
2026-10-02T19:35:31.851092+00:00,SivaChowdary,26.9,2600.0,5.8,20.5,37017.8,19776.2,57.8,13725.7,18783.9,4.9,54.2,98250.3,478970.3,6.0,41.0,24940.4,9802.6,53.0,56.0,0.0,294.0,351.0
2026-10-02T19:35:32.908075+00:00,SivaChowdary,13.2,2600.0,5.0,7.3,44928.0,21684.0,57.8,13730.2,18779.3,4.9,54.2,49154.2,434195.3,3.0,58.0,57610.6,2037419.4,319.0,1646.1,0.0,294.0,349.0
2026-10-02T19:35:33.906132+00:00,SivaChowdary,21.7,2600.0,6.6,14.6,31103.2,15604.6,57.8,13722.2,18787.3,4.9,54.2,196463.9,1362968.1,12.0,163.9,8962.4,405860.3,68.9,347.7,0.0,294.0,352.0
2026-10-02T19:35:34.927112+00:00,SivaChowdary,18.6,2600.0,6.1,11.2,49297.9,33254.3,57.8,13722.9,18786.6,4.9,54.2,360483.8,2531579.1,20.0,295.0,885.1,1471.1,10.0,20.0,0.0,294.0,350.0
2026-10-02T19:35:35.879165+00:00,SivaChowdary,22.0,2600.0,7.8,13.5,42785.3,27363.5,57.8,13717.0,18792.5,4.9,54.2,49125.9,483071.5,3.0,66.0,378.8,964.5,4.0,14.0,0.0,294.0,350.0
2026-10-02T19:35:37.004650+00:00,SivaChowdary,14.5,2600.0,5.5,8.7,24963.2,8841.6,57.8,13712.4,18797.1,4.9,54.2,0.0,500256.4,0.0,30.0,461.5,918.0,5.0,13.0,0.0,294.0,352.0
2026-10-02T19:35:37.870737+00:00,SivaChowdary,28.8,2600.0,7.1,20.5,41236.1,21953.3,57.8,13713.8,18795.7,4.9,54.2,0.0,139240.6,0.0,17.0,590.9,974.8,7.0,14.0,0.0,294.0,350.0
2026-10-02T19:35:38.920962+00:00,SivaChowdary,11.1,2600.0,4.8,5.7,37566.7,18451.2,57.7,13763.4,18746.1,4.9,54.2,94270.1,192638.9,4.0,28.0,2758.8,1092.7,15.0,13.0,0.0,294.0,349.0
2026-10-02T19:35:39.849852+00:00,SivaChowdary,15.4,1496.0,4.0,10.8,25882.6,17214.4,57.7,13762.6,18746.9,4.9,54.2,32768.8,204805.1,1.0,17.0,795.0,1247.0,8.0,16.0,0.0,294.0,351.0
2026-10-02T19:35:40.951519+00:00,SivaChowdary,14.9,2600.0,4.4,9.8,43440.9,25617.7,57.6,13769.3,18740.2,4.9,54.2,0.0,110513.0,0.0,13.0,167.9,318.8,2.0,4.0,0.0,294.0,349.0
2026-10-02T19:35:41.851332+00:00,SivaChowdary,17.6,2600.0,4.8,12.5,19663.7,12437.8,57.7,13761.9,18747.6,4.9,54.2,0.0,98302.5,0.0,14.0,0.0,480.0,0.0,8.0,0.0,294.0,349.0
2026-10-02T19:35:42.962016+00:00,SivaChowdary,12.8,2600.0,4.0,7.8,17666.2,10446.1,57.7,13763.7,18745.8,4.9,54.2,0.0,0.0,0.0,0.0,892.5,1184.7,8.0,13.0,0.0,294.0,351.0
2026-10-02T19:35:43.830355+00:00,SivaChowdary,19.1,2600.0,4.2,14.6,47525.4,29963.6,57.7,13763.4,18746.1,4.9,54.2,0.0,65546.1,0.0,8.0,2276.4,1409.2,11.0,18.0,0.0,294.0,349.0
2026-10-02T19:35:44.974631+00:00,SivaChowdary,7.4,2600.0,2.0,5.3,14701.7,8233.5,57.6,13768.4,18741.1,4.9,54.2,0.0,221089.8,0.0,19.0,590.7,870.6,7.0,12.0,0.0,294.0,349.0
2026-10-02T19:35:45.932452+00:00,SivaChowdary,14.4,2600.0,3.6,10.5,18827.9,11650.3,57.7,13762.7,18746.8,4.9,54.2,0.0,151503.2,0.0,5.0,376.9,772.8,4.0,11.0,0.0,294.0,351.0
2026-10-02T19:35:46.927222+00:00,SivaChowdary,13.5,2600.0,2.8,10.0,40373.7,25996.3,57.6,13768.4,18741.1,4.9,54.2,0.0,102424.7,0.0,15.0,1400.3,1956.5,12.0,18.0,0.0,294.0,349.0
2026-10-02T19:35:47.878246+00:00,SivaChowdary,11.4,2600.0,2.7,8.3,17763.1,11144.7,57.7,13766.7,18742.8,4.9,54.2,0.0,16385.0,0.0,4.0,124.0,645.0,2.0,10.0,0.0,294.0,349.0
2026-10-02T19:35:49.001079+00:00,SivaChowdary,11.4,2600.0,1.8,8.9,19274.4,11548.6,57.6,13771.4,18738.1,4.9,54.2,0.0,8187.5,0.0,2.0,26606.3,18858.6,62.0,79.0,0.0,294.0,351.0
2026-10-02T19:35:49.869816+00:00,SivaChowdary,17.0,2600.0,2.4,14.0,50394.3,30733.9,57.7,13762.0,18747.5,4.9,54.2,0.0,36892.7,0.0,5.0,1561.2,1687.3,12.0,19.0,0.0,294.0,351.0
2026-10-02T19:35:50.906986+00:00,SivaChowdary,10.9,2600.0,2.9,7.8,17193.8,9606.8,57.6,13776.7,18732.8,4.9,54.2,16349.6,237068.7,1.0,10.0,83.8,423.1,1.0,7.0,0.0,294.0,349.0
2026-10-02T19:35:51.860199+00:00,SivaChowdary,11.2,2600.0,3.1,7.5,22434.1,14549.4,57.6,13773.3,18736.2,4.9,54.2,16425.0,98550.3,1.0,11.0,3340.3,8028.1,25.1,39.1,0.0,294.0,351.0
2026-10-02T19:35:52.940274+00:00,SivaChowdary,19.8,2600.0,4.9,14.1,46886.4,28382.1,57.6,13776.9,18732.6,4.9,54.2,0.0,28630.7,0.0,4.0,4866.0,2436.5,18.0,26.0,0.0,294.0,349.0
2026-10-02T19:35:53.857112+00:00,SivaChowdary,10.0,2600.0,3.4,6.4,15878.9,9343.1,57.6,13776.8,18732.7,4.9,54.2,0.0,0.0,0.0,0.0,22716.2,4024.1,27.0,29.0,0.0,294.0,351.0
2026-10-02T19:35:54.966898+00:00,SivaChowdary,19.4,2600.0,6.3,13.2,25865.0,15598.6,57.6,13770.8,18738.7,4.9,54.2,0.0,16375.1,0.0,3.0,878.5,1190.4,9.0,14.0,0.0,294.0,351.0
2026-10-02T19:35:55.862890+00:00,SivaChowdary,14.5,2600.0,3.7,10.0,47170.4,29810.9,57.6,13770.2,18739.3,4.9,54.2,0.0,131098.0,0.0,7.0,0.0,112.0,0.0,2.0,0.0,294.0,349.0
2026-10-02T19:35:56.899336+00:00,SivaChowdary,13.8,2600.0,3.6,9.7,17272.9,10636.4,57.6,13771.0,18738.5,4.9,54.2,16387.7,49163.1,1.0,5.0,23991.4,53956.2,104.0,130.0,0.0,294.0,350.0
2026-10-02T19:35:57.919944+00:00,SivaChowdary,7.0,2600.0,3.3,3.6,16161.2,9063.1,57.6,13769.8,18739.7,4.9,54.2,16384.2,139265.9,1.0,13.0,422.0,842.0,5.0,12.0,0.0,294.0,351.0
2026-10-02T19:35:58.953324+00:00,SivaChowdary,26.3,2600.0,4.1,21.3,24816.2,20928.4,57.5,13803.3,18706.2,4.9,54.2,0.0,176030.2,0.0,30.0,20243.8,809271.4,121.9,640.6,0.0,294.0,350.0
2026-10-02T19:35:59.849258+00:00,SivaChowdary,14.5,2600.0,3.8,9.7,50854.4,29787.8,57.5,13812.6,18697.0,4.9,54.2,0.0,20492.2,0.0,4.0,29277.5,1964484.8,257.2,1563.9,0.0,294.0,348.0
2026-10-02T19:36:00.943266+00:00,SivaChowdary,19.5,2600.0,4.5,14.5,17807.0,12107.3,57.5,13804.3,18705.2,4.9,54.2,0.0,73632.8,0.0,14.0,460.4,842.9,5.0,11.0,0.0,294.0,350.0
2026-10-02T19:36:01.855650+00:00,SivaChowdary,15.3,2600.0,4.1,10.1,48918.4,31768.9,57.5,13811.2,18698.4,4.9,54.2,0.0,0.0,0.0,0.0,557.5,958.8,3.0,7.0,0.0,294.0,348.0
2026-10-02T19:36:02.848430+00:00,SivaChowdary,15.7,2600.0,3.2,12.2,19791.1,12378.2,57.5,13803.0,18706.5,4.9,54.2,0.0,94156.0,0.0,9.0,14636.9,3536.0,24.0,25.0,0.0,294.0,348.0
2026-10-02T19:36:03.936199+00:00,SivaChowdary,10.0,2600.0,4.5,5.3,16800.6,10002.1,57.5,13806.4,18703.1,4.9,54.2,0.0,36871.9,0.0,5.0,2492.5,1294.3,13.0,15.0,0.0,294.0,350.0
2026-10-02T19:36:04.921209+00:00,SivaChowdary,21.8,2600.0,2.9,18.0,17433.8,13172.6,57.5,13805.9,18703.6,4.9,54.2,16384.8,262156.5,1.0,28.0,1688.1,1510.1,14.0,16.0,0.0,294.0,350.0
2026-10-02T19:36:05.865847+00:00,SivaChowdary,10.6,2600.0,3.2,6.5,47273.0,27601.6,57.5,13817.2,18692.4,4.9,54.2,0.0,94281.7,0.0,3.0,804.6,1108.9,9.0,14.0,0.0,294.0,348.0
2026-10-02T19:36:06.904535+00:00,SivaChowdary,13.5,2600.0,2.5,10.4,18254.7,11822.1,57.5,13811.7,18697.8,4.9,54.2,0.0,24555.4,0.0,4.0,960.2,1267.9,9.0,10.0,0.0,294.0,350.0
2026-10-02T19:36:07.954533+00:00,SivaChowdary,13.5,2600.0,3.4,8.9,43648.9,26551.7,57.5,13809.5,18700.0,4.9,54.2,0.0,20489.8,0.0,5.0,168.1,256.1,2.0,4.0,0.0,294.0,348.0
2026-10-02T19:36:08.869094+00:00,SivaChowdary,12.3,2600.0,2.3,9.8,18298.7,12025.8,57.5,13814.2,18695.3,4.9,54.2,0.0,0.0,0.0,0.0,1395.2,456.1,1.0,7.0,0.0,294.0,348.0
2026-10-02T19:36:09.996221+00:00,SivaChowdary,9.3,2600.0,2.4,6.0,17285.4,10176.5,57.5,13811.1,18698.4,4.9,54.2,0.0,36822.3,0.0,5.0,167.8,567.4,2.0,9.0,0.0,294.0,350.0
2026-10-02T19:36:10.875936+00:00,SivaChowdary,21.2,2600.0,3.1,17.3,28604.9,19285.3,57.5,13809.3,18700.2,4.9,54.2,0.0,94194.6,0.0,14.0,710.9,990.9,7.0,12.0,0.0,294.0,350.0
2026-10-02T19:36:11.942936+00:00,SivaChowdary,9.8,2600.0,3.4,6.1,33107.5,20572.7,57.5,13814.7,18694.8,4.9,54.2,0.0,28625.7,0.0,6.0,505.2,1039.3,6.0,14.0,0.0,294.0,348.0
2026-10-02T19:36:12.909455+00:00,SivaChowdary,14.5,1496.0,3.1,10.7,20940.4,13274.0,57.5,13809.3,18700.2,4.9,54.2,0.0,0.0,0.0,0.0,691.3,1137.1,7.0,14.0,0.0,294.0,350.0
2026-10-02T19:36:13.942198+00:00,SivaChowdary,17.9,2600.0,4.9,12.6,52785.9,30589.6,57.5,13814.0,18695.5,4.9,54.2,0.0,4097.2,0.0,1.0,2710.8,1855.5,14.0,21.0,0.0,294.0,348.0
2026-10-02T19:36:14.875635+00:00,SivaChowdary,10.5,2600.0,2.7,7.5,17043.1,9581.2,57.5,13816.2,18693.3,4.9,54.2,0.0,12296.0,0.0,3.0,293.2,853.6,3.0,13.0,0.0,294.0,348.0
2026-10-02T19:36:16.018797+00:00,SivaChowdary,12.8,2600.0,3.1,9.5,17598.6,11373.8,57.5,13807.8,18701.7,4.9,54.2,0.0,114665.8,0.0,7.0,1044.8,780.8,10.0,10.0,0.0,294.0,350.0
2026-10-02T19:36:16.875681+00:00,SivaChowdary,21.7,2600.0,4.8,16.1,47000.9,30660.2,57.5,13809.6,18699.9,4.9,54.2,0.0,53230.9,0.0,6.0,1021.7,2823.1,8.0,25.0,0.0,294.0,348.0
2026-10-02T19:36:17.934744+00:00,SivaChowdary,10.2,2600.0,2.3,7.6,16142.2,9062.1,57.5,13812.1,18697.4,4.9,54.2,0.0,86017.0,0.0,5.0,674.0,1161.0,8.0,16.0,0.0,294.0,348.0
2026-10-02T19:36:18.854157+00:00,SivaChowdary,11.5,2600.0,3.2,7.6,18932.9,10688.5,57.5,13808.7,18700.8,4.9,54.2,0.0,122885.9,0.0,21.0,8348.4,3948.2,30.0,39.0,0.0,294.0,350.0
2026-10-02T19:36:19.892864+00:00,SivaChowdary,22.5,2600.0,3.6,17.8,49986.2,32422.3,57.5,13807.0,18702.5,4.9,54.2,0.0,8196.6,0.0,2.0,1263.7,18812.6,13.0,25.0,0.0,294.0,348.0
2026-10-02T19:36:20.851118+00:00,SivaChowdary,11.8,2600.0,2.5,8.7,19168.1,12486.1,57.5,13815.9,18693.6,4.9,54.2,0.0,36864.3,0.0,7.0,1095.0,1541.0,12.0,18.0,0.0,294.0,348.0
2026-10-02T19:36:21.958858+00:00,SivaChowdary,19.1,2600.0,4.4,14.1,33220.1,20803.2,57.4,13853.8,18655.8,4.8,54.2,0.0,319306.4,0.0,24.0,640.6,935.5,6.0,11.0,0.0,294.0,352.0
2026-10-02T19:36:22.827525+00:00,SivaChowdary,16.4,2600.0,4.2,11.2,51977.7,32506.4,57.3,13867.4,18642.1,4.8,54.2,0.0,122881.6,0.0,14.0,0.0,224.0,0.0,4.0,0.0,294.0,350.0
2026-10-02T19:36:23.877197+00:00,SivaChowdary,15.3,2600.0,3.7,10.6,18278.9,11222.1,57.3,13872.8,18636.7,4.8,54.2,0.0,28646.7,0.0,2.0,3567.8,2768.6,18.0,21.0,0.0,294.0,350.0
2026-10-02T19:36:24.855376+00:00,SivaChowdary,11.1,2600.0,3.5,6.7,22027.0,11864.0,57.3,13865.7,18643.8,4.8,54.2,0.0,94319.2,0.0,12.0,38472.3,1766602.9,232.3,1421.7,0.0,294.0,352.0
2026-10-02T19:36:25.908350+00:00,SivaChowdary,24.5,2600.0,4.4,19.0,22151.9,15489.4,57.4,13858.4,18651.1,4.8,54.2,0.0,171914.9,0.0,13.0,221.8,849.4,3.0,14.0,0.0,294.0,350.0
2026-10-02T19:36:26.854548+00:00,SivaChowdary,11.7,2600.0,3.6,7.1,38580.7,22311.3,57.4,13865.0,18644.5,4.8,54.2,0.0,32772.9,0.0,6.0,716.1,1451.2,8.0,18.0,0.0,294.0,350.0
2026-10-02T19:36:27.912077+00:00,SivaChowdary,14.5,2600.0,3.1,11.0,17357.5,11464.6,57.3,13867.4,18642.1,4.8,54.2,0.0,0.0,0.0,0.0,632.4,1723.1,7.0,15.0,0.0,294.0,352.0
2026-10-02T19:36:28.843833+00:00,SivaChowdary,21.7,2600.0,10.1,10.7,52328.5,30945.8,57.5,13829.0,18680.5,4.8,54.2,0.0,131045.8,0.0,20.0,1771.6,1346.7,5.0,13.0,0.0,294.0,350.0
2026-10-02T19:36:29.848417+00:00,SivaChowdary,33.4,2600.0,16.1,16.2,30954.9,21172.0,57.8,13703.6,18805.9,4.8,54.2,0.0,368710.4,0.0,35.0,22334.3,179506.3,102.0,187.0,0.0,294.0,351.0
2026-10-02T19:36:31.010456+00:00,SivaChowdary,13.7,2600.0,5.4,7.0,32067.4,15772.3,57.8,13728.7,18780.8,4.8,54.2,16380.1,176086.1,1.0,28.0,4658.9,3060.3,20.0,29.0,0.0,294.0,353.0
2026-10-02T19:36:31.930600+00:00,SivaChowdary,32.2,2600.0,7.7,23.2,29209.0,15389.3,57.8,13722.1,18787.4,4.8,54.2,0.0,0.0,0.0,0.0,891.6,1859.1,7.0,15.0,0.0,294.0,353.0
2026-10-02T19:36:32.812900+00:00,SivaChowdary,23.3,2600.0,9.8,12.0,71721.9,37125.0,57.8,13709.2,18800.3,4.8,54.2,0.0,213423.2,0.0,18.0,4284.7,3048.2,19.0,26.1,0.0,294.0,351.0
2026-10-02T19:36:33.820757+00:00,SivaChowdary,20.8,2600.0,6.4,13.4,30795.0,14491.3,57.8,13713.5,18796.0,4.8,54.2,2047.2,71652.0,4.0,6.0,1771.3,1250.5,5.0,9.0,0.0,294.0,352.0
2026-10-02T19:36:34.818239+00:00,SivaChowdary,17.2,2600.0,7.0,9.6,62445.5,33129.0,57.8,13714.0,18795.5,4.8,54.2,0.0,0.0,0.0,0.0,5220.4,3723.6,26.0,35.0,0.0,294.0,350.0
2026-10-02T19:36:35.871879+00:00,SivaChowdary,23.8,2600.0,8.4,14.7,38487.4,22727.2,58.1,13626.2,18883.4,4.8,54.2,0.0,188467.1,0.0,19.0,10199.8,8845.4,42.0,45.0,0.0,294.0,351.0
2026-10-02T19:36:36.965315+00:00,SivaChowdary,23.5,2600.0,15.2,7.6,37125.6,16614.3,58.2,13583.2,18926.3,4.8,54.2,0.0,270340.6,0.0,47.0,8230.1,4299.1,32.0,43.0,0.0,294.0,353.0
2026-10-02T19:36:37.858305+00:00,SivaChowdary,35.6,2600.0,10.2,24.0,26974.8,15200.0,58.2,13595.4,18914.1,4.8,54.2,0.0,286494.7,0.0,31.0,3114.6,1729.6,10.0,19.0,0.0,294.0,353.0
2026-10-02T19:36:38.905675+00:00,SivaChowdary,13.5,2600.0,6.9,6.3,59683.8,31688.7,58.1,13619.8,18889.7,4.8,54.2,0.0,437881.5,0.0,38.0,5803.8,3014.3,13.0,31.0,0.0,294.0,351.0
2026-10-02T19:36:39.909389+00:00,SivaChowdary,22.3,2600.0,6.9,14.6,28469.4,14434.4,58.1,13630.6,18878.9,4.8,54.2,0.0,590330.8,0.0,41.0,791.7,1585.4,8.0,18.0,0.0,294.0,353.0
2026-10-02T19:36:40.933570+00:00,SivaChowdary,15.2,2600.0,5.7,9.1,53387.7,27871.7,58.1,13630.7,18878.8,4.8,54.2,0.0,385296.0,0.0,38.0,4225.0,2035.4,15.0,22.0,0.0,294.0,351.0
2026-10-02T19:36:41.873445+00:00,SivaChowdary,23.2,2600.0,6.8,15.6,28369.0,15138.2,58.0,13640.6,18868.9,4.8,54.2,0.0,159620.1,0.0,27.0,1057.2,1888.5,11.0,19.0,0.0,294.0,350.0
2026-10-02T19:36:42.926701+00:00,SivaChowdary,12.3,2600.0,5.7,6.0,23581.7,8866.2,58.0,13653.6,18855.9,4.8,54.2,0.0,323882.4,0.0,34.0,839.8,1870.7,10.0,21.0,0.0,294.0,354.0
2026-10-02T19:36:43.856815+00:00,SivaChowdary,28.3,2600.0,6.1,21.2,26149.4,13791.1,58.0,13648.4,18861.1,4.8,54.2,16383.0,176117.0,1.0,27.0,1776.9,1086.9,5.0,16.0,0.0,294.0,352.0
2026-10-02T19:36:44.944723+00:00,SivaChowdary,14.1,2600.0,6.5,6.7,54877.1,26651.1,58.0,13658.5,18851.0,4.8,54.2,0.0,233315.2,0.0,37.0,54395.4,3165710.3,363.8,2481.3,0.0,294.0,350.0
2026-10-02T19:36:45.890300+00:00,SivaChowdary,22.1,2600.0,6.7,14.7,30468.1,15423.7,58.0,13650.5,18859.0,4.8,54.2,36892.0,1324011.5,3.0,110.1,58774.5,4568813.9,495.4,3580.7,0.0,294.0,353.0
2026-10-02T19:36:46.959857+00:00,SivaChowdary,21.8,2600.0,9.9,11.7,45298.5,30166.7,58.0,13654.7,18854.8,4.8,54.2,180257.9,2400707.6,11.0,316.1,1356.3,2277.4,12.0,25.0,0.0,294.0,351.0
2026-10-02T19:36:47.880472+00:00,SivaChowdary,19.8,2600.0,6.2,12.2,32780.7,21993.4,57.9,13676.2,18833.3,4.8,54.2,0.0,229317.8,0.0,40.0,547.9,1767.6,6.0,18.0,0.0,294.0,351.0
2026-10-02T19:36:48.972401+00:00,SivaChowdary,12.4,2600.0,5.8,6.8,22087.7,7855.3,57.9,13681.9,18827.6,4.8,54.2,0.0,16374.1,0.0,4.0,2825.3,2100.7,17.0,26.0,0.0,294.0,353.0
2026-10-02T19:36:49.857825+00:00,SivaChowdary,27.1,2600.0,7.9,18.8,39467.0,21483.8,57.9,13674.6,18834.9,4.8,54.2,0.0,102418.1,0.0,6.0,1837.3,1963.3,13.0,23.0,0.0,294.0,353.0
2026-10-02T19:36:50.920029+00:00,SivaChowdary,13.8,2600.0,5.5,7.2,42537.8,25088.1,57.8,13722.0,18787.5,4.8,54.2,0.0,290643.5,0.0,39.0,843.5,1584.1,9.0,19.0,0.0,294.0,351.0
2026-10-02T19:36:51.897446+00:00,SivaChowdary,17.7,2600.0,6.0,11.8,24399.1,14624.6,57.8,13717.7,18791.8,4.8,54.2,0.0,53305.0,0.0,7.0,0.0,1185.3,0.0,15.0,0.0,294.0,353.0
2026-10-02T19:36:52.922435+00:00,SivaChowdary,15.3,2600.0,3.9,10.8,44119.0,26824.4,57.8,13728.5,18781.0,4.8,54.2,0.0,176012.4,0.0,17.0,604.6,1314.1,6.0,14.0,0.0,294.0,351.0
2026-10-02T19:36:53.856763+00:00,SivaChowdary,14.1,2600.0,3.3,10.5,16449.3,10639.6,57.8,13729.6,18779.9,4.8,54.2,0.0,0.0,0.0,0.0,1395.9,721.4,1.0,10.0,0.0,294.0,351.0
2026-10-02T19:36:54.982256+00:00,SivaChowdary,13.2,2600.0,4.8,8.2,18230.2,11723.2,57.8,13721.4,18788.2,4.8,54.2,16381.5,110575.0,1.0,14.0,505.9,1554.8,6.0,20.0,0.0,294.0,353.0
2026-10-02T19:36:55.824964+00:00,SivaChowdary,17.4,2600.0,3.9,13.0,47603.3,28854.4,57.8,13719.7,18789.8,4.8,54.2,0.0,110597.3,0.0,5.0,964.0,1212.1,10.0,14.0,0.0,294.0,351.0
2026-10-02T19:36:56.927674+00:00,SivaChowdary,11.6,1496.0,2.6,8.1,16826.7,11017.3,57.8,13720.9,18788.6,4.8,54.2,0.0,12273.9,0.0,3.0,758.1,870.0,9.0,11.0,0.0,294.0,351.0
2026-10-02T19:36:57.857282+00:00,SivaChowdary,10.8,2600.0,3.1,7.2,16639.7,9345.4,57.8,13721.6,18787.9,4.8,54.2,0.0,266507.8,0.0,14.0,335.3,885.9,4.0,13.0,0.0,294.0,353.0
2026-10-02T19:36:58.913222+00:00,SivaChowdary,21.8,2600.0,4.3,16.8,41382.8,28286.0,57.8,13718.9,18790.6,4.8,54.2,0.0,147476.6,0.0,26.0,2203.3,2246.3,8.0,19.0,0.0,294.0,351.0
2026-10-02T19:36:59.829100+00:00,SivaChowdary,8.1,2600.0,3.0,4.6,17396.6,10924.8,57.7,13743.1,18766.4,4.8,54.2,0.0,53246.8,0.0,12.0,1172.0,1212.0,14.0,17.0,0.0,294.0,350.0
2026-10-02T19:37:00.968203+00:00,SivaChowdary,27.0,2600.0,4.5,21.5,23837.7,18144.1,57.9,13688.8,18820.7,4.8,54.2,0.0,90152.4,0.0,15.0,13878.2,17835.0,41.0,49.0,0.0,294.0,353.0
2026-10-02T19:37:01.891797+00:00,SivaChowdary,19.4,2600.0,3.7,14.4,47637.5,31018.3,57.9,13689.1,18820.4,4.8,54.2,0.0,0.0,0.0,0.0,848.2,1297.8,6.0,12.0,0.0,294.0,351.0
2026-10-02T19:37:02.931256+00:00,SivaChowdary,13.5,2600.0,3.6,9.1,14097.9,9188.0,57.9,13687.4,18822.1,4.8,54.2,0.0,77806.8,0.0,13.0,420.9,788.8,5.0,12.0,0.0,294.0,351.0
2026-10-02T19:37:03.874170+00:00,SivaChowdary,10.1,2600.0,2.4,7.5,18054.9,11195.4,57.9,13697.3,18812.2,4.8,54.2,0.0,4098.7,0.0,1.0,2700.8,2731.8,15.0,27.0,0.0,294.0,353.0
2026-10-02T19:37:04.889118+00:00,SivaChowdary,20.6,2600.0,3.9,16.2,43904.2,30149.8,57.9,13690.2,18819.4,4.8,54.2,0.0,61392.7,0.0,10.0,759.4,1147.1,8.0,15.0,0.0,294.0,351.0
2026-10-02T19:37:05.853993+00:00,SivaChowdary,10.9,2600.0,2.1,7.8,16198.3,9321.6,57.9,13702.2,18807.3,4.8,54.2,0.0,139378.3,0.0,10.0,379.3,1021.8,4.0,15.0,0.0,294.0,351.0
2026-10-02T19:37:07.009017+00:00,SivaChowdary,13.1,2600.0,3.6,9.0,18803.1,12591.8,57.6,13778.4,18731.1,4.8,54.2,0.0,40962.5,0.0,6.0,20203.2,20786.3,48.0,73.0,0.0,294.0,352.0
2026-10-02T19:37:07.874606+00:00,SivaChowdary,20.8,1496.0,5.2,15.1,43062.0,28878.6,57.6,13772.6,18736.9,4.8,54.2,0.0,53215.9,0.0,7.0,494.7,572.7,3.0,8.0,0.0,294.0,350.0
2026-10-02T19:37:08.936823+00:00,SivaChowdary,13.9,2600.0,4.1,9.3,17079.2,10977.2,57.6,13773.3,18736.2,4.8,54.2,0.0,20476.7,0.0,1.0,46381.5,1929471.1,285.0,1579.7,0.0,294.0,350.0
2026-10-02T19:37:09.900776+00:00,SivaChowdary,19.9,2600.0,8.3,11.2,24742.5,15161.8,57.7,13764.4,18745.1,4.8,54.2,0.0,86049.1,0.0,16.0,73287.2,5027349.8,643.2,3967.5,0.0,294.0,352.0
2026-10-02T19:37:10.964688+00:00,SivaChowdary,23.0,2600.0,4.7,17.1,52504.0,32491.3,57.6,13774.5,18735.0,4.8,54.2,0.0,45080.0,0.0,4.0,1432.8,57572.7,14.0,74.0,0.0,294.0,350.0
2026-10-02T19:37:11.845389+00:00,SivaChowdary,11.8,2600.0,3.7,7.6,19298.1,12250.9,57.6,13767.9,18741.6,4.8,54.2,0.0,28676.5,0.0,6.0,0.0,1291.2,0.0,14.0,0.0,294.0,350.0
2026-10-02T19:37:12.969871+00:00,SivaChowdary,14.4,2600.0,2.7,11.1,16303.5,11156.1,57.6,13770.1,18739.4,4.8,54.2,0.0,0.0,0.0,0.0,2291.4,2416.3,10.0,26.0,0.0,294.0,352.0
2026-10-02T19:37:13.825503+00:00,SivaChowdary,17.1,2600.0,4.1,12.5,45317.1,29267.4,57.6,13771.5,18738.0,4.8,54.2,0.0,8198.0,0.0,2.0,0.0,585.4,0.0,9.0,0.0,294.0,350.0
2026-10-02T19:37:14.922974+00:00,SivaChowdary,11.9,2600.0,2.3,9.3,14990.0,10311.9,57.6,13781.9,18727.6,4.8,54.2,0.0,8188.7,0.0,1.0,7496.0,3326.7,49.0,38.0,0.0,294.0,350.0
2026-10-02T19:37:15.893100+00:00,SivaChowdary,12.0,2600.0,4.3,6.9,19726.9,10845.6,57.6,13774.2,18735.4,4.8,54.2,0.0,139284.3,0.0,6.0,5192.8,5972.9,38.0,53.0,0.0,294.0,352.0
2026-10-02T19:37:16.928051+00:00,SivaChowdary,21.4,1496.0,3.1,17.3,33881.8,24736.4,57.6,13772.5,18737.0,4.8,54.2,0.0,0.0,0.0,0.0,976.9,1626.9,8.0,18.0,0.0,294.0,352.0
2026-10-02T19:37:17.853356+00:00,SivaChowdary,8.8,2600.0,2.3,6.3,22803.7,13602.0,57.6,13786.1,18723.4,4.8,54.2,0.0,20486.0,0.0,5.0,3015.9,1756.5,9.0,19.0,0.0,294.0,350.0
2026-10-02T19:37:18.911269+00:00,SivaChowdary,12.5,2600.0,2.3,9.7,15505.5,9933.2,57.6,13776.7,18732.8,4.8,54.2,0.0,0.0,0.0,0.0,12555.5,17798.9,53.0,59.0,0.0,294.0,352.0
2026-10-02T19:37:19.838869+00:00,SivaChowdary,13.6,2600.0,2.9,10.1,43147.1,26206.4,57.6,13771.5,18738.0,4.8,54.2,0.0,0.0,0.0,0.0,2834.1,19096.6,17.0,30.0,0.0,294.0,350.0
2026-10-02T19:37:20.841892+00:00,SivaChowdary,18.9,2600.0,3.9,13.8,17816.9,12898.9,57.6,13781.5,18728.0,4.8,54.2,0.0,188298.5,0.0,9.0,336.8,571.6,4.0,7.0,0.0,294.0,350.0
2026-10-02T19:37:22.003948+00:00,SivaChowdary,7.5,2600.0,3.2,3.7,15569.6,8662.0,57.6,13787.3,18722.2,4.8,54.2,0.0,36872.5,0.0,5.0,8506.0,77150.8,77.0,104.0,0.0,294.0,352.0
2026-10-02T19:37:22.913204+00:00,SivaChowdary,22.8,2600.0,2.6,19.3,15401.9,11850.1,57.6,13779.0,18730.5,4.8,54.2,0.0,53230.5,0.0,11.0,799.7,1396.5,9.0,16.0,0.0,294.0,352.0
2026-10-02T19:37:23.849395+00:00,SivaChowdary,12.2,2600.0,3.9,7.5,47874.5,27403.0,57.6,13783.9,18725.7,4.8,54.2,0.0,0.0,0.0,0.0,1395.3,736.2,1.0,12.0,0.0,294.0,350.0
2026-10-02T19:37:24.917428+00:00,SivaChowdary,17.0,2600.0,3.9,12.1,20236.3,13271.9,57.6,13791.1,18718.4,4.8,54.2,0.0,106439.5,0.0,16.0,626.7,1518.2,6.0,21.0,0.0,294.0,352.0
2026-10-02T19:37:25.968927+00:00,SivaChowdary,12.5,2600.0,4.0,7.6,43478.7,27460.5,57.6,13792.8,18716.7,4.8,54.2,0.0,106637.6,0.0,5.0,168.2,344.5,2.0,5.0,0.0,294.0,350.0
2026-10-02T19:37:26.848848+00:00,SivaChowdary,15.7,2600.0,2.6,12.5,15584.2,10623.3,57.6,13793.2,18716.4,4.8,54.2,0.0,12280.3,0.0,3.0,1009.4,1323.2,10.0,14.0,0.0,294.0,350.0
2026-10-02T19:37:28.007796+00:00,SivaChowdary,7.3,2600.0,2.5,4.4,14322.8,7929.2,57.6,13794.9,18714.6,4.8,54.2,0.0,0.0,0.0,0.0,1563.6,432.2,3.0,6.0,0.0,294.0,352.0
2026-10-02T19:37:28.894191+00:00,SivaChowdary,23.8,2600.0,2.7,20.7,16101.1,13224.2,57.6,13786.4,18723.1,4.8,54.2,0.0,98097.6,0.0,7.0,0.0,55.9,0.0,1.0,0.0,294.0,352.0
2026-10-02T19:37:29.868293+00:00,SivaChowdary,13.2,1496.0,6.2,6.6,53155.3,29585.7,57.6,13793.5,18716.0,4.8,54.2,0.0,86146.1,0.0,9.0,969.5,1558.4,11.0,22.0,0.0,294.0,350.0
2026-10-02T19:37:30.868165+00:00,SivaChowdary,14.7,2600.0,2.9,11.4,21734.9,14654.3,57.5,13832.5,18677.0,4.8,54.2,0.0,196598.1,0.0,32.0,84.0,966.0,1.0,9.0,0.0,294.0,351.0
2026-10-02T19:37:31.951582+00:00,SivaChowdary,9.7,2600.0,3.2,6.3,39178.5,24841.3,57.4,13837.0,18672.5,4.8,54.2,0.0,0.0,0.0,0.0,724.6,1541.3,5.0,16.0,0.0,294.0,349.0
2026-10-02T19:37:32.858971+00:00,SivaChowdary,18.0,2600.0,3.7,13.9,20145.0,12055.8,57.5,13818.5,18691.1,4.8,54.2,16374.3,85964.9,1.0,11.0,27479.7,25549.8,82.0,87.9,0.0,294.0,349.0
2026-10-02T19:37:33.961435+00:00,SivaChowdary,7.6,2600.0,2.8,4.4,15449.9,8967.5,57.4,13835.0,18674.5,4.8,54.2,0.0,0.0,0.0,0.0,33466.9,1665657.5,239.9,1312.5,0.0,294.0,351.0
2026-10-02T19:37:34.870825+00:00,SivaChowdary,26.7,2600.0,4.5,21.9,20395.9,13573.6,57.5,13827.2,18682.3,4.8,54.2,0.0,20489.9,0.0,5.0,30864.9,2021933.1,267.1,1614.8,0.0,294.0,351.0
2026-10-02T19:37:35.909672+00:00,SivaChowdary,9.4,2600.0,3.9,4.9,44491.7,27835.5,57.4,13835.1,18674.4,4.8,54.2,0.0,188453.0,0.0,4.0,1048.2,2018.4,11.0,19.0,0.0,294.0,351.0
2026-10-02T19:37:36.897555+00:00,SivaChowdary,16.1,2600.0,3.0,12.2,20171.1,12605.2,57.6,13799.2,18710.3,4.8,54.2,0.0,438383.7,0.0,40.0,1302.3,1990.5,14.0,24.0,0.0,294.0,352.0
2026-10-02T19:37:37.982052+00:00,SivaChowdary,12.4,2600.0,4.0,8.1,42259.0,27204.9,57.6,13796.8,18712.7,4.8,54.2,0.0,110563.2,0.0,4.0,10922.2,4274.9,18.0,28.0,0.0,294.0,352.0
2026-10-02T19:37:38.852879+00:00,SivaChowdary,17.7,2600.0,3.8,13.3,17830.8,12223.5,57.6,13798.7,18710.8,4.8,54.2,0.0,0.0,0.0,0.0,3962.2,2353.1,12.0,25.0,0.0,294.0,350.0
2026-10-02T19:37:40.062033+00:00,SivaChowdary,8.3,1496.0,3.2,4.9,13004.7,7374.4,57.5,13806.6,18702.9,4.8,54.2,0.0,49128.3,0.0,11.0,209.9,623.7,3.0,10.0,0.0,294.0,352.0
2026-10-02T19:37:40.960779+00:00,SivaChowdary,30.8,2600.0,4.6,24.7,15035.5,11410.8,57.5,13806.8,18702.7,4.8,54.2,0.0,28661.6,0.0,7.0,794.7,1277.5,8.0,15.0,0.0,294.0,352.0
2026-10-02T19:37:41.854210+00:00,SivaChowdary,16.1,2600.0,5.2,10.0,44663.2,26905.5,57.6,13797.7,18711.8,4.8,54.2,0.0,229397.7,0.0,8.0,0.0,112.0,0.0,2.0,0.0,294.0,350.0
2026-10-02T19:37:42.881063+00:00,SivaChowdary,14.4,2600.0,3.5,10.3,16082.1,10268.1,57.5,13803.1,18706.4,4.8,54.2,0.0,4098.8,0.0,1.0,84.1,536.4,1.0,9.0,0.0,294.0,352.0
2026-10-02T19:37:43.853641+00:00,SivaChowdary,11.3,2600.0,3.5,7.7,42058.3,25671.7,57.5,13809.4,18700.1,4.8,54.2,0.0,12292.2,0.0,2.0,2070.7,1015.3,9.0,14.0,0.0,294.0,350.0
2026-10-02T19:37:44.859453+00:00,SivaChowdary,15.5,2600.0,3.5,11.5,17941.4,11448.9,57.6,13799.9,18709.6,4.8,54.2,0.0,61407.2,0.0,9.0,84.0,199.9,1.0,3.0,0.0,294.0,350.0
2026-10-02T19:37:45.998407+00:00,SivaChowdary,7.6,2600.0,3.5,3.7,14829.6,7938.7,57.5,13806.1,18703.4,4.8,54.2,2047.7,120812.1,4.0,8.0,598.9,860.9,5.0,12.0,0.0,294.0,351.0
2026-10-02T19:37:47.056575+00:00,SivaChowdary,23.2,2600.0,3.4,19.5,14978.8,11355.2,57.5,13810.3,18699.2,4.8,54.2,0.0,0.0,0.0,0.0,1897.4,2524.5,17.0,23.0,0.0,294.0,351.0
2026-10-02T19:37:47.868164+00:00,SivaChowdary,20.2,2600.0,4.9,13.9,45996.4,28470.3,57.5,13804.6,18704.9,4.8,54.2,0.0,49143.9,0.0,8.0,0.0,224.0,0.0,4.0,0.0,294.0,349.0
2026-10-02T19:37:49.009251+00:00,SivaChowdary,17.9,2600.0,5.5,11.4,19851.6,11783.6,57.5,13802.6,18706.9,4.8,54.2,0.0,8193.1,0.0,2.0,2617.3,2012.3,15.0,27.0,0.0,294.0,351.0
2026-10-02T19:37:49.827345+00:00,SivaChowdary,17.0,2600.0,3.9,12.6,43468.4,28136.8,57.6,13794.1,18715.4,4.8,54.2,0.0,53236.3,0.0,5.0,292.9,908.8,3.0,14.0,0.0,294.0,349.0
2026-10-02T19:37:50.907799+00:00,SivaChowdary,17.0,2600.0,3.7,12.1,14641.0,9595.6,57.5,13816.8,18692.7,4.8,54.2,0.0,118630.2,0.0,17.0,1388.2,2227.1,15.0,30.0,0.0,294.0,349.0
2026-10-02T19:37:51.897750+00:00,SivaChowdary,10.2,2600.0,4.5,5.1,20866.6,12063.8,57.5,13816.4,18693.2,4.8,54.2,0.0,110727.6,0.0,7.0,1394.7,2292.8,15.0,27.0,0.0,294.0,350.0
2026-10-02T19:37:52.941831+00:00,SivaChowdary,20.3,2600.0,3.2,16.5,23154.1,16361.5,57.5,13825.9,18683.6,4.8,54.2,0.0,49069.5,0.0,9.0,520.1,856.6,5.0,10.0,0.0,294.0,348.0
2026-10-02T19:37:53.837432+00:00,SivaChowdary,13.0,2600.0,4.6,7.8,38311.1,23485.8,57.5,13829.2,18680.3,4.8,54.2,0.0,0.0,0.0,0.0,1481.1,792.1,2.0,11.0,0.0,294.0,348.0
2026-10-02T19:37:54.927812+00:00,SivaChowdary,16.1,2600.0,4.7,11.2,17489.0,12478.7,57.5,13823.4,18686.1,4.8,54.2,0.0,32796.2,0.0,7.0,879.8,1820.6,9.0,21.0,0.0,294.0,350.0
2026-10-02T19:37:55.838942+00:00,SivaChowdary,12.2,2600.0,2.8,8.6,48785.3,30292.4,57.5,13829.0,18680.5,4.8,54.2,0.0,143352.2,0.0,6.0,0.0,2677.9,0.0,61.0,0.0,294.0,348.0
2026-10-02T19:37:56.889154+00:00,SivaChowdary,12.3,2600.0,2.5,9.4,16324.8,10842.0,57.5,13832.0,18677.5,4.8,54.2,0.0,32701.5,0.0,4.0,125.7,5299.2,2.0,121.8,0.0,294.0,348.0
2026-10-02T19:37:57.959530+00:00,SivaChowdary,10.4,2600.0,3.1,6.0,19988.5,12930.3,57.5,13826.1,18683.4,4.8,54.2,0.0,94371.1,0.0,13.0,3728.4,11827.4,18.0,250.4,0.0,294.0,350.0
2026-10-02T19:37:58.945527+00:00,SivaChowdary,27.4,1496.0,4.4,21.2,14499.1,10729.0,57.5,13816.6,18693.0,4.8,54.2,0.0,32786.4,0.0,5.0,40392.6,2447219.7,283.2,2010.1,0.0,294.0,350.0
2026-10-02T19:37:59.856413+00:00,SivaChowdary,17.2,2600.0,5.6,10.2,48752.0,28105.9,57.5,13818.6,18691.0,4.8,54.2,0.0,12284.5,0.0,3.0,8497.6,479308.6,75.0,470.9,0.0,294.0,348.0
2026-10-02T19:38:01.007559+00:00,SivaChowdary,22.4,2600.0,4.5,17.6,16429.3,12866.8,57.5,13813.2,18696.3,4.8,54.2,0.0,45062.3,0.0,10.0,1279.2,3531.5,12.0,58.0,0.0,294.0,350.0
2026-10-02T19:38:01.847764+00:00,SivaChowdary,22.2,2600.0,4.3,16.5,47607.5,30179.2,57.5,13817.9,18691.6,4.8,54.2,0.0,0.0,0.0,0.0,556.9,1806.7,3.0,29.0,0.0,294.0,348.0
2026-10-02T19:38:02.921793+00:00,SivaChowdary,14.9,2600.0,5.2,9.2,14311.2,9311.7,57.5,13824.4,18685.1,4.8,54.2,0.0,36874.7,0.0,7.0,421.1,789.2,5.0,12.0,0.0,294.0,348.0
2026-10-02T19:38:03.869522+00:00,SivaChowdary,12.2,2600.0,3.3,7.8,18233.4,10757.1,57.5,13817.2,18692.3,4.8,54.2,0.0,8186.8,0.0,2.0,1939.8,1350.1,7.0,17.0,0.0,294.0,350.0
2026-10-02T19:38:04.940707+00:00,SivaChowdary,16.0,2600.0,3.2,12.5,41248.4,26556.5,57.5,13817.2,18692.3,4.8,54.2,0.0,118839.8,0.0,8.0,630.3,1145.5,7.0,15.0,0.0,294.0,348.0
2026-10-02T19:38:05.831955+00:00,SivaChowdary,13.2,1496.0,3.7,8.5,19094.4,11913.4,57.5,13819.1,18690.4,4.8,54.2,0.0,130944.2,0.0,1.0,1381.7,1720.3,15.0,19.0,0.0,294.0,348.0
2026-10-02T19:38:06.932422+00:00,SivaChowdary,14.2,2600.0,3.5,9.9,30501.6,24521.8,57.5,13826.4,18683.1,4.8,54.2,0.0,155748.1,0.0,14.0,1346.9,1772.1,14.0,20.0,0.0,294.0,349.0
2026-10-02T19:38:07.849728+00:00,SivaChowdary,16.3,1496.0,4.4,11.5,50609.9,30391.3,57.4,13841.5,18668.0,4.8,54.2,0.0,77853.0,0.0,13.0,0.0,256.1,0.0,4.0,0.0,294.0,347.0
2026-10-02T19:38:08.842565+00:00,SivaChowdary,17.4,2600.0,4.4,12.1,22384.5,15629.7,57.4,13836.5,18673.0,4.8,54.2,0.0,126916.4,0.0,4.0,6637.9,4322.0,24.0,53.0,0.0,294.0,347.0
2026-10-02T19:38:10.026998+00:00,SivaChowdary,6.8,2600.0,2.6,3.8,14437.7,8332.7,57.4,13844.3,18665.2,4.8,54.2,0.0,2183875.1,0.0,413.1,754.2,1514.5,8.0,22.0,0.0,294.0,349.0
2026-10-02T19:38:10.951507+00:00,SivaChowdary,23.4,2600.0,2.6,20.1,14281.9,11318.9,57.4,13834.8,18674.7,4.8,54.2,0.0,61439.6,0.0,9.0,84.0,984.0,1.0,17.0,0.0,294.0,349.0
2026-10-02T19:38:11.863193+00:00,SivaChowdary,15.1,2600.0,5.0,9.3,43878.0,27335.1,57.4,13840.8,18668.7,4.8,54.2,0.0,147419.0,0.0,7.0,716.8,1958.5,7.0,28.0,0.0,294.0,347.0
2026-10-02T19:38:12.895027+00:00,SivaChowdary,13.1,2600.0,2.6,10.0,21569.1,14744.6,57.4,13838.4,18671.1,4.8,54.2,0.0,0.0,0.0,0.0,944.5,2474.3,10.0,33.0,0.0,294.0,349.0
2026-10-02T19:38:13.890564+00:00,SivaChowdary,11.6,2600.0,2.6,8.2,41060.5,25979.4,57.4,13839.7,18669.8,4.8,54.2,0.0,12272.6,0.0,2.0,1477.1,1021.7,2.0,16.0,0.0,294.0,347.0
2026-10-02T19:38:14.823278+00:00,SivaChowdary,18.6,2600.0,4.4,12.9,27729.7,19185.7,57.5,13822.4,18687.1,4.8,54.2,151676.4,8198.7,9.0,2.0,466.4,887.7,5.0,13.0,0.0,294.0,348.0
2026-10-02T19:38:15.985411+00:00,SivaChowdary,10.7,2600.0,3.7,6.3,18875.5,10847.4,57.4,13839.2,18670.3,4.8,54.2,0.0,24588.3,0.0,3.0,1023.5,1638.8,10.0,18.0,0.0,294.0,349.0
2026-10-02T19:38:16.876309+00:00,SivaChowdary,24.3,2600.0,2.7,20.3,17995.1,13436.4,57.4,13834.0,18675.5,4.8,54.2,0.0,49084.2,0.0,4.0,808.9,1458.0,6.0,15.0,0.0,294.0,349.0
2026-10-02T19:38:17.923077+00:00,SivaChowdary,10.8,2600.0,3.3,6.6,43414.9,26105.6,57.4,13835.6,18674.0,4.8,54.2,16390.0,172095.1,1.0,13.0,636.2,1282.5,7.0,18.0,0.0,294.0,347.0
2026-10-02T19:38:18.902804+00:00,SivaChowdary,20.1,1496.0,4.2,14.5,20971.9,14821.1,57.5,13829.9,18679.6,4.8,54.2,0.0,4099.9,0.0,1.0,4258.0,2314.2,17.0,28.0,0.0,294.0,349.0
2026-10-02T19:38:19.953442+00:00,SivaChowdary,12.1,2600.0,3.6,7.2,48085.0,32177.9,57.5,13827.2,18682.3,4.8,54.2,0.0,16371.7,0.0,3.0,3734.2,22496.1,30.0,53.0,0.0,294.0,347.0
2026-10-02T19:38:20.869505+00:00,SivaChowdary,21.2,2600.0,4.4,15.7,21596.6,16473.0,57.5,13828.1,18681.4,4.8,54.2,0.0,143377.5,0.0,3.0,25739.1,1583295.7,168.0,1248.2,0.0,294.0,347.0
2026-10-02T19:38:21.997404+00:00,SivaChowdary,7.6,2600.0,2.7,4.3,19521.3,12106.6,57.5,13831.6,18677.9,4.8,54.2,0.0,122875.8,0.0,8.0,5165.8,245940.5,44.0,223.0,0.0,294.0,349.0
2026-10-02T19:38:22.838317+00:00,SivaChowdary,23.6,2600.0,4.1,18.5,24751.1,16972.3,57.5,13828.9,18680.6,4.8,54.2,0.0,16394.0,0.0,4.0,377.2,1165.7,4.0,18.0,0.0,294.0,349.0
2026-10-02T19:38:23.936625+00:00,SivaChowdary,8.5,2600.0,3.8,4.2,34692.1,21055.7,57.4,13846.0,18663.5,4.8,54.2,0.0,0.0,0.0,0.0,1479.0,1128.0,2.0,19.0,0.0,294.0,347.0
2026-10-02T19:38:24.914894+00:00,SivaChowdary,19.9,2600.0,4.8,14.0,20082.2,12956.2,57.4,13841.8,18667.7,4.8,54.2,0.0,73666.4,0.0,11.0,167.9,927.2,2.0,16.0,0.0,294.0,349.0
2026-10-02T19:38:25.947533+00:00,SivaChowdary,17.4,2600.0,6.5,10.3,49713.6,32217.5,57.6,13797.2,18712.3,4.8,54.2,0.0,811196.6,0.0,86.0,10983.6,8933.1,47.0,55.0,0.0,294.0,347.0
2026-10-02T19:38:26.859363+00:00,SivaChowdary,15.2,1496.0,2.8,11.9,20117.2,11996.9,57.6,13796.8,18712.7,4.8,54.2,0.0,233624.9,0.0,8.0,801.5,1269.8,9.0,17.0,0.0,294.0,349.0
2026-10-02T19:38:27.991937+00:00,SivaChowdary,11.5,2600.0,4.1,7.2,18128.9,10403.6,57.5,13803.1,18706.4,4.8,54.2,0.0,0.0,0.0,0.0,1561.4,1084.9,3.0,16.0,0.0,294.0,349.0
2026-10-02T19:38:28.882140+00:00,SivaChowdary,28.0,2600.0,4.9,21.3,40225.7,29335.5,57.6,13798.7,18710.8,4.8,54.2,0.0,94183.9,0.0,7.0,0.0,311.9,0.0,5.0,0.0,294.0,347.0
2026-10-02T19:38:29.989505+00:00,SivaChowdary,9.8,2600.0,3.4,5.9,21453.9,12467.2,57.5,13808.6,18700.9,4.8,54.2,0.0,270600.2,0.0,12.0,1085.1,946.9,8.0,12.0,0.0,294.0,349.0
2026-10-02T19:38:30.832655+00:00,SivaChowdary,18.4,1496.0,4.0,13.4,16895.3,10714.7,57.5,13806.9,18702.6,4.8,54.2,0.0,0.0,0.0,0.0,0.0,504.1,0.0,9.0,0.0,294.0,349.0
2026-10-02T19:38:31.938336+00:00,SivaChowdary,15.6,2600.0,3.4,11.0,42785.1,27258.4,57.5,13808.3,18701.2,4.8,54.2,0.0,4093.8,0.0,1.0,1017.5,1698.1,8.0,18.0,0.0,294.0,347.0
2026-10-02T19:38:32.854925+00:00,SivaChowdary,14.1,2600.0,3.6,9.9,17274.0,10204.0,57.5,13802.4,18707.1,4.8,54.2,0.0,61440.0,0.0,8.0,690.0,1279.0,7.0,16.0,0.0,294.0,347.0
2026-10-02T19:38:33.985402+00:00,SivaChowdary,12.5,2600.0,3.3,9.1,17107.1,10610.7,57.5,13811.2,18698.3,4.8,54.2,0.0,4094.3,0.0,1.0,2233.1,1270.5,10.0,16.0,0.0,294.0,349.0
2026-10-02T19:38:34.856302+00:00,SivaChowdary,18.8,2600.0,3.9,12.7,45013.8,29099.2,57.5,13804.9,18704.6,4.8,54.2,0.0,24583.0,0.0,2.0,1136.3,2164.6,12.0,21.0,0.0,294.0,347.0
2026-10-02T19:38:35.902804+00:00,SivaChowdary,13.6,2600.0,4.0,9.3,17388.6,11785.8,57.5,13802.1,18707.4,4.8,54.2,0.0,0.0,0.0,0.0,1216.4,1625.5,13.0,18.0,0.0,294.0,347.0
2026-10-02T19:38:36.888478+00:00,SivaChowdary,11.1,2600.0,4.1,6.5,17321.2,10309.5,57.5,13805.6,18703.9,4.8,54.2,0.0,147449.2,0.0,13.0,379.0,916.0,4.0,12.0,0.0,294.0,349.0
2026-10-02T19:38:37.901293+00:00,SivaChowdary,23.4,2600.0,5.3,17.6,18386.4,13340.4,57.6,13795.6,18713.9,4.8,54.2,0.0,12285.6,0.0,3.0,5950.8,4494.1,14.0,22.0,0.0,294.0,349.0
2026-10-02T19:38:38.842052+00:00,SivaChowdary,13.0,2600.0,4.5,7.3,39043.7,23982.3,57.5,13808.6,18700.9,4.8,54.2,0.0,81846.1,0.0,12.0,1477.7,406.6,2.0,5.0,0.0,294.0,347.0
2026-10-02T19:38:39.884123+00:00,SivaChowdary,14.9,2600.0,3.2,11.6,16008.4,10519.5,57.5,13803.5,18706.0,4.8,54.2,0.0,28697.8,0.0,4.0,1813.6,2740.5,17.0,24.0,0.0,294.0,348.0
2026-10-02T19:38:40.903211+00:00,SivaChowdary,11.7,2600.0,2.9,8.1,40953.3,26240.3,57.5,13806.7,18702.8,4.8,54.2,0.0,254090.1,0.0,7.0,1261.7,1744.9,14.0,22.0,0.0,294.0,346.0
2026-10-02T19:38:41.866440+00:00,SivaChowdary,20.5,2600.0,3.9,15.3,15575.5,10406.3,57.5,13809.4,18700.1,4.8,54.2,0.0,302937.7,0.0,66.0,84.0,367.8,1.0,6.0,0.0,294.0,346.0
2026-10-02T19:38:43.019693+00:00,SivaChowdary,11.1,2600.0,4.5,5.7,16282.9,9188.0,57.5,13806.3,18703.2,4.8,54.2,0.0,0.0,0.0,0.0,1563.9,880.5,3.0,14.0,0.0,294.0,348.0
2026-10-02T19:38:43.919482+00:00,SivaChowdary,24.6,2600.0,3.6,20.4,15736.9,12116.7,57.5,13801.4,18708.1,4.8,54.2,0.0,135063.9,0.0,2.0,19002.4,1551869.2,121.9,1201.1,0.0,294.0,348.0
2026-10-02T19:38:44.862852+00:00,SivaChowdary,15.8,2600.0,5.6,9.4,47504.6,29167.9,57.5,13811.3,18698.2,4.8,54.2,0.0,57286.8,0.0,9.0,45933.1,2780622.6,385.6,2188.8,0.0,294.0,346.0
2026-10-02T19:38:45.901704+00:00,SivaChowdary,18.0,2600.0,4.1,13.6,18911.3,12349.8,57.5,13801.0,18708.5,4.8,54.2,0.0,16410.3,0.0,2.0,377.6,493.8,4.0,6.0,0.0,294.0,350.0
2026-10-02T19:38:46.868501+00:00,SivaChowdary,16.7,2600.0,5.4,10.5,47785.3,29898.0,57.6,13795.7,18713.8,4.8,54.2,0.0,102355.6,0.0,3.0,933.6,1268.4,7.0,10.0,0.0,294.0,346.0
2026-10-02T19:38:47.852928+00:00,SivaChowdary,14.1,2600.0,3.0,10.7,15630.9,10426.3,57.6,13800.1,18709.4,4.8,54.2,0.0,28659.1,0.0,5.0,589.7,761.7,7.0,10.0,0.0,294.0,346.0
2026-10-02T19:38:48.943377+00:00,SivaChowdary,7.0,2600.0,3.6,3.2,14899.3,8997.9,57.5,13802.7,18706.8,4.8,54.2,0.0,20502.5,0.0,5.0,6566.2,3127.4,26.0,34.0,0.0,294.0,348.0
2026-10-02T19:38:49.913677+00:00,SivaChowdary,22.5,2600.0,2.2,19.8,13229.7,10211.1,57.6,13789.2,18720.3,4.8,54.2,0.0,85975.1,0.0,10.0,547.7,937.6,6.0,12.0,0.0,294.0,348.0
2026-10-02T19:38:50.870056+00:00,SivaChowdary,11.5,2600.0,3.1,7.7,44986.4,27171.7,57.6,13797.5,18712.0,4.8,54.2,511.7,160171.8,1.0,7.0,376.8,940.5,4.0,14.0,0.0,294.0,346.0
2026-10-02T19:38:51.893199+00:00,SivaChowdary,16.2,2600.0,2.2,12.7,16284.0,10513.1,57.6,13798.3,18711.2,4.8,54.2,0.0,45086.3,0.0,7.0,379.3,909.6,4.0,13.0,0.0,294.0,348.0
2026-10-02T19:38:52.886295+00:00,SivaChowdary,11.4,1496.0,3.6,7.3,43037.5,27143.3,57.6,13793.8,18715.7,4.8,54.2,0.0,12285.9,0.0,3.0,520.9,913.8,5.0,11.0,0.0,294.0,346.0
2026-10-02T19:38:53.853409+00:00,SivaChowdary,15.0,2600.0,2.8,11.5,15802.4,10270.0,57.6,13795.9,18713.6,4.8,54.2,0.0,0.0,0.0,0.0,2189.8,1365.9,9.0,15.0,0.0,294.0,346.0
2026-10-02T19:38:55.000319+00:00,SivaChowdary,10.9,2600.0,4.5,6.1,16903.5,9928.1,57.5,13811.2,18698.3,4.8,54.2,0.0,16382.5,0.0,2.0,502.0,697.9,5.0,8.0,0.0,294.0,348.0
2026-10-02T19:38:55.887282+00:00,SivaChowdary,23.1,2600.0,2.7,19.7,16234.1,11941.0,57.5,13806.4,18703.1,4.8,54.2,0.0,49119.2,0.0,10.0,506.7,992.3,6.0,14.0,0.0,294.0,348.0
2026-10-02T19:38:56.897994+00:00,SivaChowdary,15.4,2600.0,5.6,8.9,42200.1,26481.9,57.5,13819.2,18690.3,4.8,54.2,0.0,196748.4,0.0,7.0,801.6,1175.8,8.0,13.0,0.0,294.0,346.0
2026-10-02T19:38:57.890440+00:00,SivaChowdary,16.9,2600.0,2.8,13.2,17810.4,11486.2,57.5,13804.7,18704.8,4.8,54.2,0.0,65548.5,0.0,9.0,84.0,320.1,1.0,5.0,0.0,294.0,348.0
2026-10-02T19:38:58.923723+00:00,SivaChowdary,12.1,2600.0,3.8,8.0,43111.5,27231.2,57.5,13804.7,18704.8,4.8,54.2,0.0,249876.5,0.0,54.0,2109.2,1378.1,9.0,15.0,0.0,294.0,346.0
2026-10-02T19:38:59.856858+00:00,SivaChowdary,15.7,2600.0,3.4,11.2,15229.3,9868.5,57.5,13814.7,18694.8,4.8,54.2,0.0,24574.9,0.0,4.0,293.0,773.0,3.0,11.0,0.0,294.0,346.0
2026-10-02T19:39:00.994400+00:00,SivaChowdary,11.0,2600.0,3.1,7.6,14590.8,9056.5,57.5,13807.3,18702.2,4.8,54.2,0.0,12281.9,0.0,3.0,167.9,798.6,2.0,12.0,0.0,294.0,348.0
2026-10-02T19:39:01.909681+00:00,SivaChowdary,24.2,2600.0,3.4,20.5,16930.2,13392.7,57.5,13801.6,18707.9,4.8,54.2,0.0,86027.2,0.0,4.0,810.1,1043.1,6.0,8.0,0.0,294.0,348.0
2026-10-02T19:39:02.893326+00:00,SivaChowdary,14.5,2600.0,4.5,8.3,41844.6,27609.7,57.6,13799.4,18710.2,4.8,54.2,0.0,28675.9,0.0,6.0,722.1,1194.2,8.0,16.0,0.0,294.0,346.0
2026-10-02T19:39:03.918745+00:00,SivaChowdary,14.8,2600.0,3.0,11.2,18345.6,11501.4,57.5,13808.3,18701.3,4.8,54.2,16384.6,53249.8,1.0,5.0,2615.1,1926.1,15.0,25.0,0.0,294.0,348.0
2026-10-02T19:39:04.962709+00:00,SivaChowdary,13.4,2600.0,3.4,9.6,44316.1,27573.7,57.5,13807.3,18702.2,4.8,54.2,0.0,49126.6,0.0,7.0,27605.7,1535922.6,188.9,1195.4,0.0,294.0,348.0
2026-10-02T19:39:05.885189+00:00,SivaChowdary,19.2,2600.0,4.1,14.5,26857.3,15856.0,57.5,13801.9,18707.6,4.8,54.2,0.0,0.0,0.0,0.0,30369.0,2319030.1,250.2,1832.4,0.0,294.0,346.0
2026-10-02T19:39:06.996389+00:00,SivaChowdary,12.4,2600.0,3.3,8.1,17755.1,12115.6,57.5,13803.0,18706.5,4.8,54.2,16376.7,81883.7,1.0,8.0,2318.0,2757.8,22.0,25.0,0.0,294.0,348.0
2026-10-02T19:39:07.849188+00:00,SivaChowdary,21.4,2600.0,4.7,16.5,40285.7,26064.3,57.6,13797.0,18712.5,4.8,54.2,0.0,36872.9,0.0,7.0,21298.1,16728.0,70.0,76.0,0.0,294.0,346.0
2026-10-02T19:39:08.949203+00:00,SivaChowdary,8.3,2600.0,2.8,5.3,20330.0,11827.9,57.5,13805.1,18704.5,4.8,54.2,0.0,0.0,0.0,0.0,1857.6,525.4,6.0,6.0,0.0,294.0,346.0
2026-10-02T19:39:09.912387+00:00,SivaChowdary,13.1,2600.0,2.7,10.0,17314.9,11173.6,57.5,13806.9,18702.6,4.8,54.2,0.0,53207.8,0.0,8.0,674.5,1014.2,8.0,14.0,0.0,294.0,348.0
2026-10-02T19:39:10.954029+00:00,SivaChowdary,13.8,2600.0,2.9,10.2,42159.2,26875.1,57.5,13804.1,18705.4,4.8,54.2,32768.1,131072.6,1.0,13.0,1090.0,1604.0,11.0,19.0,0.0,294.0,346.0
2026-10-02T19:39:11.846149+00:00,SivaChowdary,13.5,2600.0,3.7,9.0,16216.3,9949.9,57.5,13804.8,18704.7,4.8,54.2,0.0,245733.9,0.0,14.0,0.0,392.0,0.0,7.0,0.0,294.0,346.0
2026-10-02T19:39:12.948896+00:00,SivaChowdary,12.8,2600.0,2.6,9.5,14913.6,9083.0,57.5,13802.4,18707.1,4.8,54.2,0.0,45060.9,0.0,5.0,605.1,1618.2,6.0,23.0,0.0,294.0,348.0
2026-10-02T19:39:13.857090+00:00,SivaChowdary,18.7,2600.0,4.9,13.4,43995.9,27787.1,57.6,13799.5,18710.0,4.8,54.2,0.0,4093.7,0.0,1.0,1394.2,479.7,1.0,8.0,0.0,294.0,346.0
2026-10-02T19:39:14.875392+00:00,SivaChowdary,11.9,2600.0,3.1,8.5,13839.1,8991.6,57.5,13808.0,18701.5,4.8,54.2,16392.4,290965.1,1.0,61.0,84.0,376.2,1.0,6.0,0.0,294.0,346.0
2026-10-02T19:39:15.927055+00:00,SivaChowdary,19.1,2600.0,10.0,8.1,18162.3,11073.3,57.5,13817.2,18692.3,4.8,54.2,0.0,16377.0,0.0,3.0,791.7,1185.5,8.0,13.0,0.0,294.0,348.0
2026-10-02T19:39:16.904295+00:00,SivaChowdary,23.7,2600.0,4.4,18.8,22754.4,16589.7,57.5,13817.1,18692.4,4.8,54.2,0.0,4099.1,0.0,1.0,1524.2,2062.6,14.0,22.0,0.0,294.0,346.0
2026-10-02T19:39:17.855183+00:00,SivaChowdary,9.6,2600.0,3.9,5.2,34870.3,20530.2,57.5,13816.3,18693.2,4.8,54.2,0.0,184231.8,0.0,9.0,6676.8,5737.3,21.0,37.0,0.0,294.0,346.0
2026-10-02T19:39:18.899219+00:00,SivaChowdary,14.8,2600.0,3.8,10.6,15832.1,10040.1,57.5,13812.7,18696.9,4.8,54.2,0.0,40960.3,0.0,9.0,17002.1,23737.2,72.0,92.0,0.0,294.0,348.0
2026-10-02T19:39:19.880122+00:00,SivaChowdary,16.1,2600.0,4.0,10.8,43329.5,27603.1,57.5,13806.6,18702.9,4.8,54.2,0.0,102389.4,0.0,8.0,2115.8,19674.0,21.0,36.0,0.0,294.0,346.0
2026-10-02T19:39:20.852574+00:00,SivaChowdary,18.4,2600.0,3.4,14.2,17698.1,12796.8,57.5,13811.8,18697.7,4.8,54.2,0.0,147465.3,0.0,3.0,1216.1,1675.1,13.0,20.0,0.0,294.0,346.0
2026-10-02T19:39:22.011024+00:00,SivaChowdary,8.6,2600.0,3.1,5.1,14206.4,7934.8,57.5,13819.6,18689.9,4.8,54.2,0.0,139277.2,0.0,6.0,1049.1,1303.1,11.0,15.0,0.0,294.0,347.0
2026-10-02T19:39:22.869290+00:00,SivaChowdary,25.9,2600.0,3.9,21.4,16566.6,11969.9,57.5,13820.3,18689.2,4.8,54.2,0.0,16386.6,0.0,4.0,0.0,168.0,0.0,3.0,0.0,294.0,347.0
2026-10-02T19:39:23.909064+00:00,SivaChowdary,9.5,2600.0,3.4,5.1,38957.3,25454.7,57.5,13827.6,18681.9,4.8,54.2,0.0,0.0,0.0,0.0,1985.2,1489.4,8.0,22.0,0.0,294.0,346.0
2026-10-02T19:39:24.859623+00:00,SivaChowdary,20.2,2600.0,4.8,15.1,25783.0,14960.8,57.5,13815.2,18694.3,4.8,54.2,0.0,86049.3,0.0,13.0,293.1,773.3,3.0,11.0,0.0,294.0,347.0
2026-10-02T19:39:25.932799+00:00,SivaChowdary,12.1,2600.0,4.0,7.7,44124.3,27023.3,57.5,13829.0,18680.5,4.8,54.2,0.0,8181.5,0.0,2.0,716.1,1695.8,7.0,23.0,0.0,294.0,345.0
2026-10-02T19:39:26.868474+00:00,SivaChowdary,17.2,2600.0,3.7,12.9,26356.4,19055.3,57.5,13825.8,18683.7,4.8,54.2,0.0,28704.0,0.0,6.0,377.4,989.1,4.0,14.0,0.0,294.0,345.0
2026-10-02T19:39:27.985945+00:00,SivaChowdary,10.1,2600.0,3.7,5.4,15182.7,9366.5,57.5,13828.6,18680.9,4.8,54.2,0.0,36865.8,0.0,7.0,26266.3,1183843.4,173.0,930.0,0.0,294.0,347.0
2026-10-02T19:39:28.864824+00:00,SivaChowdary,26.8,2600.0,5.9,20.2,40890.8,25824.3,57.5,13817.7,18691.8,4.8,54.2,0.0,53256.9,0.0,11.0,23279.9,1745182.8,196.0,1378.2,0.0,294.0,345.0
2026-10-02T19:39:29.918209+00:00,SivaChowdary,7.8,2600.0,2.9,4.4,20346.8,12213.1,57.5,13831.6,18677.9,4.8,54.2,0.0,98336.8,0.0,12.0,1185.4,1365.5,11.0,12.0,0.0,294.0,345.0
2026-10-02T19:39:30.908395+00:00,SivaChowdary,13.8,2600.0,2.3,11.2,16635.2,10703.9,57.5,13820.3,18689.2,4.8,54.2,16379.3,397197.0,1.0,84.0,377.9,881.7,4.0,12.0,0.0,294.0,347.0
2026-10-02T19:39:31.936279+00:00,SivaChowdary,13.1,2600.0,2.9,9.8,44884.4,27308.6,57.5,13825.9,18683.6,4.8,54.2,0.0,90100.7,0.0,3.0,1272.8,1745.8,11.0,16.0,0.0,294.0,345.0
2026-10-02T19:39:32.859208+00:00,SivaChowdary,14.0,2600.0,2.6,11.1,16407.1,10077.1,57.5,13825.9,18683.6,4.8,54.2,0.0,40940.2,0.0,7.0,689.7,1166.4,7.0,14.0,0.0,294.0,345.0
2026-10-02T19:39:34.015963+00:00,SivaChowdary,9.6,2600.0,2.7,6.5,15496.2,9436.6,57.5,13826.8,18682.7,4.8,54.2,0.0,4099.7,0.0,1.0,2404.2,1496.4,12.0,19.0,0.0,294.0,347.0
2026-10-02T19:39:34.839216+00:00,SivaChowdary,24.3,2600.0,6.3,17.4,46003.5,31144.1,57.5,13814.7,18694.8,4.8,54.2,0.0,8187.3,0.0,2.0,547.7,905.5,6.0,12.0,0.0,294.0,345.0
2026-10-02T19:39:35.952403+00:00,SivaChowdary,9.9,2600.0,3.7,5.8,14383.3,8277.9,57.5,13823.4,18686.1,4.8,54.2,0.0,131038.6,0.0,1.0,753.8,1209.7,8.0,16.0,0.0,294.0,345.0
2026-10-02T19:39:36.916045+00:00,SivaChowdary,19.2,2600.0,5.2,12.8,20704.7,13254.5,57.5,13807.2,18702.3,4.8,54.2,0.0,188522.7,0.0,7.0,713.4,1314.7,7.0,16.0,0.0,294.0,347.0
2026-10-02T19:39:37.935772+00:00,SivaChowdary,18.1,2600.0,5.2,11.8,41770.9,25136.8,57.5,13818.4,18691.1,4.8,54.2,0.0,262193.9,0.0,35.0,168.0,768.1,2.0,13.0,0.0,294.0,345.0
2026-10-02T19:39:38.859017+00:00,SivaChowdary,13.8,2600.0,3.2,9.8,16918.7,11417.5,57.5,13813.1,18696.4,4.8,54.2,0.0,0.0,0.0,0.0,2191.5,1780.4,10.0,25.0,0.0,294.0,347.0
2026-10-02T19:39:40.031751+00:00,SivaChowdary,10.1,2600.0,2.2,7.2,13552.1,8131.7,57.5,13819.6,18690.0,4.8,54.2,0.0,4094.8,0.0,1.0,710.8,1662.5,7.0,23.0,0.0,294.0,347.0
2026-10-02T19:39:40.856019+00:00,SivaChowdary,17.4,2600.0,2.7,14.4,45368.3,29721.5,57.5,13818.1,18691.5,4.8,54.2,0.0,16375.5,0.0,4.0,0.0,566.7,0.0,9.0,0.0,294.0,345.0
2026-10-02T19:39:41.976546+00:00,SivaChowdary,12.3,2600.0,3.1,8.8,14177.7,8681.9,57.5,13825.0,18684.5,4.8,54.2,0.0,106531.6,0.0,7.0,885.3,1543.5,9.0,19.0,0.0,294.0,345.0
2026-10-02T19:39:42.863460+00:00,SivaChowdary,10.2,2600.0,2.3,7.5,16930.2,10718.4,57.5,13819.2,18690.3,4.8,54.2,0.0,0.0,0.0,0.0,0.0,4034.4,0.0,72.0,0.0,294.0,347.0
2026-10-02T19:39:43.971758+00:00,SivaChowdary,20.8,2600.0,6.0,14.2,53637.9,31543.2,57.5,13820.3,18689.2,4.8,54.2,0.0,4090.6,0.0,1.0,1853.5,13698.9,6.0,240.7,0.0,294.0,345.0
2026-10-02T19:39:44.851890+00:00,SivaChowdary,10.1,1496.0,2.9,6.5,15682.0,9418.2,57.5,13824.4,18685.1,4.8,54.2,0.0,57387.9,0.0,9.0,378.3,8448.5,4.0,148.1,0.0,294.0,345.0
2026-10-02T19:39:45.920543+00:00,SivaChowdary,14.0,2600.0,3.1,10.7,16561.7,10463.4,57.5,13817.7,18691.8,4.8,54.2,0.0,102354.9,0.0,4.0,753.7,3762.3,9.0,62.0,0.0,294.0,347.0
2026-10-02T19:39:46.844230+00:00,SivaChowdary,11.0,2600.0,2.6,7.7,44597.0,26912.6,57.5,13818.1,18691.4,4.8,54.2,0.0,4099.6,0.0,1.0,933.8,1163.0,7.0,9.0,0.0,294.0,345.0
2026-10-02T19:39:47.855949+00:00,SivaChowdary,13.9,2600.0,2.4,10.8,17290.5,10451.9,57.5,13816.8,18692.7,4.8,54.2,0.0,171996.9,0.0,36.0,924.8,1118.8,10.0,13.0,0.0,294.0,345.0
2026-10-02T19:39:49.033439+00:00,SivaChowdary,6.4,2600.0,2.4,3.8,16215.0,10568.8,57.3,13873.9,18635.6,4.8,54.2,0.0,20469.9,0.0,3.0,2910.6,2295.9,18.0,30.0,0.0,294.0,346.0
2026-10-02T19:39:49.907155+00:00,SivaChowdary,26.7,2600.0,3.0,23.0,15271.5,12031.7,57.4,13851.9,18657.6,4.8,54.2,0.0,94174.2,0.0,11.0,671.8,1232.6,7.0,16.0,0.0,294.0,346.0
2026-10-02T19:39:50.861700+00:00,SivaChowdary,16.5,2600.0,4.8,11.2,50003.5,33217.3,57.3,13869.7,18639.8,4.8,54.2,0.0,143378.7,0.0,3.0,37102.8,1942139.3,278.0,1525.2,0.0,294.0,344.0
2026-10-02T19:39:51.923195+00:00,SivaChowdary,20.7,2600.0,3.8,17.1,21452.0,16021.7,57.3,13878.7,18630.8,4.8,54.2,0.0,118855.8,0.0,8.0,8865.4,411423.7,82.0,363.2,0.0,294.0,346.0
2026-10-02T19:39:52.906478+00:00,SivaChowdary,17.2,2600.0,2.9,13.1,45639.6,30527.6,57.1,13941.8,18567.7,4.8,54.2,0.0,77751.8,0.0,12.0,1616.5,2240.9,17.0,26.0,0.0,294.0,344.0
2026-10-02T19:39:53.863049+00:00,SivaChowdary,22.2,2600.0,2.7,18.8,24458.0,15380.9,56.8,14052.3,18457.2,4.8,54.2,0.0,0.0,0.0,0.0,1772.2,637.1,5.0,8.0,0.0,294.0,344.0
2026-10-02T19:39:55.050610+00:00,SivaChowdary,10.8,2600.0,4.7,5.4,16405.8,9572.1,56.8,14058.2,18451.3,4.8,54.2,0.0,40964.6,0.0,9.0,168.0,456.1,2.0,7.0,0.0,294.0,346.0
2026-10-02T19:39:55.856504+00:00,SivaChowdary,24.0,2600.0,3.8,20.0,25404.8,17114.3,56.8,14056.3,18453.2,4.8,54.2,0.0,16394.8,0.0,4.0,1095.7,1278.8,11.0,14.0,0.0,294.0,347.0
2026-10-02T19:39:56.919932+00:00,SivaChowdary,7.9,2600.0,3.3,4.2,35517.3,21437.7,56.7,14067.8,18441.7,4.8,54.2,0.0,24573.4,0.0,5.0,807.9,1271.9,7.0,15.0,0.0,294.0,345.0
2026-10-02T19:39:57.891723+00:00,SivaChowdary,19.4,2600.0,7.5,11.9,23732.6,14983.1,57.0,13975.9,18533.6,4.8,54.2,0.0,106489.6,0.0,13.0,41098.5,35756.9,104.0,112.0,0.0,294.0,347.0
2026-10-02T19:39:58.936325+00:00,SivaChowdary,16.0,2600.0,4.9,10.9,46778.3,30572.0,57.0,13994.2,18515.3,4.8,54.2,0.0,40953.3,0.0,8.0,5978.0,3035.5,18.0,26.0,0.0,294.0,345.0
2026-10-02T19:39:59.844255+00:00,SivaChowdary,13.6,2600.0,3.5,9.2,16165.6,10378.4,56.9,14005.5,18504.0,4.8,54.2,2273873.9,73730.7,43.0,16.0,9456.3,6720.2,36.0,42.0,0.0,294.0,345.0
2026-10-02T19:40:00.993551+00:00,SivaChowdary,17.5,2600.0,3.6,13.5,14578.7,9488.0,57.0,13986.4,18523.2,4.8,54.2,16396.1,2320041.9,1.0,21.0,716.5,1543.1,8.0,18.0,0.0,294.0,347.0
2026-10-02T19:40:01.839706+00:00,SivaChowdary,17.4,2600.0,2.8,14.1,46966.7,30402.9,57.0,13991.1,18518.4,4.8,54.2,0.0,118639.1,0.0,4.0,848.0,1017.8,6.0,7.0,0.0,294.0,345.0
2026-10-02T19:40:02.922898+00:00,SivaChowdary,17.1,2600.0,6.7,9.5,20964.2,12984.9,57.0,13978.8,18530.7,4.8,54.2,0.0,28680.5,0.0,7.0,674.2,706.2,8.0,9.0,0.0,294.0,345.0
2026-10-02T19:40:03.902865+00:00,SivaChowdary,10.5,2600.0,3.8,6.4,17496.2,10543.6,57.0,13987.4,18522.1,4.8,54.2,0.0,356438.3,0.0,80.0,2274.6,1559.4,10.0,20.0,0.0,294.0,347.0
2026-10-02T19:40:04.900490+00:00,SivaChowdary,20.2,2600.0,4.8,15.1,43437.8,28835.9,57.0,13986.7,18522.8,4.8,54.2,0.0,53258.8,0.0,8.0,1063.2,1481.3,10.0,17.0,0.0,294.0,345.0
2026-10-02T19:40:05.848865+00:00,SivaChowdary,13.1,2600.0,4.3,7.7,17293.4,10548.5,57.0,13989.6,18520.0,4.8,54.2,0.0,266277.4,0.0,3.0,719.1,924.1,8.0,12.0,0.0,294.0,345.0
2026-10-02T19:40:06.937506+00:00,SivaChowdary,17.2,2600.0,4.1,12.8,17278.9,12219.7,57.0,13986.4,18523.1,4.8,54.2,0.0,98229.4,0.0,8.0,1595.8,2065.4,17.0,24.0,0.0,294.0,347.0
2026-10-02T19:40:07.863525+00:00,SivaChowdary,16.1,2600.0,4.4,10.6,42300.7,27477.6,56.9,13995.6,18513.9,4.8,54.2,0.0,90100.8,0.0,8.0,0.0,1903.8,0.0,34.0,0.0,294.0,345.0
2026-10-02T19:40:08.856031+00:00,SivaChowdary,15.9,2600.0,4.3,10.9,19013.8,12768.0,57.0,13989.3,18520.2,4.8,54.2,0.0,0.0,0.0,0.0,1479.9,624.4,2.0,10.0,0.0,294.0,345.0
2026-10-02T19:40:09.980509+00:00,SivaChowdary,9.3,2600.0,3.5,4.9,14089.9,8137.4,57.0,13992.1,18517.4,4.8,54.2,0.0,45052.4,0.0,7.0,1171.9,1651.9,12.0,20.0,0.0,294.0,347.0
2026-10-02T19:40:10.897726+00:00,SivaChowdary,21.6,2600.0,2.8,18.8,15549.5,11837.5,57.0,13990.8,18518.8,4.8,54.2,0.0,40937.5,0.0,3.0,292.8,628.7,3.0,9.0,0.0,294.0,347.0
2026-10-02T19:40:11.949619+00:00,SivaChowdary,12.7,2600.0,4.4,6.9,47084.2,27976.8,57.0,13991.0,18518.5,4.8,54.2,0.0,40915.8,0.0,8.0,167.8,393.6,2.0,6.0,0.0,294.0,345.0
2026-10-02T19:40:12.890737+00:00,SivaChowdary,15.0,2600.0,2.7,11.9,16560.8,10322.1,57.0,13991.0,18518.5,4.8,54.2,0.0,0.0,0.0,0.0,731.5,1209.5,7.0,14.0,0.0,294.0,349.0
2026-10-02T19:40:13.947658+00:00,SivaChowdary,13.1,2600.0,4.7,7.9,46075.7,27807.3,57.0,13987.1,18522.4,4.8,54.2,0.0,8186.8,0.0,2.0,66289.9,3873373.9,513.7,3032.1,0.0,294.0,345.0
2026-10-02T19:40:14.847311+00:00,SivaChowdary,15.7,2600.0,3.3,11.9,18417.4,11479.1,57.0,13987.7,18521.8,4.8,54.2,0.0,8197.1,0.0,1.0,3569.2,159314.3,33.0,165.1,0.0,294.0,345.0
2026-10-02T19:40:15.981522+00:00,SivaChowdary,9.4,2600.0,3.2,5.7,15551.8,8870.5,57.0,13984.0,18525.5,4.8,54.2,0.0,20471.9,0.0,4.0,785.7,1297.5,8.0,17.0,0.0,294.0,347.0
2026-10-02T19:40:16.894468+00:00,SivaChowdary,22.2,2600.0,3.1,18.5,25609.8,17529.2,57.0,13982.4,18527.1,4.8,54.2,0.0,135177.5,0.0,6.0,724.1,1378.1,5.0,13.0,0.0,294.0,347.0
2026-10-02T19:40:17.913770+00:00,SivaChowdary,9.2,2600.0,4.1,4.7,35972.9,22780.4,57.0,13990.2,18519.3,4.8,54.2,0.0,28668.7,0.0,5.0,460.9,1276.9,5.0,20.0,0.0,294.0,345.0
2026-10-02T19:40:18.917124+00:00,SivaChowdary,14.2,2600.0,2.6,10.9,18232.5,12014.6,57.0,13986.3,18523.2,4.8,54.2,0.0,40985.9,0.0,7.0,4633.9,2694.7,21.0,32.0,0.0,294.0,347.0
2026-10-02T19:40:19.909397+00:00,SivaChowdary,13.3,2600.0,3.2,9.1,48350.4,32292.9,57.0,13969.8,18539.7,4.8,54.2,0.0,208824.4,0.0,46.0,1383.5,19048.5,14.0,30.0,0.0,294.0,345.0
2026-10-02T19:40:20.862609+00:00,SivaChowdary,15.9,2600.0,3.2,11.6,18169.5,13347.2,57.0,13987.1,18522.4,4.8,54.2,0.0,139244.7,0.0,3.0,948.9,1803.8,9.0,23.0,0.0,294.0,345.0
2026-10-02T19:40:22.009191+00:00,SivaChowdary,11.4,2600.0,4.3,6.6,26773.1,17367.8,57.0,13984.8,18524.7,4.8,54.2,0.0,36889.0,0.0,4.0,1294.9,1832.2,14.0,21.0,0.0,294.0,347.0
2026-10-02T19:40:22.889779+00:00,SivaChowdary,22.2,2600.0,3.4,17.9,27443.9,18855.5,57.0,13983.2,18526.3,4.8,54.2,0.0,45021.4,0.0,4.0,0.0,279.8,0.0,5.0,0.0,294.0,345.0
2026-10-02T19:40:23.920334+00:00,SivaChowdary,9.7,2600.0,3.1,6.0,32791.0,21097.2,57.0,13994.1,18515.4,4.8,54.2,0.0,12285.8,0.0,3.0,2704.5,2000.6,13.0,22.0,0.0,294.0,345.0
2026-10-02T19:40:24.831817+00:00,SivaChowdary,14.6,2600.0,3.4,10.7,18618.9,11821.4,57.0,13989.2,18520.3,4.8,54.2,0.0,73755.2,0.0,9.0,418.2,1412.5,4.0,19.0,0.0,294.0,347.0
2026-10-02T19:40:25.924492+00:00,SivaChowdary,14.0,2600.0,3.1,10.6,43147.2,26880.8,57.0,13992.2,18517.3,4.8,54.2,0.0,4095.4,0.0,1.0,84.0,472.9,1.0,7.0,0.0,294.0,345.0
2026-10-02T19:40:26.862982+00:00,SivaChowdary,14.1,2600.0,3.1,9.7,17990.4,11334.0,57.0,13986.6,18523.0,4.8,54.2,0.0,73643.8,0.0,7.0,21174.8,50698.0,86.9,116.9,0.0,294.0,345.0
2026-10-02T19:40:27.952683+00:00,SivaChowdary,15.2,2600.0,4.9,9.4,21106.6,14632.7,56.9,13996.4,18513.1,4.8,54.2,0.0,225660.2,0.0,32.1,6202.4,6978.8,31.1,38.1,0.0,294.0,347.0
2026-10-02T19:40:28.847723+00:00,SivaChowdary,18.6,2600.0,5.3,12.8,43848.3,27864.9,56.9,13996.5,18513.0,4.8,54.2,0.0,36862.5,0.0,6.0,23302.1,24056.1,30.0,41.0,0.0,294.0,345.0
2026-10-02T19:40:29.926928+00:00,SivaChowdary,12.0,2600.0,2.5,8.9,14057.7,9186.9,57.0,13992.5,18517.0,4.8,54.2,0.0,77772.4,0.0,8.0,16338.2,10475.1,40.0,49.0,0.0,294.0,345.0
2026-10-02T19:40:30.853838+00:00,SivaChowdary,8.6,2600.0,3.0,4.9,16968.8,9377.1,56.9,13998.9,18510.6,4.8,54.2,0.0,28678.5,0.0,5.0,84.0,2920.7,1.0,65.0,0.0,294.0,347.0
2026-10-02T19:40:31.915967+00:00,SivaChowdary,21.4,2600.0,4.0,16.5,39679.3,26412.2,56.9,14004.2,18505.3,4.8,54.2,0.0,12291.8,0.0,2.0,685.2,4149.3,5.0,82.0,0.0,294.0,347.0
2026-10-02T19:40:32.842815+00:00,SivaChowdary,11.1,2600.0,3.6,6.8,20003.1,12189.5,57.0,13984.4,18525.1,4.8,54.2,0.0,40931.5,0.0,8.0,1693.8,4768.7,18.0,88.9,0.0,294.0,345.0
2026-10-02T19:40:33.908236+00:00,SivaChowdary,14.7,2600.0,3.2,10.9,17094.2,10575.9,56.9,13997.4,18512.1,4.8,54.2,0.0,0.0,0.0,0.0,2406.9,5223.9,12.0,107.0,0.0,294.0,347.0
2026-10-02T19:40:34.895492+00:00,SivaChowdary,12.4,1496.0,4.5,7.7,41218.1,26002.4,56.9,13999.7,18509.8,4.8,54.2,0.0,12287.7,0.0,2.0,421.0,5300.9,5.0,115.0,0.0,294.0,345.0
2026-10-02T19:40:35.831686+00:00,SivaChowdary,16.7,2600.0,3.9,12.3,18420.5,11527.4,56.9,13999.8,18509.7,4.8,54.2,0.0,0.0,0.0,0.0,1551.5,6022.8,17.0,121.0,0.0,294.0,345.0
2026-10-02T19:40:36.997293+00:00,SivaChowdary,10.4,2600.0,4.4,5.9,22687.6,13949.1,57.1,13947.4,18562.1,4.8,54.2,0.0,405246.8,0.0,64.0,462.7,6015.2,5.0,120.9,0.0,294.0,348.0
2026-10-02T19:40:37.868386+00:00,SivaChowdary,30.5,2600.0,7.7,21.8,69722.0,39228.9,57.1,13954.9,18554.6,4.8,54.2,0.0,16387.3,0.0,3.0,34415.9,1857157.8,218.0,1512.3,0.0,294.0,346.0
2026-10-02T19:40:38.912311+00:00,SivaChowdary,12.0,2600.0,5.4,6.1,54171.6,24881.0,57.1,13953.2,18556.4,4.8,54.2,0.0,24574.0,0.0,4.0,36893.0,2599377.9,291.0,2100.8,0.0,294.0,346.0
2026-10-02T19:40:39.967107+00:00,SivaChowdary,16.7,2600.0,6.3,9.9,48307.0,24088.1,57.1,13953.9,18555.6,4.8,54.2,0.0,0.0,0.0,0.0,167.8,693.1,2.0,13.0,0.0,294.0,348.0
2026-10-02T19:40:40.916331+00:00,SivaChowdary,20.8,2600.0,8.1,11.8,74999.7,39653.1,57.1,13953.3,18556.3,4.8,54.2,0.0,176146.1,0.0,4.0,295.0,3956.4,3.0,66.0,0.0,294.0,346.0
2026-10-02T19:40:41.877117+00:00,SivaChowdary,17.4,2600.0,5.6,11.1,42410.5,20008.9,57.1,13957.8,18551.7,4.8,54.2,16368.4,257801.6,1.0,20.0,589.4,4876.3,6.0,80.9,0.0,294.0,346.0
2026-10-02T19:40:42.943363+00:00,SivaChowdary,19.4,2600.0,5.1,14.0,22479.9,13599.6,57.1,13955.3,18554.2,4.8,54.2,16419.7,205246.8,1.0,19.0,840.8,9071.7,9.0,148.3,0.0,294.0,348.0
2026-10-02T19:40:43.878068+00:00,SivaChowdary,20.7,2600.0,6.3,13.0,52610.3,29176.1,57.1,13955.8,18553.7,4.8,54.2,0.0,245239.3,0.0,32.9,2525.6,6067.1,13.0,97.8,0.0,294.0,346.0
2026-10-02T19:40:44.908202+00:00,SivaChowdary,17.1,2600.0,5.6,11.1,24127.1,11289.1,57.1,13956.7,18552.8,4.8,54.2,0.0,295673.6,0.0,40.1,1105.8,6042.6,10.0,88.2,0.0,294.0,346.0
2026-10-02T19:40:45.915776+00:00,SivaChowdary,16.9,2600.0,7.3,8.5,31186.4,15764.7,57.1,13951.6,18557.9,4.8,54.2,0.0,147415.3,0.0,25.0,168.0,566.8,2.0,9.0,0.0,294.0,348.0
2026-10-02T19:40:46.893140+00:00,SivaChowdary,24.5,2600.0,5.7,18.0,50932.4,28644.2,57.1,13956.9,18552.6,4.8,54.2,0.0,258004.6,0.0,34.0,1269.8,2450.6,11.0,19.0,0.0,294.0,346.0
2026-10-02T19:40:47.863004+00:00,SivaChowdary,14.4,2600.0,6.5,6.9,26385.2,10324.8,57.1,13957.3,18552.2,4.8,54.2,0.0,278603.8,0.0,31.0,630.2,1010.3,7.0,13.0,0.0,294.0,346.0
2026-10-02T19:40:48.883976+00:00,SivaChowdary,21.2,2600.0,7.9,12.2,26710.9,13414.9,57.1,13953.0,18556.5,4.8,54.2,0.0,212879.9,0.0,27.0,2403.7,1918.0,11.0,19.0,0.0,294.0,349.0
2026-10-02T19:40:49.940770+00:00,SivaChowdary,15.6,2600.0,6.5,8.5,52313.1,28187.4,57.1,13942.0,18567.5,4.8,54.2,16394.7,377077.6,1.0,35.0,2205.4,2712.8,23.0,30.0,0.0,294.0,346.0
2026-10-02T19:40:50.878033+00:00,SivaChowdary,22.1,2600.0,6.7,14.2,26031.4,12862.2,57.1,13952.2,18557.3,4.8,54.2,0.0,208915.6,0.0,35.0,293.0,787.1,3.0,12.0,0.0,294.0,346.0
2026-10-02T19:40:51.990954+00:00,SivaChowdary,12.2,2600.0,5.5,6.6,22660.6,8743.1,57.1,13959.6,18550.0,4.8,54.2,0.0,217141.3,0.0,27.0,756.2,1914.5,8.0,30.0,0.0,294.0,348.0
2026-10-02T19:40:52.847366+00:00,SivaChowdary,28.7,2600.0,5.9,21.8,28828.1,15634.0,57.1,13947.2,18562.3,4.8,54.2,0.0,838983.3,0.0,129.9,729.4,3390.2,7.0,60.9,0.0,294.0,349.0
2026-10-02T19:40:53.909312+00:00,SivaChowdary,12.2,2600.0,5.6,5.7,40577.1,23437.6,57.1,13950.3,18559.2,4.8,54.2,0.0,1786739.5,0.0,267.1,1479.7,2916.4,2.0,49.0,0.0,294.0,347.0
2026-10-02T19:40:54.893217+00:00,SivaChowdary,22.0,2600.0,7.8,13.3,36387.8,24282.8,57.1,13945.6,18563.9,4.8,54.2,0.0,581436.7,0.0,79.0,376.9,2232.3,4.0,31.0,0.0,294.0,349.0
2026-10-02T19:40:55.942622+00:00,SivaChowdary,18.1,2600.0,6.0,11.3,52955.1,28501.8,57.1,13955.3,18554.2,4.8,54.2,0.0,12289.7,0.0,3.0,168.0,2767.4,2.0,35.0,0.0,294.0,347.0
2026-10-02T19:40:56.867959+00:00,SivaChowdary,17.0,2600.0,5.9,10.1,27273.6,12045.7,57.1,13946.6,18562.9,4.8,54.2,0.0,73707.9,0.0,3.0,1131.7,2160.4,12.0,25.0,0.0,294.0,347.0
2026-10-02T19:40:57.912399+00:00,SivaChowdary,17.7,2600.0,6.4,10.3,28984.7,15073.0,57.0,13965.0,18544.5,4.8,54.2,0.0,389250.2,0.0,35.0,377.1,1345.5,4.0,17.0,0.0,294.0,349.0
2026-10-02T19:40:58.851797+00:00,SivaChowdary,19.3,2600.0,5.5,12.9,43171.2,26802.7,57.0,13969.7,18539.8,4.8,54.2,0.0,188364.4,0.0,17.0,6419.2,3926.9,25.0,42.0,0.0,294.0,347.0
2026-10-02T19:40:59.889886+00:00,SivaChowdary,13.4,2600.0,3.8,9.3,21390.3,12313.2,57.0,13978.0,18531.5,4.8,54.2,0.0,8192.1,0.0,2.0,13088.2,558247.3,63.0,444.0,0.0,294.0,347.0
2026-10-02T19:41:00.929448+00:00,SivaChowdary,12.9,2600.0,2.8,9.6,17255.9,10403.2,57.0,13966.4,18543.1,4.8,54.2,0.0,12296.5,0.0,3.0,19978.8,1446800.6,159.1,1152.8,0.0,294.0,349.0
2026-10-02T19:41:01.861133+00:00,SivaChowdary,19.2,2600.0,3.0,15.5,44469.2,30174.0,57.0,13970.7,18538.8,4.8,54.2,0.0,0.0,0.0,0.0,935.2,1983.4,7.0,18.0,0.0,294.0,347.0
2026-10-02T19:41:02.927884+00:00,SivaChowdary,9.6,2600.0,1.9,6.9,13289.2,8107.1,57.1,13961.7,18547.8,4.8,54.2,0.0,110443.9,0.0,11.0,336.5,928.8,4.0,10.0,0.0,294.0,349.0
2026-10-02T19:41:03.877427+00:00,SivaChowdary,16.1,2600.0,3.8,11.5,17551.2,11085.5,57.0,13965.2,18544.3,4.8,54.2,0.0,12306.4,0.0,2.0,2193.3,2129.2,10.0,23.0,0.0,294.0,349.0
2026-10-02T19:41:04.901673+00:00,SivaChowdary,16.3,2600.0,4.8,11.4,41858.2,25960.8,57.0,13971.7,18537.9,4.8,54.2,0.0,57374.4,0.0,8.0,802.4,1991.1,9.0,21.0,0.0,294.0,347.0
2026-10-02T19:41:05.854312+00:00,SivaChowdary,12.0,2600.0,3.9,7.3,18615.9,12185.9,57.0,13969.8,18539.7,4.8,54.2,0.0,0.0,0.0,0.0,670.0,1328.0,7.0,17.0,0.0,294.0,348.0
2026-10-02T19:41:06.919520+00:00,SivaChowdary,13.8,2600.0,3.8,9.6,18327.7,11304.7,57.0,13967.5,18542.0,4.8,54.2,0.0,16386.4,0.0,2.0,1220.2,2088.3,13.0,22.0,0.0,294.0,349.0
2026-10-02T19:41:07.890078+00:00,SivaChowdary,18.3,2600.0,3.7,13.6,43770.1,27411.0,57.0,13966.5,18543.0,4.8,54.2,0.0,159569.5,0.0,7.0,578.4,467.5,4.0,5.0,0.0,294.0,347.0
2026-10-02T19:41:08.887507+00:00,SivaChowdary,13.3,2600.0,3.2,9.2,17924.2,11018.6,57.0,13970.2,18539.3,4.8,54.2,0.0,377024.8,0.0,79.0,2066.1,1862.0,8.0,17.0,0.0,294.0,347.0
2026-10-02T19:41:09.954276+00:00,SivaChowdary,9.1,2600.0,3.3,5.4,13806.5,7846.0,57.0,13971.3,18538.3,4.8,54.2,0.0,40949.8,0.0,6.0,126.0,510.9,2.0,8.0,0.0,294.0,349.0
2026-10-02T19:41:10.873193+00:00,SivaChowdary,19.7,2600.0,3.9,15.3,44025.3,29833.1,57.0,13964.8,18544.7,4.8,54.2,0.0,53237.4,0.0,6.0,1136.8,1500.7,12.0,17.0,0.0,294.0,347.0
2026-10-02T19:41:11.924008+00:00,SivaChowdary,9.2,2600.0,2.5,6.7,16578.4,10403.1,57.0,13963.5,18546.0,4.8,54.2,0.0,73743.0,0.0,7.0,848.2,1631.3,9.0,20.0,0.0,294.0,347.0
2026-10-02T19:41:12.894167+00:00,SivaChowdary,11.6,2600.0,2.7,8.4,18473.6,11765.5,57.1,13962.4,18547.1,4.8,54.2,0.0,12299.0,0.0,2.0,860.8,1975.8,9.0,22.0,0.0,294.0,349.0
2026-10-02T19:41:13.889788+00:00,SivaChowdary,18.7,2600.0,3.6,14.3,43986.0,30913.4,57.0,13965.5,18544.0,4.8,54.2,0.0,8187.3,0.0,2.0,2192.8,1070.4,9.0,12.0,0.0,294.0,347.0
2026-10-02T19:41:14.891745+00:00,SivaChowdary,10.1,2600.0,3.8,5.6,14212.8,7883.2,57.0,13967.7,18541.8,4.8,54.2,0.0,8190.2,0.0,2.0,376.9,970.8,4.0,12.0,0.0,294.0,347.0
2026-10-02T19:41:15.904003+00:00,SivaChowdary,14.3,2600.0,3.9,10.4,19437.2,11820.1,57.0,13962.9,18546.6,4.8,54.2,0.0,16380.0,0.0,3.0,759.8,985.8,8.0,12.0,0.0,294.0,349.0
2026-10-02T19:41:16.925528+00:00,SivaChowdary,12.0,2600.0,3.0,8.1,43276.4,27180.4,57.0,13964.1,18545.5,4.8,54.2,0.0,0.0,0.0,0.0,1307.7,2196.5,10.0,15.0,0.0,294.0,347.0
2026-10-02T19:41:17.856677+00:00,SivaChowdary,13.5,1496.0,3.4,9.1,16216.2,9924.2,57.0,13966.8,18542.7,4.8,54.2,0.0,90240.9,0.0,9.0,3300.7,2324.3,13.0,24.0,0.0,294.0,347.0
2026-10-02T19:41:18.943471+00:00,SivaChowdary,16.0,2600.0,5.0,10.2,23460.0,14200.9,57.1,13959.7,18549.8,4.8,54.2,0.0,28659.7,0.0,3.0,4550.1,2502.9,21.0,27.0,0.0,294.0,349.0
2026-10-02T19:41:19.884649+00:00,SivaChowdary,14.6,2600.0,2.7,10.9,46763.4,29486.5,57.1,13949.4,18560.1,4.8,54.2,0.0,16378.2,0.0,3.0,21612.3,1060894.1,132.0,827.7,0.0,294.0,347.0
2026-10-02T19:41:20.906910+00:00,SivaChowdary,14.2,2600.0,3.7,9.7,17682.2,11292.2,57.0,13963.4,18546.1,4.8,54.2,0.0,12286.0,0.0,2.0,19768.8,1369251.9,168.0,1103.8,0.0,294.0,347.0
2026-10-02T19:41:21.958937+00:00,SivaChowdary,9.1,2600.0,3.0,5.8,15846.9,8392.5,57.1,13955.0,18554.5,4.8,54.2,0.0,45058.4,0.0,6.0,927.1,1482.1,9.0,16.0,0.0,294.0,349.0
2026-10-02T19:41:22.854681+00:00,SivaChowdary,18.8,2600.0,3.4,14.9,43582.5,30709.8,57.1,13956.9,18552.6,4.8,54.2,0.0,24592.7,0.0,5.0,335.2,939.6,4.0,12.0,0.0,294.0,347.0
2026-10-02T19:41:23.914316+00:00,SivaChowdary,7.1,2600.0,2.3,4.5,14531.2,7426.0,57.0,13963.9,18545.6,4.8,54.2,0.0,12279.7,0.0,3.0,2426.4,1605.9,12.0,20.0,0.0,294.0,347.0
2026-10-02T19:41:24.895457+00:00,SivaChowdary,18.4,2600.0,5.0,12.3,18385.8,11670.5,57.1,13954.9,18554.6,4.8,54.2,0.0,69634.9,0.0,8.0,84.0,678.0,1.0,9.0,0.0,294.0,351.0
2026-10-02T19:41:25.939877+00:00,SivaChowdary,18.0,2600.0,3.9,13.0,45829.3,31342.8,57.1,13959.4,18550.1,4.8,54.2,0.0,155696.6,0.0,35.0,1391.4,1670.5,15.0,20.0,0.0,294.0,347.0
2026-10-02T19:41:26.849758+00:00,SivaChowdary,10.1,1496.0,2.5,7.3,15546.6,9320.4,57.1,13961.3,18548.2,4.8,54.2,0.0,16374.1,0.0,3.0,715.6,1417.1,8.0,18.0,0.0,294.0,347.0
2026-10-02T19:41:27.922395+00:00,SivaChowdary,17.8,2600.0,6.6,10.8,21713.1,14494.8,57.1,13955.5,18554.0,4.8,54.2,0.0,77871.0,0.0,3.0,18878.4,62566.8,95.1,111.1,0.0,294.0,349.0
2026-10-02T19:41:28.898338+00:00,SivaChowdary,14.9,2600.0,4.5,9.6,39785.9,25994.6,57.0,13963.3,18546.2,4.8,54.2,0.0,36859.2,0.0,6.0,2066.7,897.9,8.0,10.0,0.0,294.0,347.0
2026-10-02T19:41:29.853563+00:00,SivaChowdary,17.6,1496.0,3.8,12.7,19365.5,13368.8,57.0,13964.7,18544.8,4.8,54.2,0.0,45068.8,0.0,7.0,1396.4,1929.5,13.0,20.0,0.0,294.0,347.0
2026-10-02T19:41:31.059937+00:00,SivaChowdary,9.3,2600.0,4.2,4.9,14063.6,7891.3,57.0,13969.0,18540.6,4.8,54.2,0.0,49122.8,0.0,3.0,233.9,1157.3,3.0,17.0,0.0,294.0,349.0
2026-10-02T19:41:31.910254+00:00,SivaChowdary,24.7,2600.0,3.6,20.2,15960.7,11766.1,57.0,13964.9,18544.6,4.8,54.2,0.0,0.0,0.0,0.0,639.6,892.5,4.0,7.0,0.0,294.0,349.0
2026-10-02T19:41:32.909747+00:00,SivaChowdary,11.2,2600.0,4.4,6.5,40639.1,25174.7,57.1,13954.4,18555.1,4.8,54.2,0.0,49153.4,0.0,9.0,1366.0,2377.1,15.0,29.0,0.0,294.0,347.0
2026-10-02T19:41:33.908154+00:00,SivaChowdary,16.7,2600.0,3.0,12.6,20635.1,13749.7,57.0,13965.2,18544.3,4.8,54.2,0.0,8197.2,0.0,2.0,1479.9,680.4,2.0,11.0,0.0,294.0,349.0
2026-10-02T19:41:34.953127+00:00,SivaChowdary,11.6,2600.0,3.0,7.8,38738.8,24646.9,57.0,13967.4,18542.1,4.8,54.2,0.0,8182.7,0.0,1.0,1199.6,1838.9,11.0,21.0,0.0,294.0,347.0
2026-10-02T19:41:35.857634+00:00,SivaChowdary,13.0,2600.0,2.2,10.7,17345.5,11093.6,57.0,13966.1,18543.4,4.8,54.2,0.0,131279.8,0.0,1.0,0.0,711.1,0.0,5.0,0.0,294.0,347.0
2026-10-02T19:41:37.041102+00:00,SivaChowdary,9.2,2600.0,3.2,5.7,16208.7,8908.3,57.0,13963.5,18546.1,4.8,54.2,0.0,356324.2,0.0,10.0,753.9,1894.9,8.0,24.0,0.0,294.0,349.0
2026-10-02T19:41:37.858035+00:00,SivaChowdary,27.2,2600.0,5.8,19.8,54977.9,33681.8,57.1,13957.7,18551.8,4.8,54.2,0.0,16384.9,0.0,3.0,382.0,687.0,4.0,10.0,0.0,294.0,347.0
2026-10-02T19:41:38.970696+00:00,SivaChowdary,8.9,2600.0,2.3,6.1,17857.3,10547.6,57.0,13964.1,18545.4,4.8,54.2,0.0,8181.6,0.0,2.0,14881.1,9441.0,79.9,92.9,0.0,294.0,347.0
2026-10-02T19:41:39.904093+00:00,SivaChowdary,14.1,2600.0,3.7,10.2,19921.0,12517.4,57.1,13960.3,18549.2,4.8,54.2,0.0,0.0,0.0,0.0,462.8,1051.8,5.0,15.0,0.0,294.0,349.0
2026-10-02T19:41:40.956757+00:00,SivaChowdary,21.3,2600.0,8.4,11.8,41158.5,26417.1,57.0,13967.8,18541.7,4.8,54.2,0.0,28622.3,0.0,5.0,460.2,1184.9,5.0,9.0,0.0,294.0,347.0
2026-10-02T19:41:41.847492+00:00,SivaChowdary,12.9,2600.0,3.3,9.1,17147.8,10569.8,57.0,13969.7,18539.8,4.8,54.2,0.0,278785.6,0.0,50.0,1130.0,1522.4,11.0,17.0,0.0,294.0,349.0
2026-10-02T19:41:42.948061+00:00,SivaChowdary,11.9,2600.0,2.3,9.4,15486.5,9430.0,57.0,13972.1,18537.4,4.8,54.2,0.0,12275.0,0.0,2.0,1049.9,1293.6,11.0,15.0,0.0,294.0,349.0
2026-10-02T19:41:43.856636+00:00,SivaChowdary,15.2,1496.0,3.1,11.6,47015.4,29613.4,57.0,13968.1,18541.4,4.8,54.2,0.0,8202.4,0.0,2.0,1983.5,987.2,7.0,12.0,0.0,294.0,347.0
2026-10-02T19:41:44.918612+00:00,SivaChowdary,13.2,2600.0,3.2,9.6,19757.1,11927.2,57.0,13975.9,18533.6,4.8,54.2,0.0,57321.1,0.0,9.0,51824.3,3506250.8,382.8,2741.9,0.0,294.0,347.0
2026-10-02T19:41:45.943282+00:00,SivaChowdary,9.6,2600.0,4.0,5.8,17050.9,9642.7,57.0,13967.6,18541.9,4.8,54.2,0.0,57384.1,0.0,3.0,11594.1,7664.4,76.1,73.1,0.0,294.0,349.0
2026-10-02T19:41:46.910321+00:00,SivaChowdary,21.2,2600.0,2.8,17.6,17791.5,12156.6,57.0,13968.6,18540.9,4.8,54.2,0.0,0.0,0.0,0.0,1186.0,1272.0,10.0,10.0,0.0,294.0,349.0
2026-10-02T19:41:47.912507+00:00,SivaChowdary,10.2,2600.0,3.4,6.4,42779.8,26690.9,57.0,13978.1,18531.4,4.8,54.2,0.0,110550.2,0.0,10.0,0.0,542.8,0.0,8.0,0.0,294.0,347.0
2026-10-02T19:41:48.869704+00:00,SivaChowdary,13.5,2600.0,3.3,9.8,19042.9,11915.4,57.0,13973.4,18536.1,4.8,54.2,0.0,8193.7,0.0,2.0,2332.5,1295.3,12.0,17.0,0.0,294.0,349.0
2026-10-02T19:41:49.977788+00:00,SivaChowdary,11.7,2600.0,3.5,7.8,41422.1,26036.5,57.0,13968.6,18540.9,4.8,54.2,0.0,106444.9,0.0,13.0,84.0,255.9,1.0,4.0,0.0,294.0,347.0
2026-10-02T19:41:50.856550+00:00,SivaChowdary,15.4,2600.0,2.7,11.9,17808.8,11519.1,57.0,13970.4,18539.1,4.8,54.2,0.0,12293.4,0.0,2.0,377.2,661.3,4.0,9.0,0.0,294.0,347.0
2026-10-02T19:41:52.023893+00:00,SivaChowdary,7.7,2600.0,2.4,5.3,14261.9,8431.3,57.0,13972.9,18536.7,4.8,54.2,0.0,20485.6,0.0,3.0,5575.5,4565.3,43.0,46.0,0.0,294.0,349.0
2026-10-02T19:41:52.862586+00:00,SivaChowdary,22.1,2600.0,3.0,18.4,31695.0,21932.1,57.0,13963.9,18545.6,4.8,54.2,2044.8,63389.9,4.0,14.0,858.7,1319.0,9.0,16.0,0.0,294.0,346.0
2026-10-02T19:41:53.925590+00:00,SivaChowdary,7.3,2600.0,2.2,4.8,25602.7,15101.3,57.0,13978.0,18531.5,4.8,54.2,0.0,24602.6,0.0,6.0,1866.0,10640.5,6.0,183.2,0.0,294.0,346.0
2026-10-02T19:41:54.838335+00:00,SivaChowdary,18.1,2600.0,3.8,13.5,21970.1,13155.5,57.0,13962.9,18546.6,4.8,54.2,0.0,28664.3,0.0,5.0,376.9,6651.2,4.0,116.0,0.0,294.0,348.0
2026-10-02T19:41:55.923954+00:00,SivaChowdary,16.4,2600.0,3.1,11.8,46573.7,30072.7,57.0,13976.4,18533.1,4.8,54.2,0.0,16386.0,0.0,3.0,879.1,4157.5,9.0,66.0,0.0,294.0,346.0
2026-10-02T19:41:56.874130+00:00,SivaChowdary,12.8,2600.0,3.9,8.0,23606.5,13219.6,57.0,13973.8,18535.7,4.8,54.2,0.0,12286.7,0.0,3.0,1965.8,2160.8,19.0,24.0,0.0,294.0,346.0
2026-10-02T19:41:57.963534+00:00,SivaChowdary,16.9,2600.0,4.6,11.4,18172.2,11388.3,57.0,13982.0,18527.5,4.8,54.2,0.0,387971.1,0.0,64.8,4514.6,3414.9,24.9,33.9,0.0,294.0,347.0
2026-10-02T19:41:58.895518+00:00,SivaChowdary,15.1,2600.0,5.4,9.3,45322.7,27612.6,57.0,13982.5,18527.1,4.8,54.2,0.0,94528.6,0.0,3.0,2076.0,1304.4,8.0,14.0,0.0,294.0,345.0
2026-10-02T19:41:59.856273+00:00,SivaChowdary,16.9,2600.0,4.3,11.5,17414.9,11032.2,57.0,13988.4,18521.1,4.8,54.2,0.0,12289.3,0.0,3.0,573.1,1175.1,7.0,17.0,0.0,294.0,345.0
2026-10-02T19:42:01.055838+00:00,SivaChowdary,11.7,2600.0,3.1,8.1,14034.8,9201.6,57.1,13958.4,18551.1,4.8,54.2,121299.4,40944.9,3.0,8.0,167.9,846.7,2.0,12.0,0.0,294.0,348.0
2026-10-02T19:42:01.948417+00:00,SivaChowdary,23.8,2600.0,3.5,19.7,18091.3,13301.9,57.1,13958.7,18550.8,4.8,54.2,0.0,0.0,0.0,0.0,641.2,925.3,4.0,7.0,0.0,294.0,347.0
2026-10-02T19:42:02.883016+00:00,SivaChowdary,11.9,2600.0,3.6,7.8,47660.6,28222.6,57.1,13951.3,18558.2,4.8,54.2,0.0,122804.1,0.0,12.0,50566.8,3072967.7,390.8,2413.5,0.0,294.0,345.0
2026-10-02T19:42:03.948591+00:00,SivaChowdary,16.9,2600.0,4.7,11.9,18004.3,12043.9,57.1,13958.2,18551.3,4.8,54.2,0.0,16390.6,0.0,3.0,1882.8,741.3,7.0,10.0,0.0,294.0,347.0
2026-10-02T19:42:04.898676+00:00,SivaChowdary,12.6,2600.0,4.6,7.2,43189.9,27645.6,57.1,13956.2,18553.4,4.8,54.2,0.0,49153.0,0.0,7.0,586.0,610.0,6.0,7.0,0.0,294.0,345.0
2026-10-02T19:42:05.827499+00:00,SivaChowdary,16.0,2600.0,3.8,11.5,19148.7,12854.1,57.1,13957.2,18552.3,4.8,54.2,0.0,131103.9,0.0,1.0,1469.4,1553.4,16.0,18.0,0.0,294.0,345.0
2026-10-02T19:42:07.089358+00:00,SivaChowdary,7.0,2600.0,2.8,4.3,14036.5,7967.7,57.1,13959.5,18550.0,4.8,54.2,0.0,32766.9,0.0,5.0,1045.0,2612.9,10.0,33.0,0.0,294.0,347.0
2026-10-02T19:42:07.910546+00:00,SivaChowdary,29.6,2600.0,4.8,23.7,18111.1,12952.0,57.1,13943.2,18566.4,4.8,54.2,0.0,40960.1,0.0,7.0,652.0,1655.0,8.0,26.0,0.0,294.0,347.0
2026-10-02T19:42:08.909247+00:00,SivaChowdary,9.7,2600.0,2.8,6.5,40700.8,26570.4,57.1,13957.7,18551.8,4.8,54.2,0.0,89974.4,0.0,15.0,6119.6,3127.2,21.0,33.9,0.0,294.0,345.0
2026-10-02T19:42:09.901949+00:00,SivaChowdary,14.4,2600.0,3.3,10.5,19211.6,12511.5,57.1,13959.9,18549.6,4.8,54.2,0.0,36930.5,0.0,5.0,84.2,825.5,1.0,14.0,0.0,294.0,347.0
2026-10-02T19:42:10.948251+00:00,SivaChowdary,10.8,2600.0,2.4,8.0,39319.2,25821.6,57.1,13958.0,18551.5,4.8,54.2,0.0,49139.7,0.0,4.0,880.8,1662.6,9.0,22.0,0.0,294.0,345.0
2026-10-02T19:42:11.889603+00:00,SivaChowdary,14.5,1496.0,3.5,10.6,18141.1,10635.8,57.1,13961.3,18548.2,4.8,54.2,0.0,32751.9,0.0,6.0,1237.4,1619.2,13.0,20.0,0.0,294.0,345.0
2026-10-02T19:42:13.006592+00:00,SivaChowdary,9.5,2600.0,2.1,6.8,13247.4,8352.9,57.1,13959.7,18549.8,4.8,54.2,0.0,102472.9,0.0,4.0,3010.1,2478.8,17.0,27.0,0.0,294.0,347.0
2026-10-02T19:42:13.846577+00:00,SivaChowdary,19.7,2600.0,3.3,15.6,47297.1,29711.2,57.1,13954.4,18555.1,4.8,54.2,0.0,0.0,0.0,0.0,877.4,1213.2,10.0,15.0,0.0,294.0,345.0
2026-10-02T19:42:14.938787+00:00,SivaChowdary,8.5,2600.0,1.8,6.5,12792.5,7883.8,57.1,13962.6,18546.9,4.8,54.2,0.0,213149.5,0.0,48.0,168.1,344.3,2.0,5.0,0.0,294.0,345.0
2026-10-02T19:42:15.892604+00:00,SivaChowdary,13.6,2600.0,4.3,9.0,23216.9,12750.2,57.1,13949.1,18560.4,4.8,54.2,0.0,40951.0,0.0,6.0,324.9,492.9,3.0,6.0,0.0,294.0,347.0
2026-10-02T19:42:16.945523+00:00,SivaChowdary,23.3,2600.0,4.7,17.0,43796.8,29505.1,57.1,13955.5,18554.0,4.8,54.2,0.0,69451.0,0.0,5.0,974.5,1207.9,8.0,10.0,0.0,294.0,345.0
2026-10-02T19:42:17.853182+00:00,SivaChowdary,12.2,2600.0,3.9,7.6,15536.5,9008.2,57.1,13957.3,18552.2,4.8,54.2,16422.6,73901.8,1.0,9.0,253.6,534.3,3.0,8.0,0.0,294.0,345.0
2026-10-02T19:42:18.915395+00:00,SivaChowdary,16.4,2600.0,4.0,11.3,17344.0,10910.9,57.1,13953.9,18555.6,4.8,54.2,0.0,4096.7,0.0,1.0,3876.7,1630.3,13.0,19.0,0.0,294.0,347.0
2026-10-02T19:42:19.923454+00:00,SivaChowdary,12.1,2600.0,3.0,8.3,48275.7,31621.3,57.1,13946.9,18562.6,4.8,54.2,0.0,12291.2,0.0,3.0,2210.6,20670.4,19.0,30.0,0.0,294.0,345.0
2026-10-02T19:42:20.855063+00:00,SivaChowdary,21.2,2600.0,5.3,14.8,19323.2,14510.9,57.1,13951.6,18557.9,4.8,54.2,0.0,143339.2,0.0,3.0,1014.9,1334.8,10.0,16.0,0.0,294.0,345.0
2026-10-02T19:42:22.153082+00:00,SivaChowdary,7.5,2600.0,2.9,4.2,13062.1,7603.0,57.1,13953.1,18556.4,4.8,54.2,0.0,40960.2,0.0,6.0,1265.0,1718.0,14.0,21.0,0.0,294.0,347.0
2026-10-02T19:42:22.936087+00:00,SivaChowdary,28.3,2600.0,2.9,24.3,16982.6,12866.7,57.1,13952.2,18557.3,4.8,54.2,0.0,85887.3,0.0,5.0,83.9,335.5,1.0,6.0,0.0,294.0,347.0
2026-10-02T19:42:23.843065+00:00,SivaChowdary,10.4,1496.0,3.2,6.7,42663.4,26577.6,57.1,13957.6,18552.0,4.8,54.2,0.0,24597.0,0.0,5.0,1396.2,848.7,1.0,14.0,0.0,294.0,345.0
2026-10-02T19:42:24.917555+00:00,SivaChowdary,16.6,2600.0,4.4,11.9,22744.0,14278.9,57.1,13947.2,18562.3,4.8,54.2,0.0,53191.9,0.0,8.0,36386.6,2023660.0,267.7,1622.3,0.0,294.0,347.0
2026-10-02T19:42:25.927222+00:00,SivaChowdary,12.0,2600.0,3.1,8.5,43960.4,27250.3,57.1,13943.8,18565.7,4.8,54.2,0.0,8202.3,0.0,2.0,16527.8,53824.8,64.1,96.1,0.0,294.0,345.0
2026-10-02T19:42:26.867236+00:00,SivaChowdary,13.7,2600.0,2.9,10.1,18711.8,11968.1,57.1,13944.8,18564.7,4.8,54.2,0.0,53261.6,0.0,6.0,974.2,1405.4,10.0,16.0,0.0,294.0,345.0
2026-10-02T19:42:28.009778+00:00,SivaChowdary,8.6,2600.0,2.4,5.9,14891.9,8887.1,57.1,13947.9,18561.7,4.8,54.2,16380.6,77807.7,1.0,10.0,2534.5,5951.8,13.0,97.0,0.0,294.0,347.0
2026-10-02T19:42:28.871202+00:00,SivaChowdary,24.3,2600.0,4.2,19.7,36378.1,23843.8,57.1,13941.2,18568.4,4.8,54.2,0.0,8197.4,0.0,2.0,423.3,8780.8,5.0,154.1,0.0,294.0,345.0
2026-10-02T19:42:29.938170+00:00,SivaChowdary,7.9,2600.0,2.7,4.6,23660.4,13732.8,57.1,13954.4,18555.1,4.8,54.2,0.0,65520.6,0.0,8.0,982.8,14617.6,5.0,258.9,0.0,294.0,345.0
2026-10-02T19:42:30.862177+00:00,SivaChowdary,13.3,1496.0,2.9,9.8,18668.9,11224.0,57.1,13945.3,18564.2,4.8,54.2,0.0,282547.5,0.0,57.0,0.0,3279.1,0.0,58.0,0.0,294.0,347.0
2026-10-02T19:42:31.975686+00:00,SivaChowdary,13.0,2600.0,2.9,9.5,38979.1,24662.2,57.1,13959.0,18550.5,4.8,54.2,0.0,0.0,0.0,0.0,723.9,1492.9,5.0,16.0,0.0,294.0,345.0
2026-10-02T19:42:32.845675+00:00,SivaChowdary,13.8,2600.0,2.9,10.1,17835.2,10427.2,57.1,13954.4,18555.1,4.8,54.2,0.0,131124.9,0.0,9.0,690.3,1135.5,7.0,14.0,0.0,294.0,345.0
2026-10-02T19:42:34.013400+00:00,SivaChowdary,12.7,2600.0,2.7,9.5,12538.1,8133.2,57.1,13957.9,18551.6,4.8,54.2,0.0,4093.1,0.0,1.0,2147.5,1241.1,9.0,16.0,0.0,294.0,347.0
2026-10-02T19:42:34.847241+00:00,SivaChowdary,18.6,2600.0,3.7,13.7,47523.2,30428.5,57.1,13949.6,18559.9,4.8,54.2,0.0,8196.2,0.0,2.0,841.4,1087.6,9.0,13.0,0.0,294.0,347.0
2026-10-02T19:42:35.918779+00:00,SivaChowdary,13.8,2600.0,3.8,9.5,18294.8,11066.0,57.1,13959.4,18550.1,4.8,54.2,0.0,261955.5,0.0,2.0,759.5,1147.2,9.0,15.0,0.0,294.0,345.0
2026-10-02T19:42:36.953526+00:00,SivaChowdary,9.8,2600.0,3.4,5.3,16866.5,8532.7,57.1,13953.9,18555.6,4.8,54.2,0.0,12283.3,0.0,3.0,585.8,920.6,6.0,10.0,0.0,294.0,349.0
2026-10-02T19:42:37.910078+00:00,SivaChowdary,23.8,2600.0,3.8,19.2,16181.0,12084.2,57.1,13943.8,18565.7,4.8,54.2,4097.8,28684.4,1.0,6.0,5900.5,4400.9,14.0,21.0,0.0,294.0,347.0
2026-10-02T19:42:38.848769+00:00,SivaChowdary,12.3,1496.0,4.1,7.5,47771.8,27087.8,57.1,13951.5,18558.0,4.8,54.2,0.0,12295.2,0.0,2.0,5501.2,1848.1,15.0,18.0,0.0,294.0,345.0
2026-10-02T19:42:39.907684+00:00,SivaChowdary,13.7,2600.0,3.8,9.7,19687.6,12980.1,57.1,13950.5,18559.0,4.8,54.2,0.0,0.0,0.0,0.0,794.8,2292.5,8.0,27.0,0.0,294.0,347.0
2026-10-02T19:42:40.921229+00:00,SivaChowdary,12.9,2600.0,4.1,7.7,43241.6,26498.5,57.1,13954.6,18554.9,4.8,54.2,0.0,180138.9,0.0,5.0,669.7,1177.4,7.0,16.0,0.0,294.0,345.0
2026-10-02T19:42:41.848214+00:00,SivaChowdary,16.4,1496.0,3.5,12.2,17355.4,11581.3,57.1,13948.1,18561.4,4.8,54.2,0.0,20498.2,0.0,4.0,963.9,1304.2,10.0,16.0,0.0,294.0,345.0
2026-10-02T19:42:43.009788+00:00,SivaChowdary,7.4,2600.0,2.3,4.8,13902.1,7912.5,57.1,13954.4,18555.1,4.8,54.2,0.0,65498.9,0.0,4.0,2666.5,1770.0,15.0,21.0,0.0,294.0,347.0
2026-10-02T19:42:43.886301+00:00,SivaChowdary,22.3,2600.0,3.1,18.7,17594.0,12242.5,57.1,13948.6,18560.9,4.8,54.2,0.0,0.0,0.0,0.0,422.1,994.3,4.0,13.0,0.0,294.0,347.0
2026-10-02T19:42:44.932582+00:00,SivaChowdary,8.0,2600.0,3.1,4.4,43313.2,26789.0,57.1,13960.2,18549.3,4.8,54.2,0.0,61336.9,0.0,10.0,462.2,1201.0,6.0,10.0,0.0,294.0,345.0
2026-10-02T19:42:45.867045+00:00,SivaChowdary,17.3,2600.0,4.5,12.2,21030.0,12983.1,57.1,13946.8,18562.7,4.8,54.2,0.0,151833.3,0.0,4.0,30585.7,1686470.0,220.4,1323.5,0.0,294.0,347.0
2026-10-02T19:42:46.949709+00:00,SivaChowdary,11.8,2600.0,2.8,8.5,41784.2,25806.8,57.1,13952.8,18556.7,4.8,54.2,0.0,0.0,0.0,0.0,8958.3,551483.4,77.0,457.0,0.0,294.0,345.0
2026-10-02T19:42:47.831943+00:00,SivaChowdary,14.3,2600.0,3.4,10.5,19346.0,11863.3,57.1,13948.5,18561.0,4.8,54.2,0.0,163747.1,0.0,26.0,6457.3,2506.6,14.0,21.0,0.0,294.0,345.0
2026-10-02T19:42:49.007925+00:00,SivaChowdary,8.5,2600.0,2.6,5.8,14090.0,8381.1,57.1,13949.3,18560.2,4.8,54.2,0.0,40994.8,0.0,4.0,2491.1,1517.3,13.0,18.0,0.0,294.0,347.0
2026-10-02T19:42:49.864916+00:00,SivaChowdary,20.4,2600.0,4.0,15.6,46056.1,30524.1,57.1,13942.9,18566.6,4.8,54.2,0.0,94196.0,0.0,12.0,672.9,926.9,7.0,11.0,0.0,294.0,345.0
2026-10-02T19:42:50.948104+00:00,SivaChowdary,12.5,2600.0,3.2,8.5,14381.7,8801.6,57.1,13960.0,18549.5,4.8,54.2,0.0,16381.3,0.0,2.0,1644.7,2234.6,16.0,25.0,0.0,294.0,345.0
2026-10-02T19:42:51.911755+00:00,SivaChowdary,13.6,2600.0,3.2,9.2,17499.0,9922.6,57.1,13951.3,18558.2,4.8,54.2,0.0,20472.9,0.0,4.0,0.0,966.7,0.0,13.0,0.0,294.0,347.0
2026-10-02T19:42:52.936437+00:00,SivaChowdary,17.4,2600.0,3.1,13.2,39367.0,26387.0,57.1,13956.8,18552.7,4.8,54.2,0.0,73750.4,0.0,10.0,605.2,1907.6,6.0,21.0,0.0,294.0,345.0
2026-10-02T19:42:53.871259+00:00,SivaChowdary,11.5,1496.0,2.5,8.2,18016.3,10001.1,57.1,13955.3,18554.2,4.8,54.2,0.0,20467.9,0.0,5.0,2276.6,1415.2,10.0,13.0,0.0,294.0,345.0
2026-10-02T19:42:54.955338+00:00,SivaChowdary,17.8,2600.0,5.9,11.5,19416.2,12091.0,57.1,13950.3,18559.2,4.8,54.2,0.0,12295.1,0.0,2.0,84.0,312.2,1.0,5.0,0.0,294.0,347.0
2026-10-02T19:42:55.850734+00:00,SivaChowdary,17.7,2600.0,4.4,11.9,45034.3,28504.9,57.1,13952.9,18556.6,4.8,54.2,0.0,8193.7,0.0,2.0,795.2,1392.3,8.0,14.0,0.0,294.0,345.0
2026-10-02T19:42:56.896464+00:00,SivaChowdary,14.8,2600.0,3.6,10.7,16528.4,10284.0,57.1,13947.3,18562.2,4.8,54.2,0.0,24537.9,0.0,5.0,1091.3,1771.3,12.0,19.0,0.0,294.0,345.0
2026-10-02T19:42:57.948643+00:00,SivaChowdary,7.7,2600.0,2.9,4.6,15913.3,8996.4,57.1,13951.6,18557.9,4.8,54.2,0.0,246043.5,0.0,13.0,1633.9,1634.9,16.0,18.0,0.0,294.0,347.0
2026-10-02T19:42:58.907020+00:00,SivaChowdary,23.5,2600.0,3.6,18.9,15352.0,11511.2,57.1,13948.1,18561.4,4.8,54.2,0.0,16382.9,0.0,4.0,1942.9,1167.9,7.0,13.0,0.0,294.0,347.0
2026-10-02T19:42:59.865898+00:00,SivaChowdary,13.4,2600.0,4.5,7.7,44068.6,27341.5,57.1,13955.0,18554.5,4.8,54.2,0.0,16386.1,0.0,3.0,84.0,833.1,1.0,10.0,0.0,294.0,345.0
2026-10-02T19:43:00.943454+00:00,SivaChowdary,23.1,2600.0,4.7,17.8,15194.8,10874.3,57.1,13939.3,18570.2,4.8,54.2,0.0,16386.0,0.0,3.0,168.0,710.1,2.0,9.0,0.0,294.0,347.0
