cpu_percent,cpu_freq_current,cpu_user_time_percent,cpu_system_time_percent,cpu_ctx_switches_per_sec,cpu_interrupts_per_sec,memory_percent,memory_available_mb,memory_used_mb,swap_percent,disk_usage_percent,disk_read_bytes_per_sec,disk_write_bytes_per_sec,disk_read_count_per_sec,disk_write_count_per_sec,net_bytes_sent_per_sec,net_bytes_recv_per_sec,net_packets_sent_per_sec,net_packets_recv_per_sec,net_errors_total,net_drops_total,process_count
52.82,1965.36,6.2,47.01,30510.17,14415.27,75.82,8427.13,24145.16,2.84,54.88,0.0,491917.66,0.0,0.0,134048.45,0.0,554.9,0.0,1.9,0.1,381
52.79,1928.38,5.33,46.89,24813.22,15064.51,75.16,8341.41,24033.21,3.31,54.89,0.0,963376.61,0.0,8.91,0.0,0.0,630.28,274.86,1.9,0.1,380
46.38,1915.51,4.7,47.81,27601.39,12236.41,75.33,8248.87,23922.21,3.38,55.18,24641.19,367675.12,0.0,19.62,711445.23,0.0,501.77,0.0,1.9,0.1,383
46.74,1949.97,5.29,46.74,30062.08,15049.37,75.18,8581.05,23418.47,3.49,55.18,13181.5,419570.81,0.0,14.63,912785.96,57029.57,225.08,0.0,1.9,0.1,384
45.16,1966.34,5.42,47.58,26724.36,14491.94,74.78,8225.32,23604.71,3.44,55.15,5137.53,0.0,0.0,7.25,327685.28,47023.43,454.24,641.41,1.9,0.1,384
38.07,1966.04,5.49,49.93,26489.47,15012.49,74.72,7985.08,23941.43,3.53,55.34,0.0,893181.19,0.0,24.74,1782432.73,8932.9,160.51,616.05,1.9,0.0,384
35.59,1978.96,4.22,50.93,23273.08,14469.44,75.34,7767.77,24034.75,3.75,54.86,4975.18,967061.87,2.07,0.0,728889.92,30516.86,345.45,642.66,1.9,0.0,384
39.08,1958.65,6.91,50.61,18455.9,15554.4,74.46,8008.27,24310.29,3.38,55.14,15213.27,1366958.52,6.76,0.0,203035.77,0.0,0.0,560.66,1.9,0.0,385
40.89,1998.49,6.32,52.78,23637.63,14084.43,73.63,8148.51,24253.27,3.46,55.24,11125.11,706176.84,1.76,0.0,806309.53,11940.76,0.0,570.89,1.9,0.0,385
42.61,1963.96,6.65,52.28,30377.22,15854.93,72.68,7968.43,24360.42,3.48,55.34,111046.04,994597.54,4.5,27.97,1185371.07,3204.25,441.61,277.46,1.9,0.0,385
53.39,1915.53,7.38,49.48,28167.09,17415.41,73.02,7785.89,24192.24,3.55,55.1,100202.54,924758.62,2.11,82.18,1496176.68,0.0,528.74,63.5,2.0,0.0,384
55.09,1946.36,5.44,48.5,26273.09,15988.4,74.64,7943.15,23934.33,3.66,55.64,112478.48,0.0,0.53,105.82,885277.64,20136.72,898.93,0.0,2.0,0.0,382
53.4,1916.89,7.64,46.47,24841.37,16014.55,75.77,7688.94,24225.89,3.52,55.29,107890.2,171386.54,0.0,95.31,576277.93,25468.7,1156.94,545.55,1.9,0.1,378
52.37,1940.2,7.68,45.63,24808.46,15051.05,75.13,7954.43,24303.85,3.21,55.48,99912.75,685119.07,1.67,63.38,199566.63,52612.22,1350.2,496.06,1.9,0.2,377
54.39,1939.19,7.03,46.78,30057.1,16296.81,76.08,8005.51,24438.58,3.05,55.49,81610.06,692537.34,2.99,36.52,1609564.4,13131.05,595.88,830.54,2.0,0.2,379
53.8,1920.03,6.87,45.83,35282.74,15837.68,75.2,7976.77,24496.42,2.85,55.2,75899.14,787570.39,1.21,22.57,1594612.1,0.0,0.0,515.53,2.0,0.2,383
56.89,1923.16,6.61,44.67,34651.66,15223.64,75.36,7845.76,24568.0,3.23,55.14,75207.09,1135289.95,0.0,28.49,1438756.12,7787.31,0.0,485.05,2.0,0.2,385
64.86,1909.83,7.6,44.97,45389.54,13880.5,74.58,7782.41,24071.88,3.02,54.92,67999.35,1221947.88,4.95,52.09,921765.35,0.0,307.16,29.67,2.1,0.2,384
55.67,1954.36,7.11,46.38,35196.78,13068.99,74.58,7864.76,24002.88,3.13,54.65,54161.38,1162812.99,5.57,66.05,125047.44,0.0,963.84,170.37,2.0,0.3,384
59.81,1958.34,9.64,48.13,33402.05,14861.86,75.09,8213.25,23835.74,3.25,54.98,0.0,330898.96,0.0,52.83,649446.9,57902.34,916.07,703.96,1.9,0.2,384
60.04,1959.08,6.18,47.62,26487.76,15908.69,75.3,8023.03,23788.71,2.89,54.97,25269.7,0.0,1.33,34.91,109981.35,49700.96,316.97,460.57,1.9,0.3,384
55.76,1966.2,5.9,47.04,30406.0,16937.31,74.77,7938.06,23799.06,2.25,54.58,57593.61,1038395.48,0.49,47.99,371626.78,156394.04,892.58,389.65,1.9,0.2,384
51.89,1929.16,4.94,45.61,39214.45,18007.8,74.74,8299.01,23882.12,2.09,55.04,63261.07,312697.38,0.0,21.97,0.0,170280.83,1779.5,0.0,1.9,0.1,383
49.27,1912.38,5.06,44.67,39468.91,17445.03,74.52,8102.73,23814.88,2.38,55.17,28136.03,377379.84,1.99,0.0,429542.07,125400.68,1859.35,0.0,1.8,0.0,383
50.57,1897.05,5.97,42.96,37967.06,15132.24,74.02,8137.13,23697.96,2.33,55.41,8832.88,873902.91,0.0,17.12,1380531.18,22711.83,1238.75,223.32,1.8,0.0,382
50.96,1903.74,7.45,43.6,38751.43,14429.29,73.71,8065.22,23862.99,2.27,55.42,62284.29,1317193.94,0.0,48.85,982396.52,0.0,604.92,0.0,1.8,0.0,386
52.28,1907.76,8.26,41.46,38897.46,15700.93,72.67,8336.26,23991.48,2.23,55.53,112861.81,1280691.7,0.66,33.34,355827.46,33926.53,142.68,61.88,1.8,0.0,386
56.34,1903.51,7.45,40.98,35550.4,16159.85,73.56,8131.32,24212.61,2.66,55.56,145477.79,676625.69,0.0,0.0,1353406.86,56485.97,152.8,181.03,1.8,0.1,386
55.96,1932.45,7.79,41.88,30938.0,16698.75,75.2,8434.93,24553.04,2.53,55.21,120455.09,660570.63,2.89,0.0,2223204.46,46678.31,0.0,0.0,1.7,0.1,386
49.85,1903.82,6.96,44.22,29727.83,14036.24,74.91,8352.04,23938.43,2.54,55.12,120836.38,1722197.95,5.43,0.0,1243087.41,135789.24,89.32,43.47,1.7,0.1,385
47.62,1899.2,6.67,43.8,26385.14,14316.79,74.66,8655.96,23425.68,2.85,55.43,48211.7,1310407.2,3.64,0.0,624396.53,80101.17,1017.61,374.8,1.8,0.1,382
45.92,1922.56,4.81,44.8,25956.26,13794.72,75.21,8690.99,23472.38,3.13,55.08,57315.23,1521511.56,2.29,11.91,0.0,105355.16,831.38,190.66,1.9,0.0,379
40.22,1945.49,3.15,46.8,16189.61,16624.3,75.28,8606.78,23473.32,3.17,55.06,77890.05,1413803.58,2.35,4.4,37977.96,104835.89,0.0,0.0,2.0,0.0,379
41.88,1958.17,2.74,45.73,19516.88,14802.28,75.49,8196.82,23805.79,3.23,55.12,92201.85,2252424.97,4.67,0.0,0.0,71121.26,72.64,204.35,2.0,0.0,378
40.69,1922.74,1.87,44.21,16362.98,16464.85,74.61,8761.79,23975.48,3.2,54.87,96929.21,1621416.36,4.3,69.04,12464.72,105758.39,0.0,201.54,2.1,0.0,382
45.12,1914.87,3.25,45.44,21838.95,13731.41,74.03,8635.18,24000.09,3.29,54.94,47330.09,1658206.21,5.27,76.58,790682.73,123949.11,290.68,187.92,2.0,0.0,382
47.09,1889.36,2.09,46.57,23117.01,14966.5,74.13,8585.98,24234.4,3.06,54.97,28166.73,1200963.06,3.67,74.34,434926.99,154461.06,0.0,139.07,2.0,0.1,382
51.91,1862.18,2.94,47.36,24825.39,16623.15,73.79,8834.87,24720.26,2.91,54.86,62334.69,2020000.98,1.75,56.02,261009.19,87628.24,0.0,0.0,2.0,0.1,382
58.14,1851.9,4.63,46.82,25604.89,17413.92,73.02,8830.03,24683.91,3.01,54.96,117767.05,1386617.69,0.1,35.25,0.0,56046.35,658.12,492.69,2.0,0.0,383
54.75,1886.14,5.01,44.95,34420.61,19857.74,72.77,8663.65,24678.17,3.05,55.14,153161.12,1124546.78,0.0,0.0,0.0,50760.03,1522.38,292.49,2.0,0.0,385
64.59,1884.59,4.39,46.15,37494.68,22015.31,73.5,8528.2,24737.51,3.29,55.33,143660.19,1647498.75,3.09,38.92,498258.98,41486.23,1427.39,672.96,2.0,0.0,384
62.64,1930.92,4.79,46.08,29683.73,22110.15,74.17,8944.61,24598.65,3.26,55.35,163771.99,1395256.43,3.37,52.2,620362.61,23638.32,1370.5,953.93,1.9,0.0,382
65.8,1896.51,4.11,46.38,37979.62,20907.51,73.79,9239.12,24240.35,2.6,55.41,126094.6,625631.25,4.73,54.18,234496.31,0.0,1663.67,1057.51,1.9,0.1,380
57.24,1889.16,4.23,46.49,35806.92,20545.55,72.92,9397.29,24223.6,2.91,55.44,119322.98,925460.27,5.21,66.06,1141416.15,11313.83,1830.57,909.25,2.0,0.0,384
56.1,1863.45,4.57,45.58,39483.53,18650.14,72.82,8829.36,24131.36,2.24,54.96,121565.27,1309854.59,5.56,34.99,1014204.96,13790.73,1032.31,1292.02,2.0,0.0,384
56.16,1825.51,4.35,44.81,33203.19,17626.17,74.5,8879.8,24027.92,2.46,55.33,127796.61,1201157.02,3.03,51.17,1193856.79,47962.58,1256.75,1472.43,2.0,0.1,384
63.93,1828.88,6.85,45.1,29652.81,16435.33,74.26,8877.02,24170.51,2.34,55.28,165164.75,2108893.62,3.73,48.04,1168193.76,66959.28,612.81,1208.39,1.9,0.1,385
59.96,1891.35,4.96,43.55,31106.64,17842.61,75.63,8688.59,24408.84,2.39,55.19,163776.95,2235736.05,0.0,82.17,1968285.07,38899.6,779.66,1223.93,1.9,0.1,383
58.47,1933.89,5.75,43.42,35136.31,12882.32,76.38,8258.53,24307.76,2.14,54.82,169897.66,1671952.75,0.92,72.22,2059325.96,40107.95,76.29,1397.54,1.9,0.0,382
63.52,1961.55,5.21,43.33,32979.64,16449.75,76.41,8350.18,24515.3,2.29,54.78,139353.41,1430250.11,0.69,83.57,1859432.17,64532.78,83.71,1252.04,1.8,0.0,383
65.73,1886.38,8.06,43.48,38446.23,14556.67,76.62,8115.5,24343.18,2.85,54.76,124289.47,1789455.28,1.9,78.45,1893694.19,144902.42,101.65,1167.48,1.9,0.1,385
66.12,1868.67,9.87,42.51,38980.21,13398.94,76.26,8207.26,24396.03,2.94,55.22,117703.83,1426657.99,4.16,100.67,884025.05,148783.1,498.91,936.35,2.0,0.1,385
63.11,1884.13,7.7,41.37,46029.59,12268.4,75.23,7762.24,24238.6,2.56,55.62,126758.05,852048.61,9.48,114.25,614664.23,41596.45,1636.96,391.13,1.9,0.1,390
66.97,1911.71,8.15,42.9,47755.62,13090.31,75.21,7824.53,24080.55,2.5,55.08,105266.24,183477.53,5.15,105.29,1505554.17,72422.42,660.25,55.42,2.0,0.0,388
66.81,1894.8,7.87,41.82,42277.9,13849.93,73.86,7983.48,24100.95,2.68,55.13,125518.66,283068.69,3.26,96.2,1709222.57,67604.75,641.15,0.0,2.0,0.0,391
59.27,1887.68,6.51,43.32,39186.23,15962.1,73.43,8084.56,23946.4,3.25,54.8,114963.35,672664.13,3.87,80.6,1443282.6,63329.61,530.47,346.85,2.1,0.0,387
57.63,1967.83,5.24,45.41,46629.45,14910.72,74.05,8454.81,23911.16,3.11,54.67,71103.12,234463.1,0.07,72.95,799678.52,66473.5,0.0,439.52,2.1,0.0,387
61.67,1936.14,7.52,45.86,40791.51,14803.77,74.57,8442.42,24074.63,2.81,54.77,23313.71,184623.72,0.0,46.77,1561120.79,99739.83,366.18,63.76,2.1,0.1,387
69.62,1951.43,7.45,45.45,40110.41,14560.04,75.13,8617.46,23934.43,2.44,54.32,33308.79,0.0,0.0,53.27,3028194.55,88864.77,792.89,119.35,2.1,0.1,386
67.9,1962.54,6.23,46.51,37956.45,13399.49,75.47,8375.33,23986.81,2.48,54.71,40927.69,37017.6,2.16,84.4,3012932.87,80206.91,73.02,0.0,2.1,0.1,385
65.56,1977.46,5.99,46.87,37347.99,10485.43,74.59,8328.49,23770.51,2.67,55.15,67001.75,0.0,5.77,79.12,2416242.53,50593.92,0.0,0.0,2.1,0.1,385
65.15,2007.55,7.18,45.03,23462.88,12606.96,73.51,8271.67,23594.98,2.2,55.27,77059.06,0.0,0.0,56.85,2384492.0,0.0,151.82,34.13,2.1,0.1,382
67.93,1997.59,6.87,44.06,22436.16,11535.42,73.53,8631.41,23403.27,1.85,55.62,60098.87,0.0,2.75,36.41,3292999.7,28488.98,0.0,757.01,2.1,0.1,383
70.74,2034.43,6.68,43.43,26174.92,10951.87,75.28,8605.28,23452.42,2.02,55.17,25604.65,771827.96,0.61,7.75,3224216.72,70820.7,421.46,1000.59,2.0,0.0,386
66.41,2018.01,8.28,44.33,29332.01,14948.34,74.67,8749.81,23583.18,2.2,55.55,35251.99,1030856.41,3.35,0.82,2268311.37,27224.28,0.0,1546.21,1.9,0.0,385
65.33,2032.15,9.0,43.85,28834.83,15370.46,74.45,9015.84,23785.77,2.47,55.64,60984.56,1036798.29,0.0,14.49,1578323.38,8583.6,354.71,1748.77,1.9,0.0,388
64.14,2091.2,9.22,42.16,33111.55,15885.05,75.49,9045.13,23825.34,2.18,55.49,29546.98,585204.12,1.56,58.6,1674131.13,0.0,584.84,1907.64,1.9,0.0,387
58.89,2089.94,8.47,43.09,28369.66,15028.75,75.92,8849.61,24252.05,2.15,55.48,49790.65,0.0,0.0,14.36,2321684.87,0.0,1844.56,1480.31,1.9,0.1,390
66.19,2103.63,9.39,44.08,32843.89,14121.16,75.07,8761.27,24214.99,2.11,55.59,67596.04,105035.86,3.9,0.0,1922235.16,0.0,687.66,1270.88,1.9,0.2,390
59.65,2132.27,10.43,44.9,31516.86,12704.53,74.71,8916.31,24616.47,2.61,55.37,28078.96,225784.51,0.0,11.84,1612744.63,0.0,0.0,1283.3,1.9,0.1,383
58.2,2154.46,11.92,44.47,28470.65,13757.47,73.9,8882.27,24722.03,2.95,55.29,18614.61,0.0,0.0,7.84,1685578.18,36896.61,0.0,1606.54,1.9,0.1,381
47.07,2149.93,11.93,44.3,29297.91,14727.01,72.76,8678.26,24817.7,2.58,55.32,0.0,331709.62,0.0,0.0,2267593.24,9456.49,0.0,1468.64,2.0,0.0,381
49.4,2141.04,11.18,44.06,25433.9,14871.89,72.19,8000.77,24823.65,2.83,54.65,0.0,705240.77,5.43,4.1,1527718.71,5815.3,751.69,1081.06,2.0,0.0,379
50.11,2158.03,10.74,43.98,24884.84,12388.51,73.24,8024.07,24698.68,3.66,54.78,0.0,395822.6,7.64,9.96,435531.14,42040.99,362.06,1556.2,2.1,0.0,382
50.49,2152.14,10.58,43.26,22622.39,14375.73,73.18,7975.22,24429.24,3.62,55.36,0.0,402996.41,10.22,10.0,740394.14,2134.17,582.89,1302.02,2.1,0.1,387
52.93,2133.25,10.06,43.19,25712.96,13970.32,73.52,8296.38,24189.37,3.79,55.65,0.0,0.0,7.1,45.24,689540.9,0.0,300.83,1414.21,2.1,0.1,385
50.99,2084.31,11.54,43.17,32825.93,16496.78,74.47,8200.79,24282.65,3.62,55.32,8655.42,0.0,9.17,30.15,792443.19,14409.41,184.86,1428.47,2.1,0.1,382
51.47,2118.09,9.25,42.76,35281.58,16523.86,74.76,8313.56,24410.61,3.77,55.38,1114.67,455319.45,12.8,25.8,113038.33,56048.0,156.03,559.33,2.1,0.1,382
52.74,2100.74,9.62,42.67,37364.79,15852.9,75.32,8436.01,24188.52,3.9,55.18,22343.09,659282.3,15.73,19.79,0.0,51250.48,39.49,769.93,2.0,0.0,380
56.37,2126.04,8.84,42.89,36873.56,17528.93,74.47,8460.65,24402.34,3.85,55.2,45470.4,0.0,15.16,3.67,0.0,66103.67,784.64,649.56,2.1,0.1,383
62.3,2122.03,8.41,41.52,34842.12,15784.76,76.2,8394.3,24404.57,3.82,55.18,83408.1,0.0,13.41,0.0,0.0,38664.44,707.8,454.04,2.0,0.0,383
54.36,2119.09,8.06,40.51,32793.01,14446.17,76.21,8657.42,23985.37,3.68,55.11,88691.48,179863.46,9.42,0.0,0.0,75556.16,671.87,1032.14,2.0,0.0,380
46.37,2054.85,8.01,41.79,24557.31,15911.51,75.58,8629.55,24363.89,3.77,55.03,52026.61,0.0,6.12,0.0,0.0,63842.37,669.28,844.53,2.0,0.0,381
42.53,2079.14,7.47,42.35,29245.27,16111.14,76.18,8635.43,24216.87,3.71,54.72,47194.06,32098.82,4.66,0.29,0.0,38991.58,675.14,807.92,1.9,0.1,379
47.77,2073.87,6.27,44.73,23520.34,17364.85,76.73,8438.62,24514.37,3.49,54.84,47083.69,0.0,6.11,24.11,0.0,83980.5,0.0,1055.52,2.0,0.0,379
43.65,2052.48,5.71,45.67,31437.77,19183.58,75.96,8368.56,24119.1,3.16,55.12,82686.27,0.0,3.64,23.39,257864.08,46801.58,273.0,784.88,2.0,0.0,379
42.92,2037.07,5.53,45.22,30156.69,21050.25,76.2,8290.83,24284.71,3.0,55.41,80131.46,0.0,4.28,0.0,0.0,1488.0,363.52,1259.48,2.1,0.0,380
36.65,2012.57,4.43,44.57,29530.59,19364.44,74.39,8444.61,24052.57,3.02,55.89,44008.03,0.0,2.89,31.73,1352502.02,0.0,618.56,960.98,2.1,0.1,377
39.82,2018.35,6.04,44.79,31429.56,18058.63,74.63,8345.42,24212.27,2.87,55.86,36748.15,727237.32,2.33,0.0,2047867.93,0.0,256.14,665.61,2.2,0.0,384
45.82,2016.83,5.86,45.19,34131.5,18587.29,75.06,8352.29,24175.46,2.81,55.68,61210.53,1026090.28,0.0,20.35,1942831.3,3635.03,81.62,963.8,2.2,0.0,385
42.55,1973.32,4.93,46.15,38633.69,18827.85,75.56,8448.03,24050.59,2.91,55.79,72008.41,1637108.63,1.87,29.85,2424560.33,6446.08,0.0,806.17,2.1,0.0,384
40.51,1964.56,2.41,46.26,37600.63,16930.18,75.93,8618.2,23740.88,2.67,55.47,36563.0,1940944.33,1.09,22.18,828930.31,32451.59,0.0,743.41,2.1,0.1,381
29.58,1970.07,5.29,47.47,37786.77,15831.49,76.37,8360.14,23916.73,2.81,55.68,103877.68,1937131.32,0.0,21.78,0.0,7100.97,0.0,503.54,2.1,0.0,383
32.76,1969.66,4.85,47.33,41087.05,14304.19,75.58,8281.94,23682.24,2.58,55.45,111438.76,1856025.61,0.52,43.84,0.0,24269.01,7.54,551.78,2.1,0.0,383
41.34,1993.96,6.23,48.38,40132.46,14688.18,74.94,8212.86,23896.27,2.91,55.35,82977.43,1629962.84,2.03,3.91,0.0,5289.57,0.0,345.75,2.1,0.0,386
44.1,1998.13,6.94,46.68,44173.5,14583.02,75.41,7994.89,23621.05,3.1,55.39,46883.64,916017.37,4.7,0.0,1146595.63,0.0,380.9,227.95,2.1,0.0,385
45.27,1967.36,7.7,45.93,41136.23,13041.94,73.26,7995.22,24222.87,3.24,55.33,33038.86,844110.47,5.44,0.0,1776571.92,29825.28,744.85,372.82,2.1,0.0,386
44.63,1952.5,7.48,47.53,33395.52,10984.24,73.59,8046.47,24262.58,3.23,55.22,67436.82,0.0,2.45,0.93,513398.28,23380.01,1529.1,362.59,2.1,0.0,384
44.0,1946.61,8.9,47.81,27467.61,11943.96,74.13,8319.56,24592.85,2.88,54.97,24309.87,0.0,3.32,29.61,461969.76,12764.27,1435.64,80.5,2.2,0.0,384
53.38,1950.14,8.1,47.05,27182.34,14539.74,72.45,8634.55,24240.49,2.78,54.86,36277.45,0.0,4.04,80.51,0.0,21920.31,946.52,243.46,2.2,0.0,385
60.44,1947.94,8.66,45.39,22977.85,15323.14,73.94,8654.12,24175.06,2.77,54.56,46870.33,581097.33,2.25,59.99,248547.69,7353.85,830.75,916.55,2.2,0.0,383
62.06,1946.33,7.28,46.82,31534.64,14293.58,72.56,8808.11,24041.15,2.97,54.1,63462.1,0.0,3.85,54.93,0.0,0.0,1111.17,851.91,2.2,0.1,380
67.05,1952.48,5.77,45.15,30594.75,15823.87,72.76,9045.13,23765.81,2.92,53.91,63632.61,583828.24,2.17,0.0,204890.91,19884.1,1207.54,1157.81,2.1,0.1,383
57.26,1963.38,5.02,45.1,32536.41,14898.09,72.5,8935.37,23608.46,2.61,54.25,23941.56,947819.06,3.07,0.0,0.0,63806.42,591.94,874.84,2.1,0.1,382
53.82,2001.68,7.42,46.2,32847.37,13603.83,72.15,8944.98,23791.96,2.99,54.53,0.0,1488449.41,0.0,0.0,238321.32,129737.72,2128.35,976.41,2.1,0.1,384
52.04,2044.07,7.42,46.62,36075.91,14447.3,73.18,8712.98,23742.14,2.66,54.72,20628.59,1591700.56,4.42,3.43,713898.31,75630.78,1673.72,1091.1,2.1,0.1,384
45.58,2023.4,8.31,47.05,37976.46,14576.66,73.39,8506.71,23964.68,2.77,54.89,3791.08,113762.26,6.65,0.0,119169.16,93330.03,1284.8,1304.97,2.1,0.1,381
51.36,2022.12,7.36,46.95,27967.46,15253.77,72.76,8185.49,23685.81,3.06,54.74,43731.56,0.0,1.16,0.0,982504.18,78071.03,875.55,1199.35,2.1,0.1,384
49.79,1979.23,6.49,47.0,23607.82,13670.86,73.3,8187.23,23776.46,2.8,54.72,12940.41,585813.63,3.72,0.0,303954.56,17270.97,476.46,1031.82,2.0,0.0,382
50.79,1979.52,5.34,46.94,22031.48,13408.72,74.81,8481.41,23572.77,3.01,54.98,0.0,1040929.22,7.22,0.0,0.0,55290.1,601.18,1092.19,2.0,0.0,379
55.11,2008.75,5.02,46.66,15665.7,14427.91,75.23,8435.91,23910.38,2.87,55.13,0.0,922691.77,5.69,9.33,0.0,46608.53,986.39,827.89,1.9,0.1,382
49.12,2020.95,4.39,46.75,19573.82,14111.07,74.51,8264.83,23767.38,2.63,55.09,0.0,1245290.97,8.76,0.0,231279.56,61747.1,1135.56,766.99,2.0,0.1,379
52.96,2036.53,3.49,46.58,24882.25,13881.41,75.37,8763.02,23673.27,2.27,55.16,19117.41,972087.55,11.28,0.0,723682.83,35172.15,1890.36,1327.31,2.0,0.1,381
51.03,2025.2,3.8,44.31,25835.11,12926.98,74.86,8992.57,23494.13,2.55,55.06,8993.24,1352229.14,10.49,18.17,1321774.59,22378.69,1358.08,820.67,2.0,0.2,384
45.41,1981.94,4.68,45.06,29517.95,12802.81,74.72,8952.59,23624.72,1.99,54.99,0.0,1306481.18,16.79,28.41,994123.15,56211.66,1456.88,870.76,2.0,0.3,381
48.17,1955.6,5.53,44.11,27715.28,12633.84,75.47,9043.04,23455.14,2.11,54.81,0.0,1032403.69,13.46,89.78,1202535.41,2932.94,1013.51,1105.36,2.1,0.2,377
56.29,1967.87,4.32,44.88,14857.32,12961.89,75.59,9121.16,23359.84,2.22,54.59,6838.67,392691.67,10.37,54.42,1521996.73,37422.6,802.87,990.79,2.0,0.2,378
66.29,1938.75,6.46,46.03,18817.32,16014.63,75.73,9074.8,23481.28,2.62,54.94,0.0,0.0,8.29,29.37,1327383.9,80260.0,511.71,867.52,2.0,0.2,374
61.45,1948.85,7.92,45.4,11170.04,16809.59,75.06,8702.71,23464.15,2.58,54.79,0.0,589931.75,10.41,45.2,461315.22,65334.86,491.18,967.65,2.0,0.1,375
61.74,1990.22,8.48,46.25,14678.34,18734.96,75.31,8455.68,23876.85,2.78,54.71,0.0,731301.9,10.08,47.04,670298.74,120486.79,1016.48,922.4,2.0,0.0,377
67.57,1981.3,6.86,45.4,11669.43,16902.31,74.9,8130.97,23935.22,3.01,54.51,40128.7,979917.06,11.29,26.73,1202260.98,67759.18,1371.71,877.94,2.0,0.0,376
67.52,1954.47,7.26,43.91,19005.12,14636.94,75.29,8282.96,23834.73,3.11,54.65,20028.85,280194.97,4.43,35.24,76363.19,65299.42,1092.82,1002.17,2.0,0.0,378
66.39,1964.98,7.6,42.46,24773.89,15627.11,74.38,8228.9,23887.85,3.02,54.79,54837.57,938849.34,0.32,49.43,1006860.01,73607.25,1537.66,1533.52,2.1,0.0,381
64.64,1966.21,6.78,44.59,21635.26,17922.51,74.8,7939.53,24018.76,2.42,54.99,70040.24,494852.39,0.6,95.56,601067.52,29089.85,2112.46,1969.31,2.1,0.1,384
59.5,1953.85,8.24,46.54,26019.53,16061.52,76.34,7876.53,23981.94,2.55,55.4,82139.27,721414.58,1.74,85.92,950089.63,0.0,1705.77,1790.0,2.0,0.1,383
65.44,1997.55,7.17,46.2,26494.92,15156.3,76.23,7775.08,23783.03,2.74,55.51,48745.48,1202108.32,0.0,83.08,1417787.71,3103.31,1738.35,1395.59,2.0,0.1,381
62.51,1952.48,6.22,45.76,25968.62,14719.0,75.93,7949.66,24036.46,2.56,55.11,14099.19,781675.38,0.0,54.49,434817.98,0.0,1628.44,1415.31,2.0,0.1,379
60.62,1932.61,6.86,43.76,24993.12,15204.8,75.87,8564.48,24141.31,2.32,55.07,0.0,668118.59,0.0,73.3,86266.36,136.63,1123.7,1797.37,2.0,0.2,381
61.13,1947.78,7.17,41.9,24576.19,16477.52,75.64,8223.53,24145.68,2.82,55.39,0.0,1190442.25,0.0,22.3,0.0,60178.08,876.71,1489.05,2.0,0.3,385
68.74,1946.78,7.29,40.77,33185.93,14378.18,75.65,7998.6,24036.36,2.58,55.17,0.0,735142.32,2.2,0.0,218975.66,98907.2,546.33,1075.43,2.0,0.3,385
63.85,1962.85,5.5,42.2,35049.98,13952.81,74.83,7851.79,24180.21,2.92,54.98,12185.59,0.0,0.34,2.78,0.0,54961.74,187.69,1046.46,2.0,0.1,380
59.38,1975.83,1.74,42.13,31861.62,16271.73,74.48,7994.53,24219.56,2.33,55.18,16143.19,356797.31,10.64,0.0,1200097.59,40764.67,363.7,913.97,2.0,0.1,381
51.82,1994.58,1.71,41.38,29540.73,18035.5,74.07,8110.7,24069.22,2.58,55.34,62524.55,250028.91,10.81,6.08,1940469.06,13306.58,743.72,753.72,2.0,0.1,382
51.19,1996.39,4.4,43.05,34302.84,16828.06,73.45,8335.2,24280.04,2.99,55.13,47211.83,0.0,8.16,34.23,1420237.84,38463.6,595.76,783.17,1.9,0.1,376
50.35,1949.34,6.17,44.24,36295.79,18925.36,72.86,8692.93,24471.07,2.88,55.41,11103.32,0.0,5.34,19.14,593158.8,80632.7,435.58,817.3,1.9,0.0,377
42.52,1950.48,4.19,46.57,40260.12,18471.48,74.12,8450.47,24551.54,2.91,55.42,43062.6,491248.29,5.31,0.0,0.0,68462.4,476.75,372.77,2.0,0.1,379
44.05,1947.67,3.07,46.47,40292.87,15956.14,74.45,8390.0,24103.42,2.65,55.24,86435.35,803311.15,1.0,16.0,0.0,101122.89,227.55,325.97,2.1,0.0,376
42.65,1978.22,1.34,43.22,36701.44,16652.45,75.42,8273.72,24037.83,2.96,54.71,63348.82,849022.74,2.04,4.14,97587.12,1480.51,0.0,460.93,2.0,0.0,378
42.45,1981.33,0.63,43.32,39067.46,16620.45,74.83,8319.72,24219.35,2.38,55.06,45101.92,1028830.09,4.89,0.0,0.0,0.0,0.0,984.9,2.0,0.0,379
38.73,1969.06,1.76,43.26,37486.41,15508.65,73.59,8379.34,24592.84,2.44,55.11,56694.43,165402.2,8.65,8.75,1139540.6,0.0,974.81,1123.75,2.0,0.0,379
45.5,1972.74,0.0,42.36,35670.47,15890.05,73.69,8619.11,24129.41,2.51,54.62,68312.51,135976.15,8.47,0.0,1878293.85,41468.29,1181.88,952.84,2.0,0.0,381
53.1,2000.38,0.0,43.2,28473.76,16628.91,74.18,8172.06,23901.81,2.47,54.6,26321.14,400847.3,7.87,0.0,1178688.46,76965.44,1897.52,694.5,2.0,0.0,380
52.18,2015.16,0.0,44.96,29329.6,15702.07,74.17,8178.15,23588.36,2.9,54.67,34153.34,963321.91,4.0,15.68,902431.89,99933.51,601.44,597.7,2.0,0.0,381
49.04,1989.47,0.65,44.04,33984.65,14981.07,71.93,8112.26,23467.89,2.44,54.39,32024.14,1667540.21,4.23,1.39,1139563.87,72866.95,221.03,178.39,1.9,0.0,381
48.9,1975.45,0.06,44.9,26918.33,16178.1,71.54,7976.69,23275.25,2.34,54.74,40913.8,2056124.33,4.98,0.0,827986.08,38404.13,917.26,0.0,2.0,0.0,385
47.49,1993.24,3.95,44.3,19799.45,12998.11,72.56,7623.19,23342.12,2.51,54.83,46094.66,1933021.71,7.61,0.0,337323.71,9379.72,1257.14,326.58,2.0,0.1,382
54.87,2029.73,5.15,46.4,13127.67,12437.38,72.28,7871.55,23256.14,2.74,55.21,57603.58,1865238.4,3.87,0.0,1176941.69,40080.23,1108.43,183.15,1.9,0.0,386
48.97,2025.61,6.55,44.87,16857.38,14271.8,72.63,8535.04,23052.73,3.01,55.14,69406.84,1902097.87,1.37,9.43,0.0,59892.86,1151.77,398.66,2.0,0.0,386
45.6,1998.36,7.97,46.51,17868.97,14421.52,72.21,8741.71,23371.65,3.48,54.88,49151.49,1807589.47,2.87,6.07,0.0,86657.56,1401.57,85.25,2.1,0.1,386
46.7,2008.55,6.41,46.37,8955.72,15861.19,71.33,8987.06,23432.95,3.3,54.74,34304.15,2439068.63,0.0,41.39,295606.19,34898.33,709.47,646.88,2.0,0.0,388
48.71,1977.91,6.54,45.1,17988.32,17377.14,72.24,8955.02,23925.73,3.21,54.46,41109.36,3376087.95,0.0,29.51,598024.48,32042.92,168.01,947.15,2.1,0.0,385
42.62,1983.37,7.85,45.66,20033.64,16057.11,71.72,9027.48,24166.03,2.73,54.96,50175.58,3760937.34,0.0,0.0,486274.07,49476.91,1106.69,1069.6,2.1,0.0,387
39.86,2024.11,7.09,47.34,25250.65,15649.84,71.74,8841.33,24267.99,2.75,54.81,38398.73,3295938.33,0.0,15.29,0.0,5210.26,150.69,375.27,2.0,0.0,390
39.32,2020.52,7.37,47.19,25823.51,13631.17,73.31,9135.75,23909.84,2.47,54.77,7345.91,3156963.9,0.0,71.94,851686.49,16315.26,704.63,711.19,2.0,0.0,389
44.6,2016.46,4.92,46.04,26328.17,13684.71,75.06,8713.15,24066.51,2.9,55.4,0.0,3030119.35,1.51,69.72,734581.45,33724.85,0.0,861.36,2.0,0.0,392
42.74,1998.72,7.68,45.03,24326.23,13617.45,75.65,8689.78,23820.78,2.73,55.18,0.0,2882974.32,2.39,17.41,1393497.83,41979.57,756.55,913.04,2.1,0.0,393
46.1,1991.68,10.41,46.05,28362.33,11775.62,74.47,8687.81,23914.94,2.56,55.19,41955.14,2919536.43,0.0,15.52,734536.26,26153.11,494.34,662.56,2.0,0.0,390
34.7,2042.36,11.13,45.53,28959.9,10375.45,75.83,9024.23,23997.33,2.85,55.21,565.76,2286689.06,0.35,5.14,556856.02,23271.77,438.97,618.89,1.9,0.0,386
41.15,1975.89,11.82,47.02,27829.01,6923.06,75.35,8896.89,23821.39,2.69,55.58,18106.58,1441314.38,0.0,0.0,409217.36,41786.49,163.12,728.43,2.0,0.0,385
41.84,1965.46,12.45,46.08,28641.38,8183.31,74.84,8512.97,23952.85,2.68,55.62,1448.1,2009182.05,0.0,47.36,0.0,55332.39,437.51,404.11,2.0,0.1,380
45.25,1900.32,10.07,47.75,26130.79,7318.47,74.64,8911.57,23610.58,2.4,55.93,50273.24,1697808.84,0.0,97.42,1115136.07,75557.94,22.38,366.86,2.0,0.1,383
49.71,1882.25,11.23,47.73,30474.75,10756.13,73.75,8807.1,23593.62,2.04,55.88,108996.56,391797.31,0.0,102.76,1103268.55,64490.67,0.0,425.19,2.0,0.0,385
53.83,1896.62,10.65,48.54,31804.72,12789.17,73.64,9002.3,23758.78,2.19,55.41,100317.32,0.0,0.0,70.07,317422.66,134925.38,729.77,1013.74,1.9,0.0,382
50.5,1883.3,11.53,47.63,37244.35,14043.31,75.6,8580.03,24096.92,2.57,55.09,111908.83,253586.9,0.0,42.06,0.0,192120.56,680.15,1150.49,1.9,0.0,384
44.96,1885.21,10.65,47.41,35499.2,14780.14,75.99,8687.64,23911.27,2.51,55.39,118798.82,0.0,0.93,0.0,105736.57,235311.92,160.41,750.48,2.0,0.0,382
48.3,1881.08,9.53,47.91,37082.32,15202.58,75.51,8702.28,23935.12,2.66,55.2,96282.36,0.0,0.71,0.0,0.0,213545.93,302.96,926.95,2.0,0.0,383
50.51,1872.52,9.1,47.93,36312.46,11842.62,75.5,9102.96,23905.6,2.47,55.27,90179.86,767223.56,0.0,22.28,460239.32,180745.17,487.53,1155.71,2.0,0.0,385
50.28,1888.91,8.63,47.38,41705.56,12151.72,74.47,8894.41,23994.03,2.83,55.39,54362.6,2194357.44,0.7,55.12,367366.11,176964.64,896.54,1410.43,2.1,0.0,384
47.99,1909.68,9.4,46.83,45643.68,14842.4,73.77,8623.71,24001.96,2.89,55.19,81936.14,2171511.27,0.71,13.71,0.0,164748.07,0.0,1561.29,2.1,0.2,389
47.66,1915.78,10.14,48.46,35190.2,12010.73,73.39,8692.76,24142.97,3.15,54.85,8752.57,2412299.61,0.0,0.0,169743.5,172636.62,0.0,1219.89,2.1,0.2,385
45.17,1937.49,9.86,48.18,29586.9,12140.08,71.85,8666.27,24459.22,2.69,54.72,16220.16,2853720.43,0.0,0.0,0.0,154734.01,1087.59,1164.51,2.1,0.2,385
42.65,1963.9,9.48,47.78,24925.08,14596.86,72.78,8489.63,24638.05,2.56,54.55,0.0,1415702.1,1.25,0.0,0.0,61775.34,940.63,980.85,2.1,0.1,382
45.79,1950.17,9.29,46.45,26866.56,16684.76,73.52,8369.1,24633.15,2.52,54.62,0.0,1156831.06,1.63,0.0,0.0,7272.29,53.37,483.98,2.1,0.0,383
46.68,1901.14,9.58,47.17,22518.36,17063.88,73.0,8374.13,24308.34,2.07,54.58,0.0,796870.47,0.0,0.0,250776.2,8882.3,196.75,236.39,2.1,0.0,384
52.18,1923.99,8.67,46.32,29186.08,14473.3,72.47,8274.05,24559.49,2.27,54.39,0.0,360998.18,0.0,28.61,0.0,69249.19,643.72,588.34,2.1,0.0,381
49.8,1943.74,9.92,44.97,27697.96,14280.99,71.68,8397.36,24359.63,2.28,54.36,0.0,354648.57,0.0,18.38,0.0,74564.06,1439.18,583.78,2.1,0.0,381
45.41,1908.63,8.23,46.33,33149.31,14740.67,70.9,8336.21,24405.87,2.39,53.97,0.0,315052.87,1.42,0.0,0.0,72785.53,1710.55,756.51,2.1,0.0,377
44.59,1944.07,9.69,46.95,35124.7,15347.33,71.01,8298.19,24733.3,2.19,54.55,0.0,1114587.48,0.0,18.56,0.0,15677.49,1623.49,1004.45,2.0,0.0,378
45.16,1962.25,10.32,46.65,44084.9,15617.39,71.27,7953.7,24604.57,2.18,54.87,12293.5,292239.47,0.46,36.52,1071817.85,49292.0,1822.52,911.99,2.0,0.1,376
44.55,1942.91,10.08,47.79,39180.23,11715.06,71.44,8192.94,24663.78,2.37,54.82,0.0,609413.66,0.0,90.47,1358294.55,25484.83,1300.84,784.53,2.0,0.1,377
42.46,1996.62,9.44,48.26,34953.8,12749.44,72.16,7805.64,25025.47,2.76,54.74,0.0,778434.27,0.24,89.57,1354633.53,44025.85,1893.87,887.31,1.9,0.2,381
56.73,1962.88,9.15,45.56,37290.62,12188.47,74.04,7711.38,24552.33,2.62,54.26,19895.39,0.0,0.28,26.57,1017638.57,100355.55,1850.86,517.46,1.9,0.2,382
50.19,1979.41,4.9,44.85,33960.04,13578.87,74.14,7498.32,24298.54,2.69,54.35,1769.53,0.0,2.08,12.91,882655.26,167021.9,915.98,0.0,2.0,0.1,381
47.05,1971.01,7.14,45.8,38023.86,11521.7,73.29,7015.15,24119.83,2.94,54.58,0.0,38652.59,0.0,19.79,1324941.89,88620.87,988.95,336.81,2.0,0.1,387
47.18,1981.06,5.86,45.93,39425.99,12319.16,72.68,7246.18,24446.57,3.02,54.9,0.0,534541.42,0.74,0.0,1409085.83,44249.33,581.48,385.78,2.0,0.0,388
50.08,1960.69,3.69,45.68,35991.22,12867.88,72.68,6976.07,24334.37,2.89,55.08,0.0,1512967.38,0.0,37.1,1126527.57,72581.98,593.94,730.87,2.0,0.0,390
49.71,1967.77,5.61,44.51,38388.59,12223.25,72.86,7184.7,24004.71,2.66,55.42,23453.59,1300486.23,0.65,27.59,1917535.16,58849.18,681.07,1026.27,2.0,0.1,386
56.6,1958.14,5.24,42.58,35064.24,10964.3,72.63,7317.88,24242.44,2.72,55.44,0.0,629311.76,5.29,8.22,2785329.25,45652.58,639.57,1253.19,2.1,0.1,385
55.5,1968.67,6.46,43.0,37720.1,14126.63,73.23,7525.68,23922.63,2.03,55.48,0.0,278260.67,5.15,9.01,3178274.17,46179.39,227.09,1420.46,2.1,0.1,384
52.1,1970.94,6.31,43.88,35446.39,11323.34,73.09,7803.91,23908.19,2.06,55.67,0.0,0.0,3.96,0.0,2146397.44,37297.99,499.98,1243.45,2.1,0.2,383
53.05,1957.24,5.01,43.46,32441.02,12410.73,75.16,7722.25,23870.78,2.14,55.67,7053.78,822006.08,0.0,0.0,1576111.33,75154.35,0.0,135.4,2.1,0.2,381
48.64,1933.46,5.21,43.07,34853.1,8255.61,74.4,7566.46,23872.76,2.08,55.78,0.0,778007.69,1.48,51.05,1100573.15,79759.47,0.0,0.0,2.1,0.2,384
43.29,1952.48,7.76,43.87,35793.03,9248.58,73.18,7956.94,23799.75,2.31,55.25,0.0,1573851.61,0.35,84.14,959581.45,6384.38,508.62,0.0,2.1,0.2,380
45.09,2012.81,8.06,44.03,40669.96,10412.02,73.56,7773.19,23915.67,2.64,54.99,37632.07,1334808.74,0.0,100.6,703697.83,36826.56,344.94,19.91,2.1,0.2,376
41.31,2030.72,7.47,43.66,32389.27,9361.65,72.11,7825.69,23838.84,2.39,54.98,41686.01,2441754.93,0.0,118.73,1307994.52,7809.27,455.02,0.0,2.1,0.2,378
44.83,2010.12,5.14,43.68,38446.92,7761.74,71.65,7918.25,23692.14,2.23,54.87,0.0,1543404.09,1.86,71.06,144666.4,0.0,814.78,0.0,2.1,0.2,375
47.76,2014.06,4.61,45.03,31679.42,10597.76,72.21,7899.41,23770.75,2.27,55.21,0.0,906689.03,4.32,48.74,785483.23,64933.56,549.78,256.63,2.0,0.2,376
50.17,1990.29,2.46,45.63,21148.88,10724.37,73.31,7994.75,24252.29,2.61,55.01,831.49,794305.3,0.0,20.95,377012.9,0.0,550.73,177.61,1.9,0.2,378
51.2,1978.56,3.69,46.33,24301.8,10030.33,73.71,8287.25,24125.34,3.17,54.87,1672.42,323941.88,0.59,0.0,39414.01,0.0,595.76,507.58,1.9,0.0,383
52.35,1956.68,4.15,46.37,22007.85,11056.35,73.36,8198.77,23998.55,2.73,54.92,16949.92,636114.43,2.67,11.87,0.0,34259.33,0.0,182.82,1.9,0.1,385
54.13,1986.76,3.13,46.6,22823.46,12954.06,73.45,8127.66,24149.35,2.95,54.76,12910.83,0.0,0.0,18.79,472295.5,42772.74,0.0,82.37,1.8,0.2,382
58.81,2009.01,2.24,45.18,25944.55,11894.42,73.7,8046.59,23788.25,2.33,54.86,0.0,0.0,1.84,49.55,298799.36,28507.74,311.3,0.0,1.8,0.2,383
49.6,1982.95,1.51,45.32,29263.1,14693.37,73.44,7974.57,24098.88,2.46,55.21,7716.93,0.0,0.0,6.01,760941.05,70939.85,1255.18,308.28,1.9,0.1,380
53.29,1991.86,2.22,45.74,31279.47,16736.04,74.63,8132.87,24298.88,2.63,55.06,26598.73,0.0,2.78,0.0,908344.19,34448.69,1405.01,290.23,1.8,0.1,379
56.55,1988.47,3.23,44.64,28334.62,15718.62,75.3,8506.2,24121.0,2.93,54.48,0.0,0.0,0.0,0.0,1116603.3,25946.56,1444.78,506.23,1.8,0.1,379
50.78,2013.41,2.74,43.73,27931.93,14136.06,74.86,8542.58,24212.86,2.66,54.43,28409.08,349680.6,5.47,33.75,1770628.0,0.0,1672.13,452.35,1.8,0.1,381
52.85,1983.61,4.14,43.28,29604.23,13754.05,74.65,8662.46,23998.36,3.17,54.03,8517.75,571242.93,6.2,29.69,1542721.45,18949.77,1364.48,868.46,1.9,0.1,379
52.21,1973.5,2.95,43.98,27174.55,14944.5,73.79,8965.13,23846.35,3.16,54.39,0.0,1048746.24,2.04,65.95,1395664.56,0.0,1068.69,1035.56,1.9,0.0,379
47.13,2020.78,2.53,45.1,28923.64,13364.71,73.9,9025.37,23866.34,3.41,54.75,24315.5,667835.09,0.0,43.94,1389439.95,23774.63,0.0,916.65,1.9,0.0,382
49.42,2047.52,2.66,46.15,37688.58,15650.73,73.14,8857.93,23850.27,3.43,54.97,0.0,660362.29,0.0,77.79,921937.49,26504.01,0.0,1184.18,1.8,0.0,382
47.75,2081.21,1.85,46.87,38609.94,17514.55,72.83,8614.61,24140.3,3.43,54.56,0.0,845018.84,2.21,52.33,0.0,45498.03,0.0,401.3,1.7,0.0,382
47.27,2100.97,3.24,48.41,30463.84,17050.56,71.81,8513.9,24103.48,3.49,54.64,16532.08,1192093.89,7.56,39.99,0.0,51755.4,0.0,853.42,1.7,0.0,381
50.76,2077.02,2.68,49.76,26279.03,16766.98,72.74,8132.88,24225.77,3.09,54.91,0.0,1480708.97,9.35,59.59,239049.54,40042.44,0.0,1234.23,1.7,0.0,383
47.47,2035.79,1.12,48.57,26670.72,16853.89,73.77,8263.79,24188.3,2.98,55.06,33630.48,1386368.83,6.72,28.83,0.0,62109.19,350.49,1272.51,1.7,0.1,382
51.91,2024.75,0.92,48.74,29517.31,17107.74,73.95,8256.05,24699.93,3.25,55.24,31642.68,1834359.06,7.08,28.75,0.0,54208.42,0.0,1187.91,1.7,0.2,382
46.83,2015.07,0.16,48.74,31330.95,18273.1,73.42,8264.62,24343.92,3.35,55.34,40067.43,1612200.52,7.12,69.04,0.0,55326.13,0.0,771.45,1.8,0.2,381
46.45,1997.45,0.21,48.56,23743.07,19774.26,73.07,8416.86,24061.34,3.43,55.47,44288.95,826106.36,6.72,32.0,0.0,88056.25,460.61,699.6,1.8,0.2,381
37.51,2013.79,0.94,49.38,19345.68,14005.61,73.51,8455.58,23732.51,3.06,56.12,29708.17,1192519.39,4.0,0.0,0.0,69674.31,249.7,597.07,1.8,0.2,378
41.51,1955.73,0.0,49.58,23788.2,14031.86,72.57,8277.89,23753.88,2.59,55.76,42545.84,1921520.23,2.3,22.92,0.0,87053.02,0.0,644.69,1.8,0.2,377
45.49,1950.36,0.58,48.75,20658.33,14122.59,72.82,8326.85,23845.22,2.82,55.89,8603.53,2206258.21,0.0,38.09,479361.87,10107.22,106.31,437.38,1.8,0.2,376
42.95,1955.15,2.22,48.09,28270.19,15061.12,71.36,8206.07,23786.66,2.92,55.06,74563.79,2245762.83,0.4,66.16,2011285.24,43959.41,627.55,452.53,1.8,0.1,375
41.29,1921.65,2.59,45.84,29760.21,14962.33,71.96,8104.95,24503.61,3.25,54.73,69624.85,1596344.55,0.0,25.54,2066638.46,17358.29,1080.18,741.06,1.9,0.0,377
45.32,1916.27,1.95,47.52,31213.47,15940.83,71.7,7872.11,24344.69,3.13,54.49,59033.9,396440.02,0.0,42.44,2225601.92,5076.01,465.26,340.8,1.9,0.0,380
44.09,1893.79,2.82,46.3,28641.41,17861.89,72.79,7964.39,24061.59,3.12,54.84,40397.03,1199166.24,3.41,82.2,2165986.03,29573.58,1166.95,471.58,1.9,0.0,381
39.76,1901.3,4.68,43.78,36935.17,19174.15,72.69,8124.05,24089.63,3.38,55.13,0.0,1423455.6,2.37,75.56,1441242.38,91808.62,1575.04,203.6,1.8,0.0,382
42.4,1944.46,5.85,45.07,37819.46,16320.24,72.82,8368.63,24101.94,3.41,55.02,0.0,1188001.03,2.83,51.03,1146429.74,48822.45,1961.77,118.04,1.9,0.1,382
39.49,1893.2,3.77,43.62,43940.0,16273.04,73.39,7885.27,23870.83,3.54,55.1,0.0,1400521.45,6.72,41.29,1094835.56,52672.9,2931.33,0.0,2.0,0.1,383
38.47,1903.28,4.97,47.26,46230.18,14709.64,73.23,7846.76,23548.46,3.33,55.27,0.0,1871168.74,7.01,19.89,913416.2,106098.06,2920.44,41.83,2.0,0.1,382
31.62,1966.93,5.23,47.41,43755.86,13559.25,73.29,7572.54,24132.61,2.91,54.96,0.0,2414885.99,6.0,0.0,1669698.69,120565.88,2812.95,303.16,2.1,0.2,381
41.2,1977.33,5.92,45.26,41078.44,12458.61,74.13,7902.17,23712.21,2.87,55.26,0.0,2541845.58,6.03,12.31,1317394.2,63379.36,1885.88,523.25,2.1,0.2,380
41.37,2003.66,5.38,43.82,43469.14,12483.84,74.22,8295.39,23787.66,2.92,54.91,0.0,2578082.97,1.04,19.17,1260650.64,59647.99,2184.66,590.59,2.2,0.1,381
43.13,1970.3,6.67,46.58,41617.79,13627.16,74.34,8140.54,23472.47,2.7,54.56,44996.65,2174371.86,0.0,42.61,414985.66,27643.77,1950.73,869.58,2.2,0.1,381
45.93,1975.41,5.07,46.44,34649.37,13929.02,74.0,8694.35,23579.8,2.33,54.59,52038.7,2903638.78,0.0,0.0,960661.8,0.0,1498.04,695.89,2.2,0.1,380
45.53,1974.07,5.31,46.39,36433.78,15391.02,74.39,8725.59,23346.05,2.4,54.78,63544.65,2104963.59,0.0,0.0,1241573.71,41188.45,1127.7,920.5,2.2,0.1,380
49.4,1981.89,8.4,45.31,38369.67,14463.84,73.73,8654.27,23509.7,3.21,54.76,24357.11,2004948.8,0.0,1.22,1140912.67,67661.77,1508.23,660.62,2.2,0.0,378
50.88,1946.41,7.37,44.23,40176.41,17358.94,72.83,8205.49,23593.54,3.14,54.86,9059.92,1635921.75,0.97,31.22,0.0,48652.3,1449.14,307.37,2.3,0.0,378
53.16,1934.22,4.56,43.93,44161.48,16440.48,72.42,8409.53,23621.42,2.94,54.92,28113.91,2870703.42,3.01,59.77,0.0,9056.91,1322.65,334.52,2.2,0.0,379
54.29,1952.72,5.07,43.59,39669.44,14297.44,74.16,8390.75,23667.44,2.66,55.7,0.0,2234972.58,3.66,69.73,699956.68,76491.22,1438.58,0.0,2.2,0.0,384
47.99,1986.84,5.35,44.77,37954.14,13039.28,74.81,8509.85,23958.77,2.66,55.44,0.0,2443071.49,4.24,38.14,318787.49,52667.41,535.69,0.0,2.1,0.0,382
41.69,2037.44,7.05,44.01,38407.68,13960.93,75.72,8300.69,24231.68,2.52,55.02,19185.21,2902611.95,10.43,5.31,801978.91,34449.27,909.22,0.0,2.0,0.0,382
40.4,2044.53,8.18,44.86,45666.91,14741.73,74.58,8582.68,24106.03,2.79,55.43,28448.28,1622103.85,6.45,41.91,646489.81,36423.34,1214.37,261.41,2.0,0.0,381
45.5,2047.78,7.4,46.12,42913.94,13402.34,73.98,8328.86,24069.34,3.1,55.16,29257.4,1037042.54,4.8,0.58,480787.03,28351.49,1363.73,332.52,1.9,0.1,382
47.11,2035.72,6.39,46.24,43660.76,10849.08,73.64,8265.63,24149.53,3.36,54.93,11864.99,626180.14,1.98,0.0,986565.65,0.0,1434.06,0.0,1.9,0.1,386
46.52,1967.74,3.51,46.14,45001.02,12032.86,73.92,8510.5,24050.01,3.49,54.51,0.0,0.0,0.97,2.39,988128.42,6510.33,811.47,0.0,1.8,0.2,385
45.14,2009.78,2.1,44.8,37410.08,12338.47,74.36,8629.6,24621.08,2.78,54.74,0.0,0.0,0.0,0.0,2013803.7,39887.07,760.94,470.49,1.8,0.1,380
43.1,2007.92,2.72,45.05,29350.42,13974.75,74.58,8729.43,24165.7,2.85,54.47,0.0,372445.39,0.25,0.0,1790947.09,0.0,1285.4,373.38,1.9,0.1,379
41.09,2025.16,2.15,45.79,27751.13,10973.63,74.13,8411.38,24184.6,2.52,54.79,0.0,262111.3,1.94,28.22,1584317.26,0.0,258.99,137.29,1.9,0.1,379
45.38,2000.59,2.55,47.02,30089.46,11450.49,73.72,8256.06,24014.29,2.4,55.02,0.0,0.0,6.32,35.75,504078.65,0.0,335.47,700.11,1.9,0.1,382
43.6,1988.54,1.56,46.55,30145.07,12993.19,74.71,8099.83,23634.22,2.44,55.1,6681.53,0.0,5.7,72.71,752584.41,0.0,92.82,579.87,2.0,0.1,382
42.68,2014.56,4.78,46.86,30801.74,13320.14,72.8,8281.68,23753.97,2.59,54.89,0.0,0.0,7.55,55.69,2073284.87,19674.46,0.0,490.86,2.0,0.0,385
46.8,2021.77,5.09,45.13,28468.27,14870.21,72.24,7745.76,23779.63,2.57,54.95,19300.63,434351.68,7.1,81.48,846629.18,39027.84,374.94,60.37,1.9,0.0,383
50.51,1997.67,3.96,44.5,34664.92,14878.09,72.45,7800.53,24121.55,2.39,55.3,22061.91,325031.25,12.63,45.84,564056.77,0.0,857.72,629.81,2.0,0.1,382
49.04,1949.35,6.93,45.14,31709.4,16962.96,72.0,7955.95,24103.56,2.61,55.24,0.0,373618.87,13.51,41.79,1060158.13,0.0,775.34,374.91,2.0,0.1,383
53.79,1970.51,7.06,44.08,31694.61,15793.84,72.11,7923.45,23918.15,2.11,55.03,5205.53,0.0,11.53,87.69,1643570.13,62939.4,915.46,730.56,2.0,0.1,377
58.24,2010.86,6.05,44.0,27847.5,16247.29,73.37,7607.52,24053.32,2.12,55.05,16626.28,0.0,9.53,72.64,2105069.15,72741.16,948.7,254.09,2.0,0.1,378
59.84,2051.11,7.35,44.3,25817.42,11992.49,73.42,7637.51,24164.19,2.17,54.96,0.0,0.0,9.37,109.2,1800817.6,77827.87,1345.43,0.0,2.0,0.0,380
59.11,2046.65,5.98,45.23,37343.92,10818.56,73.32,7780.5,24341.88,2.1,54.22,35911.96,508046.32,3.38,80.85,2628702.33,122109.46,1675.68,0.0,2.0,0.0,383
54.24,2013.78,7.25,45.2,43535.78,10352.34,73.47,7658.88,24328.76,1.8,54.21,0.0,899960.63,4.76,28.05,3179578.62,197196.23,1506.99,0.0,2.1,0.0,383
54.46,2042.49,7.45,44.68,36905.09,10477.09,72.84,7759.94,24197.18,1.54,54.66,0.0,56578.93,3.61,29.16,1638588.44,183751.55,813.25,585.47,2.1,0.0,381
53.47,2047.61,7.1,44.55,36423.17,10169.01,72.83,7396.25,24409.39,1.79,54.51,50123.12,152294.23,0.35,50.27,1727558.96,174568.82,536.42,680.55,2.1,0.0,377
51.27,2081.18,5.79,44.01,33428.52,8941.64,71.34,7478.04,24413.22,1.92,54.54,43850.39,794800.4,0.0,31.62,1360176.3,173355.45,1226.35,416.87,2.1,0.0,376
51.28,2025.75,3.32,44.61,31210.26,10137.86,71.81,7390.41,24378.32,1.71,54.98,1669.83,610206.23,0.0,45.04,1015087.79,133150.08,1531.45,402.76,2.1,0.0,374
51.65,2008.84,4.47,44.64,32331.55,8269.46,73.72,7487.05,24505.17,1.64,55.06,0.0,841772.96,0.0,42.6,1393217.33,73506.54,1016.62,527.42,2.2,0.0,376
51.08,2054.02,2.22,44.85,23938.63,5285.58,74.08,7633.2,24405.99,1.77,55.87,0.0,1073417.07,0.0,47.33,1103963.14,52136.94,1839.37,863.29,2.2,0.0,376
62.2,2035.19,4.19,46.49,26221.57,5380.17,72.23,7872.2,24210.02,1.96,55.41,0.0,984647.94,0.71,15.3,1794205.16,27323.39,779.95,738.0,2.2,0.0,380
59.5,2022.11,2.86,47.21,27985.15,6127.15,71.08,8235.54,23956.45,1.91,55.44,0.0,0.0,0.0,35.01,1244585.49,131964.07,221.85,372.03,2.1,0.0,379
60.72,1988.37,1.35,44.98,17191.01,6607.14,71.36,8106.97,24261.59,2.35,55.29,0.0,0.0,0.0,16.53,677915.63,93158.27,53.47,152.28,2.1,0.0,378
64.48,1959.65,0.0,45.45,15195.02,8341.61,69.95,8424.15,24400.63,2.01,54.85,44158.12,0.0,0.0,0.0,422546.77,75362.65,465.17,0.0,2.0,0.0,381
55.93,1989.54,0.85,46.62,17313.11,5322.09,70.52,8623.72,24188.82,2.01,54.83,0.0,1054213.63,0.0,16.51,377733.96,113229.04,659.33,0.0,2.0,0.0,377
57.83,1957.51,3.22,46.61,22760.48,6871.14,69.74,8388.61,24338.79,2.16,55.17,10733.98,368443.21,0.0,20.23,0.0,160250.84,842.33,430.9,1.9,0.1,382
51.31,1979.55,3.54,44.74,26618.62,9375.64,69.99,8615.81,23973.38,1.85,55.18,9904.59,0.0,2.14,34.35,634864.27,136122.57,1078.86,262.96,2.0,0.0,386
51.38,1941.74,5.66,44.97,31726.98,12121.21,70.95,8438.46,24219.58,1.97,55.33,0.0,320047.87,0.14,75.05,1021180.68,128564.13,1221.37,0.0,2.1,0.1,386
57.85,1930.84,4.53,45.07,33944.32,11898.19,71.91,8477.06,24012.9,2.22,55.51,4628.43,1015226.87,0.0,79.33,179781.58,73834.76,780.02,0.0,2.1,0.1,387
55.47,1894.8,6.19,44.2,33308.72,13036.93,72.47,8675.87,24148.51,2.06,56.01,9164.82,826617.8,2.55,77.39,488342.8,155976.1,584.01,0.0,2.1,0.1,383
46.64,1890.46,3.85,43.91,35633.71,11891.49,71.66,8628.92,24344.6,1.71,56.07,29429.32,1326747.1,5.38,125.66,257943.78,140791.4,346.25,39.65,2.2,0.0,381
52.95,1929.11,3.57,45.06,36786.54,14696.52,72.15,8790.51,24886.23,2.02,55.92,44155.63,960726.39,10.87,114.99,116346.93,94160.19,906.22,349.68,2.1,0.0,378
53.39,1947.02,6.15,44.27,29497.92,13294.75,71.46,8993.4,25116.22,2.21,56.11,41172.71,811610.19,8.37,93.38,0.0,93766.53,809.48,574.29,2.1,0.0,377
53.29,1969.76,4.48,44.52,31018.84,12383.54,71.46,8932.79,24746.58,2.37,55.71,63103.53,2143723.38,4.85,96.61,0.0,121142.34,110.57,680.65,2.0,0.0,376
56.31,1947.6,5.35,44.28,30537.43,12977.31,71.33,8877.01,24993.66,2.22,55.91,93208.68,1384798.85,0.3,93.41,0.0,173939.96,171.01,361.38,1.9,0.1,376
55.66,1975.99,4.69,44.39,30628.07,14328.39,72.28,8738.9,24894.64,2.19,55.38,86124.44,2363717.31,0.0,63.2,0.0,178002.85,430.65,295.56,1.9,0.1,374
55.52,1997.89,3.09,42.87,38853.35,13430.13,73.52,8635.43,24762.93,2.38,55.09,76807.71,1832431.95,0.0,65.92,0.0,150002.73,0.0,798.49,2.0,0.1,375
47.66,2045.0,3.34,42.42,39909.12,15477.87,73.66,8849.34,24913.31,2.15,54.9,90619.34,0.0,0.0,23.02,0.0,121143.77,0.0,541.36,1.9,0.2,380
43.33,2075.27,3.09,43.0,38355.56,14331.35,74.58,8788.28,24712.51,1.89,54.68,33905.99,59354.09,0.0,16.34,968804.48,150062.32,43.25,471.37,2.0,0.2,380
38.56,2069.7,4.55,42.67,38844.77,13824.87,74.43,8185.63,24595.51,2.26,54.56,30315.67,0.0,0.96,11.93,285962.74,179397.13,563.94,246.49,2.0,0.2,382
33.39,2081.11,3.89,42.68,51241.3,14445.99,74.15,7732.92,24835.64,1.97,54.36,17152.86,901346.64,2.86,9.67,519281.48,135370.01,609.16,271.96,2.1,0.2,383
34.5,2083.83,3.98,41.91,46252.01,14630.47,74.93,7774.12,24492.11,2.1,54.49,19586.82,1369751.13,5.12,0.0,114616.79,82255.68,929.11,732.9,2.1,0.2,386
39.03,2078.1,2.57,43.16,39326.45,12861.55,74.6,7724.38,24408.21,1.81,54.82,46463.16,48629.18,6.93,0.0,731529.6,71777.86,863.74,602.87,2.1,0.1,387
45.34,2080.6,6.14,42.92,43070.74,12982.45,75.57,7803.92,24301.86,2.29,54.72,2395.79,0.0,7.53,39.17,769409.13,112343.22,109.9,409.89,2.1,0.1,386
49.01,2052.15,6.2,43.23,36638.94,13073.24,75.31,7838.36,24299.89,2.37,54.64,35670.71,0.0,4.51,107.96,52064.72,51496.12,522.7,0.0,2.1,0.2,382
41.08,2000.19,7.29,44.78,33281.98,14409.76,76.3,8279.04,24239.61,1.81,54.48,19190.53,0.0,3.35,123.96,950654.16,41949.38,1056.83,153.25,2.1,0.2,382
51.04,1957.62,6.29,44.72,35289.1,16469.91,76.02,7977.31,24417.81,2.14,54.05,16323.83,0.0,1.1,85.85,1411040.81,44127.65,310.57,450.35,2.0,0.2,380
49.49,1972.61,6.86,46.27,34331.64,16701.52,75.46,8058.88,24484.36,2.2,53.72,22717.99,270626.27,0.0,43.7,2237184.99,59344.39,208.16,58.68,2.0,0.2,381
47.41,1985.49,5.52,47.77,40844.31,15676.73,74.83,7538.18,24136.13,1.92,53.94,10829.66,0.0,0.0,53.64,2321025.46,0.0,171.86,0.0,2.0,0.2,379
44.75,1970.87,2.43,47.77,38080.53,17076.23,73.92,7516.81,23834.88,1.78,53.79,35550.38,0.0,0.33,39.43,1219954.09,0.0,507.21,0.0,2.0,0.1,378
47.84,1953.12,2.92,47.07,37784.76,12970.19,72.57,7758.9,24114.81,1.67,53.91,38092.55,467698.14,0.0,14.42,895150.1,29388.55,1748.48,0.0,1.9,0.1,381
48.73,1931.62,4.58,47.53,31634.35,13845.24,73.66,8083.92,24120.2,1.73,54.4,616.17,712552.95,0.0,43.08,667683.23,74542.22,1793.11,0.0,2.0,0.2,383
45.89,1929.17,4.89,46.44,40285.13,14214.34,71.66,8182.65,24065.42,1.86,54.39,21892.73,1329092.21,0.75,31.51,615689.68,68362.66,1179.66,223.91,2.0,0.3,385
43.79,1956.75,3.66,47.04,36360.68,12682.88,72.32,7631.5,23723.27,1.94,54.5,8993.36,234676.44,0.0,40.36,977939.71,61831.97,1644.63,356.26,2.0,0.2,382
44.39,1987.88,4.84,48.31,34116.08,15125.55,72.5,8036.67,23796.78,2.24,54.97,2661.72,382451.93,3.4,34.48,44786.67,133316.09,1220.93,392.55,2.1,0.1,380
46.39,1937.82,4.52,48.13,32376.3,12635.32,74.07,8092.8,24165.44,2.24,54.74,9464.54,247716.33,0.0,70.47,0.0,51965.71,1765.97,211.63,2.1,0.0,384
41.72,1944.03,5.88,48.17,31971.14,10268.59,73.51,8158.27,24011.37,2.36,54.96,33508.43,0.0,5.79,83.1,74004.03,87344.93,2751.45,0.0,2.1,0.0,384
44.59,1946.75,4.91,45.52,33838.34,13246.19,73.2,8267.07,23715.85,2.53,54.86,8512.82,0.0,3.89,83.99,0.0,64377.75,2377.36,0.0,2.2,0.0,382
41.48,1997.46,5.72,44.48,39166.17,13794.23,73.61,8194.23,23637.17,2.65,54.74,55199.74,0.0,7.36,72.11,270208.1,88748.3,1762.95,315.04,2.0,0.0,380
37.69,1987.53,6.18,45.37,39276.86,12890.86,74.05,8231.1,23925.45,2.86,54.79,23399.0,0.0,4.82,56.81,479641.44,105253.95,1532.28,311.95,2.0,0.0,378
32.4,1966.44,6.7,44.61,36927.08,13912.15,74.54,8008.78,24183.34,3.13,54.52,0.0,766237.48,3.71,0.0,0.0,84871.57,776.4,172.14,2.0,0.1,378
39.59,2004.45,8.44,45.03,26120.51,14771.38,75.37,8030.19,24560.06,3.29,54.74,28726.41,903224.71,0.0,0.0,856004.18,47630.78,606.94,0.0,2.1,0.2,377
41.87,1981.21,8.8,45.63,31102.34,15298.02,77.57,7848.88,24152.21,3.1,54.37,0.0,219347.8,0.0,0.0,1140746.63,26729.28,485.02,324.61,2.0,0.2,378
35.19,1916.56,8.75,46.13,41731.48,15470.95,77.77,7870.17,24228.63,3.48,53.9,11006.37,1519030.7,0.75,45.78,634337.8,25879.03,488.65,0.0,1.9,0.1,380
41.13,1932.96,9.36,45.83,46363.92,15381.99,77.33,7873.5,24375.17,3.25,54.32,0.0,684258.11,2.45,40.22,318247.51,58054.42,169.13,0.0,2.0,0.2,384
41.41,1970.79,7.46,44.77,32165.19,17936.2,76.24,7905.62,24163.69,3.35,54.33,0.0,898477.74,0.0,16.35,0.0,2845.98,293.14,0.0,1.9,0.2,383
51.04,2018.82,5.96,45.47,35921.63,16519.34,74.81,7957.0,24139.33,3.14,54.54,0.0,124958.99,0.29,27.34,0.0,39833.23,0.0,0.0,1.9,0.1,382
58.73,1988.94,9.18,45.93,35759.21,17011.86,76.77,7793.9,23918.95,2.88,54.62,0.0,171634.9,4.72,30.68,0.0,16106.55,511.86,0.0,2.0,0.2,383
57.49,2013.09,10.09,44.96,32462.9,14588.1,76.76,8005.1,23683.28,2.73,54.32,0.0,528320.18,2.08,21.96,0.0,24664.35,472.3,0.0,2.0,0.2,381
50.38,2054.04,8.51,44.92,37510.04,20194.82,75.45,8138.93,23618.31,2.58,54.23,0.0,476337.14,0.0,46.45,110999.14,40338.49,226.25,0.0,2.0,0.1,380
46.89,2017.82,5.17,46.44,33134.33,21221.93,76.16,7886.93,23482.83,3.27,54.81,0.0,611239.54,0.0,54.11,0.0,0.0,0.0,45.76,1.9,0.1,378
44.24,2032.97,5.53,46.27,37407.47,21015.96,77.07,7846.8,23506.49,2.85,54.73,25523.28,1351088.74,2.54,3.68,781630.01,0.0,511.66,0.0,2.0,0.0,381
39.17,2005.77,4.14,44.22,37034.79,22935.61,78.8,7930.07,23852.43,2.89,54.9,12794.97,1317423.79,3.58,0.0,688960.1,2217.89,910.47,0.0,2.0,0.1,384
46.48,2000.9,4.75,45.48,44201.12,18628.85,77.13,8256.29,23852.83,2.68,54.58,0.0,330932.87,8.56,3.0,622938.56,27168.62,1317.9,341.11,2.1,0.1,383
50.3,1982.22,4.83,45.9,46335.47,15242.96,77.31,8208.41,24060.59,2.89,55.07,35760.88,1140761.39,11.08,13.57,625613.41,58535.47,1548.29,230.26,2.1,0.1,381
55.7,1981.69,7.69,44.05,41298.42,15225.89,77.8,8301.14,24153.54,2.56,54.75,39003.32,203713.63,8.03,27.92,0.0,111332.2,1991.75,0.0,2.0,0.0,379
58.13,1968.89,7.96,42.59,43933.47,14282.53,77.32,8276.21,23899.19,2.28,55.05,43774.01,854821.35,7.68,30.96,0.0,89288.96,1738.7,662.78,2.0,0.1,381
54.09,1971.99,7.88,41.98,40136.85,14032.76,78.18,7836.15,24205.0,2.1,54.68,68398.64,1217490.23,9.84,50.37,1418706.27,100131.8,1458.62,711.91,2.1,0.0,380
52.31,1916.11,7.69,40.44,39143.05,15513.1,77.26,8253.93,23903.12,2.5,54.9,13052.1,2712363.13,8.21,23.94,363215.52,81564.92,1235.19,676.92,2.1,0.0,379
44.09,1920.11,4.12,41.56,33027.73,15662.1,77.9,8055.74,24177.88,2.42,55.38,1588.56,1853548.86,8.79,12.78,0.0,56584.72,1086.95,1043.06,2.0,0.0,381
45.89,1961.94,4.2,41.93,35853.48,15687.53,77.09,8195.95,24050.32,2.3,55.18,37101.03,0.0,8.52,15.31,0.0,63449.7,1222.93,1113.93,1.9,0.1,380
49.46,1982.52,3.17,43.16,33263.21,12278.69,77.63,8043.06,23899.33,2.25,55.23,30139.5,380661.53,3.72,0.0,0.0,125945.98,1041.7,1332.45,1.9,0.1,380
48.96,1996.39,5.36,43.88,39090.06,11129.98,76.85,7923.8,24017.3,2.22,55.39,1208.88,401389.43,4.98,0.0,1459007.9,101254.53,0.0,1222.09,1.9,0.1,382
52.32,2000.13,5.97,43.99,47046.96,9340.63,76.62,7988.74,24222.69,2.07,54.87,5270.21,561839.58,8.16,0.0,2068456.02,174831.48,0.0,665.51,1.9,0.1,383
49.64,2036.42,4.36,42.3,50395.95,6562.64,76.15,8687.18,24223.36,1.87,54.87,3253.71,625918.57,8.69,0.0,2934054.12,161654.25,425.41,404.09,2.0,0.1,383
45.96,2000.05,5.44,42.28,43233.3,6779.58,76.46,8491.37,24201.68,2.0,54.39,0.0,785697.38,5.45,30.6,3199691.65,167366.52,1337.27,355.96,2.0,0.1,388
54.87,1995.71,5.94,44.22,40752.94,6942.74,76.87,8474.01,24246.6,1.89,54.03,6331.87,1262509.11,4.05,66.32,2335713.44,108935.19,1162.34,315.21,2.0,0.0,390
62.38,1990.67,7.55,43.24,44885.27,9774.19,77.21,8439.44,23623.72,1.84,54.01,0.0,1198457.74,2.34,38.85,1369850.34,71369.95,1612.11,95.84,2.0,0.0,389
62.53,1907.22,8.6,45.12,37546.71,8989.28,76.46,8254.04,23763.96,1.46,53.86,40653.2,514125.6,5.27,45.68,59355.92,87633.7,1370.56,0.0,2.0,0.0,389
65.63,1927.24,6.24,44.64,51695.95,11003.63,78.05,8549.78,23886.93,1.72,54.02,0.0,499852.92,7.68,27.07,394281.05,109173.51,766.5,0.0,1.9,0.0,385
59.68,1970.89,4.86,44.88,46130.06,13433.9,78.56,8689.2,24005.01,1.81,53.86,51302.95,21377.21,8.28,53.68,48065.78,134133.33,1095.77,590.88,1.9,0.0,383
59.21,1972.14,4.39,42.88,46368.39,16753.6,78.33,8753.99,24161.49,2.05,54.27,54133.39,0.0,4.95,42.83,320876.67,107038.89,1149.17,681.52,2.0,0.1,383
52.54,1962.58,4.59,41.25,51258.64,16683.36,78.07,8968.44,24041.1,2.3,54.35,41276.77,0.0,8.6,30.38,804109.92,28390.63,1630.36,954.36,2.0,0.1,384
61.73,1917.1,5.76,40.88,48224.0,16006.91,77.2,8860.78,23832.57,2.63,53.98,49414.27,0.0,4.23,34.57,0.0,29851.42,728.96,997.54,2.0,0.1,384
56.89,1923.36,3.64,42.23,54756.81,20236.33,76.88,8937.56,23519.09,3.03,54.34,29367.82,793874.47,2.94,21.24,385170.93,0.0,1193.46,549.68,1.9,0.0,385
53.43,1894.7,3.07,42.67,45269.81,17598.62,78.2,8655.41,23559.77,2.89,54.32,41440.46,1295352.17,1.7,0.0,1233802.14,901.01,1945.08,0.0,1.9,0.1,384
52.1,1913.63,2.65,42.73,41510.5,16185.07,78.63,8694.07,23715.23,3.07,54.36,14944.61,791722.6,1.45,0.0,797546.5,0.0,2782.44,0.0,1.9,0.2,384
55.01,1924.56,2.14,40.69,41088.7,14749.38,77.39,8524.63,24162.22,3.65,54.51,573.44,19089.14,2.48,49.17,591702.86,0.0,2761.92,353.73,1.8,0.2,385
54.07,1910.4,4.0,40.95,32098.79,11515.88,77.96,8615.68,24193.04,3.39,54.44,0.0,0.0,0.0,26.54,375252.98,26061.3,2387.03,593.56,1.9,0.2,386
53.63,1893.36,5.2,43.44,33786.4,15036.23,76.25,8319.95,24380.9,3.36,54.87,0.0,0.0,0.0,0.0,0.0,61148.65,2527.89,659.48,1.8,0.2,383
58.06,1889.33,3.75,43.76,30206.04,17343.42,75.42,8016.93,23906.73,3.25,54.74,0.0,765119.64,1.76,2.85,965037.2,79916.26,1793.94,267.68,1.9,0.2,383
53.47,1917.29,2.96,43.89,37818.19,15915.35,74.05,7832.42,24166.85,3.23,54.75,0.0,993412.25,0.0,13.81,418425.12,40205.4,1263.41,146.66,1.9,0.2,375
49.73,1914.74,5.35,42.93,37732.44,18108.51,73.09,7980.39,24009.38,3.02,54.57,0.0,2528563.43,2.23,43.49,751698.24,0.0,1332.24,506.34,1.9,0.2,378
57.53,1911.87,3.86,42.9,44157.56,14720.51,71.68,8041.98,23951.33,2.98,54.89,0.0,1078194.07,7.29,15.03,23282.84,43680.1,998.34,449.17,1.9,0.2,378
62.8,1864.19,5.11,42.36,49295.75,14954.71,71.58,8215.17,24183.45,3.1,54.63,0.0,966047.26,6.09,35.53,0.0,53358.44,762.1,153.02,1.9,0.2,371
58.1,1856.84,5.86,41.93,45558.99,17366.63,72.81,8412.83,24087.21,3.19,54.63,0.0,1118824.04,3.61,71.95,0.0,71718.53,1440.11,498.57,1.8,0.2,374
60.68,1844.34,4.89,43.53,39591.9,16505.8,74.32,8380.64,23957.6,2.88,54.77,0.0,854715.02,3.96,97.96,510546.65,39787.44,1876.88,367.15,1.8,0.2,378
59.88,1863.37,7.18,42.24,31845.48,13694.13,74.65,8398.44,24325.65,2.92,54.7,159.36,849113.09,0.0,156.15,848185.33,45614.33,1964.56,577.66,1.8,0.1,380
60.1,1857.88,8.83,43.03,35550.51,16057.52,74.66,8445.28,24484.1,2.69,54.76,3554.37,200489.81,6.11,100.31,0.0,89962.56,2088.47,202.37,1.9,0.2,380
69.44,1829.14,9.24,44.65,39524.43,15543.73,74.42,8511.89,24619.99,2.85,55.07,0.0,85862.66,2.73,78.96,737324.72,84623.25,3147.14,272.8,1.9,0.2,379
66.4,1879.82,8.81,43.89,33628.69,14718.49,74.5,8726.42,24281.14,2.75,55.1,0.0,0.0,0.53,50.33,827012.78,70503.96,2455.01,407.58,2.0,0.3,375
66.44,1888.51,8.5,43.68,33940.57,14967.79,74.05,8468.39,24181.04,2.8,55.24,22588.55,0.0,1.21,70.97,1538370.69,62131.88,2035.03,446.5,1.9,0.2,378
66.74,1893.47,8.31,43.03,37196.92,14817.43,73.91,8361.73,24177.24,2.67,55.38,8900.92,1007212.59,4.89,41.1,1428203.53,33901.03,1624.83,1058.06,1.9,0.2,380
60.21,1882.27,6.23,42.42,21822.72,15673.24,75.63,8378.43,23888.84,2.5,55.2,0.0,1423945.99,6.3,8.95,1762046.93,87590.72,2398.46,1853.44,1.9,0.3,380
56.35,1903.9,5.3,43.29,16565.65,15162.73,76.49,8349.46,23971.97,2.66,55.48,0.0,1612876.39,4.66,15.45,2264240.37,36149.43,1588.37,996.32,1.9,0.3,380
49.98,1900.87,3.28,42.38,20821.72,13250.99,77.08,8321.87,24030.82,2.59,55.61,20739.83,1623877.86,5.45,11.28,2353391.58,22975.01,1410.75,798.18,1.9,0.2,381
55.51,1941.94,1.88,44.23,20829.98,14430.5,75.99,8343.32,24128.92,2.22,55.68,53191.7,1327596.64,8.22,8.31,2629667.21,0.0,2476.38,1195.08,1.9,0.1,382
48.83,1957.71,2.96,43.37,28184.3,15756.81,76.55,8333.5,23847.92,2.55,55.51,8719.42,1991204.18,12.53,9.58,3718678.69,7560.36,1972.88,853.49,2.0,0.0,384
46.81,1947.28,4.71,43.26,26645.86,17401.31,77.51,8459.13,23769.38,2.44,55.45,15976.61,1152194.61,12.56,13.9,2116886.42,0.0,1482.65,741.22,2.1,0.0,382
48.32,1941.27,5.24,44.2,33578.41,16970.52,78.37,8621.41,23691.52,3.06,55.47,0.0,2022525.16,16.15,14.54,1545957.42,0.0,1679.59,1077.16,2.1,0.0,385
47.39,1972.58,4.86,44.84,32717.71,16554.47,77.5,8851.39,23619.97,2.81,55.96,25867.74,340986.61,12.25,0.0,769074.75,0.0,1418.19,589.91,2.1,0.0,385
46.19,2011.6,6.85,45.78,30898.41,19426.69,75.83,8467.75,23695.93,3.39,55.76,17273.14,0.0,12.91,27.95,1243529.21,0.0,909.17,127.46,2.1,0.0,382
45.12,1992.33,5.89,46.22,31423.06,18275.09,75.79,8228.47,23800.34,3.32,55.25,41019.96,0.0,11.22,57.11,1735917.2,5527.43,649.8,449.97,2.1,0.0,380
37.41,1992.89,5.69,47.33,33298.56,19860.17,75.06,8473.84,23755.45,3.43,54.83,41172.31,0.0,8.84,63.38,1210837.31,0.0,1037.81,388.45,2.1,0.0,386
44.18,2019.92,6.23,47.21,20826.69,18025.91,74.6,8047.51,23584.86,2.8,54.84,56674.13,715679.03,8.61,32.8,0.0,0.0,302.77,85.33,2.1,0.0,386
44.21,2012.56,7.64,45.65,24596.18,17517.73,74.33,8266.73,23868.97,2.54,54.82,55691.96,496648.8,8.87,38.65,1270454.9,0.0,255.22,0.0,2.1,0.0,386
42.59,1986.69,5.33,45.1,31199.39,17068.06,74.87,8617.3,23980.81,2.41,54.97,33113.96,171709.31,3.54,60.11,903229.2,10799.26,0.0,178.25,2.0,0.0,387
47.08,1983.46,2.93,48.39,40188.61,17867.72,74.23,8540.58,23905.8,2.79,55.04,7604.75,0.0,5.97,95.59,1839758.49,40490.63,0.0,0.0,2.0,0.0,387
47.86,1946.36,4.04,48.63,42399.76,18901.28,74.76,8412.91,23941.61,2.8,55.07,32868.3,437987.2,10.55,141.25,1690870.23,0.0,682.19,0.0,2.0,0.0,385
50.82,1908.68,2.77,48.51,43976.01,19297.74,74.11,8184.65,23880.23,2.85,55.45,0.0,291958.16,5.47,81.38,2143082.88,23733.17,865.64,333.17,2.0,0.0,389
49.8,1937.09,3.16,46.03,31696.83,17705.88,75.01,8362.87,24127.42,2.57,55.81,0.0,427804.7,4.63,68.3,2769871.95,0.0,115.83,328.6,2.0,0.2,389
48.25,1914.06,0.93,44.81,32284.97,19523.46,75.83,8396.53,24076.82,2.66,55.55,45372.3,302214.5,3.71,4.96,2302036.14,34145.89,0.0,78.57,2.0,0.1,390
46.43,1912.07,0.06,45.3,44756.66,20047.78,74.96,8616.15,24035.18,3.03,55.68,0.0,0.0,5.65,11.67,1364083.07,10721.84,0.0,77.58,2.1,0.1,393
50.73,1947.67,3.53,45.72,41843.14,20890.36,76.05,8462.41,23914.47,3.01,55.8,21133.11,0.0,9.84,0.0,1061697.63,0.0,1417.99,182.28,2.0,0.1,393
49.96,1973.01,2.68,45.13,30059.58,17882.3,77.26,8778.73,23977.78,3.4,55.63,11664.01,85909.94,8.05,0.0,1723374.42,9658.92,1623.49,523.35,2.0,0.0,388
50.7,1967.9,3.2,45.15,43496.63,15315.53,75.28,8771.77,23938.41,3.38,55.69,43848.69,0.0,5.38,14.54,2042544.06,90768.64,1920.63,465.73,2.0,0.0,386
53.41,1974.83,1.72,44.7,46208.19,15791.74,75.62,8776.51,24326.97,3.34,55.49,13263.27,201697.66,0.0,11.22,1677020.51,32775.41,1224.7,693.47,2.0,0.0,386
53.4,2006.69,2.42,43.22,52355.25,16226.04,75.0,8435.74,24397.96,3.21,55.83,2274.96,0.0,2.37,36.77,1610596.53,56292.1,1081.52,703.16,2.1,0.0,385
58.59,1938.75,5.65,41.68,46056.25,15945.26,74.82,8622.25,24151.98,3.21,55.55,9819.56,13185.15,2.26,20.76,1111427.53,62399.86,1453.91,445.63,2.0,0.0,384
60.85,1919.43,3.18,41.65,39991.13,15646.75,74.28,8724.87,24105.08,3.17,55.51,13593.65,48763.35,3.28,0.87,1932640.01,48903.41,635.03,477.87,2.0,0.0,388
56.09,1935.62,1.12,42.7,34226.39,14530.08,73.45,8810.23,24338.18,3.11,55.21,53533.35,0.0,0.0,16.04,997249.91,81141.16,407.39,638.02,2.1,0.0,386
54.98,1981.12,0.85,42.45,36289.37,13656.14,73.74,8401.58,24790.66,2.69,55.09,44759.9,1198928.52,0.0,67.94,1416671.61,88153.27,0.0,763.74,2.0,0.1,383
53.88,1964.68,0.18,43.69,38335.53,15736.17,72.46,8605.39,25236.6,2.57,55.58,31226.56,248176.52,0.0,88.12,732571.94,57814.41,358.32,689.18,2.0,0.1,384
51.63,1971.43,0.0,45.35,34102.83,17377.51,72.59,8596.96,24983.43,2.32,55.03,0.0,68749.27,0.56,104.32,407052.11,21978.9,0.0,778.14,2.1,0.2,385
54.14,2015.78,1.25,46.05,32105.52,14836.17,72.35,8545.3,24885.34,2.89,55.05,31161.8,0.0,0.0,58.25,0.0,41785.77,63.31,1001.59,2.1,0.2,389
53.24,2039.4,1.31,46.72,36783.41,15158.03,70.82,8507.16,25048.42,3.0,55.16,0.0,0.0,1.09,63.58,867418.16,34651.98,317.63,895.6,2.0,0.1,389
53.59,2012.55,0.0,47.2,34664.12,15982.17,72.86,8019.67,24780.36,2.9,55.52,0.0,1212823.66,1.29,55.16,683238.26,18192.07,857.17,459.03,2.0,0.1,386
63.85,2017.06,1.63,48.16,26963.8,18571.87,71.13,7894.55,24603.19,3.02,55.5,0.0,1075730.65,0.0,12.17,1129759.58,44515.23,1585.82,176.88,2.0,0.1,388
66.11,2015.41,1.72,48.79,30977.77,16922.23,70.6,7889.38,24868.64,3.28,55.13,0.0,1730733.45,0.0,26.94,633570.29,99832.02,1019.57,554.53,2.0,0.1,383
54.71,2002.64,2.6,47.05,25528.75,17489.01,71.64,7916.76,24939.36,2.88,55.02,43515.75,1564115.89,0.34,85.45,0.0,117574.1,1763.88,406.62,2.0,0.0,381
55.71,2018.63,4.53,48.5,26110.94,18969.78,71.81,8159.15,24878.79,2.97,55.13,0.0,707466.49,0.57,33.05,617299.85,135335.13,1723.52,26.59,2.1,0.1,381
57.08,2016.5,5.37,47.9,26773.67,19773.45,74.08,7880.07,24761.71,2.62,55.53,0.0,0.0,2.17,76.27,1032674.9,126643.98,1730.48,513.48,2.0,0.1,380
51.31,2000.72,6.86,48.13,30802.92,19256.71,74.56,7769.18,24618.85,2.68,55.52,8545.55,0.0,0.86,149.16,1544369.91,126689.82,1413.0,331.37,2.0,0.1,376
44.74,1979.19,6.91,47.46,38484.71,16243.29,73.97,8163.92,24590.26,2.92,55.98,0.0,0.0,0.02,80.37,1185372.67,143422.65,1532.71,518.4,2.0,0.1,380
43.59,1985.41,6.9,48.73,42427.28,13977.63,73.12,8301.13,24524.78,2.76,56.1,5049.6,83479.49,2.08,62.3,2105793.66,98096.46,1693.04,937.59,1.9,0.1,383
49.45,1978.43,5.66,49.27,46861.5,12258.21,72.39,8343.24,24615.29,2.68,56.12,0.0,0.0,0.65,58.14,1685123.4,46348.83,584.5,671.78,2.0,0.2,385
46.28,1946.63,6.29,49.37,46631.14,9454.35,72.03,8325.31,24662.27,2.88,55.99,8824.64,102912.32,2.37,60.99,1550356.02,34124.37,597.25,764.8,2.0,0.2,387
48.05,1932.89,7.34,47.28,38871.28,10784.75,72.82,8053.98,24518.88,2.7,55.71,32466.57,563141.41,1.97,41.46,512582.83,83976.39,865.27,463.41,2.0,0.2,386
50.25,1918.78,6.57,47.13,35246.54,12442.22,74.56,7926.76,24126.8,2.17,55.56,10241.49,655333.96,2.03,0.0,0.0,86240.5,863.16,296.93,1.9,0.2,388
51.48,1903.99,6.44,45.37,40116.7,12923.02,73.17,7914.2,24242.01,2.16,55.41,0.0,948772.99,0.03,0.0,0.0,112611.57,598.39,846.47,1.9,0.2,387
51.09,1906.8,5.86,45.95,34077.26,11502.07,72.49,8397.93,24354.07,2.32,55.07,16530.38,788581.93,0.59,0.0,179661.4,84901.16,182.69,992.97,1.8,0.2,388
47.41,1894.52,5.48,46.17,32941.13,12679.74,74.19,8271.07,23976.17,2.6,55.5,24508.08,70073.06,0.18,0.0,647152.5,28258.29,63.69,562.29,1.8,0.2,387
48.01,1879.71,6.31,45.99,27708.98,16537.01,74.63,8237.93,24314.56,3.1,55.39,30094.1,0.0,0.0,0.0,745759.7,40194.01,395.48,592.86,1.8,0.1,385
47.25,1920.78,4.58,45.51,33173.95,15800.34,74.98,8212.65,24358.09,2.98,55.5,0.0,0.0,0.79,17.22,1682832.63,24516.76,1140.52,332.48,1.9,0.1,383
49.05,1926.66,5.54,45.24,31385.09,17811.73,74.84,8394.7,24293.51,3.37,55.25,0.0,966169.81,0.0,59.16,2087254.64,19624.3,116.03,315.46,1.9,0.1,386
46.48,1954.12,6.55,46.43,33979.18,14287.94,74.68,8131.79,24243.4,3.53,55.29,30351.8,1078194.53,0.0,0.0,1946352.72,13350.87,0.0,0.0,1.9,0.1,387
47.9,1998.7,4.96,47.22,33879.62,15460.36,74.32,8377.65,24305.71,3.23,55.25,19601.42,1261815.56,0.0,2.82,1987370.74,16828.93,737.63,286.22,1.9,0.1,387
50.0,1946.16,4.6,45.33,40079.64,15262.94,74.2,8549.78,24385.46,2.85,55.19,7945.28,78494.53,0.0,1.28,1689407.71,0.0,1266.3,249.7,1.9,0.1,385
52.0,1939.92,3.49,45.96,46439.11,16336.77,74.99,8397.43,24027.61,3.22,55.7,47501.76,0.0,0.0,0.0,412863.05,471.54,1944.24,206.02,1.9,0.2,384
60.22,1996.75,3.59,45.24,47788.75,15554.84,74.01,8647.6,24316.41,3.18,55.27,8103.92,116322.33,0.0,0.0,1092656.12,30861.08,2405.94,0.0,1.9,0.2,385
65.13,2003.66,6.36,45.84,50799.06,14928.14,74.11,8782.22,24645.43,3.3,55.2,43278.22,0.0,0.0,21.0,1013082.35,52137.43,2136.98,221.36,1.9,0.2,387
68.02,2051.5,6.53,46.07,40158.66,14066.9,74.02,8926.02,24456.48,3.42,55.17,32232.12,201268.64,0.0,10.45,0.0,39773.02,1634.29,62.39,1.9,0.2,387
69.55,2054.29,5.95,45.46,40487.78,15081.41,75.21,9077.92,24310.53,3.29,55.32,55639.52,786136.53,0.0,0.0,0.0,47836.37,1620.95,0.0,1.9,0.2,384
71.29,2031.55,7.56,44.86,33929.14,14312.98,75.04,8874.19,24255.05,3.29,55.23,45664.33,0.0,1.04,1.29,1125475.0,11442.4,526.92,236.41,1.9,0.1,380
74.57,2059.41,3.85,44.44,42091.95,13631.48,74.58,8723.3,24017.22,2.75,55.47,0.0,200295.73,3.22,0.0,428899.27,57311.34,775.67,42.83,2.0,0.1,381
67.28,2034.96,4.46,44.37,45327.74,11386.97,73.4,8692.73,23947.67,2.58,54.94,626.9,190642.35,4.47,5.33,353192.27,95009.19,58.05,246.73,1.9,0.0,379
68.03,2023.34,4.57,43.31,41754.37,10690.18,73.88,8419.8,24272.34,2.15,54.73,44820.96,0.0,0.34,13.71,65249.38,55238.84,0.0,1132.88,1.9,0.0,383
67.97,1995.0,3.42,44.35,38986.44,8260.73,75.39,8305.19,24583.24,2.57,54.51,65423.22,0.0,0.0,4.37,389952.86,34746.39,0.0,1367.19,1.9,0.0,384
66.2,1924.69,4.28,44.93,37997.05,10648.61,74.74,8370.13,24202.19,2.7,55.1,29518.16,0.0,0.0,10.61,0.0,48865.85,485.85,1371.78,1.8,0.1,386
67.32,1941.15,4.74,46.12,46873.61,9762.98,75.57,8336.26,24181.15,2.29,55.01,0.0,0.0,0.0,1.11,0.0,49290.42,0.0,743.38,1.8,0.0,388
65.77,1961.31,6.74,45.67,41665.44,11893.92,75.82,8286.16,24483.79,2.3,55.02,671.07,0.0,0.21,40.24,365363.57,47307.62,0.0,776.56,1.9,0.0,386
64.86,1975.11,5.16,45.8,29137.17,13090.2,76.15,8440.57,24364.59,2.44,55.39,37919.96,34531.69,0.55,66.18,0.0,32987.56,731.9,1010.55,1.9,0.0,385
60.31,1982.91,4.08,44.62,18980.5,15275.34,75.6,8447.41,24346.04,2.2,55.0,5864.91,0.0,1.44,39.48,1214313.24,68987.77,1088.59,859.77,2.0,0.0,384
59.58,1999.31,5.13,44.21,18168.13,16213.1,76.01,8337.23,23996.31,2.22,55.16,52650.37,0.0,0.11,27.17,1991645.49,61695.5,528.01,948.26,2.0,0.0,382
65.42,2004.88,5.31,44.11,21690.29,16441.8,76.03,8350.66,24216.54,2.3,54.88,28734.21,0.0,5.44,48.73,1226587.07,46688.26,187.67,1337.68,1.9,0.0,382
66.64,1996.76,2.92,44.03,18229.32,16319.09,76.94,7971.35,24052.06,2.21,54.8,44030.43,0.0,5.72,28.99,1267694.9,71737.14,0.0,1425.59,1.9,0.1,382
65.83,1991.53,3.15,44.51,22991.37,14114.27,77.72,7623.61,23936.56,2.26,54.94,79052.96,0.0,3.54,0.0,1173289.0,74971.97,860.4,1289.3,2.0,0.1,381
57.75,1995.39,1.45,46.04,23471.12,16103.72,76.87,7776.53,24026.8,2.31,54.83,77644.05,0.0,0.0,35.36,1546730.84,70379.51,1629.16,1049.41,2.1,0.1,379
64.34,2017.53,1.87,46.73,22645.23,17216.3,74.63,7634.98,24265.74,2.31,54.91,30636.35,1160059.86,3.14,28.49,1125870.6,100858.45,2442.37,1235.62,2.2,0.0,378
57.39,2021.88,2.62,46.36,28135.87,18799.15,73.42,7603.76,24435.31,2.24,54.72,52980.38,264853.23,1.88,36.2,657824.11,117972.96,1849.12,1539.17,2.2,0.0,380
53.81,1959.86,3.52,46.29,31509.04,17839.08,73.25,8126.22,24096.38,2.5,54.61,36301.28,87005.57,0.0,48.95,1541353.83,121348.28,1683.3,1032.28,2.2,0.1,379
51.8,1946.46,3.12,43.16,33606.39,16044.75,72.18,8305.81,23890.54,2.44,55.05,0.0,0.0,0.72,74.58,358370.1,121993.76,1782.82,258.82,2.2,0.1,379
56.82,1979.77,3.59,43.0,28354.61,15796.47,72.99,8231.44,23480.53,2.82,55.09,0.0,566001.86,4.63,0.0,662995.77,57098.41,1826.18,299.87,2.2,0.1,375
54.05,1988.87,5.23,42.08,34100.8,14620.93,73.51,8129.1,23633.45,3.03,54.76,0.0,644035.08,10.27,0.0,1969395.62,124348.29,1562.76,198.69,2.1,0.1,373
53.24,2025.32,4.41,42.31,25056.54,15236.73,73.88,8162.97,23679.36,2.91,54.93,0.0,788320.7,9.3,32.3,2190694.32,116879.31,2152.31,342.13,2.2,0.1,370
58.26,2020.43,4.48,43.07,24292.63,15527.8,73.52,8446.84,23740.13,2.78,54.69,7191.4,834292.01,8.94,4.76,892802.82,125969.25,2636.41,2.04,2.3,0.1,372
55.5,1976.25,5.95,42.57,21423.36,16984.01,72.19,8098.59,23811.9,2.84,54.87,0.0,2278456.73,7.0,1.72,314150.53,115797.01,2610.06,425.14,2.2,0.1,374
57.21,1975.33,6.59,42.11,30919.41,18222.9,71.48,7897.07,23656.13,3.0,54.55,0.0,2261366.84,5.79,11.65,0.0,123952.68,1969.33,296.72,2.2,0.1,375
53.15,1966.49,6.4,41.1,28675.93,18319.93,70.94,8196.03,24011.85,2.63,54.97,0.0,2225139.94,3.62,37.08,340006.86,80615.61,1146.81,0.0,2.2,0.1,377
52.3,1936.4,5.31,42.99,26656.17,18016.38,70.63,8277.37,23950.24,2.91,55.18,0.0,1867441.97,1.63,0.0,0.0,79897.61,1198.04,86.46,2.2,0.1,378
54.98,1894.57,0.0,43.65,20139.61,17195.97,70.98,8610.06,24078.6,2.92,55.37,9817.99,1364913.59,4.21,0.0,285967.99,17002.58,1180.52,174.15,2.3,0.0,377
57.74,1914.56,1.04,42.87,18858.15,18801.97,71.48,8637.46,24079.15,2.58,55.56,21712.08,2594728.66,0.91,24.61,0.0,24368.38,1554.57,0.0,2.2,0.0,376
58.29,1952.25,1.5,43.47,21368.86,18202.32,71.08,8815.22,24166.1,2.7,55.27,6471.88,2151928.62,0.0,0.0,0.0,43657.69,1052.06,0.0,2.1,0.0,376
66.11,1982.54,3.47,45.02,17820.01,15758.0,70.73,9013.95,24062.49,2.37,55.11,0.0,2042112.31,0.67,0.0,522358.24,18606.93,875.08,258.36,2.1,0.0,378
60.26,1970.37,4.5,47.31,22993.67,16359.03,71.73,8675.53,24114.09,2.41,55.18,3180.8,2015499.04,0.0,5.07,0.0,8705.02,1503.54,360.44,2.1,0.1,376
54.26,2015.28,4.69,46.75,18178.06,16830.48,72.58,8383.39,24104.03,2.37,55.22,0.0,2515903.17,2.42,0.0,0.0,6834.62,945.67,203.78,2.1,0.2,379
57.59,2018.08,3.26,46.5,25161.91,14535.21,73.39,8855.1,24348.78,2.79,55.25,25606.57,1760096.31,4.16,20.31,264223.77,57063.34,592.07,152.49,2.1,0.1,380
49.47,2038.29,3.64,45.76,21883.67,14202.0,74.11,8882.06,24184.41,2.55,55.38,2851.66,1584030.02,3.87,28.81,859540.15,7747.42,0.0,0.0,2.2,0.2,384
48.87,1980.96,0.71,45.03,22345.72,16344.94,74.86,8837.49,24005.86,2.32,55.39,20895.71,1633433.53,0.57,44.71,1083542.08,0.0,0.0,258.91,2.2,0.3,385
47.14,1978.9,1.48,44.29,19090.59,17219.43,75.49,8878.9,24360.89,2.24,55.77,0.0,833206.97,0.0,30.17,667567.72,23066.46,182.29,0.0,2.1,0.2,381
43.63,1957.11,4.01,44.65,24363.47,14485.94,76.29,9061.04,23922.29,2.12,55.79,17084.71,353405.04,0.0,13.94,714577.55,66620.93,0.0,358.65,2.0,0.1,383
48.51,1981.32,2.42,44.25,29666.47,14596.5,75.19,9038.27,23819.94,2.68,56.08,30545.49,1168518.4,0.18,35.0,1646392.16,69688.99,0.0,0.0,2.0,0.1,385
50.94,1965.21,0.17,43.88,28418.54,14130.28,75.58,9340.75,23909.59,2.63,55.85,29351.93,548595.85,0.47,44.85,1611328.31,79861.95,277.88,0.0,2.0,0.0,382
46.35,1977.2,0.64,42.27,31352.17,11953.45,75.54,9229.71,24146.37,3.11,55.36,23679.11,352632.21,1.55,47.21,1214794.31,56455.03,0.0,354.51,2.0,0.0,381
44.3,1947.57,1.83,41.6,40843.33,10311.69,75.61,9415.22,24287.26,3.09,55.05,0.0,813506.55,5.29,32.48,364716.65,0.0,0.0,304.06,2.1,0.0,382
43.62,1935.42,4.26,42.38,28738.08,9918.31,74.78,9127.65,24399.4,3.0,55.02,34707.83,325886.52,9.42,14.01,443312.98,0.0,121.64,439.46,2.1,0.0,380
55.03,1927.71,5.37,41.08,27755.68,10447.33,75.12,8424.66,24411.11,2.66,55.11,2317.72,0.0,7.29,0.0,141759.22,0.0,0.0,737.67,2.0,0.0,382
51.85,1912.17,5.67,42.94,22378.36,10860.74,73.67,8317.92,24393.26,2.44,54.97,0.0,98243.1,8.98,0.0,0.0,22231.93,669.74,189.16,2.0,0.0,382
41.46,1933.89,7.68,43.43,18513.26,10638.5,75.2,8501.79,24505.75,2.57,54.8,0.0,88806.37,9.09,42.16,804585.46,0.0,741.55,435.1,2.0,0.0,388
37.58,1910.63,7.64,46.02,16223.01,10840.42,75.96,8462.57,24395.99,2.74,54.9,27252.95,901912.61,8.54,46.87,898678.88,21753.3,717.6,408.66,2.1,0.1,384
39.6,1901.25,6.87,46.36,21963.14,11254.95,74.24,8229.65,24562.11,2.01,55.23,37005.83,1607868.08,6.75,0.0,1119713.71,68268.81,1135.02,174.74,2.1,0.1,382
45.22,1879.87,5.43,45.01,15816.23,12015.89,75.21,8196.06,24197.13,2.34,55.64,14545.57,1131757.16,7.1,45.05,687804.28,14792.98,1342.16,442.75,2.1,0.1,384
48.23,1873.0,5.48,43.59,21701.37,12016.88,74.77,8199.54,24212.66,2.63,55.7,8356.13,1471935.95,7.1,30.96,578405.31,11588.37,1454.71,298.14,2.1,0.2,386
45.47,1902.44,5.61,44.28,23903.19,14312.19,75.01,8196.34,24436.98,2.7,55.63,15485.88,1247039.33,6.06,14.88,76799.5,0.0,595.21,11.48,2.1,0.2,385
36.54,1953.89,7.04,44.93,34812.03,12838.58,76.44,8003.32,24458.35,2.36,55.54,23446.37,1019251.06,7.04,18.75,0.0,0.0,973.69,0.0,2.1,0.2,381
43.35,2010.43,7.13,45.64,39640.38,12695.23,76.3,7765.71,24455.42,2.55,55.59,48103.86,453793.74,4.59,67.99,0.0,11439.15,853.4,0.0,2.2,0.1,379
42.6,1951.49,5.97,44.55,41602.38,11944.51,76.74,8135.35,24588.33,2.51,55.54,833.58,357531.13,1.64,79.12,1753262.63,31858.0,0.0,0.0,2.2,0.1,378
44.84,1921.39,4.59,45.37,34932.51,13221.19,75.34,8526.73,24373.54,2.48,55.55,0.0,441916.38,2.92,95.39,2081668.87,25252.1,0.0,789.26,2.2,0.0,379
44.35,1924.97,3.03,44.92,43697.17,14370.94,73.25,8743.92,24583.72,2.42,55.65,0.0,145674.27,6.43,77.71,624962.59,23508.31,19.94,1092.61,2.2,0.0,382
45.81,1911.82,4.94,45.2,41913.37,14714.25,72.6,8560.96,24533.53,2.41,55.89,5838.36,688473.15,5.5,96.64,865637.51,24763.38,69.76,662.92,2.2,0.0,381
51.12,1887.47,4.43,46.34,41993.08,14649.28,73.1,8554.43,24170.53,2.36,56.18,0.0,446364.03,3.26,83.49,430557.92,42716.93,218.14,849.55,2.1,0.0,381
52.95,1878.8,5.8,47.48,35401.38,13893.93,72.9,9065.76,24090.98,2.85,55.67,0.0,19725.66,0.55,67.69,0.0,11380.12,828.16,1151.98,2.1,0.0,381
50.57,1867.23,6.22,45.89,29772.67,15849.64,74.65,9028.58,24347.09,2.77,55.22,16236.15,410153.92,0.66,54.91,702747.45,0.0,373.88,696.25,2.1,0.0,380
47.69,1875.63,4.07,45.9,36430.58,15904.11,75.86,9195.2,24495.52,2.78,55.19,34030.63,165798.12,0.0,62.83,0.0,0.0,377.41,600.45,2.0,0.0,382
43.49,1923.15,2.14,48.12,33622.19,15966.41,74.17,9042.64,24505.95,2.74,55.01,4106.43,870849.88,0.09,96.38,0.0,0.0,790.92,31.07,1.9,0.1,380
37.07,1979.24,0.72,47.91,33687.41,11347.47,74.02,9020.54,24541.33,2.97,54.91,22369.29,378904.93,0.0,52.3,0.0,40321.67,0.0,152.95,1.9,0.1,383
37.31,1993.82,1.46,47.36,45132.37,9585.32,75.12,9045.59,24395.7,3.36,54.44,5383.1,0.0,1.09,19.57,357598.65,31924.4,0.0,293.15,1.9,0.0,389
37.32,1931.68,0.9,45.68,47336.15,10873.64,75.35,8850.6,24314.09,3.16,54.5,26689.67,253545.19,2.25,32.98,955980.14,41718.63,240.17,667.87,1.9,0.0,385
40.09,1888.46,2.19,45.51,50784.35,10398.53,75.08,8999.28,24595.04,2.92,54.62,30553.04,491591.47,1.23,64.38,0.0,24738.61,489.16,752.73,2.0,0.1,384
47.06,1881.73,3.92,47.46,54125.3,11223.69,74.74,8567.11,24607.83,2.59,54.47,0.0,193812.47,0.98,65.29,0.0,63479.33,370.47,427.27,2.0,0.2,384
46.12,1854.59,3.83,47.4,48783.59,9126.05,74.04,8828.35,24855.43,2.37,54.73,0.0,1058834.42,1.48,83.35,0.0,82436.11,370.54,674.28,2.0,0.2,382
50.04,1870.17,2.87,46.09,38680.4,9168.49,74.99,8781.38,24652.1,2.63,54.55,2623.52,844322.1,3.32,34.09,0.0,15925.25,243.76,999.05,2.0,0.1,384
54.56,1882.66,4.17,44.81,44669.28,13406.72,75.34,8264.79,24473.27,2.81,54.51,35850.68,1122374.66,0.97,33.37,0.0,11324.86,0.0,1263.4,2.1,0.0,380
52.98,1855.62,4.4,45.71,50352.9,13931.78,75.07,7848.01,24444.41,2.81,54.75,11924.2,745172.63,0.0,0.0,0.0,0.0,229.02,947.43,2.1,0.0,373
58.88,1846.28,3.98,44.07,52517.89,14286.47,74.34,7827.98,24767.98,2.77,54.74,0.0,0.0,0.0,11.9,792352.92,0.0,0.0,658.87,2.1,0.0,374
59.35,1840.89,5.45,44.74,47763.18,16891.29,75.61,8090.17,24053.34,3.18,54.99,52959.15,794044.64,4.16,36.16,1628340.14,75447.18,168.53,96.93,2.1,0.0,375
52.91,1817.15,4.43,45.71,53422.79,18023.88,76.29,8099.43,23714.88,2.99,54.92,32035.42,759759.09,4.71,56.12,1277800.79,511.88,0.0,135.37,2.1,0.0,377
53.79,1841.08,5.82,44.94,47228.66,17519.29,75.53,8231.37,23643.98,3.0,54.91,33003.15,422145.27,3.12,53.73,1293060.83,4587.7,918.07,0.0,2.1,0.0,379
48.73,1852.94,5.24,45.3,42078.0,16168.4,76.52,8296.44,23615.77,2.89,55.35,21970.72,0.0,0.85,35.2,786448.19,0.0,273.88,0.0,2.1,0.0,379
54.28,1904.46,4.87,44.63,36108.89,17055.76,76.06,8210.35,23538.57,2.66,55.38,0.0,648577.01,0.0,29.66,0.0,3861.33,127.01,23.03,2.2,0.0,378
50.82,1929.81,6.7,45.04,38964.54,17678.79,76.96,7807.81,23784.99,2.93,54.97,0.0,93160.61,0.0,16.47,233365.73,38469.45,711.86,0.0,2.1,0.1,380
51.15,1948.16,6.45,45.66,36159.95,17669.57,75.41,7731.52,23711.2,2.79,54.73,0.0,0.0,1.45,15.46,0.0,7217.18,834.04,0.0,2.0,0.1,381
45.16,1965.78,5.2,45.59,35310.97,16403.98,74.47,7751.41,24133.61,2.42,55.22,0.0,73234.24,0.0,0.0,0.0,0.0,663.26,0.0,2.1,0.0,381
47.03,1938.07,6.15,45.13,22045.55,17203.97,73.61,7607.73,24295.13,2.37,55.43,31986.81,0.0,2.1,0.0,1531726.45,0.0,1139.86,308.5,2.1,0.0,381
38.69,1948.62,6.5,45.31,8314.68,14841.02,73.16,7767.84,24348.44,2.38,55.53,270.53,417939.34,3.04,13.23,1258349.31,69618.25,1276.69,0.0,2.1,0.0,380
45.0,1961.74,3.14,45.64,9750.39,15681.59,74.12,7883.6,24683.68,2.38,55.62,21543.52,348901.43,4.64,0.0,869088.48,16652.15,1266.23,142.9,2.1,0.0,380
41.0,1974.23,4.98,46.42,18580.35,15212.29,73.82,7785.6,24605.96,2.4,55.58,15018.49,268463.6,1.91,27.65,863758.11,12233.17,759.5,0.0,2.2,0.0,377
45.62,1997.74,5.2,48.0,21655.58,12909.16,74.22,7909.18,24424.56,2.6,55.05,38968.47,0.0,0.0,24.17,1091733.68,20549.05,331.18,0.0,2.1,0.0,380
46.37,2016.07,7.19,46.96,22210.55,16621.82,75.41,7610.22,24479.06,2.62,55.26,13613.18,0.0,0.0,9.49,1534910.83,0.0,27.55,0.0,2.1,0.1,380
45.8,2020.94,8.91,47.17,20073.59,13788.04,74.41,7723.93,24305.73,2.68,55.08,0.0,0.0,4.12,34.37,2508568.88,23566.42,0.0,461.66,2.1,0.1,380
34.37,2055.42,9.04,47.25,21503.0,14195.9,73.96,7935.07,24021.06,2.73,55.21,0.0,274407.72,0.9,8.09,2361810.2,48542.69,0.0,598.15,2.1,0.1,377
33.32,2067.9,8.53,46.55,22438.68,15057.43,74.4,7968.82,24284.82,2.98,55.29,1550.51,679420.11,1.6,37.58,2669421.65,9235.39,0.0,323.49,2.1,0.0,379
37.43,2083.69,8.29,44.91,18930.84,13148.65,74.0,7974.77,24033.13,3.33,54.9,36885.21,1340190.18,3.73,17.77,2567502.47,0.0,518.1,290.36,2.1,0.0,374
35.14,2095.8,7.3,44.79,24193.92,16247.73,75.13,7813.48,23655.45,3.85,55.51,36428.21,429364.05,5.72,15.92,2183804.54,36214.26,668.23,0.0,2.1,0.0,376
38.57,2101.36,6.51,45.07,8087.03,15317.76,75.65,7799.01,23645.51,3.41,55.7,45522.11,911926.79,0.32,13.0,1748646.75,25074.63,317.36,0.0,2.1,0.0,381
42.4,2080.39,7.56,43.54,8236.27,15046.55,76.57,7859.18,23830.13,3.15,55.72,82982.91,1424109.33,0.06,31.9,1938171.39,43689.55,889.08,391.76,2.1,0.0,380
39.84,2056.59,7.12,42.0,16149.0,10634.02,78.41,8236.58,23837.22,3.08,55.69,55129.58,1378017.53,0.0,28.27,1840930.21,0.0,835.14,424.21,2.1,0.0,383
40.02,2049.44,8.61,42.42,19577.41,11104.39,78.82,8186.6,24168.67,3.0,55.36,64866.33,1040651.61,1.64,0.0,1643308.07,0.0,234.07,222.91,2.1,0.0,380
42.94,2073.36,8.5,43.74,26984.81,13610.61,79.66,8093.24,24028.59,3.16,55.5,75679.07,2069447.65,1.43,14.47,832451.84,80484.7,89.03,130.06,2.1,0.0,379
41.95,2021.73,6.96,46.1,31448.73,15250.06,79.82,8505.54,23687.65,2.77,55.21,52067.02,1630824.76,0.05,21.48,805728.48,46925.81,0.0,0.0,2.1,0.0,377
41.25,1984.03,6.54,44.82,27153.28,13112.17,78.92,8286.95,23962.19,2.86,55.16,23363.97,1666396.7,1.87,25.48,1806044.99,60588.0,519.46,81.68,2.1,0.0,377
44.12,1990.79,7.05,46.1,20561.1,11823.16,78.45,8131.09,24716.21,2.97,55.11,6394.44,1180542.27,1.67,28.09,1312367.21,46057.01,1177.83,550.62,2.1,0.0,379
51.54,2023.6,7.79,47.54,22505.32,13260.1,77.33,8212.82,24925.54,2.78,54.87,8115.13,919572.11,3.14,15.86,2311528.42,0.0,1691.86,262.77,2.0,0.0,379
46.84,1971.12,7.4,48.27,26871.78,13578.5,77.29,8214.98,24522.06,2.39,54.84,2778.47,1343935.01,4.67,32.53,1857100.05,0.0,1705.04,430.1,1.9,0.0,378
47.92,1949.64,7.04,47.6,26784.34,12627.36,76.38,7994.92,24560.45,2.59,54.66,42526.12,1005724.98,8.01,14.8,331772.39,18651.78,1633.92,415.59,1.9,0.0,377
47.1,1974.71,7.03,47.93,26338.75,12410.55,75.2,7957.52,23813.2,2.45,54.69,51105.96,745783.58,7.73,0.0,320055.44,0.0,840.01,332.5,2.0,0.0,378
47.57,1955.06,6.04,48.01,20070.98,13703.99,74.8,8177.66,24080.34,2.05,54.58,21018.29,0.0,3.86,66.01,744736.95,72705.9,1190.93,84.72,2.0,0.0,379
45.66,1917.38,10.39,47.46,20153.15,14045.29,74.57,8216.69,24376.08,2.11,54.34,13720.07,0.0,7.03,89.63,778284.34,20480.86,454.61,115.86,2.0,0.0,378
43.98,1924.51,6.4,45.94,18684.68,16064.57,73.93,8262.03,24404.02,2.54,54.77,10259.56,0.0,4.24,73.59,453554.98,41463.09,657.53,326.51,2.1,0.1,379
49.54,1921.92,7.84,47.01,25786.18,16021.34,73.5,7968.69,24371.59,2.97,54.72,29512.26,558082.56,2.86,99.79,0.0,0.0,157.42,54.76,2.1,0.1,380
52.19,1903.96,5.81,47.19,23456.51,13354.03,74.42,8307.17,24680.58,2.98,54.93,61278.64,141782.91,5.37,95.44,671112.84,10941.78,845.92,156.95,2.0,0.2,378
57.15,1911.34,7.33,48.15,26889.93,14372.39,74.78,7876.57,24640.04,2.64,54.98,22094.81,0.0,8.79,112.04,642865.94,20195.04,653.72,354.43,2.0,0.2,378
54.46,1920.56,6.23,48.09,24868.84,15174.75,75.71,7783.32,24553.13,2.77,54.87,31122.47,385057.98,10.34,83.31,6610.04,10494.81,127.95,520.57,1.9,0.3,381
53.96,1950.67,3.87,50.43,22881.08,14925.9,74.07,7958.11,24273.65,2.79,54.75,0.0,0.0,9.39,41.61,0.0,36886.8,1478.49,634.03,1.9,0.2,381
52.04,1977.21,4.38,50.65,22599.4,16999.56,74.02,7799.56,24728.01,2.29,54.59,0.0,1556078.66,12.74,77.15,0.0,122215.43,1501.67,890.06,1.9,0.2,381
50.98,1992.0,5.02,49.82,31672.04,11978.92,74.5,8020.68,24897.1,2.34,54.71,26081.11,2268838.56,10.05,75.98,1170012.94,32406.37,988.53,1263.71,2.0,0.2,380
47.31,1972.98,7.17,48.47,32194.88,11208.76,75.18,7943.87,24778.58,1.95,54.33,22483.13,1185934.09,14.09,15.43,547699.27,32443.76,715.93,760.55,1.9,0.1,380
55.89,1974.44,8.5,48.55,37808.19,7320.32,74.85,8267.54,24577.94,2.53,54.82,6866.24,758356.84,9.32,0.59,0.0,47178.47,0.0,878.3,1.9,0.0,384
57.24,1993.37,6.99,48.75,42643.48,8284.23,76.39,8276.5,24768.24,2.63,55.0,0.0,919122.54,5.99,0.0,1212755.97,36777.49,0.0,670.88,1.8,0.1,382
58.46,2025.43,6.06,48.82,35743.81,13124.55,76.86,8234.26,24526.77,2.61,54.91,51550.95,98412.01,5.45,3.1,1029380.98,31688.24,1.07,888.1,1.9,0.1,376
58.54,1973.36,6.83,49.91,30409.27,12959.96,76.04,8499.25,24504.39,3.08,55.03,50316.32,176573.5,6.8,0.0,1005763.64,28738.46,425.63,733.96,1.9,0.1,375
49.42,1991.86,7.39,49.73,37255.68,12182.78,74.69,8449.42,24392.12,2.8,55.01,26771.8,0.0,4.62,0.0,1081119.33,5324.74,980.94,1175.11,2.0,0.0,379
56.14,1988.92,8.87,48.48,26895.26,11371.64,76.04,8107.63,24369.82,2.79,54.87,11186.13,95347.2,2.45,0.0,1134333.39,47123.21,1331.09,779.26,1.9,0.0,383
58.0,2004.48,9.55,48.47,28232.57,12930.36,75.39,7833.26,24503.3,3.11,54.6,31268.99,1140906.14,2.09,0.0,1119547.44,24715.75,880.44,839.74,1.8,0.0,383
56.82,2008.2,11.46,48.11,31807.42,11666.92,75.87,7787.16,24479.47,3.02,54.93,0.0,0.0,1.22,15.55,1126058.87,69272.44,1028.07,572.72,1.7,0.0,385
54.29,2003.07,11.11,46.59,34974.01,14721.9,75.54,7620.99,24430.13,2.38,55.03,12024.6,1056785.27,0.53,27.24,470476.0,50467.78,165.5,463.62,1.7,0.0,383
54.11,1989.18,9.79,46.5,34690.64,15934.33,75.3,7643.93,24364.12,2.24,54.93,63831.95,403022.96,0.0,16.82,313803.02,35382.44,340.77,0.0,1.8,0.0,380
44.24,1960.42,8.79,49.13,37016.42,12905.35,74.64,7725.94,24399.57,1.96,54.9,35467.24,0.0,0.69,37.66,890444.38,54870.06,98.75,267.23,1.8,0.0,379
43.16,1963.65,11.58,48.89,33099.45,11871.88,74.25,8265.65,24292.12,2.31,54.82,37138.61,526778.23,0.0,19.19,1914038.07,86069.53,541.51,517.6,1.9,0.1,380
46.69,1926.24,9.52,47.06,39394.96,8274.99,73.98,7634.8,24109.75,2.24,55.21,42126.74,209.85,2.81,20.34,1726558.39,34553.71,21.36,215.46,1.9,0.1,384
48.89,1861.34,9.25,45.22,33309.9,7968.02,73.54,7439.63,24172.78,1.94,55.27,94839.69,0.0,1.65,0.0,1346404.38,56603.48,440.47,246.87,2.0,0.2,387
47.01,1839.26,8.11,44.21,35373.56,7123.92,73.64,7740.08,24162.26,1.8,55.54,31235.08,0.0,1.3,3.98,1337298.81,74194.23,416.08,131.32,2.0,0.1,388
44.91,1881.03,7.72,43.82,37980.58,7123.49,74.28,7863.71,24048.88,2.08,55.6,57149.97,631354.64,2.41,0.0,2808976.7,17290.56,891.08,288.38,1.9,0.1,387
51.18,1875.44,7.0,41.51,45895.97,6581.05,74.58,7902.6,24057.51,2.38,55.95,55313.68,981479.97,2.92,29.59,2160803.83,57366.37,1376.01,629.87,1.9,0.1,387
45.46,1931.48,6.73,42.39,40821.59,5714.76,74.11,8003.21,24227.4,2.47,55.9,38251.72,1183847.7,6.39,46.75,2439848.83,63553.59,472.34,240.78,1.9,0.1,387
53.18,1956.23,8.23,42.94,35333.04,6983.89,73.54,8370.9,24396.44,2.65,56.09,0.0,1410959.84,1.99,43.13,1945674.75,81931.94,575.87,673.27,1.9,0.1,387
46.06,1933.95,7.59,44.51,37156.41,6309.04,73.58,8780.25,24397.03,2.57,56.06,20219.19,977808.41,3.02,31.82,2198144.65,79998.83,791.64,368.84,1.9,0.1,386
47.95,1931.14,8.47,43.98,35646.5,8822.62,74.66,8592.67,24787.02,2.67,55.62,27018.91,653504.06,3.72,29.52,1991991.91,39778.45,1230.85,0.0,1.9,0.1,389
46.91,1955.28,9.45,45.07,33466.53,7992.79,72.9,8488.2,24953.82,2.38,55.72,0.0,671107.18,5.03,11.8,1879518.04,23304.91,1460.74,114.17,1.9,0.2,389
44.64,1955.08,8.73,45.2,46090.99,9597.74,71.54,8340.41,24440.18,2.34,55.08,0.0,0.0,5.3,13.62,1870327.02,20381.59,599.17,300.07,2.0,0.2,387
39.66,1933.25,8.83,46.39,45265.0,11639.97,72.56,8435.89,24272.02,2.44,54.85,571.14,250419.99,8.93,0.0,1978975.2,74473.17,950.84,560.1,2.0,0.2,384
35.6,1938.44,5.37,47.58,49463.32,11426.92,72.57,8395.08,24278.79,2.51,55.02,0.0,830447.92,8.77,0.0,2628110.85,19145.95,821.32,823.91,2.0,0.2,385
34.32,1941.12,5.15,46.64,58550.6,10724.71,73.66,8292.86,24044.62,2.57,55.19,24357.51,1694685.3,15.22,9.98,1876498.31,36733.84,623.6,1035.07,1.9,0.3,386
29.83,1926.62,6.29,47.73,48028.59,12460.62,72.26,8269.92,24308.86,2.44,54.76,24667.13,1129899.8,14.6,0.0,1166174.44,0.0,675.12,867.44,1.9,0.3,388
32.08,1940.04,6.51,46.06,56079.81,12065.22,73.12,8431.33,24269.73,2.64,54.86,0.0,813198.85,10.81,0.0,215802.52,44490.46,1439.88,1088.69,2.0,0.2,386
31.67,1961.35,6.64,45.87,59035.92,13113.17,72.68,8262.97,24409.59,2.92,55.03,50074.49,1723641.87,10.35,0.0,0.0,28298.72,1662.61,1547.78,2.0,0.2,385
37.11,1984.19,3.76,45.35,59784.96,13797.75,72.02,7751.28,24307.69,2.87,54.79,46444.13,1820764.46,10.57,0.0,0.0,17488.35,1760.79,1510.88,2.0,0.1,384
36.15,2002.14,2.74,46.27,56634.23,13874.69,71.88,7542.77,24161.68,2.76,54.2,34391.43,2153946.13,10.49,0.0,105737.48,0.0,1631.07,1815.14,2.1,0.1,383
41.44,1952.74,2.78,46.77,56675.07,15069.93,72.52,7609.93,24287.4,2.5,54.1,30970.83,1986733.11,4.11,15.21,669029.92,1545.19,2641.34,1363.78,2.1,0.1,383
41.48,1918.12,2.42,46.45,59201.99,18507.55,73.88,7544.87,24134.28,2.49,54.7,22080.16,944735.13,2.18,35.86,1093827.93,0.0,2648.71,472.25,2.1,0.1,381
39.42,1876.59,5.02,45.5,56308.15,18903.61,75.18,7620.52,24037.09,2.56,55.08,14398.02,282481.79,0.0,2.82,1568696.31,0.0,2005.05,211.77,2.1,0.1,381
46.7,1930.97,2.88,45.84,48651.59,17893.54,75.33,7672.44,24116.7,2.76,55.15,0.0,0.0,0.0,0.0,2688320.94,0.0,1162.99,321.2,2.1,0.1,384
49.58,1922.71,2.67,45.22,50575.58,16940.32,73.8,7751.2,23811.94,3.33,54.87,0.0,206850.44,0.0,0.0,2635342.07,58753.56,1434.45,784.24,2.0,0.1,384
51.2,1965.9,2.76,44.8,50471.26,13806.89,73.73,7800.06,23682.83,3.51,54.61,0.0,403633.06,3.57,3.3,2925791.9,79238.29,1340.94,357.66,1.9,0.1,383
54.94,1986.01,2.9,43.62,50263.92,12344.93,73.26,7663.49,23737.83,3.7,54.67,0.0,0.0,4.5,0.0,2638698.98,59017.54,1621.28,292.82,1.9,0.1,387
57.98,1981.13,3.27,43.31,42630.08,11837.45,72.84,7891.45,23588.06,3.9,54.92,652.08,52215.54,2.36,10.48,3027751.11,29380.79,665.6,512.5,1.9,0.0,385
53.35,1960.22,3.13,43.33,37668.86,11081.46,72.92,7982.88,23619.81,4.03,55.06,0.0,410450.27,3.61,1.36,1673431.48,29563.98,621.39,116.43,1.8,0.0,384
51.24,1959.34,1.96,43.16,39497.2,11083.96,71.85,7925.66,23487.96,3.9,55.14,0.0,856033.71,0.15,44.6,1465723.38,0.0,12.74,249.15,1.8,0.0,387
48.28,1962.37,4.4,43.78,30126.13,12437.85,71.34,8273.06,23427.99,4.5,55.5,0.0,791654.02,2.12,61.53,1609511.62,48975.99,8.43,133.68,1.8,0.0,387
49.86,1984.31,1.75,44.36,31478.93,15427.26,70.62,8600.03,23566.29,4.36,55.87,14882.05,965003.0,2.44,43.51,1424624.28,20404.63,44.23,0.0,1.9,0.0,386
50.9,1944.26,4.9,44.39,30768.34,13805.31,71.23,8842.09,23886.24,4.33,55.88,3318.12,2716.59,1.55,34.52,1970154.52,32684.62,908.82,421.46,1.9,0.0,388
56.5,1911.98,7.02,44.95,31729.3,16504.22,72.79,8892.84,24039.63,4.25,55.65,1481.16,0.0,0.45,23.54,1335360.05,36963.16,668.89,557.66,1.8,0.0,387
54.36,1915.99,4.61,45.4,35032.02,17026.34,73.88,8841.19,24171.16,4.06,55.73,0.0,0.0,4.57,0.0,1118743.7,77544.64,581.11,383.68,1.8,0.0,386
50.99,1953.15,6.65,45.25,27454.5,15862.33,73.84,8861.35,23969.7,3.65,55.75,24842.13,0.0,0.38,87.56,1536983.57,60689.51,990.96,325.4,1.9,0.0,386
50.49,1917.4,9.08,44.24,21148.72,15364.38,73.19,8761.06,24155.78,3.77,55.86,13177.8,81761.21,1.4,33.05,1753735.95,3896.29,1929.04,186.42,1.9,0.0,384
59.93,1949.91,6.41,46.05,28824.22,14833.1,73.64,8683.57,24584.67,3.4,55.77,36.24,0.0,6.97,1.44,1709382.32,0.0,1498.28,332.25,1.9,0.0,383
63.35,1988.64,5.45,46.03,30193.03,15804.72,73.79,8660.93,24482.3,3.33,55.99,17160.15,472517.99,7.84,0.87,1736059.82,0.0,1971.82,0.0,1.9,0.1,380
63.11,1967.76,4.93,46.95,31431.08,12436.82,73.14,8807.12,24541.16,3.69,56.29,5683.77,1954679.75,6.73,0.0,1137465.92,0.0,2544.61,548.34,1.9,0.1,380
57.29,1921.72,4.7,46.37,29489.27,13141.06,74.48,8662.0,24532.52,3.74,56.24,0.0,1771292.84,7.17,0.0,1866142.3,55377.53,1858.54,566.96,1.9,0.1,381
56.99,1890.15,5.42,45.02,34616.71,12326.94,74.37,8891.67,24593.85,3.3,55.79,0.0,1794263.6,7.05,0.0,900002.23,61419.51,1547.7,1209.89,1.9,0.2,379
49.56,1872.48,7.02,46.98,30186.72,11967.84,73.47,8416.0,24692.76,3.27,55.67,0.0,2560514.78,4.67,17.22,0.0,49711.69,1521.75,1171.88,1.9,0.2,377
50.55,1889.95,7.08,46.81,23914.31,10307.88,71.89,8565.68,24799.86,3.4,55.65,0.0,1612816.27,4.43,21.67,0.0,59719.36,1358.85,1073.69,1.9,0.2,377
45.09,1881.5,6.34,47.68,24867.21,10685.31,71.3,8686.15,24579.12,3.27,55.94,13512.47,446569.34,0.0,20.35,0.0,78202.27,1235.81,1004.48,1.9,0.3,384
44.79,1903.92,6.32,47.05,21644.93,9585.68,70.9,8708.43,24419.36,2.51,55.92,10589.91,1239113.15,0.99,0.0,0.0,45105.71,795.23,1194.04,1.9,0.3,381
49.68,1932.68,3.43,48.23,23631.18,10985.19,70.77,8910.69,24143.19,2.75,56.0,0.0,2294559.78,1.46,20.3,0.0,118196.95,118.94,1381.28,1.9,0.2,383
54.08,1904.64,5.19,48.94,20053.73,14081.62,70.19,8682.25,24259.26,2.52,55.92,6461.82,1890225.08,3.44,14.98,226150.44,145672.78,558.67,1464.14,1.9,0.2,381
48.29,1912.41,3.99,49.26,25960.03,11180.36,70.19,8312.13,24159.5,2.67,55.72,0.0,2438339.87,0.0,47.94,0.0,125337.66,268.87,1776.29,1.9,0.2,382
42.01,1896.67,3.98,47.71,22657.96,11168.2,71.36,8232.91,24399.43,2.41,55.28,50850.35,1730082.35,0.0,0.0,776384.58,98662.75,160.32,1498.02,2.0,0.2,387
43.88,1935.48,5.28,47.32,21018.39,12235.38,72.24,8117.14,24411.18,2.78,55.78,65838.23,2639559.95,0.0,21.52,1608131.02,56187.21,0.0,1867.37,1.9,0.1,389
49.85,1951.89,5.22,46.55,24060.93,15114.51,72.78,8595.99,24196.9,2.76,55.57,27492.88,2203856.95,1.11,35.27,2857763.87,68632.52,638.54,1647.4,2.0,0.2,389
45.89,1940.0,5.62,46.86,28773.37,15792.4,73.06,8412.35,24288.51,3.24,55.75,37564.67,2542661.49,0.0,20.56,2016460.35,58170.28,389.81,1825.19,2.0,0.1,392
44.76,1948.4,6.19,45.4,35520.83,16648.2,74.51,8247.19,24302.73,3.17,55.71,0.0,2279747.51,0.0,30.21,400650.12,0.0,802.94,1415.79,1.9,0.2,391
49.26,1947.11,9.7,44.74,43854.87,16271.79,73.22,8351.67,24360.26,2.82,55.36,0.0,2199528.95,0.0,56.18,93126.37,0.0,1215.79,1234.9,2.0,0.2,390
48.86,1963.11,8.48,43.9,45146.3,15820.47,73.45,8568.28,24318.84,2.81,55.15,11457.4,2131391.2,2.38,36.52,0.0,32563.72,1219.9,799.27,2.1,0.1,390
43.92,2013.66,5.91,45.37,42713.42,15085.83,73.76,8656.0,24117.06,2.58,55.3,0.0,1513386.08,10.04,9.86,823804.5,11076.61,1352.7,927.38,2.1,0.1,393
42.51,2013.13,6.15,44.15,39602.76,15296.0,73.54,9111.75,23959.4,2.91,55.48,0.0,819597.89,6.52,0.0,0.0,0.0,462.94,1257.12,2.1,0.1,393
44.44,2044.98,5.2,44.45,42232.22,13131.42,76.14,8990.82,24032.02,3.21,55.65,1115.02,826712.14,1.58,0.0,412485.11,20139.34,1067.8,1069.09,2.0,0.1,394
49.1,2029.28,6.63,48.31,41241.12,11306.5,75.44,9013.8,23725.68,3.18,55.65,41493.63,1540361.16,3.63,0.0,1026513.84,46591.66,1095.99,395.17,2.0,0.0,388
49.34,1999.22,10.0,47.69,46415.91,9348.6,74.89,8921.96,23612.08,2.99,55.49,29220.73,2473715.1,4.09,15.84,1299661.89,65762.19,949.37,272.48,2.0,0.1,389
48.56,2014.91,9.03,47.37,41791.84,9877.04,75.91,8842.96,23735.39,2.57,55.34,18593.67,1657503.53,3.54,6.06,1232013.98,64535.25,385.29,143.29,2.0,0.1,388
46.16,2018.53,10.8,48.07,43074.24,11759.96,76.84,8982.98,23931.12,2.87,55.0,0.0,1555103.46,3.2,0.0,1661016.56,0.0,117.76,5.94,1.9,0.2,384
44.42,2035.02,10.85,46.46,44853.32,12671.72,78.35,8960.46,23948.3,2.62,54.81,0.0,2196013.59,2.77,18.03,2474691.14,0.0,803.46,61.76,1.9,0.1,382
47.39,2087.93,11.38,47.67,41900.93,12040.23,77.16,8753.32,23560.12,2.44,54.69,0.0,1997637.28,3.32,18.51,1799349.16,0.0,452.8,0.0,1.9,0.1,384
51.02,2066.57,9.77,46.51,32675.26,14019.46,76.64,8417.51,23488.56,2.25,54.75,28228.26,1541351.42,0.0,14.47,1502687.64,0.0,128.49,108.46,1.9,0.1,385
49.21,2039.12,10.97,46.94,36751.7,16072.01,76.74,8590.32,23269.1,2.37,54.74,68294.85,1918416.73,0.0,25.41,1461780.86,20511.76,0.0,246.19,1.9,0.1,383
47.03,2059.52,8.7,45.64,35731.44,14659.14,75.72,8563.73,23098.21,2.16,55.32,70264.88,1235017.39,1.11,39.68,1966266.92,17200.94,551.12,0.0,1.9,0.1,384
43.82,2052.77,7.34,45.3,40359.43,16114.5,74.76,8296.21,23183.45,2.23,55.1,87246.85,1310094.44,2.02,4.91,2507842.86,0.0,947.87,337.41,1.9,0.2,384
45.12,2049.15,11.37,46.77,42640.91,14472.57,74.84,8120.25,23515.78,2.34,54.79,76408.65,656269.09,2.12,0.0,2224718.04,31077.14,838.48,200.98,1.9,0.2,381
47.05,2071.83,11.24,46.62,44266.72,15234.58,75.4,7715.56,23297.69,2.66,54.42,75635.61,398753.9,0.0,12.51,2097261.47,106009.11,457.65,669.78,1.9,0.1,383
49.94,2057.35,10.71,45.78,38166.59,16367.37,75.1,7781.17,23498.61,2.73,54.13,98281.12,463629.69,0.0,25.23,2012084.8,121776.87,719.36,837.6,2.0,0.1,382
45.43,2088.03,9.58,45.2,28330.78,16664.96,75.14,7534.55,23705.94,2.6,54.97,68654.55,185155.02,0.0,57.7,1542242.1,81949.97,1026.88,310.13,2.0,0.2,383
48.86,2093.09,11.26,46.54,31081.69,17811.48,74.35,7807.76,23574.78,2.52,54.16,69041.76,0.0,2.93,62.59,2119246.88,35300.34,1455.13,975.18,2.0,0.2,383
46.98,2094.52,8.33,45.91,22133.35,16245.53,74.89,7982.9,23685.91,2.59,53.79,48984.61,0.0,0.76,72.11,1315195.09,12734.5,245.62,773.99,1.9,0.2,381
47.98,2071.88,10.15,46.37,14177.13,14027.53,74.89,7829.35,23144.16,2.96,54.16,55471.08,0.0,1.78,46.85,1326661.13,0.0,1031.66,195.43,2.0,0.2,380
49.09,2075.77,11.28,46.56,12259.05,14229.11,76.28,8178.73,23500.64,3.13,54.47,77783.09,0.0,0.0,45.16,669496.56,0.0,573.79,998.87,2.0,0.2,378
41.73,2038.18,12.34,46.74,18232.1,15479.72,75.55,8484.2,23478.81,3.44,54.67,19105.81,0.0,0.0,71.71,628059.92,0.0,736.39,716.5,1.9,0.3,379
41.87,2017.28,9.23,45.11,26813.12,14626.66,75.42,8020.61,23315.86,3.49,54.82,62534.4,857300.58,0.0,76.62,402460.75,77612.29,1263.91,702.24,1.9,0.3,381
49.64,1952.26,9.27,44.59,36513.99,17094.3,75.32,8380.91,23830.82,3.39,55.5,52440.82,652096.92,2.29,59.65,472878.72,120557.57,1143.51,94.59,1.9,0.2,383
52.69,1993.53,9.91,45.89,32376.73,18018.53,76.76,8218.48,24272.04,3.14,55.2,52488.44,1035587.81,4.35,29.68,760508.42,82317.8,281.88,0.0,1.9,0.2,385
46.32,1999.12,7.62,46.49,29096.78,15872.08,77.07,8101.85,24201.27,2.49,55.42,66349.28,935546.82,0.0,59.73,286967.74,58098.28,1463.11,0.0,2.0,0.2,385
48.15,2004.51,7.65,46.27,37203.79,13634.6,77.5,8299.67,24354.85,2.82,55.33,7281.81,803890.49,0.0,35.63,0.0,36655.73,1002.77,0.0,2.0,0.3,386
47.7,1997.75,6.73,46.23,36190.13,12478.05,78.39,7981.17,24489.6,2.77,55.78,15279.69,519521.47,0.0,34.88,0.0,8100.16,13.22,0.0,2.0,0.3,381
47.6,2008.27,6.29,45.41,33413.21,11969.54,77.31,8060.43,24939.03,2.56,55.58,11738.14,81459.83,2.9,0.0,0.0,40382.75,0.0,0.0,2.0,0.3,382
44.76,2014.4,5.6,46.21,40729.68,8274.19,76.99,7725.44,25349.31,2.46,55.69,9159.29,0.0,0.04,44.12,698656.05,107969.41,87.42,130.97,2.0,0.2,380
46.01,1986.8,6.16,46.27,40844.8,11898.14,76.6,7965.89,25615.8,2.84,55.89,0.0,189725.22,0.0,53.84,848003.12,96910.82,650.96,0.0,2.1,0.2,380
46.11,1996.79,8.1,46.24,40209.25,12359.85,77.7,7933.09,25403.83,3.21,55.8,30061.23,0.0,0.0,87.3,354765.7,81278.78,742.05,0.0,2.1,0.2,380
52.1,2033.22,6.52,46.23,42376.01,15120.02,77.8,8044.24,25370.32,3.31,55.43,30742.28,926980.31,0.0,81.09,218485.71,0.0,700.61,135.4,2.1,0.1,378
55.06,2075.54,8.22,44.64,45138.65,14021.78,76.86,7980.07,25350.16,3.47,55.34,24107.68,1118343.95,1.5,102.58,0.0,5017.03,117.32,137.84,2.1,0.1,377
48.27,2004.4,7.6,44.28,39672.77,16226.4,75.83,8321.42,25526.41,2.84,55.31,10075.95,0.0,0.0,110.58,1392194.09,40771.97,322.16,149.37,2.2,0.2,376
40.38,1943.82,9.06,44.39,39413.22,13180.38,75.05,8250.76,25377.86,2.71,54.99,0.0,776570.65,0.65,113.22,672174.74,0.0,69.98,0.0,2.2,0.3,378
53.24,1962.58,7.64,44.91,47347.93,16312.46,74.52,8306.31,24906.63,2.93,55.4,1160.36,311926.46,1.51,110.49,699398.71,10678.56,31.48,357.1,2.2,0.2,376
51.82,1982.95,7.49,44.28,46336.73,15560.59,75.23,8370.36,24740.81,2.96,55.69,0.0,558606.94,1.1,108.41,242655.08,17315.74,644.0,43.3,2.1,0.1,374
54.12,1943.83,6.76,45.11,46269.27,14834.98,75.28,8377.19,24619.05,2.86,56.18,21428.63,2014311.6,0.0,93.54,0.0,0.0,1564.43,0.0,2.2,0.0,373
52.21,1945.93,7.8,45.64,41959.27,14616.84,74.92,8167.7,24375.7,3.11,55.52,60926.24,1558519.94,0.0,102.0,1043890.87,44176.46,1641.93,386.13,2.1,0.0,372
57.05,1939.29,8.58,46.18,36018.81,13714.51,75.89,8018.95,24382.27,2.84,55.36,50683.52,907336.67,0.0,97.6,411428.79,12930.54,982.37,342.35,2.1,0.1,372
64.99,1917.28,9.56,45.27,30925.43,12698.15,75.65,8178.13,24502.69,2.57,55.04,19049.6,756489.29,0.0,62.23,600692.19,96015.5,640.42,191.57,2.1,0.1,375
59.89,1973.29,9.39,44.61,28036.96,12199.24,76.57,7923.88,24323.16,2.44,55.03,9163.45,0.0,0.0,53.92,176018.36,110417.88,1066.74,176.82,2.1,0.0,375
62.67,1961.5,7.78,47.2,37874.35,13326.08,77.17,7506.08,24145.35,2.36,54.97,0.0,0.0,1.02,63.31,1269615.3,70033.07,528.14,0.0,2.1,0.0,375
69.74,1955.86,7.61,45.44,38415.41,10416.95,77.33,7772.63,24446.58,2.14,55.01,14962.52,317229.57,0.0,0.0,1380608.45,58389.86,223.13,283.0,2.1,0.0,372
62.23,2020.86,8.25,45.63,36481.5,10681.23,77.84,7743.17,24537.77,2.13,55.52,32381.46,1068542.1,0.0,30.63,1044753.06,57859.62,1072.34,0.0,2.1,0.0,375
58.65,2068.04,6.05,47.18,41968.49,14300.91,76.1,7638.44,24808.09,1.72,55.02,14774.72,1075410.4,4.2,24.87,566423.41,64592.69,1207.41,179.94,2.1,0.0,374
63.34,2058.11,5.5,48.12,34659.38,14017.43,75.98,7639.48,24744.72,1.82,54.65,17450.56,169604.56,4.01,59.86,373277.8,17411.11,1021.87,0.0,2.1,0.0,379
66.26,2040.71,6.45,47.28,34389.68,13561.42,76.37,8035.32,24837.91,2.19,54.94,29464.66,0.0,7.9,100.6,239854.58,5876.5,1236.41,214.93,2.1,0.0,380
66.21,2049.07,6.75,46.7,39061.83,13849.07,75.73,8031.77,24380.94,2.22,55.13,34106.63,963859.43,6.03,101.54,796082.64,92884.02,1183.34,0.0,2.1,0.1,380
67.37,2069.42,7.92,46.63,34392.42,13861.05,75.92,8258.19,24430.78,2.19,55.26,51756.61,1098930.36,2.93,85.24,1370031.6,33911.78,11.52,520.66,2.1,0.1,378
67.93,2061.61,5.38,47.99,34799.54,13373.73,75.42,7834.64,24527.8,2.34,55.17,77779.4,156312.76,0.92,54.29,1057798.16,35534.66,285.79,370.77,2.0,0.2,384
65.94,2027.79,7.37,46.02,32626.3,12485.36,74.38,7840.26,24303.15,2.4,55.15,49859.23,0.0,0.18,70.43,877433.87,63929.98,597.35,536.7,2.1,0.1,383
70.95,2012.19,3.24,45.7,33177.12,8694.4,75.46,7753.64,24363.52,2.38,54.79,14296.17,0.0,3.02,59.67,480541.41,25298.8,1169.46,962.84,2.1,0.1,383
62.9,1999.24,2.63,43.66,38353.01,8508.38,76.27,8016.21,24462.91,2.59,54.66,61197.99,77883.77,3.37,37.69,0.0,42835.06,1163.05,605.34,2.0,0.0,385
58.55,1985.77,5.0,42.7,33644.31,8235.0,77.3,8473.62,24588.45,2.81,54.56,103421.31,278744.24,5.12,32.91,0.0,100044.93,1319.82,1017.08,2.0,0.0,383
57.81,1966.76,3.54,44.4,30571.73,9435.93,77.12,8318.46,24842.5,2.5,54.69,94502.73,256424.45,0.94,53.82,560095.1,65238.33,1537.54,1023.28,1.9,0.0,385
58.03,1952.23,2.64,43.98,28472.58,8901.42,75.36,8550.72,24957.26,2.2,54.77,56675.22,113141.88,0.0,38.37,1857674.05,44045.52,959.49,665.26,2.0,0.0,383
62.92,1961.17,3.31,46.51,30215.23,8664.82,75.02,8268.67,25114.93,2.42,55.1,80234.97,0.0,0.0,34.87,1084865.38,47626.39,1445.03,550.79,2.0,0.0,385
58.34,1904.49,4.25,47.41,32717.7,8571.1,74.06,8372.38,25014.11,2.43,55.57,43373.91,1116388.86,0.09,0.0,880368.4,79017.04,1103.99,36.19,2.0,0.0,386
60.4,1886.35,3.45,47.93,28181.16,7793.05,73.2,8430.52,24963.75,2.29,55.48,77203.25,416879.93,0.0,15.21,751423.42,46135.31,1326.19,337.81,1.9,0.0,390
61.36,1916.55,5.32,47.56,32777.21,9976.67,73.83,8337.9,24892.06,2.2,55.42,34957.8,0.0,0.0,0.0,384422.21,37669.11,1389.28,629.32,1.9,0.1,391
61.86,1928.47,5.76,48.52,38863.32,12807.64,73.98,8443.97,25077.97,2.11,55.27,30248.6,591450.34,2.42,0.0,0.0,45104.4,778.06,98.1,1.8,0.1,392
60.35,1940.12,7.3,46.37,40445.36,13085.97,74.51,8315.31,24780.53,2.23,55.66,48499.02,250329.78,0.0,0.0,933580.1,8566.62,556.98,544.36,1.7,0.2,390
54.17,1937.93,6.02,46.69,35825.43,10319.81,74.35,8021.99,24743.12,1.99,55.44,46145.45,137408.31,0.67,20.97,113374.72,9286.61,0.0,580.72,1.7,0.1,389
58.51,1930.06,4.63,46.67,28388.67,9946.0,75.35,8071.6,24272.24,1.62,55.41,62050.34,0.0,1.76,55.42,1402892.71,24013.22,314.66,0.0,1.9,0.1,386
56.29,1975.71,7.73,46.61,33981.82,10740.17,74.41,8411.85,24136.92,2.19,55.69,69028.05,1148731.52,7.38,46.2,740025.24,0.0,1457.05,0.0,2.0,0.0,389
52.57,1943.32,7.09,45.84,36684.73,11265.72,74.93,8328.56,24012.85,2.11,56.13,64716.73,0.0,4.91,45.32,1907850.54,41003.56,833.96,811.37,2.0,0.1,385
42.39,1910.07,2.41,48.07,37033.14,10332.39,75.24,8358.99,24178.37,2.52,55.88,31947.09,548382.84,6.29,44.67,3117157.92,23535.28,315.33,862.21,2.0,0.1,383
42.0,1968.72,2.3,46.79,42210.78,9339.32,74.59,8466.44,24385.97,2.87,55.55,42965.46,238657.74,3.76,72.31,2366246.11,34233.05,405.86,429.93,2.1,0.1,379
44.46,1948.4,4.24,45.0,38815.05,10728.34,74.63,8597.05,24044.73,3.28,55.61,72446.52,779103.67,3.17,32.2,1718840.01,90111.7,1101.99,206.58,1.9,0.1,379
44.37,1965.41,5.59,46.14,40024.15,8491.04,74.35,9032.81,24153.49,3.29,55.61,72632.37,0.0,2.07,29.97,2372022.77,82598.29,167.25,351.97,1.9,0.0,378
47.57,1999.1,6.21,46.71,41191.45,9595.31,74.93,8408.04,24190.49,2.92,55.83,57973.65,70581.88,0.0,55.05,2500531.55,94381.37,0.0,91.12,1.9,0.0,379
39.13,1981.75,8.51,46.98,40620.12,13511.15,73.03,8214.85,24113.99,3.12,55.93,26579.81,710421.84,0.0,81.35,1527007.57,80127.27,0.0,453.74,1.9,0.0,380
43.13,2003.2,8.32,46.28,37497.6,13742.84,73.46,8191.42,24137.55,2.66,55.97,27475.26,1256634.0,0.01,28.26,1139273.29,65277.75,433.52,0.0,1.9,0.0,379
44.58,1981.55,6.88,45.7,33000.44,14979.57,73.05,8012.27,24526.06,2.91,55.33,3322.72,1265551.32,0.87,0.0,1799207.03,89230.26,670.61,472.32,1.9,0.0,383
50.06,1957.5,7.51,44.93,35380.12,15703.64,72.18,8024.57,24539.66,2.77,55.37,24163.04,1109398.62,1.33,38.95,1913102.12,87313.07,147.17,654.8,1.9,0.1,383
42.66,1914.45,8.18,44.37,37058.82,15746.41,72.41,8040.39,24312.97,2.75,55.16,10845.75,800943.84,0.54,60.27,1616599.7,115041.41,958.84,868.64,1.9,0.1,385
44.25,1948.56,8.58,44.13,40829.5,15746.82,72.65,7973.8,24337.62,3.01,55.37,18639.06,1092390.71,3.82,50.96,721671.97,148508.32,607.8,556.89,1.8,0.1,381
42.13,1967.12,9.07,43.6,38776.01,14223.58,72.51,8073.64,24217.89,2.9,54.93,45796.36,1286407.52,5.34,79.89,150278.08,117748.09,0.0,1515.34,1.8,0.1,379
47.54,2016.33,8.43,42.76,37006.84,10788.78,72.79,8275.4,24214.28,2.79,55.08,54948.48,150142.73,4.78,133.78,0.0,101340.88,1037.08,1679.7,1.8,0.1,379
44.93,2007.28,7.58,43.28,32390.87,9370.76,73.02,8635.3,24236.07,2.69,55.26,42648.29,1299773.26,4.06,135.2,0.0,108391.05,1079.52,1448.72,1.8,0.1,380
48.41,1998.19,7.63,43.55,32791.1,9866.16,73.27,9148.33,24302.94,2.86,55.34,29440.76,1932745.73,2.69,145.47,0.0,62185.81,1161.06,917.63,1.9,0.0,380
42.85,2068.19,5.04,43.83,38465.29,12241.88,74.14,8949.05,24578.81,3.08,55.34,31473.41,1512617.42,0.0,158.86,931041.8,25617.94,968.98,773.2,1.9,0.0,382
40.95,2031.02,6.76,43.55,31003.05,11856.72,73.94,9174.16,24723.47,3.32,55.51,51787.72,925155.03,0.0,113.29,729211.71,50484.68,950.89,1115.09,1.9,0.0,379
42.81,2041.22,6.25,44.42,26208.63,9666.8,74.48,9405.33,24441.68,3.55,55.44,8950.68,159922.44,0.05,89.53,0.0,0.0,441.48,1048.74,1.9,0.0,380
48.3,2040.77,5.95,45.57,22132.77,10079.12,74.33,8973.7,24323.57,2.88,55.88,0.0,1139039.22,0.15,94.12,0.0,11720.85,762.25,1142.69,2.0,0.0,379
42.09,2043.78,7.32,47.3,25126.72,9573.74,73.03,9086.96,23933.15,2.76,55.69,0.0,1041676.12,0.5,21.8,84681.81,0.0,1076.05,833.02,1.9,0.0,378
48.31,2037.74,7.49,48.29,25622.7,11547.35,73.8,8692.65,24290.17,2.38,55.83,0.0,1297968.45,5.33,16.66,0.0,26081.27,808.31,1327.79,1.9,0.0,377
44.82,2010.9,6.69,47.32,23174.9,15349.94,73.1,8659.46,24408.11,2.59,55.69,0.0,1426058.83,5.24,11.11,0.0,9777.4,169.34,954.57,1.9,0.0,381
43.5,2025.02,6.9,48.44,27396.38,13671.49,71.96,8665.94,24272.15,2.35,55.25,4352.04,2168240.35,3.39,28.11,8416.41,0.0,573.38,500.79,1.9,0.0,383
40.22,2026.91,5.52,47.42,9483.66,17144.81,72.79,8444.18,24030.96,2.27,55.4,0.0,1810130.61,7.55,0.0,134709.18,82910.34,865.14,504.91,1.9,0.0,386
40.15,1966.62,4.96,46.06,11381.35,16381.44,74.0,8563.87,24118.4,2.34,55.06,0.0,1658489.59,8.52,0.8,0.0,91348.42,752.92,1006.57,2.0,0.1,387
36.41,1984.44,5.53,46.61,16944.95,16857.54,76.22,8503.05,24334.56,2.27,55.26,24852.95,1680261.23,11.64,0.0,0.0,89525.78,1142.93,951.91,2.1,0.1,384
39.84,1980.09,6.23,46.39,17423.12,16428.27,76.0,8403.14,24278.18,2.23,55.45,26347.44,2833461.65,10.33,0.0,1817135.28,95156.44,1529.47,1037.24,2.1,0.1,381
43.0,1943.53,5.86,45.45,21390.52,16709.86,76.16,8443.02,24145.2,2.23,55.62,50633.82,1772822.05,4.75,0.0,2301449.26,128529.09,894.01,1018.82,2.2,0.1,384
48.29,1923.38,5.52,45.47,23469.42,17869.29,76.25,7797.69,23883.4,1.72,55.58,49485.06,1728753.25,1.52,20.81,2498553.69,68772.08,81.33,904.98,2.3,0.2,385
45.65,1953.58,4.88,44.62,13759.07,17568.49,75.5,7888.17,23453.0,1.91,54.85,70829.79,1834406.08,0.57,35.65,1560919.97,65340.93,528.76,0.0,2.2,0.2,384
52.43,1926.29,4.1,42.65,24161.65,16761.79,75.01,7933.7,23705.73,2.12,55.57,72273.68,1332294.83,0.0,23.83,422294.34,61264.54,903.39,0.0,2.1,0.2,381
43.64,1902.33,2.19,43.47,23451.71,16118.13,75.86,7837.78,23949.8,2.61,55.36,80957.25,1039473.97,2.44,0.0,0.0,42418.05,379.85,0.0,2.1,0.2,380
41.31,1903.07,1.62,42.74,16454.72,16028.0,75.22,8105.54,23688.96,2.48,55.79,44177.24,793745.08,0.0,0.0,1084393.46,46460.05,449.68,0.0,2.1,0.2,383
45.49,1883.21,2.6,43.86,9581.03,14069.59,75.82,8314.11,23445.92,2.72,55.69,58233.84,346230.18,1.71,25.15,767689.79,44426.91,115.23,566.5,2.1,0.1,381
46.8,1915.92,1.19,46.09,14475.62,14914.1,75.56,8310.87,23534.4,2.99,55.59,69814.28,86172.42,1.97,4.39,1521168.66,12319.65,0.0,419.96,2.1,0.1,380
53.16,1902.33,2.04,45.14,19209.35,14869.58,75.29,8554.48,23502.98,3.1,55.3,62422.25,0.0,0.0,5.21,2551764.67,18370.61,892.55,466.35,2.1,0.2,381
50.14,1924.72,2.14,43.01,25862.29,16587.31,76.63,8600.07,23561.73,3.26,55.48,96321.9,25264.46,0.0,0.0,2594694.86,0.0,1208.9,623.16,2.1,0.2,384
53.84,1915.37,1.81,42.4,29553.31,14736.44,77.18,8828.64,23478.87,3.13,55.41,105269.05,1038508.88,0.0,0.0,2107096.88,0.0,842.84,705.32,2.1,0.1,390
54.48,1926.36,0.85,43.13,29037.78,11759.24,75.94,8911.66,24003.28,3.16,55.64,85488.31,882861.42,2.88,46.1,2714826.53,0.0,742.2,727.18,2.1,0.1,391
58.06,1977.16,1.07,41.98,31266.88,15190.23,75.36,8959.45,24186.0,3.14,55.54,48454.82,0.0,0.0,32.77,3098545.4,623.19,429.07,372.57,2.1,0.2,392
59.47,1937.07,1.23,44.6,37060.68,12699.7,75.2,8931.86,24034.12,2.47,55.49,20549.81,0.0,0.0,28.01,2702961.25,0.0,313.35,0.0,2.1,0.0,390
61.97,1913.96,2.82,45.97,19369.31,12773.33,72.83,8806.99,24064.1,1.85,55.92,25112.82,0.0,3.87,0.0,1570882.4,0.0,1232.59,145.16,2.1,0.0,390
60.61,1929.35,3.34,45.22,20981.72,13507.5,73.18,8414.36,23807.69,2.26,55.7,36859.14,0.0,0.0,0.0,1265198.68,0.0,1758.64,219.74,2.2,0.0,384
63.5,1895.54,3.95,44.4,33529.67,15974.23,72.8,8365.19,23924.69,2.55,55.61,4447.5,0.0,0.0,35.14,1429608.69,0.0,1880.78,102.21,2.2,0.1,383
64.9,1886.92,4.0,44.57,32267.24,19688.31,72.83,8473.88,23565.91,2.69,55.82,0.0,0.0,0.0,33.88,1762585.13,76045.82,1466.82,0.0,2.1,0.1,384
60.52,1919.74,4.83,44.74,27575.82,18191.34,71.17,8492.3,23673.18,2.74,55.83,10274.28,0.0,0.14,0.0,1192573.46,70742.12,935.84,313.73,2.1,0.1,384
62.14,1950.86,5.85,42.54,34291.87,20094.11,71.3,8508.13,23571.11,2.22,55.51,0.0,0.0,0.0,0.0,1081630.43,36953.8,1128.6,523.39,2.2,0.1,384
57.88,1961.32,6.21,42.4,37905.19,17088.31,71.6,8588.85,23611.46,2.24,55.4,0.0,755930.0,0.0,11.71,1264319.93,1869.1,1055.62,193.39,2.2,0.0,382
51.75,1926.71,8.24,43.44,37691.5,15705.24,72.76,8366.66,23873.58,2.08,55.17,20084.58,1212541.26,1.58,0.0,858405.58,11488.94,529.21,641.25,2.0,0.0,381
39.86,1896.28,8.65,43.76,44825.09,18009.24,73.37,8417.48,23943.05,1.47,54.77,19835.68,1452071.69,2.11,0.0,1416212.98,66957.5,981.56,900.13,2.0,0.1,381
43.61,1916.81,7.99,43.06,42437.83,19085.07,73.2,8582.91,24143.52,1.58,55.17,7607.62,2191454.1,2.95,3.17,699813.06,58067.51,791.25,402.27,2.0,0.0,382
50.08,1892.32,9.91,43.27,35850.14,19637.62,73.06,8518.07,24073.42,1.53,55.34,0.0,1053301.84,3.96,0.0,0.0,96208.69,129.76,0.0,2.0,0.0,382
48.88,1909.93,8.2,45.19,27691.73,19612.83,73.79,8320.1,23883.3,1.97,55.03,0.0,1479387.59,3.47,0.0,1214684.07,67170.62,0.0,120.71,2.0,0.1,378
52.58,1938.36,7.58,46.07,33063.64,16704.72,75.29,7983.45,23698.19,2.01,55.53,0.0,1290355.45,6.73,0.0,338939.5,46511.78,749.63,164.26,2.1,0.1,377
52.52,1920.48,6.33,50.83,38060.41,17777.64,74.69,8356.48,24011.74,2.61,55.93,0.0,483334.25,3.08,0.0,574200.4,23615.59,1740.15,786.94,2.1,0.2,381
50.39,1874.84,5.89,49.31,38161.48,17469.8,74.72,8453.17,23791.1,2.73,55.68,5379.44,1036949.69,0.0,0.0,485875.63,6028.1,1991.65,477.85,2.1,0.1,383
48.42,1901.08,8.48,48.64,42870.6,19708.44,75.51,8421.46,23994.35,2.39,55.37,0.0,2276968.61,0.0,0.0,0.0,29398.89,1824.21,792.27,2.1,0.0,381
54.41,1905.91,9.62,47.98,36255.59,18490.71,74.61,8278.89,24074.14,2.57,54.9,0.0,1635695.78,0.0,6.97,0.0,78602.32,2208.22,1089.89,2.1,0.0,381
53.24,1899.34,7.38,47.54,33510.17,19022.73,75.13,8508.82,23834.29,2.7,54.72,0.0,1185363.41,2.82,0.0,1096228.11,90696.91,1738.08,1335.91,2.1,0.0,385
53.94,1910.28,5.91,48.5,35880.38,19381.53,74.64,8648.07,24087.89,2.52,54.39,15424.94,116158.32,2.81,0.0,1801820.14,67379.32,2094.33,1010.32,2.1,0.1,382
54.67,1991.49,5.91,48.09,39279.75,18757.01,73.28,8829.26,23689.27,2.44,54.8,3832.26,0.0,4.71,0.0,809442.71,71368.81,1747.59,500.6,2.1,0.1,381
52.88,2000.51,7.44,47.38,41486.07,19054.47,74.17,8752.97,23580.25,2.36,54.92,51266.28,0.0,6.13,0.0,835204.38,119031.05,1929.74,68.1,2.1,0.2,381
47.82,1974.21,8.08,48.15,40110.16,22325.95,74.88,8628.53,23507.95,2.15,55.02,30814.46,1055650.44,9.08,19.76,16016.84,81496.04,2331.96,0.0,2.1,0.2,381
45.36,1970.95,7.92,48.86,34327.46,20779.51,74.87,8713.7,23426.94,1.89,55.19,0.0,1719838.98,7.31,0.0,0.0,87100.2,1773.48,45.42,2.1,0.2,379
44.94,2007.92,9.82,46.14,39504.3,20275.7,75.56,8530.46,23176.92,2.16,54.92,0.0,723335.41,7.81,7.14,585504.68,102208.38,1355.04,55.12,2.1,0.2,377
47.42,2030.4,8.03,47.41,38914.07,19833.12,74.07,8109.89,23367.36,2.45,54.75,44100.91,1107548.8,4.25,10.43,2188438.55,46848.48,1477.25,0.0,2.1,0.2,377
52.55,2079.69,7.72,47.96,34818.37,19106.38,74.0,8301.15,23752.71,2.46,55.19,77897.98,1501239.37,2.26,0.0,1405399.34,77987.26,705.1,255.18,2.0,0.2,378
57.79,2093.16,9.31,49.16,35084.75,16626.92,73.26,7856.06,23598.07,2.51,55.02,61580.75,1623524.61,1.13,0.0,1234988.62,38536.09,522.51,684.77,2.0,0.3,382
54.34,2045.27,8.64,49.84,32075.27,17785.78,74.41,7754.37,23552.52,2.73,55.05,34385.45,1220842.67,0.78,0.0,1624271.84,19979.81,0.0,613.45,2.0,0.3,381
49.27,2047.2,7.24,48.32,34621.02,15691.4,73.28,8194.72,23778.37,2.66,55.05,42663.74,1673382.51,0.0,12.94,1125243.04,14543.03,140.4,558.32,2.0,0.3,378
43.89,2025.74,9.44,46.95,33120.65,14707.87,73.04,8242.88,24143.39,2.78,54.83,108893.94,1521514.44,0.0,50.68,725615.96,75992.12,0.0,970.3,2.0,0.3,383
40.24,2050.83,6.91,45.57,28806.68,15515.41,73.29,8211.05,24189.3,2.93,55.03,121491.34,2436658.14,0.0,33.33,1092089.61,28072.05,0.0,1182.95,2.0,0.2,380
42.02,2068.63,8.2,45.66,39497.78,15240.24,73.38,7678.21,24103.26,3.12,55.44,81512.06,2400363.99,2.76,32.19,0.0,36986.36,442.85,741.95,2.0,0.1,375
47.58,2053.59,9.94,46.55,36520.58,15040.54,74.0,7970.03,24192.37,3.34,55.29,43133.43,2053472.36,2.9,0.2,0.0,51702.38,231.34,616.71,2.0,0.2,379
42.95,2026.87,10.4,47.02,35586.67,13204.45,73.55,7905.45,24258.5,3.7,55.07,9750.62,1732364.36,5.19,0.0,1023290.46,42111.94,0.0,52.17,2.0,0.2,380
40.4,2009.78,8.98,46.66,31586.19,11017.03,75.86,7672.16,24294.57,3.08,54.53,10976.77,1629090.13,7.74,13.79,847201.33,6218.62,814.19,380.01,1.9,0.2,381
40.53,2023.99,9.56,46.26,30170.16,13951.15,76.4,7776.39,23943.7,3.11,54.79,0.0,1587779.43,5.49,9.65,203381.9,4301.36,1452.37,219.47,2.0,0.1,383
42.07,2025.02,8.93,46.82,17291.96,11832.45,76.46,7419.15,23876.96,3.04,54.6,0.0,1564485.68,7.33,0.0,0.0,0.0,74.96,270.83,2.0,0.1,381
38.2,2017.18,9.52,46.77,20931.02,14079.87,75.59,7499.74,24276.46,2.94,54.33,0.0,819277.11,7.18,0.0,251910.83,0.0,0.0,367.15,2.0,0.1,380
36.87,2020.53,10.95,46.57,24714.88,13677.46,74.22,7818.44,24463.02,3.09,54.38,15838.02,1284335.88,10.38,28.85,330875.29,0.0,137.87,433.04,2.0,0.2,380
47.63,1966.46,10.67,45.52,16026.39,13524.76,73.12,7851.47,24437.51,3.32,54.08,37502.06,1202521.92,11.54,17.06,0.0,0.0,0.0,559.7,2.1,0.1,382
41.81,1971.59,10.78,43.92,17337.37,14845.24,71.02,8194.96,24483.02,3.42,54.11,0.0,1394407.97,9.59,18.89,784540.31,31490.78,1026.76,563.9,2.0,0.1,383
47.35,1932.56,9.97,45.89,18266.25,16307.57,71.94,8406.95,24276.55,3.1,54.24,0.0,1075526.88,8.83,65.27,1004664.16,53376.05,1518.51,210.26,2.0,0.2,383
52.48,1963.41,7.27,46.14,21031.35,16600.68,71.74,8150.37,24171.38,3.01,54.67,47978.47,1803663.46,9.78,33.37,662374.16,57161.72,1031.83,402.08,2.0,0.2,385
48.48,1988.82,6.03,45.0,25349.15,18249.87,72.55,8172.01,24247.64,3.0,54.42,8164.24,1537872.12,8.53,32.22,1079143.94,45202.37,1219.99,334.61,2.1,0.2,389
50.28,1980.22,4.7,43.49,21240.93,16340.1,73.17,8075.15,24286.49,3.29,54.49,61814.88,654164.97,6.86,17.17,1603253.75,0.0,369.96,289.16,2.2,0.2,385
45.41,2022.6,3.95,42.74,30353.19,17704.76,74.38,7903.51,23958.77,3.24,54.65,62258.02,1494427.26,1.27,40.15,722587.39,34832.71,134.85,24.85,2.1,0.1,385
43.02,2035.27,5.03,44.97,32426.29,18089.7,75.52,7825.54,23687.97,3.21,54.33,117666.02,2195047.22,6.79,39.3,1048446.47,17517.54,618.64,0.0,2.0,0.0,381
50.29,2073.15,3.17,46.43,37175.38,15113.24,75.07,7769.27,23929.0,2.81,54.4,82061.27,2201643.92,5.2,23.29,827173.73,91832.64,375.45,0.0,2.0,0.0,378
59.58,2048.25,2.98,46.45,45187.83,12409.47,75.21,8283.51,24003.39,2.47,54.33,75313.27,2721410.97,3.54,44.51,0.0,30852.48,135.57,498.28,2.0,0.0,379
62.84,2020.29,4.26,45.38,53290.87,11500.94,74.42,8396.62,24056.31,2.59,54.49,35408.37,3332641.25,5.37,76.16,0.0,45387.49,274.11,822.81,2.1,0.0,376
68.38,2027.24,3.59,45.82,42338.37,13661.42,73.28,8330.41,24135.98,2.88,54.6,46933.57,2867879.85,4.48,70.49,0.0,0.0,0.0,816.58,2.1,0.0,376
62.17,2005.52,3.44,45.75,42751.8,13544.67,72.66,8026.07,24699.51,2.56,54.52,53622.96,2706105.0,5.19,52.17,230727.45,6491.08,0.0,811.49,2.1,0.0,377
64.87,2025.36,5.87,43.78,45715.86,14681.47,72.25,8114.98,24852.68,2.36,54.71,68642.29,1709998.94,4.04,55.61,0.0,0.0,0.0,984.81,2.1,0.0,379
59.3,1974.49,5.29,45.24,46963.25,14694.56,72.27,8055.42,24784.32,2.13,54.66,52780.12,695379.64,1.24,61.34,81326.46,0.0,0.0,1379.71,2.0,0.0,378
58.17,1985.72,3.43,45.25,50753.74,17491.95,72.51,8095.7,25169.24,2.51,54.55,28671.69,1216672.36,0.0,83.53,362304.93,22773.31,0.0,1010.62,2.1,0.0,378
56.73,1988.3,2.32,44.65,44741.23,18421.79,72.12,7751.2,24615.97,2.15,54.97,24909.89,1386759.69,1.42,76.01,334303.39,60925.56,133.01,1344.88,2.1,0.0,378
52.83,2017.47,2.22,43.89,44418.48,17722.76,72.72,8226.54,24752.59,2.24,54.61,8116.9,1657134.37,0.0,122.94,368683.57,57832.01,0.0,1340.81,2.0,0.1,381
56.59,1973.58,2.96,45.42,45539.58,15698.46,72.48,8137.14,24549.16,2.71,54.16,24287.79,685685.62,0.0,56.67,30369.02,107358.33,192.83,795.99,2.1,0.1,381
64.12,1994.53,4.24,44.54,46667.6,15904.09,73.21,8012.14,24530.39,2.5,53.72,47051.18,0.0,0.29,60.26,313944.49,85457.63,359.95,866.03,2.1,0.2,382
62.38,1966.82,5.0,45.39,43441.52,16596.94,73.18,8191.52,24679.74,2.76,53.94,12713.72,0.0,1.82,117.42,119731.52,93204.49,85.52,464.09,2.0,0.1,385
51.43,1960.2,3.44,44.42,48708.81,16642.95,72.63,8078.38,24453.1,2.74,54.15,60846.54,0.0,1.46,95.31,794303.28,96185.23,429.41,543.7,2.0,0.1,386
55.11,1994.81,4.29,46.17,48086.33,16018.11,72.91,8101.41,24312.3,3.17,54.35,54326.97,284845.15,9.1,55.64,199082.94,36805.1,307.4,579.58,2.0,0.1,386
52.39,1999.11,5.96,46.79,50127.14,17549.32,73.39,8092.59,24139.35,2.99,54.31,65561.62,502083.89,9.58,21.19,1178236.15,20353.39,0.0,391.39,2.1,0.1,385
51.35,1990.68,4.8,46.73,52855.24,17631.4,72.69,8045.96,24038.84,2.96,54.77,51918.02,425935.55,12.83,43.99,1451081.38,91463.47,306.1,0.0,2.1,0.0,385
44.18,1975.13,4.39,45.68,47901.77,18836.29,72.4,8193.74,23866.15,2.87,54.89,17994.7,0.0,12.21,69.69,1256969.22,65730.83,398.06,56.74,2.1,0.0,382
41.68,1978.18,4.78,46.33,46787.4,16173.03,73.87,8472.51,23657.73,2.94,54.75,19065.13,683620.3,15.99,82.02,1335924.34,48049.86,489.55,521.52,2.1,0.0,379
45.16,1983.32,3.98,47.3,42371.8,15752.08,73.96,8367.49,23795.38,3.2,54.48,29184.64,736333.15,14.01,95.59,1242813.27,62278.1,836.03,321.23,2.1,0.0,379
44.67,1993.58,4.29,47.44,40682.44,13071.99,74.08,8365.57,23913.8,2.97,54.25,41370.62,513845.14,12.36,77.62,1127559.43,41209.67,282.74,463.36,2.1,0.0,380
43.16,1958.18,7.74,46.55,42518.7,16394.02,74.78,8287.24,23949.2,2.71,54.59,50192.19,180328.02,7.77,35.76,1677025.47,43625.3,408.07,170.05,2.0,0.1,380
48.05,1949.64,7.06,47.15,44635.66,17413.14,74.51,8413.46,24227.14,2.68,54.52,78142.25,0.0,8.27,32.48,299387.69,81649.04,0.0,0.0,2.0,0.1,379
49.07,1885.87,7.76,47.15,42463.13,17051.9,74.91,8385.17,23834.79,3.26,54.91,32688.66,0.0,6.41,58.77,0.0,55901.0,0.0,0.0,2.0,0.1,378
46.22,1914.66,8.01,47.48,39946.36,15808.36,74.77,8472.81,23437.51,3.28,55.0,29534.44,0.0,0.0,42.28,1242327.18,52278.64,0.0,44.42,2.0,0.1,378
48.66,1966.97,8.97,49.71,35357.18,18303.86,74.11,8516.2,23712.84,3.06,55.02,49197.12,0.0,4.4,4.1,2396311.28,84463.82,14.33,0.0,2.0,0.1,378
54.16,2019.13,8.69,48.14,32023.3,17486.73,73.37,8230.17,24234.42,3.09,54.8,63438.26,0.0,0.86,0.0,3191183.36,67074.72,0.0,425.48,2.0,0.0,378
55.81,2022.25,10.63,46.79,32214.17,15975.95,72.33,8422.05,24333.49,3.1,54.94,35979.84,0.0,0.84,33.27,3836535.52,89694.8,74.19,486.84,2.0,0.0,379
49.54,2011.0,12.05,47.47,27425.01,15682.89,72.01,8385.38,24539.45,3.21,55.61,62103.77,174349.12,2.5,26.67,2600735.18,127129.48,630.55,375.85,2.0,0.1,381
43.68,2011.11,10.82,48.36,33330.97,17632.11,71.51,8202.16,24729.9,2.98,55.11,66928.41,0.0,6.85,33.82,2390280.06,99189.0,1396.38,473.0,2.0,0.0,381
40.7,2031.9,7.54,47.76,36202.14,17745.75,71.4,8350.78,24470.33,2.93,55.27,69193.95,0.0,8.98,34.54,2591497.06,143167.14,1809.05,798.81,2.0,0.0,382
37.22,2030.44,7.55,48.04,34874.18,16098.32,72.4,8061.25,24743.78,2.84,55.29,73638.88,406218.41,3.93,54.0,2475634.11,103330.25,1219.77,611.32,1.9,0.1,385
41.12,2015.34,6.95,48.46,43373.29,14999.94,71.84,8417.99,24292.25,2.55,55.18,21604.66,1064187.41,5.61,34.78,3014070.65,143839.86,1039.33,414.71,2.0,0.1,385
48.2,2016.34,6.02,48.08,46925.87,11819.4,72.02,8686.53,24177.17,2.98,55.53,16750.06,615670.92,4.01,101.28,3859721.24,131039.98,636.76,428.91,2.0,0.0,385
54.05,1961.84,7.04,49.17,41780.97,14941.67,71.86,8716.31,24122.57,2.86,55.29,32749.51,1084313.47,3.25,54.88,3618862.76,130742.77,491.64,999.93,1.9,0.0,383
56.49,1935.11,5.45,49.63,42631.15,15514.1,72.88,8559.08,24060.94,3.05,54.89,0.0,713881.02,5.22,56.75,3710344.77,43498.21,636.24,1097.78,1.8,0.0,383
68.32,1882.84,7.29,48.56,32736.14,14572.0,73.36,8733.64,24451.25,3.37,54.65,29879.64,893449.33,2.72,46.39,2765903.0,42599.33,232.96,643.83,1.9,0.0,382
71.34,1888.91,6.58,48.8,31905.47,14738.01,71.55,8666.93,24035.16,2.95,54.35,0.0,482347.52,1.04,60.0,2571197.56,0.0,299.45,687.91,1.9,0.0,382
71.41,1859.44,6.06,49.92,39108.1,16089.88,72.42,8955.36,24470.62,2.88,54.19,0.0,2318889.53,0.0,42.54,1339177.79,8753.73,0.0,589.02,1.8,0.0,385
66.73,1872.32,5.73,49.43,37802.86,17108.08,73.72,8680.33,24371.46,3.09,53.94,0.0,2158786.3,1.31,21.26,835983.99,0.0,0.0,761.17,1.8,0.0,383
58.32,1909.74,4.96,49.03,29188.96,15587.14,74.45,9163.27,23935.94,2.98,54.21,0.0,2396391.2,0.0,25.57,445174.39,47808.35,0.0,573.63,1.9,0.0,383
49.66,1889.97,5.53,47.4,26786.2,16246.11,74.01,9201.97,24027.6,3.05,54.65,8535.94,3011695.08,2.41,11.92,1297007.74,54353.59,0.0,615.52,2.0,0.0,387
54.32,1915.61,4.11,46.9,27889.99,17127.91,74.6,9097.22,24085.43,3.19,54.48,52026.05,1384423.88,5.89,12.55,1831535.84,63483.85,233.72,739.22,2.0,0.0,388
49.3,1923.47,5.42,47.75,30814.84,16154.82,75.3,8831.4,24478.28,3.09,54.15,12867.3,1254954.8,5.38,64.61,954541.08,59671.68,0.0,510.02,2.1,0.0,388
51.15,1929.67,6.11,46.13,39404.62,18991.31,75.23,9257.09,24359.07,3.14,54.66,0.0,290318.66,0.33,111.2,541412.81,48396.88,0.0,775.41,2.0,0.0,388
46.69,1930.86,7.9,46.48,38916.24,18699.97,74.82,9528.95,24170.69,3.13,54.74,26682.01,960290.87,0.21,105.52,749617.83,0.0,0.0,504.88,2.0,0.0,389
47.31,1930.93,5.81,46.26,24424.4,17855.24,74.83,9390.4,23852.12,3.12,54.5,1392.04,1298764.5,5.49,94.58,179326.84,11033.73,532.26,666.5,2.1,0.0,388
54.23,1975.78,3.09,46.12,33095.64,21962.97,75.35,9144.14,23698.26,3.64,54.77,0.0,1034155.79,5.49,97.87,0.0,0.0,0.0,937.61,2.1,0.0,390
54.62,1971.79,3.68,46.08,39249.29,21377.55,74.8,9233.13,24039.42,3.15,55.21,9718.27,1100913.9,7.32,72.27,697499.21,0.0,0.0,517.34,2.1,0.0,392
58.96,2006.49,4.1,46.25,32023.38,21962.4,75.07,9207.51,24425.87,2.92,55.14,16976.84,426886.75,5.74,77.6,455732.5,51003.53,0.0,837.34,2.1,0.0,389
49.13,1979.93,5.7,46.05,37913.18,19906.22,75.55,8915.01,24195.14,2.86,54.95,0.0,305556.98,5.16,101.97,1073549.1,91179.62,422.17,856.98,2.0,0.0,389
55.4,1996.36,7.33,44.83,35315.56,19816.6,76.32,8786.97,24185.11,3.02,54.66,42449.72,0.0,0.0,90.51,2095499.98,102728.17,796.49,780.67,2.0,0.0,383
55.52,2026.83,7.5,45.58,42859.56,19581.47,75.96,8536.26,24620.06,3.11,54.46,5346.8,803398.34,0.0,127.91,58327.03,142375.61,981.65,740.47,2.0,0.1,384
51.07,1972.88,7.41,45.55,33426.95,18774.5,75.3,8497.6,24716.63,3.44,54.78,0.0,956125.44,0.17,78.23,384457.15,191562.57,910.23,159.28,2.0,0.0,385
53.2,1967.8,6.65,45.29,33211.0,16955.72,74.1,8702.71,24564.54,3.37,54.89,8593.82,160875.34,0.0,55.01,660023.21,141159.51,654.51,853.81,1.9,0.0,389
52.65,1949.38,8.03,45.36,31206.94,16934.17,73.65,8422.72,24492.53,3.01,54.91,16751.59,700288.66,2.98,39.96,961897.22,141859.93,780.88,611.63,1.9,0.0,384
51.26,1885.06,5.81,44.4,36880.94,17699.29,73.35,8552.81,24642.3,2.92,54.56,8874.7,588570.69,0.0,46.92,1075248.87,140761.31,863.68,792.0,1.9,0.0,383
48.77,1932.9,2.96,45.5,32936.54,16076.86,73.74,8195.82,24410.62,2.66,54.57,0.0,1512387.41,4.74,0.0,1344131.43,154584.29,1067.0,502.04,1.9,0.0,382
44.07,1935.29,1.28,45.26,26377.41,16209.97,73.33,8267.49,24613.54,3.09,53.97,0.0,1155814.47,5.25,0.0,577040.12,140349.93,1009.19,586.35,1.9,0.0,382
45.31,1957.86,0.0,46.96,15921.91,14290.82,73.33,8408.91,23926.98,3.02,54.33,26306.83,616327.44,3.68,0.0,309474.61,86787.31,469.62,676.15,1.9,0.0,382
49.04,1982.66,0.0,45.79,17108.2,14329.15,72.99,8579.56,24391.75,3.02,54.45,44846.83,0.0,3.21,28.61,0.0,34311.52,365.13,594.36,1.9,0.1,381
44.53,1978.15,2.03,45.74,21776.96,13020.28,74.4,8650.8,24590.36,3.07,54.75,15236.43,0.0,6.28,67.78,0.0,42377.18,152.91,321.62,1.9,0.1,382
44.15,1990.34,2.04,46.13,30395.75,10002.4,75.06,8268.7,24797.25,2.85,54.47,31375.84,270391.57,2.71,29.14,0.0,0.0,0.0,349.32,1.9,0.1,385
44.53,1990.56,5.27,44.72,36673.95,12412.16,75.66,8540.39,24773.39,2.67,54.84,56619.63,944636.03,2.43,10.03,199942.83,37918.6,575.22,198.72,1.9,0.0,387
42.23,2008.01,3.72,45.94,37571.79,11533.31,76.04,8374.75,24851.94,2.6,54.41,22362.77,596875.81,5.68,35.14,1304276.75,95530.32,279.22,147.73,1.9,0.0,382
43.45,1968.3,3.91,48.15,34091.46,12328.92,76.54,8417.41,24822.39,2.52,54.44,0.0,1066682.39,0.24,58.28,268160.86,119846.38,118.71,0.0,1.9,0.0,381
47.52,1908.22,2.33,49.14,32591.67,9754.43,75.69,8200.04,24700.68,2.45,54.57,0.0,1774044.15,1.33,64.81,1063061.01,92301.76,0.0,424.49,1.9,0.0,380
45.46,1939.64,4.11,49.43,36507.14,11408.32,75.63,8172.89,24887.22,2.39,54.73,0.0,1164626.94,0.52,38.1,1499142.31,34664.97,109.46,442.16,1.8,0.0,381
48.03,1938.66,5.21,48.7,35856.61,12312.57,76.2,8044.39,24688.17,2.26,54.68,37677.86,1385380.33,0.0,20.6,1592539.6,1426.11,0.0,844.39,1.8,0.1,384
45.41,1919.77,4.85,47.01,35851.89,12358.48,76.24,8371.9,24793.81,2.46,54.21,43816.4,2262535.95,0.0,38.72,1324835.28,0.0,462.83,1302.78,1.9,0.1,382
46.81,1950.15,4.4,46.45,49637.35,14427.14,76.9,8048.23,24562.34,2.51,54.07,79509.1,2820844.77,0.0,82.1,1198458.58,96684.58,525.76,1330.41,2.0,0.2,383
46.82,1966.52,3.43,46.45,41284.14,11666.45,76.59,8346.79,24709.68,2.52,54.67,52706.23,1299753.72,0.0,43.15,1626475.33,63836.44,738.47,1695.64,1.9,0.2,384
43.86,2002.56,3.32,45.87,50627.97,12960.43,77.02,8620.08,24502.78,2.87,54.58,30567.47,993715.98,0.0,61.28,1631920.83,41037.99,1026.78,1392.43,1.9,0.2,385
46.51,1987.96,4.77,45.55,44445.67,10914.17,77.43,8569.49,24508.41,3.12,54.52,0.0,938525.64,0.82,48.94,2423536.12,0.0,1496.17,1475.26,1.9,0.0,387
42.91,1971.74,4.62,45.96,45799.19,12905.84,77.65,8577.17,24556.4,2.77,54.4,23697.73,1351786.7,2.61,32.01,2729018.53,0.0,1873.65,1209.67,2.0,0.0,390
42.59,1961.34,4.99,45.11,43315.88,12022.05,76.63,8633.0,24319.58,2.56,54.12,6982.05,1987518.32,0.0,12.07,2521278.2,0.0,2773.87,1015.34,2.0,0.0,391
44.78,1958.24,7.79,45.04,39319.34,11415.87,74.96,8750.99,23813.49,2.58,54.2,65045.57,643103.15,0.0,10.35,2089365.27,0.0,2376.52,499.79,2.0,0.0,390
43.2,1986.62,9.8,44.73,45277.48,11421.71,74.14,9046.04,23987.81,2.6,54.5,62623.4,557156.19,0.0,5.45,2257616.17,0.0,2533.83,586.37,2.0,0.0,388
42.17,1992.84,8.15,44.15,48618.03,12160.46,73.65,8932.67,24316.81,2.69,54.73,33528.76,1141078.48,6.11,0.0,1223176.7,10565.36,2654.03,508.25,1.9,0.0,388
41.78,2005.26,9.31,44.59,45938.48,13864.84,73.11,8631.41,24249.73,2.56,54.56,76824.48,2324332.17,4.27,5.92,992297.26,52795.49,2972.76,0.0,1.9,0.0,391
44.95,1978.13,8.38,44.39,46484.46,15649.49,72.42,8963.96,24587.22,2.35,54.65,110474.11,2767001.06,2.75,29.43,2873570.49,52930.48,2267.84,94.09,1.9,0.0,391
40.64,1959.23,8.95,42.63,48878.65,12340.23,71.38,8754.04,24596.2,2.75,54.71,87521.06,2751509.35,0.05,32.15,1735288.97,52240.01,1921.8,0.0,1.9,0.0,392
35.53,1958.7,7.38,43.98,50151.71,13509.61,71.3,8867.33,24220.96,2.29,54.42,73623.29,2795655.86,0.0,64.73,1635638.89,0.0,1743.86,387.94,1.9,0.1,388
36.1,1935.89,9.4,44.89,61919.88,12961.98,71.22,8746.95,24514.87,2.25,54.54,65238.62,2452015.4,0.0,55.08,1347938.87,4032.62,2016.8,931.06,1.9,0.1,385
39.08,1926.67,9.11,46.16,44492.39,14012.66,71.36,8771.74,24285.35,2.64,54.85,70534.81,2611879.04,0.0,34.55,1711665.04,0.0,2501.59,727.08,1.9,0.2,383
41.11,1960.79,9.84,45.68,39936.27,13760.12,72.98,8636.98,24295.62,2.53,55.06,64163.07,1670433.27,0.0,0.0,987787.75,32628.24,2852.31,875.98,1.9,0.2,384
43.74,2009.55,9.03,47.09,43164.36,15076.15,71.63,8777.04,24261.03,2.44,54.66,54503.53,1492011.3,0.0,0.0,1232151.14,63136.47,2579.77,1151.15,1.9,0.2,382
38.35,2052.32,10.01,45.32,42240.72,14874.41,71.86,8614.11,24338.82,2.7,54.82,43265.73,1225956.34,2.47,15.42,1169864.07,56687.66,2426.13,867.92,2.0,0.1,381
42.74,2009.98,7.17,45.39,31999.38,12808.48,72.86,8518.66,24595.48,2.38,54.82,47412.66,392212.23,4.83,29.74,19809.84,51140.5,2316.03,588.31,1.9,0.1,386
42.35,2045.16,5.87,45.62,35894.24,13091.71,72.88,8633.68,24941.33,2.51,54.71,35414.95,1896295.65,4.47,13.65,0.0,0.0,2211.18,748.15,1.9,0.1,383
44.16,2046.42,5.06,47.42,30992.19,13793.74,73.81,8562.15,24797.03,2.16,55.11,25739.95,1986095.9,5.57,0.0,0.0,51913.05,1376.54,1354.54,1.9,0.0,383
54.27,1984.48,4.91,47.63,31271.0,14546.04,73.35,8391.27,24682.81,1.94,55.08,11751.82,1458353.11,5.59,0.0,0.0,131105.2,682.76,1600.93,1.9,0.0,380
54.32,2020.44,4.44,47.2,36494.53,15120.62,72.29,8393.23,24935.65,2.05,54.35,20326.38,1172624.32,0.0,0.0,711159.55,89612.59,182.97,1388.43,1.9,0.0,380
48.83,1999.26,5.17,46.97,35357.84,18132.06,73.21,8553.68,24796.94,2.2,54.33,37869.49,982556.14,0.59,7.68,667757.96,185299.42,0.0,1003.39,2.0,0.0,380
44.64,2007.66,5.88,46.38,38459.42,14693.56,72.86,8474.63,24467.0,1.82,54.35,50581.03,1655987.09,0.0,28.85,1057916.46,205283.49,0.0,317.51,2.0,0.0,379
44.31,1992.94,5.99,46.99,35568.92,15332.66,73.13,8640.37,24393.82,1.93,54.35,38832.47,989811.01,0.0,47.94,267806.41,167408.25,570.68,196.26,2.0,0.0,377
38.69,2023.92,4.34,47.56,29884.31,17332.48,75.09,8228.75,24142.79,2.25,54.58,53583.13,549323.17,5.24,47.34,0.0,137567.9,0.0,713.94,2.0,0.0,377
37.96,1965.37,5.3,48.64,25481.14,14508.4,75.65,7887.37,24414.96,2.08,54.35,52202.03,0.0,2.6,52.86,0.0,179832.08,81.47,232.94,1.9,0.1,379
45.61,1947.93,5.71,48.62,29964.42,16331.43,74.92,7920.02,24260.76,2.16,54.64,917.94,717236.29,0.0,40.64,886513.59,168862.23,299.69,0.0,1.9,0.1,378
44.34,1976.48,4.22,48.42,30444.66,16095.27,74.46,7849.65,24031.03,2.37,54.51,26408.22,527025.54,0.0,32.04,560667.05,183837.34,128.47,0.0,2.0,0.1,382
50.51,1951.99,5.73,49.62,38459.4,17460.31,75.24,7848.24,23886.54,2.32,54.15,57927.14,330125.42,3.41,0.0,1257857.64,142908.32,0.0,558.67,2.1,0.1,382
52.36,1959.67,4.6,48.53,47456.56,21281.99,76.37,8011.58,23869.01,2.17,54.08,34777.56,1622532.29,7.66,22.66,517717.75,157636.27,0.0,0.0,2.1,0.0,380
51.09,1947.94,4.66,47.97,35517.19,22710.05,75.33,7848.98,23856.04,2.22,54.61,36769.38,1770846.3,7.24,28.75,717210.84,69338.88,0.0,410.21,2.3,0.0,381
48.68,2005.04,2.92,48.25,27761.09,21017.89,75.19,8136.84,23687.27,2.47,54.67,38551.2,2131888.31,2.78,48.74,313669.28,102338.21,227.94,320.78,2.2,0.0,384
46.79,1969.79,4.22,46.24,21687.63,18403.57,74.77,7874.55,23362.26,2.2,54.89,0.0,1660093.86,7.5,43.74,565165.21,57537.96,1342.46,138.81,2.2,0.1,383
47.59,1962.25,4.01,46.51,26013.31,16844.27,74.13,7804.83,23199.27,1.86,54.98,24833.88,1985408.64,0.11,34.49,0.0,58337.92,990.24,346.05,2.2,0.0,381
48.09,1965.64,2.3,44.67,27154.31,14317.14,72.88,7780.12,23253.07,1.75,54.8,21585.3,1307790.99,0.29,23.16,184476.03,85221.62,1323.73,744.58,2.2,0.0,380
46.89,1943.02,2.76,45.53,24132.19,14328.54,72.6,7897.03,23285.96,1.7,54.65,31716.83,1105633.05,0.0,29.94,0.0,116931.84,694.38,612.2,2.1,0.0,377
50.55,1967.11,4.21,45.54,20776.13,13132.24,74.1,8254.8,23455.51,1.71,55.06,8778.77,1129037.3,3.57,7.63,616003.44,122266.71,629.83,242.12,2.0,0.0,375
51.13,1981.64,5.71,43.99,29135.5,16059.46,74.5,8037.67,23504.66,1.85,55.13,8153.01,1180301.09,2.8,16.84,298337.42,96163.67,304.86,857.14,2.1,0.0,379
54.37,1984.52,3.61,43.91,27810.52,14077.68,73.33,8175.65,23683.95,1.67,54.91,37627.73,528987.79,2.84,13.03,658996.86,55498.14,363.98,821.47,2.1,0.0,380
62.89,2049.65,3.0,41.6,31435.02,14478.17,74.36,8249.15,23780.32,2.12,55.26,0.0,12003.05,2.14,17.17,487866.41,66967.2,870.38,1287.45,2.1,0.0,380
60.76,2051.11,3.87,44.4,29119.41,15132.28,76.25,8128.28,23880.47,1.96,55.24,0.0,689919.68,2.21,0.0,1038089.36,67634.6,1279.03,766.83,2.1,0.0,379
54.06,2037.7,5.76,45.77,27320.05,13052.51,75.66,8050.14,24029.08,2.04,55.01,29197.41,722659.7,3.04,0.0,0.0,10504.37,904.75,874.89,2.0,0.1,380
59.18,2004.06,6.38,45.8,32152.49,12942.95,75.87,8314.68,23924.12,2.21,54.51,43433.2,1838358.35,0.0,1.24,649437.53,14352.11,911.66,657.81,2.0,0.1,380
53.04,1997.06,8.35,45.27,25768.79,12980.01,75.11,8025.28,24001.44,2.09,54.42,41071.45,695292.54,0.0,21.78,0.0,0.0,0.0,442.9,2.0,0.1,385
57.19,1968.33,6.27,48.23,32084.16,14182.21,75.09,8118.94,23725.55,2.23,54.52,11208.58,320106.87,4.0,18.88,1426094.13,0.0,0.0,0.0,1.9,0.0,385
57.33,1950.53,3.1,49.41,30568.43,12508.55,75.23,8183.99,23735.33,2.34,54.29,29654.82,0.0,1.81,36.22,2072613.74,60878.44,591.05,0.0,1.8,0.1,387
53.57,1977.57,2.98,50.43,28110.43,15977.02,75.75,8574.97,23713.92,2.5,54.14,47548.62,591116.22,7.86,46.68,2309151.92,39251.29,834.45,0.0,1.8,0.1,385
53.41,1966.4,2.82,50.84,29545.26,16346.74,74.42,8617.77,23905.21,2.42,54.82,0.0,1024802.87,8.56,57.1,2152840.29,57312.78,1205.88,0.0,1.8,0.1,382
55.98,1951.92,1.16,49.43,25790.63,17737.88,74.57,8856.2,23815.59,2.69,55.59,9489.67,1439776.92,9.11,15.74,2287150.0,63951.86,953.73,0.0,1.9,0.0,386
55.67,1922.26,1.09,48.52,38993.99,15897.03,74.48,8654.26,23985.06,2.56,55.21,3034.41,1096309.53,6.19,3.17,2791946.36,47254.17,299.19,0.0,1.9,0.0,389
58.52,1966.94,2.25,45.77,45739.21,14365.53,73.87,8628.87,24314.33,2.86,55.41,0.0,787444.5,6.18,2.94,3028355.83,74084.79,611.53,0.0,1.9,0.0,388
54.24,1932.36,3.34,45.32,46568.2,13368.22,75.1,8785.29,24366.34,2.78,55.58,10451.45,864414.41,8.01,42.56,1832308.85,29799.86,186.48,0.0,1.9,0.0,387
51.51,1967.52,3.83,45.7,50231.63,13386.01,76.64,8612.95,24768.99,2.51,55.63,0.0,1458101.49,5.55,47.18,1208252.77,63069.92,0.0,576.65,1.9,0.0,388
48.96,1967.56,3.62,44.22,47059.64,15594.91,77.13,8609.66,24924.63,2.26,55.45,10537.24,1213210.2,4.08,12.97,0.0,87091.09,181.95,817.25,1.9,0.0,387
52.76,1961.68,4.96,43.29,43932.29,15362.66,77.71,8601.78,25190.47,1.97,55.41,13793.92,1455079.27,1.33,57.68,83578.18,39546.46,206.1,633.67,2.1,0.1,386
52.0,1987.82,6.37,40.43,45381.02,15320.26,76.21,8736.8,25521.81,2.23,55.64,59355.85,790992.29,0.0,69.4,0.0,0.0,195.33,809.99,2.1,0.0,385
51.73,1934.18,6.02,39.71,46694.29,12773.02,76.76,8579.88,25215.74,2.37,55.32,57906.47,285374.0,0.0,72.93,0.0,0.0,350.5,718.92,2.1,0.0,385
54.1,1941.97,3.19,38.66,54288.91,13074.97,77.18,8459.86,25057.77,2.3,55.92,56002.77,0.0,0.0,116.04,0.0,30854.49,788.39,502.29,2.1,0.0,382
58.41,1941.86,4.21,40.11,54158.31,10871.65,76.33,8362.33,24760.51,2.48,56.09,83145.43,0.0,0.78,113.6,480351.57,0.0,1646.21,761.87,2.1,0.1,383
53.02,1942.27,2.14,41.35,49926.5,11394.66,77.02,8251.5,24629.92,2.52,55.45,63777.81,0.0,0.0,122.0,775161.49,0.0,1479.32,343.29,2.1,0.2,387
52.9,1950.5,1.28,41.08,49042.46,11073.74,77.36,8584.34,24642.13,2.57,54.94,74014.63,0.0,0.0,131.82,1405694.27,0.0,1111.06,107.48,2.0,0.1,383
55.4,1963.66,2.65,40.68,40340.64,11715.04,77.0,8505.47,24521.43,3.04,55.06,114930.48,812933.22,4.49,88.14,1656872.51,0.0,166.46,608.15,2.0,0.0,382
51.42,1946.19,2.75,43.26,35643.58,14797.81,77.3,8552.96,24637.47,2.99,55.39,112736.76,0.0,4.61,98.54,1294955.67,8806.96,0.0,115.98,1.9,0.0,383
41.03,1932.06,2.1,43.27,25575.08,15434.21,75.89,8748.44,24447.45,2.92,55.33,102371.42,74219.4,2.8,96.1,1479890.29,0.0,274.16,518.2,2.0,0.0,383
38.63,1916.27,3.01,44.61,40717.82,16888.49,74.77,8514.32,24897.05,2.83,55.29,61831.24,1053592.99,3.7,65.45,684782.09,15262.67,314.8,745.24,2.0,0.0,382
39.79,1909.68,3.18,44.74,34781.7,17569.71,74.44,8299.59,24725.02,2.88,55.27,63786.86,1486253.28,6.59,66.51,0.0,7674.67,0.0,1214.4,2.1,0.0,384
42.47,1928.22,1.34,44.75,29821.66,17596.69,74.42,8704.68,24846.03,2.93,55.16,98475.86,1297378.1,6.48,61.18,0.0,12128.42,0.0,576.97,2.1,0.1,384
40.74,1896.33,3.0,44.22,33388.22,17791.1,74.82,8645.87,24836.57,2.86,54.97,58438.83,0.0,5.04,94.44,551334.68,22735.68,0.0,847.97,2.1,0.2,382
39.15,1884.92,1.33,43.38,33662.79,16214.7,71.73,8815.17,24392.84,2.99,54.98,105554.86,649829.5,2.96,65.89,1523947.39,0.0,155.6,717.92,2.1,0.2,382
42.78,1901.19,2.5,43.77,30002.58,16006.61,71.59,8568.27,24299.7,2.92,54.99,113970.33,305485.86,3.04,62.6,973484.77,6933.37,696.59,708.81,2.1,0.1,386
41.3,1867.43,4.09,43.89,28710.89,14961.25,73.52,8597.56,24407.19,2.93,55.07,133825.42,161267.65,0.0,78.98,1226569.92,14048.29,888.61,523.11,2.1,0.1,384
47.63,1845.47,7.48,45.06,20082.85,14580.6,73.54,8630.32,24174.25,2.9,55.02,94435.46,0.0,2.43,27.32,1429414.76,44696.45,704.79,500.39,2.1,0.0,382
46.06,1894.69,8.91,43.59,26963.51,15905.46,74.93,8656.73,24175.4,3.17,55.2,139510.9,626893.9,2.47,0.0,911207.28,0.0,550.3,760.11,2.1,0.1,383
45.1,1908.15,9.01,44.0,28444.13,14522.07,74.53,9073.92,24444.56,2.71,54.55,120703.19,1120636.92,0.74,29.7,888559.46,0.0,907.93,515.25,2.1,0.1,383
53.83,1935.55,9.31,44.15,33399.31,14051.72,74.76,8759.57,24633.51,2.79,55.14,165720.86,1462274.65,0.82,4.62,1420542.8,11804.86,1102.12,1029.42,2.0,0.0,382
56.77,1955.18,7.5,45.16,27012.6,12837.83,74.64,8568.83,24762.6,2.85,55.58,134464.16,1221681.95,3.89,5.18,2257084.87,33631.86,0.0,1290.11,2.0,0.1,378
53.13,1941.75,6.03,47.08,27656.48,13072.17,75.07,8643.28,23982.12,2.66,55.12,124950.34,917225.77,3.35,0.0,1791535.6,72674.27,769.1,1365.2,1.9,0.2,380
52.29,1892.5,7.22,46.18,30031.16,13437.22,76.21,8560.19,24018.23,3.08,54.93,127768.42,712570.58,0.22,3.6,2049108.92,114372.16,1455.68,1105.3,1.9,0.2,378
51.16,1894.97,7.92,43.65,26536.97,12492.86,76.9,8281.27,24099.87,2.99,55.22,124408.94,730410.79,0.0,0.0,1978032.36,120445.21,503.95,584.52,1.9,0.2,376
48.73,1857.71,9.4,42.5,30080.71,12781.48,77.57,8111.96,24134.41,2.5,54.67,121566.59,0.0,0.0,29.44,2243493.05,82970.41,0.0,698.58,2.0,0.1,375
46.87,1889.46,10.46,41.58,22675.14,16780.06,76.98,8188.26,24005.06,2.66,54.98,111340.05,1095894.17,0.0,21.87,2133031.66,91415.87,174.26,222.61,2.0,0.1,375
47.59,1876.06,8.14,39.3,32950.03,17359.09,76.53,8059.25,23434.9,2.47,55.17,119567.18,1368671.69,0.42,55.51,1673902.62,120722.46,14.01,0.0,1.9,0.0,377
45.0,1862.79,8.69,40.56,37677.78,17783.11,75.64,8106.21,23582.64,2.26,54.85,83814.56,2436590.07,0.0,82.28,1192244.11,138627.84,525.77,343.25,1.9,0.1,379
52.94,1836.06,8.66,41.59,32000.66,18249.38,74.3,7992.25,23260.62,2.74,54.81,128428.31,2604598.43,1.19,58.52,406022.3,140794.31,470.41,0.0,1.8,0.0,383
61.76,1861.4,8.36,41.79,27185.49,19903.03,75.82,7844.97,23390.69,2.62,54.73,140511.94,1479242.46,2.24,71.94,327519.51,155839.8,533.69,427.74,1.7,0.0,383
49.07,1848.94,6.8,43.36,24254.8,17842.52,76.28,7567.12,23082.26,2.53,54.39,82417.5,1653228.34,4.22,84.9,1076740.34,181046.48,0.0,546.44,1.7,0.0,384
42.18,1820.82,7.44,44.19,26070.5,15993.36,76.61,7815.21,23274.51,2.25,54.37,92234.77,2253091.45,2.74,69.35,884885.75,167999.42,0.0,0.0,1.8,0.1,382
39.06,1839.44,6.86,45.45,27194.72,14559.53,75.26,8065.15,23546.27,2.6,54.21,126934.47,921581.76,4.2,13.68,311762.1,202794.88,478.06,0.0,1.8,0.1,383
45.99,1846.86,4.44,45.6,25535.99,12537.94,75.4,8050.28,23715.53,2.38,54.46,73315.15,339036.92,2.94,59.75,852041.4,215109.33,1179.28,1189.66,1.8,0.2,385
50.82,1911.91,4.01,45.02,28093.96,12586.32,75.52,8411.85,23694.06,2.34,54.58,56416.25,0.0,0.98,71.94,1737032.26,145951.92,478.25,1059.89,1.7,0.1,381
56.47,1900.21,6.45,46.28,25336.01,11222.09,75.23,8367.83,23849.5,2.19,54.84,55054.4,0.0,0.0,59.99,1018755.78,130446.57,509.03,1023.5,1.8,0.1,383
56.56,1904.25,6.12,46.08,27719.77,10240.51,73.97,8490.34,24097.94,2.47,54.91,67116.36,479817.51,2.08,32.58,225550.98,101319.05,483.43,831.74,1.7,0.2,382
56.41,1946.75,2.81,45.42,26341.27,10390.74,73.92,8761.53,24261.77,2.75,54.93,20302.71,0.0,0.0,40.47,287563.03,82925.66,284.86,1388.48,1.7,0.2,382
55.31,1981.07,5.18,45.15,31226.16,11625.0,74.03,8730.16,24114.14,2.66,54.79,41110.87,0.0,0.0,19.47,0.0,57147.22,320.58,1175.75,1.8,0.2,383
47.84,1969.66,4.54,44.32,27214.38,9241.58,73.1,8844.63,24103.52,2.54,54.82,65804.38,54549.25,1.43,0.0,0.0,65506.54,1284.86,1495.04,1.9,0.2,386
51.56,1909.15,3.22,44.85,18764.9,8654.63,72.77,8703.77,24064.04,2.48,55.06,49060.03,0.0,0.0,29.77,0.0,21200.91,1258.92,1064.86,1.9,0.2,385
60.99,1916.15,4.38,42.81,16312.06,7856.53,72.29,8725.58,24309.25,2.61,55.0,25196.93,719771.64,5.46,32.33,687844.6,34573.76,1509.95,572.23,1.9,0.2,387
56.08,1870.53,3.84,44.29,10534.7,7035.9,72.75,8632.12,24424.74,2.3,54.91,53009.62,0.0,8.54,3.75,1213819.89,20384.11,766.55,366.72,1.9,0.2,389
61.21,1854.14,2.36,43.03,9119.59,9943.35,73.47,8462.27,24395.3,2.73,55.43,52002.22,0.0,8.05,30.67,1253390.95,47548.99,890.84,0.0,1.9,0.2,390
56.48,1883.37,3.21,45.11,12294.7,7896.51,74.14,8883.26,24522.73,2.52,55.08,19213.59,1253269.18,5.99,12.69,1037160.27,33412.8,1605.95,0.0,2.0,0.2,391
62.16,1898.45,3.1,45.21,14722.5,6311.25,75.44,8842.37,24235.85,2.0,54.45,36737.42,746146.16,3.9,26.85,620103.36,52201.83,1472.53,12.15,1.9,0.1,391
57.64,1940.78,6.62,45.95,24891.45,8721.35,74.88,8798.01,24661.32,1.97,54.26,1465.19,555811.72,0.68,69.2,743333.82,83342.5,1160.79,0.0,1.8,0.0,390
58.75,1960.9,4.4,45.86,20675.13,10265.4,75.22,8471.13,24802.71,2.69,54.59,0.0,334654.35,0.03,42.94,871588.76,34526.52,94.8,109.15,1.8,0.0,386
58.75,1936.04,4.35,47.71,25654.28,8779.68,74.11,8472.26,24429.12,2.17,54.79,8565.25,606672.69,0.73,38.4,384043.95,52064.28,910.31,0.0,1.8,0.0,384
58.39,1884.63,5.09,48.05,17382.1,8133.07,74.24,8411.0,24510.86,2.21,55.16,0.0,0.0,0.0,55.02,420880.6,71166.33,1141.94,0.0,1.8,0.0,382
55.51,1923.6,6.76,47.33,18247.74,8016.07,74.36,8431.84,24640.78,2.49,54.53,0.0,881971.55,0.0,79.48,232979.98,71034.66,457.78,0.0,1.9,0.0,382
49.73,1931.56,8.25,48.93,18649.5,6408.29,75.06,8348.73,24779.99,2.6,54.37,1646.19,1586218.46,0.0,44.66,0.0,37133.33,242.13,300.9,1.9,0.1,379
59.52,1982.63,8.0,46.6,20324.96,7053.49,73.98,8397.55,24526.05,2.43,54.41,0.0,2646433.97,0.0,52.81,170042.73,48450.96,481.34,576.27,1.9,0.1,380
57.63,1956.57,7.51,46.68,24085.26,8498.18,73.88,8365.71,24367.09,2.55,54.44,4867.9,2901604.29,0.0,63.72,241320.6,117596.27,359.75,750.86,1.9,0.0,379
60.24,1947.03,4.17,46.44,19651.52,9649.56,75.21,8512.8,24672.44,2.42,54.48,0.0,2108215.59,0.0,24.32,1171157.94,29624.14,1055.09,1075.21,1.9,0.0,376
56.56,1966.79,4.35,45.15,27321.66,13081.83,74.94,8498.73,24290.25,2.36,54.7,9458.69,1539595.18,0.0,12.81,888970.98,44582.84,0.0,929.2,1.9,0.0,376
53.83,1954.51,4.5,45.32,17255.32,14369.13,74.65,8871.04,24032.23,2.18,54.69,19035.97,190942.98,0.0,29.58,212310.49,91076.57,0.0,541.61,1.9,0.1,378
58.58,2000.84,3.37,46.34,11644.96,15103.05,74.58,9042.1,24311.02,2.41,54.81,29682.65,251365.66,0.0,65.61,1275019.05,76663.6,179.14,525.47,1.8,0.1,382
54.31,2051.76,5.26,46.63,17517.38,13605.88,74.37,9229.32,24171.49,2.73,54.48,0.0,1405811.43,0.0,45.57,2047769.27,113913.94,675.33,303.66,1.8,0.1,383
51.68,2043.84,5.63,47.84,23497.45,11401.52,74.23,8889.03,24302.08,2.97,54.58,0.0,1288440.45,0.56,25.93,1020791.97,27986.22,1271.5,455.66,1.8,0.2,380
44.37,2042.74,5.98,45.59,26564.17,11276.59,73.65,8725.23,23778.92,2.77,54.46,14785.68,1052319.44,2.16,0.0,395473.02,47927.19,984.78,696.34,1.7,0.2,379
42.29,2057.78,7.46,46.68,37743.44,13804.89,73.16,8686.11,23772.8,3.3,54.83,7704.97,1472916.54,0.0,9.97,0.0,0.0,1291.55,921.09,1.8,0.2,377
38.76,2018.93,6.82,47.65,42251.54,11346.64,72.82,8471.26,23310.05,3.36,54.79,3681.22,2111027.4,0.24,1.03,448273.71,42080.05,1306.58,1042.05,1.8,0.2,378
37.45,1996.48,8.47,49.49,48798.44,9771.23,71.96,8189.48,23478.47,2.52,54.67,40302.9,2435496.98,0.0,0.0,826152.02,73438.28,901.68,849.92,1.8,0.1,378
38.23,1959.15,8.87,49.4,49786.43,9309.52,70.79,8299.35,23453.38,2.31,54.39,27117.79,3068008.74,0.0,0.0,1202590.81,72890.5,0.0,972.98,1.9,0.0,376
28.34,1958.65,9.68,48.9,54180.99,11443.44,72.7,8538.73,23487.08,2.39,54.25,17086.92,2696908.01,0.0,37.9,881964.15,33005.24,0.0,1075.27,1.8,0.0,380
32.92,1958.24,8.98,47.25,46433.68,11636.27,73.19,8697.52,23620.13,2.79,54.79,35582.61,3078931.16,0.0,6.4,1162652.43,0.0,0.0,1199.3,1.9,0.0,379
36.92,1931.57,8.2,46.96,44081.6,12248.49,72.74,8479.52,23556.3,2.35,54.91,53921.8,3146606.91,0.0,0.0,1548874.07,27097.47,168.96,1615.51,1.9,0.0,379
32.55,1954.61,7.62,47.27,51628.7,12011.48,71.17,8548.77,23694.63,2.21,55.03,66650.71,2159025.25,0.0,41.34,920969.42,29713.94,0.0,938.94,1.9,0.1,377
35.59,1946.87,8.57,45.66,50835.95,11394.49,71.86,8520.8,23723.99,2.41,55.03,53267.18,1673478.13,0.21,44.39,212754.09,17091.22,0.0,824.4,1.9,0.1,379
34.05,1950.13,8.95,45.42,44248.57,10176.74,72.94,8672.7,23758.19,2.65,54.25,80355.82,1380372.19,0.56,33.11,1166347.35,0.0,801.83,866.31,1.9,0.1,377
40.41,1961.16,10.25,45.2,40226.79,13061.68,74.69,8613.58,23672.46,2.87,54.29,84198.59,1069871.36,4.6,13.82,1379954.57,0.0,599.33,643.79,2.0,0.1,379
41.51,1966.03,10.73,46.24,25213.71,12890.02,74.5,8702.38,23744.13,3.04,54.12,78530.5,1501204.92,0.04,79.61,2024867.92,4350.79,151.87,530.32,2.0,0.1,383
40.94,1981.3,8.17,45.66,28110.78,14266.74,73.91,8543.95,24126.88,3.29,54.3,7951.7,2833797.56,0.0,63.24,1455537.86,21428.39,383.22,793.4,2.0,0.1,387
43.34,1974.91,6.46,46.16,33913.76,15726.68,73.81,8578.3,24496.7,3.49,54.2,0.0,2638705.94,2.11,29.47,1306596.13,13108.6,437.74,539.45,2.1,0.1,384
48.24,1940.72,8.03,47.12,40677.88,15335.39,73.53,8549.07,24441.02,3.2,54.18,0.0,1593355.94,3.59,27.29,984581.46,0.0,0.0,1115.83,2.1,0.1,384
37.16,1992.18,8.56,46.02,39187.21,13436.76,75.13,8315.27,24301.26,2.93,54.32,36205.03,2479338.56,2.0,36.44,965441.18,0.0,1279.15,1422.7,2.1,0.2,386
39.54,1997.29,10.12,44.89,46609.81,13283.28,76.25,8306.69,24363.82,2.89,54.28,23773.34,2986418.0,0.0,2.86,422540.51,0.0,1906.98,1649.98,2.1,0.1,388
34.66,2049.46,8.47,44.67,42182.22,11812.7,77.52,8466.73,24601.98,2.54,54.44,34042.87,2752833.37,0.0,33.51,513565.57,0.0,746.41,1635.25,2.2,0.0,387
41.67,2003.95,7.35,43.84,45637.88,14353.38,77.2,8259.17,24454.99,2.39,54.26,26360.92,2736615.71,1.3,31.85,548867.63,1393.01,40.86,1480.13,2.1,0.0,387
40.5,2004.71,8.19,43.03,44018.36,11557.07,78.02,7973.73,24314.88,2.79,54.31,0.0,2805727.52,2.93,14.45,199263.49,0.0,0.0,692.57,2.1,0.1,384
39.63,1968.18,8.59,44.69,48197.43,10069.01,77.9,8319.6,24411.65,2.9,54.29,5909.58,3178225.61,3.36,0.0,0.0,47446.17,223.0,665.73,2.1,0.1,387
46.52,2006.3,7.62,44.25,44925.45,10837.41,78.53,8557.14,24499.98,2.5,53.95,11468.81,3281347.95,2.65,52.54,0.0,1521.19,0.0,380.6,2.1,0.1,383
50.84,1954.35,5.82,42.65,43999.91,11723.61,79.45,8705.94,24765.37,2.6,53.85,13234.81,3196403.3,4.12,36.15,393945.03,0.0,0.0,6.18,2.1,0.0,382
54.56,1929.44,5.06,43.13,43416.22,11393.81,79.34,8764.28,24927.36,2.6,53.89,0.0,2953070.03,2.51,19.75,117569.1,0.0,159.7,0.0,2.1,0.0,381
61.93,1935.84,2.98,43.16,41979.51,12612.06,78.42,8476.3,24594.14,2.44,53.91,0.0,2122717.71,3.88,62.51,667824.2,50891.92,685.67,305.1,2.1,0.0,380
59.35,1942.61,4.3,43.95,39612.23,13025.81,78.19,8585.3,24221.56,2.2,54.36,0.0,1602045.76,2.61,49.97,1006701.23,8029.76,654.8,376.96,2.1,0.0,381
55.7,1921.76,7.79,43.83,37484.52,14360.96,78.91,8422.58,24014.48,1.94,54.88,0.0,1397240.04,0.0,9.0,740109.22,0.0,267.88,1000.12,2.1,0.0,383
54.54,1917.26,7.75,44.24,33713.72,14629.81,77.7,8362.87,23978.27,1.72,54.28,0.0,2321472.71,0.0,31.07,0.0,0.0,0.0,824.52,2.2,0.0,386
52.93,1960.97,10.2,44.29,30659.35,12570.53,76.98,8365.51,24446.09,1.53,54.4,0.0,1769376.77,0.83,43.09,459326.8,18480.76,351.72,754.47,2.1,0.0,384
52.05,1995.2,9.34,44.24,32784.55,12476.03,77.26,8767.57,24877.42,1.73,54.58,41697.78,1466073.11,2.5,11.17,262797.5,61258.04,0.0,639.42,2.0,0.1,386
52.63,2004.64,9.27,45.91,29974.04,13979.66,77.71,8948.33,24306.34,1.72,54.38,39495.22,89315.67,0.0,68.56,701402.97,60689.1,242.6,629.27,2.1,0.1,386
53.29,1971.72,10.41,45.34,35428.1,14282.11,78.53,8626.47,24068.43,1.63,54.5,74283.96,1083208.57,0.0,68.24,0.0,84252.72,828.66,561.04,2.1,0.1,384
54.7,1965.22,10.91,45.22,30473.88,11930.38,76.46,8848.87,23998.31,1.88,55.05,48429.67,596497.84,0.0,62.33,1306323.54,131781.35,1076.44,978.81,2.1,0.1,383
48.78,1997.49,10.79,45.26,30646.04,9978.28,75.41,8832.19,23923.69,1.94,55.01,23301.66,0.0,0.0,52.8,1588999.65,57676.46,962.37,960.8,2.0,0.2,382
48.66,1988.97,7.57,46.37,25926.68,10325.54,75.75,9055.0,23744.19,1.94,55.38,32132.32,454478.57,0.0,38.76,1316297.08,22720.25,34.45,692.66,2.1,0.2,385
49.71,1965.84,8.97,46.45,31704.08,9306.17,76.4,9161.8,23880.23,1.84,55.31,43525.43,578986.36,1.59,62.4,771009.5,0.0,69.89,522.47,2.1,0.1,387
55.46,1966.32,8.5,45.45,28933.82,9482.73,77.26,9012.2,23656.21,2.04,55.48,36439.38,1425146.46,3.41,29.78,370794.71,12373.62,0.0,590.54,2.0,0.1,388
56.85,1948.92,8.26,44.88,24086.88,9742.78,77.41,8909.41,24050.08,2.34,55.58,0.0,1092409.55,0.1,24.21,0.0,1348.21,593.75,692.76,2.1,0.0,387
59.93,1991.6,5.71,44.57,30509.81,10195.29,76.27,8486.21,23879.27,1.95,55.51,23720.11,224455.09,0.77,45.77,73355.56,0.0,758.63,610.42,2.1,0.0,386
60.66,2051.18,5.81,46.33,32515.66,10726.5,76.13,8195.66,23998.45,1.54,55.21,23167.35,958758.18,4.43,36.43,239044.78,39421.77,35.0,687.14,2.0,0.0,384
60.97,2053.35,6.94,46.56,33270.51,14265.32,74.69,8563.41,23974.22,1.86,55.09,1299.99,1157535.68,6.52,46.63,0.0,166653.72,692.68,921.17,2.0,0.0,383
63.91,2014.61,5.25,46.97,34665.4,13125.95,73.81,8821.69,24089.93,1.63,54.73,0.0,1475363.31,7.11,72.15,0.0,153944.38,1366.16,1247.67,2.0,0.1,384
66.25,2008.94,4.2,45.78,35148.65,13040.61,72.53,8522.11,24045.96,1.98,54.77,0.0,714301.49,6.11,98.64,176599.79,81378.57,590.66,1287.58,2.0,0.1,382
66.01,1995.02,4.11,44.79,39337.78,12952.84,73.32,8232.1,24441.03,2.42,54.3,0.0,945584.38,1.73,84.05,503512.94,66883.8,832.84,912.04,1.9,0.1,384
74.06,1932.98,5.31,42.73,47160.54,13998.71,72.75,8401.5,24294.95,2.54,54.46,46051.96,1944054.14,0.0,102.07,734561.28,10753.25,416.9,1560.35,1.9,0.1,383
68.34,1939.1,4.95,41.5,39719.93,15235.4,72.72,8386.5,24336.83,2.65,54.84,10317.55,2046410.81,2.0,115.55,0.0,22534.0,1277.83,1333.66,1.9,0.1,381
73.28,1956.74,5.71,40.27,42574.25,15968.19,74.28,8302.76,24114.8,2.48,54.73,0.0,2565091.55,5.2,96.78,0.0,0.0,1496.05,1700.69,1.9,0.1,382
77.02,1963.84,5.92,41.23,33668.61,13504.32,73.69,8510.58,24063.53,2.37,54.63,0.0,3252986.26,4.03,65.73,91589.21,66918.91,1077.99,1107.43,1.9,0.1,383
77.25,1937.07,4.54,41.49,36868.76,11705.22,73.34,8348.91,24289.05,2.56,54.92,35371.7,2633786.04,0.3,29.24,0.0,44816.08,782.36,1231.86,1.9,0.1,383
68.98,1968.87,3.59,40.83,40269.89,13074.61,72.16,8516.55,24126.04,2.48,54.98,45629.22,2557865.03,0.13,17.56,344003.13,38172.44,1633.42,1273.38,1.9,0.1,383
71.62,2006.06,3.31,40.5,33565.9,13730.13,74.35,8592.47,23807.89,2.32,54.82,17246.08,1993617.24,1.09,35.94,1079654.16,55451.14,464.09,783.72,1.9,0.1,385
68.67,2001.83,3.94,40.95,33730.44,15667.61,74.31,8537.05,23866.24,2.72,54.56,61545.52,1041206.01,0.0,53.17,1664877.36,1363.12,0.0,793.92,2.0,0.2,384
55.99,1999.06,4.64,41.19,29083.44,15786.8,73.61,8890.86,24242.52,2.89,54.65,35037.62,924585.0,4.32,70.98,1623131.14,38425.94,334.19,840.41,2.1,0.2,385
55.88,1987.86,3.99,41.09,21281.75,14195.39,73.01,8690.14,24571.94,2.82,54.76,37093.06,1789881.92,2.17,58.22,1385512.47,77512.89,1020.26,904.94,2.1,0.2,384
59.98,1997.87,3.19,42.82,21780.89,13761.06,73.95,8607.71,24604.72,2.98,54.59,41777.81,2382607.87,0.0,64.56,711767.17,106629.03,1436.17,695.06,2.2,0.2,385
61.28,2019.46,2.16,43.41,25225.94,13282.34,74.41,8815.9,24461.75,2.92,54.44,0.0,2544311.81,0.0,59.67,36477.07,88318.95,1832.34,630.08,2.2,0.2,382
62.29,1978.83,1.36,42.56,25303.3,12950.79,74.43,8542.58,24640.97,3.11,54.48,0.0,1867289.75,0.0,18.48,0.0,110060.27,1768.94,1096.53,2.2,0.2,381
59.24,1959.97,2.32,43.01,23660.33,15203.21,75.95,8746.82,24699.04,3.25,55.04,20138.23,1288326.15,1.04,35.3,0.0,87688.21,2117.1,388.7,2.1,0.2,382
52.36,1957.99,4.34,43.44,29661.54,14204.78,75.11,8853.48,24708.61,2.85,54.83,58439.29,592711.24,3.35,21.34,73050.6,89347.72,801.29,0.0,2.1,0.1,384
45.49,1974.53,2.62,43.34,24534.09,17298.36,73.97,8739.55,24275.06,3.25,54.96,53393.23,1439870.42,3.24,27.33,223136.17,100356.94,492.68,0.0,2.1,0.1,383
40.5,2013.15,2.12,44.72,26507.11,14877.29,75.05,8722.07,24551.79,3.12,55.15,0.0,975970.22,0.0,17.22,572538.59,68036.21,913.18,0.0,2.1,0.2,385
40.62,1950.55,3.39,44.68,22291.81,13984.38,76.11,8413.92,24604.32,3.12,55.03,17088.51,1860341.41,0.0,11.99,967536.94,94893.58,771.42,0.0,2.0,0.1,382
44.97,1946.89,3.3,44.77,19261.29,16559.19,76.9,8732.6,24694.29,3.05,55.45,0.0,1110912.19,0.0,27.14,400426.83,79418.78,0.0,192.67,1.9,0.0,385
50.71,1960.07,3.98,44.28,17181.97,15720.63,75.36,8715.72,24637.05,2.75,55.8,16097.66,1411148.53,0.0,26.6,824704.06,77259.31,865.99,137.71,1.9,0.0,382
54.54,1927.15,5.04,43.74,21793.66,17014.25,75.36,8395.4,24389.14,2.55,55.18,43491.88,1317524.49,0.0,63.41,318662.23,78912.64,380.11,0.0,1.8,0.0,384
55.41,1937.12,2.36,45.36,24422.43,16491.18,76.14,8638.77,24610.67,2.51,54.89,63127.56,353393.55,5.14,58.19,0.0,27428.68,0.0,83.85,1.8,0.0,383
49.06,1957.42,2.73,44.95,18938.6,15760.95,75.58,8649.71,24590.87,2.74,54.78,4768.87,946697.43,1.91,24.72,46998.31,38401.04,0.0,0.0,1.8,0.1,383
45.32,1933.93,2.78,45.27,23324.56,15810.81,74.76,8502.74,24693.5,2.44,54.69,19902.28,1381561.78,1.12,14.07,0.0,55696.73,723.45,858.25,1.9,0.1,381
38.37,1943.85,6.35,46.66,30282.21,16045.12,75.02,7956.43,24786.76,2.32,54.55,8514.71,1012281.63,0.0,15.89,0.0,55223.97,0.0,700.17,1.9,0.1,381
33.61,1925.96,6.97,44.93,39572.42,17759.53,74.56,7836.9,24747.91,2.0,54.09,0.0,832084.3,0.26,1.36,906084.96,0.0,0.0,789.58,1.9,0.0,381
31.83,1928.91,5.77,44.06,27659.32,17533.95,73.57,7865.73,24564.43,2.05,54.19,5212.08,322910.28,3.5,0.0,697494.76,34136.85,299.54,398.83,1.9,0.0,382
31.61,1941.65,6.06,46.83,29865.53,15839.77,72.57,7867.56,24491.28,1.56,54.12,12374.36,7282.13,5.53,0.0,1109506.01,65923.82,795.66,0.0,1.9,0.0,379
32.78,1921.91,7.2,47.17,24257.87,14537.07,72.57,7911.98,24666.26,1.92,54.27,3765.02,0.0,8.11,0.0,2032384.71,67334.38,1755.45,232.66,1.8,0.0,379
31.87,1919.04,5.06,46.9,26587.11,12987.46,74.4,7978.38,24430.84,1.6,54.39,0.0,521558.84,6.52,0.0,2892415.89,77078.59,1423.71,289.36,1.9,0.0,380
32.84,1939.9,4.1,46.01,35844.49,15202.41,71.82,8265.18,24387.31,1.58,54.22,0.0,87639.93,2.58,0.0,1855062.31,81357.08,1294.87,462.5,1.9,0.0,381
31.38,1961.3,2.7,45.16,33378.61,16205.63,72.38,8269.43,24763.16,1.27,54.06,0.0,0.0,0.31,21.16,1266008.65,61575.43,292.92,177.76,1.9,0.0,378
32.41,1991.08,2.49,42.89,39658.35,17153.97,73.39,7901.39,25003.99,1.28,54.07,0.0,619835.86,0.0,33.88,1200737.77,53250.79,0.0,768.86,1.8,0.0,379
39.93,2024.33,2.72,43.84,47475.8,16695.67,72.73,7874.99,24615.1,1.59,54.49,0.0,0.0,2.7,0.0,87362.53,43203.08,186.27,827.41,1.8,0.1,380
45.83,2036.76,1.36,43.88,55950.65,15612.06,72.47,7969.49,24460.72,1.55,54.44,37829.98,0.0,0.0,0.0,1588822.62,33057.19,436.62,495.96,1.8,0.2,379
48.47,1989.57,4.7,44.39,50206.42,15017.3,72.38,7917.19,23912.51,1.69,54.49,45138.48,0.0,0.0,3.37,373914.93,37518.05,0.0,818.54,1.9,0.1,381
49.27,1959.9,2.05,44.88,43376.18,16712.93,72.72,7822.01,24341.07,2.0,53.6,25668.65,0.0,0.0,2.74,623886.6,45517.64,602.16,938.09,1.9,0.1,384
48.19,1953.62,0.0,46.1,41232.86,21059.91,72.68,7907.19,24441.68,1.81,53.9,22843.39,0.0,3.1,0.0,784737.34,94890.79,215.59,741.58,2.0,0.1,383
51.89,1940.97,0.0,47.48,34172.23,23993.27,72.58,8410.43,24123.65,2.22,54.2,41594.47,632479.36,1.33,0.0,708936.54,92916.77,5.2,758.01,2.0,0.0,384
50.62,1926.73,1.87,46.32,31470.77,22725.94,73.96,8429.3,24253.03,2.21,54.3,34179.99,765506.99,0.36,37.84,434311.41,22372.24,1444.8,578.78,2.1,0.1,386
49.83,1940.63,0.65,48.34,27157.2,21133.59,74.13,8382.08,24113.28,2.65,54.65,37647.52,463121.68,3.11,23.86,1468613.21,27286.96,1906.72,494.63,2.1,0.1,390
56.41,1967.98,2.15,47.34,29346.73,18738.41,74.49,8457.31,23719.72,2.67,54.82,29907.63,660374.53,0.0,4.01,1998507.02,27516.82,1851.33,284.91,2.1,0.0,391
63.03,1940.09,1.35,47.52,37225.28,18142.13,73.53,8384.57,23581.36,2.5,54.76,1055.96,146887.71,0.2,12.48,845027.19,41833.58,1440.85,511.23,2.1,0.0,391
57.74,1979.29,0.86,47.58,35439.52,16031.55,74.4,8237.29,23322.54,1.77,54.57,37249.88,931056.01,0.0,4.6,490144.35,0.0,806.53,786.91,2.1,0.0,387
57.11,1917.06,2.68,47.53,28011.5,18399.13,73.01,8353.25,23577.75,1.58,54.62,0.0,0.0,0.0,0.0,911976.64,6707.44,792.15,383.92,2.1,0.0,384
53.71,1926.82,2.29,46.85,32113.43,17065.69,72.19,8458.8,23733.72,1.84,54.84,12139.62,69251.06,6.31,0.0,467797.3,44515.57,804.62,607.41,2.1,0.1,382
58.81,1963.99,1.11,47.31,31832.52,15765.02,71.05,8216.81,23959.48,2.18,54.81,31949.44,677693.63,5.77,0.0,760438.14,59514.98,1082.73,831.7,2.0,0.1,378
60.69,1959.15,2.32,45.41,38966.03,13730.59,72.19,8248.95,23962.26,2.19,54.67,61383.45,635627.1,1.57,0.0,805206.81,86921.38,675.42,574.22,2.0,0.1,376
61.29,1948.4,2.33,47.58,36873.92,15081.47,73.12,8002.78,23615.68,2.48,54.44,8454.88,1207624.56,0.0,0.0,2047380.97,18971.04,1.13,380.29,2.0,0.0,374
65.95,1958.42,3.57,47.1,37576.45,16511.35,72.55,8097.98,23856.61,2.92,55.03,9138.77,1761266.75,0.0,43.27,1341920.63,11826.22,282.54,313.26,2.0,0.1,374
59.18,2007.77,4.55,48.93,41104.99,14160.7,73.36,7915.76,23916.3,2.87,54.6,0.0,2871396.35,0.63,35.86,2398256.53,218.24,253.64,621.73,2.0,0.0,370
54.05,1977.04,4.88,47.73,50712.61,12582.97,74.65,8014.52,24135.46,3.04,54.08,0.0,2335471.7,0.0,45.81,3233295.47,0.0,6.01,169.63,2.0,0.0,370
56.41,2018.93,8.56,46.57,38565.28,13797.04,75.91,8223.61,24490.23,2.93,54.06,3152.56,1838966.03,1.75,67.31,3507061.41,22519.0,188.38,436.92,1.9,0.0,372
56.44,2009.13,8.66,45.76,43302.99,14693.81,75.83,8082.91,24625.11,2.95,54.0,1299.34,1992362.05,2.95,73.24,3116480.19,60041.99,842.8,645.88,1.9,0.0,372
63.66,2010.53,11.05,45.57,40242.04,14590.5,75.57,7947.26,24325.88,3.04,54.43,65615.21,1485465.23,1.59,46.1,3458413.46,84414.64,334.38,299.88,2.0,0.0,375
58.08,1954.84,9.0,46.29,49739.34,13941.01,77.22,8169.84,24020.08,3.05,54.74,0.0,1701101.8,4.44,52.96,2974514.41,69885.42,227.27,0.0,2.0,0.0,376
54.68,1934.07,9.48,46.55,44281.31,14867.75,76.46,8197.47,24259.14,2.84,54.47,0.0,680387.33,3.05,41.41,996461.32,82636.67,160.71,416.48,2.0,0.0,379
53.55,1939.29,6.72,47.72,41651.11,13265.98,76.76,7748.35,24166.42,3.06,54.43,0.0,380815.08,0.0,57.07,841958.83,64827.91,60.84,397.53,2.0,0.0,377
55.51,1956.88,6.79,48.53,40314.38,15250.24,77.55,7948.61,24020.47,2.97,54.85,0.0,140690.37,0.0,29.96,1360143.72,72849.92,0.0,570.3,2.0,0.0,376
56.6,1983.43,5.91,48.65,47098.53,13191.04,77.38,8171.17,24033.97,3.25,55.45,9155.76,31544.04,2.58,50.57,0.0,66127.35,0.0,650.47,2.0,0.0,375
58.76,2024.86,4.67,46.64,44891.72,13384.89,77.89,7926.3,23952.13,2.61,55.74,14493.61,0.0,0.0,15.09,345337.82,21000.97,111.87,1244.38,2.0,0.0,377
52.5,2061.78,6.67,46.27,38332.78,12922.09,77.15,8057.99,24214.99,2.35,55.9,28700.95,0.0,0.0,19.37,0.0,58675.36,0.0,1271.66,2.0,0.0,378
56.7,2016.46,5.91,45.31,37141.55,12119.53,75.37,7866.77,24564.45,2.46,55.82,17064.12,21068.37,0.0,33.51,140877.16,12389.04,187.24,334.68,2.0,0.0,378
50.88,2009.42,6.61,46.95,28456.93,14060.98,75.35,7831.61,24676.51,2.44,55.89,0.0,0.0,2.49,70.05,172017.31,0.0,118.45,333.86,2.0,0.0,378
54.33,1972.62,8.09,48.4,24282.71,12725.82,75.56,7646.52,24507.85,2.77,55.95,52268.74,154431.69,0.52,64.42,123111.93,0.0,148.2,25.22,2.0,0.0,377
53.3,1912.57,8.72,45.71,28814.65,10991.66,75.09,7848.74,24931.46,2.79,55.28,69660.01,44226.34,0.63,72.6,0.0,4535.72,0.0,450.68,2.0,0.0,380
54.78,1880.28,8.29,46.78,23050.13,13737.75,73.82,7744.52,24629.68,3.14,55.11,28695.5,356578.41,2.28,82.35,0.0,17238.93,0.0,956.98,2.1,0.1,382
56.32,1860.81,8.7,46.69,30798.42,15170.89,74.37,7467.77,24553.08,2.92,55.16,13558.07,189650.95,3.16,62.52,154433.18,0.0,0.0,1061.97,2.0,0.2,384
54.38,1956.02,9.88,45.46,34744.0,15217.13,73.78,7361.97,24716.37,2.73,55.11,0.0,0.0,2.36,66.64,0.0,4906.16,0.0,1389.57,2.2,0.2,380
54.32,1952.56,11.87,47.26,38706.32,14225.18,74.44,7553.33,24696.38,2.32,55.37,2951.66,0.0,0.43,39.92,282061.78,0.0,456.98,883.5,2.1,0.3,378
50.81,1984.91,13.41,45.3,32774.61,12914.25,75.2,8005.53,24400.91,2.75,55.13,11474.18,0.0,0.05,34.66,109304.95,18037.18,0.0,507.76,2.1,0.3,379
52.88,2002.49,13.32,44.27,28647.32,12104.35,76.63,8151.6,24475.01,2.84,54.76,60915.39,339359.42,1.95,0.0,676573.06,6925.46,0.0,166.02,2.0,0.2,380
50.97,2006.26,14.4,44.3,17645.04,12124.11,77.26,8150.56,24762.63,2.94,54.31,54776.46,518570.71,4.51,50.11,1242295.34,25904.22,399.93,126.48,1.9,0.2,381
45.97,2035.62,14.4,42.96,26727.23,12036.05,76.24,8395.21,24674.09,3.4,54.19,1061.71,324650.56,5.92,22.45,263482.75,34488.57,0.0,244.48,1.9,0.2,378
52.05,2020.8,14.08,44.37,21564.78,13842.71,74.87,8087.04,25023.43,3.59,54.86,0.0,389396.71,6.43,22.35,0.0,1648.04,167.17,0.0,1.9,0.2,378
55.73,2001.84,11.97,44.98,18940.2,12944.02,74.33,8069.61,25280.0,3.09,55.22,19544.74,1322618.27,13.73,59.17,678910.98,0.0,0.0,154.05,1.8,0.2,374
59.74,1988.44,11.15,44.22,11162.3,15171.46,75.42,8024.92,25264.09,2.93,55.26,36720.18,1509095.26,15.21,67.14,670515.34,0.0,0.0,428.67,1.8,0.2,375
55.02,1956.59,11.19,44.37,22355.06,13117.44,74.84,8041.56,24952.66,2.9,55.31,44085.13,2237897.55,9.5,69.28,223075.93,19644.16,276.66,88.2,1.8,0.2,376
53.47,1975.78,11.3,43.94,19407.58,11373.34,74.83,7775.26,24867.33,3.19,55.17,23461.29,3152203.86,12.06,42.91,355411.41,32726.35,397.2,693.54,1.8,0.2,378
57.98,1999.44,11.13,42.46,18760.16,13180.11,74.99,8022.86,25171.49,2.81,55.44,11352.69,3292261.02,10.15,94.44,462074.21,9268.18,608.51,731.99,1.9,0.2,384
56.44,1992.25,9.44,42.99,21881.62,13865.29,74.98,7930.75,24846.6,2.69,55.68,45498.79,2804296.16,6.16,81.77,1832225.0,47820.8,854.01,968.66,2.0,0.1,383
53.41,2004.23,9.04,44.17,20767.37,16171.46,74.86,8127.3,25008.11,2.99,55.67,60366.94,3480027.16,6.59,54.42,2012822.45,43620.1,0.0,1009.93,2.0,0.1,381
46.79,2003.39,9.0,44.45,22513.83,14274.57,74.71,8074.61,25119.54,3.04,55.5,96829.62,2848802.63,7.08,45.56,2849980.22,44478.5,118.11,852.79,2.0,0.1,383
47.5,2043.04,9.63,44.11,16845.38,13695.31,75.01,8229.07,25274.61,2.7,55.31,51399.17,1670723.38,4.37,51.67,3000766.15,8274.65,0.0,195.47,2.0,0.0,386
49.69,2027.42,8.12,42.67,12090.9,12875.61,74.4,8023.98,25199.49,2.84,55.14,94771.61,424749.1,3.88,41.9,2266565.28,0.0,56.0,133.14,2.0,0.0,382
48.66,2008.06,7.43,42.95,12365.53,12826.38,73.75,8381.31,24887.67,2.72,54.93,61161.67,427837.04,3.03,27.44,1816798.49,0.0,309.35,808.56,2.0,0.0,382
51.74,2020.56,7.39,43.27,13048.51,11911.32,73.79,8093.25,24666.0,3.01,54.97,75611.51,1296927.65,2.12,32.2,1422514.5,0.0,0.0,995.57,2.0,0.1,384
48.57,2034.96,6.67,44.91,13364.15,10679.21,73.28,7962.17,24425.66,2.81,55.2,111688.11,356792.27,5.13,18.72,1511174.32,0.0,323.33,244.82,2.0,0.1,384
45.86,2039.54,7.0,44.75,19545.43,11144.04,73.89,7981.13,24444.08,2.95,55.06,62548.79,520843.01,7.5,27.14,1567136.39,2797.78,706.45,187.74,2.0,0.1,383
50.27,2058.09,7.51,43.48,21508.09,11370.99,73.6,8053.85,24576.17,2.79,55.01,46929.27,1192632.34,5.71,0.0,380876.81,19621.79,277.02,412.17,1.9,0.1,380
52.14,2061.81,7.64,42.58,19230.31,12253.44,72.42,8034.78,24845.99,2.73,54.61,24003.32,687580.33,10.5,46.17,875637.88,8741.05,899.43,27.37,2.0,0.1,380
56.64,2036.11,5.58,44.06,20666.41,13584.24,74.18,7917.19,24725.49,3.14,54.85,2083.23,63811.09,7.54,23.93,974230.43,14530.72,964.6,0.0,2.0,0.0,381
60.62,1988.52,6.2,43.59,26419.37,14015.11,74.56,7983.08,24933.18,3.16,54.69,4482.9,0.0,6.84,13.18,461751.69,23763.09,907.5,378.82,2.0,0.0,380
52.42,1996.54,3.79,42.78,25362.45,16570.62,73.71,8028.05,24952.02,3.48,54.94,32735.1,570288.41,2.64,23.97,1021170.87,0.0,539.0,104.5,2.0,0.0,380
46.88,1990.63,3.25,43.43,20478.63,16583.97,73.49,7800.41,24566.15,3.06,54.89,31123.83,698563.83,3.06,4.55,1633486.48,0.0,744.28,75.42,2.0,0.0,381
47.43,2008.82,2.45,41.79,17193.31,18003.43,73.53,7889.56,24295.83,3.02,54.64,3500.02,404462.7,3.78,21.55,1841281.8,0.0,688.79,40.28,1.9,0.0,381
50.05,2004.99,2.13,43.33,8029.9,17419.15,72.3,7753.73,24398.65,2.64,54.32,65825.47,0.0,7.57,17.49,1297879.07,24523.84,1317.89,0.0,1.9,0.0,382
54.71,2013.16,5.07,43.83,12713.69,17532.5,72.52,8009.19,24425.42,2.85,54.67,67348.85,352868.35,3.78,4.36,1728436.76,75938.89,202.79,0.0,1.9,0.0,380
56.08,2048.19,2.35,43.88,17927.71,18353.43,73.08,8418.77,24404.31,3.18,54.55,58885.82,0.0,5.59,4.2,1777690.9,57670.46,527.11,165.95,1.9,0.0,380
58.01,2085.38,3.2,45.19,11760.16,20999.38,73.79,8385.32,24345.57,2.81,54.4,100484.25,0.0,2.1,0.0,804616.77,53868.49,1055.77,0.0,1.8,0.0,380
61.06,2055.95,3.17,45.06,15206.38,19446.88,73.47,7977.44,24211.21,2.98,54.71,73114.99,831234.49,1.72,0.0,0.0,93554.71,769.12,0.0,1.7,0.0,381
56.64,2015.16,2.75,46.45,10569.56,17733.53,74.59,8124.76,24253.89,2.77,54.76,48093.87,243260.63,0.0,23.63,35720.76,95044.97,789.61,179.84,1.7,0.0,379
49.92,1978.69,2.64,44.54,6682.86,18938.24,74.76,8050.65,24731.07,2.33,55.06,38055.95,729533.3,0.29,0.0,167751.19,97062.41,0.0,812.75,1.8,0.0,377
52.9,2005.93,3.38,44.66,5874.16,17973.62,74.33,8203.4,24478.94,2.53,54.83,25549.5,1041526.13,0.0,20.21,578414.57,77138.81,644.41,754.7,1.9,0.1,377
55.24,1983.6,2.27,44.55,2792.28,16013.62,74.83,8104.47,24593.43,2.64,55.34,35639.74,1605439.61,1.07,28.71,1326500.05,93731.29,713.01,746.2,1.9,0.0,376
60.46,2030.52,1.47,43.94,12962.3,16672.52,75.33,8317.54,24490.3,2.73,55.36,7793.93,1605585.95,4.17,19.43,1302164.19,91348.89,522.24,889.47,1.9,0.1,378
55.14,2066.01,2.27,43.37,21412.98,17171.19,73.81,8198.96,24512.18,2.16,55.33,10897.96,707116.04,4.27,20.28,404911.05,114756.37,925.23,702.54,1.9,0.1,378
46.51,2064.29,1.63,43.24,30399.86,16601.57,73.93,8316.32,24578.44,2.0,55.26,10327.58,816188.45,4.4,86.98,0.0,136812.31,1441.73,793.56,1.9,0.2,374
44.32,2080.85,1.68,45.3,22877.38,14571.62,73.61,8396.64,24481.51,1.97,55.6,48753.35,497310.39,0.0,22.33,231204.94,143995.61,1316.69,690.9,1.9,0.2,379
36.13,2062.03,0.91,43.68,18432.65,15203.69,74.07,8684.66,24447.75,1.62,55.44,5036.4,0.0,1.54,27.52,654900.32,113944.44,1576.68,494.26,2.0,0.2,379
39.2,2047.61,3.74,44.2,20415.36,14764.03,74.81,8770.94,24359.49,1.48,55.14,0.0,860881.08,0.65,11.77,0.0,155154.14,1686.16,713.36,2.1,0.2,380
47.09,2040.55,4.77,45.32,25391.31,14564.67,74.75,8858.97,24505.7,1.97,55.26,15826.16,516198.77,0.0,33.54,0.0,135444.98,2187.02,1035.19,2.1,0.2,380
51.22,2028.85,4.1,46.65,27265.6,13685.49,75.1,8974.59,24254.13,2.03,55.16,25477.17,869764.21,0.0,0.0,748138.03,79474.27,2055.0,876.78,2.1,0.3,387
44.41,2045.79,4.07,47.6,32818.8,16078.35,75.25,8680.77,24448.09,2.16,55.07,9224.35,1394752.46,4.23,0.0,1116722.98,58569.92,1067.55,831.46,2.0,0.2,385
41.12,2017.24,2.45,46.83,29010.41,16477.99,75.61,8673.28,24367.88,2.17,54.84,0.0,1659465.65,0.0,1.51,813306.94,75462.27,249.49,749.74,2.0,0.1,382
42.19,2023.55,3.13,47.22,23904.08,13713.31,75.53,8353.06,24166.97,2.49,54.92,0.0,1044010.09,1.64,10.28,0.0,0.0,1218.97,285.88,2.0,0.2,382
40.99,1977.8,1.51,47.35,32482.1,13249.14,74.94,8486.89,24034.0,2.6,54.94,0.0,930115.94,6.05,27.77,787732.43,0.0,1647.38,486.1,1.9,0.2,381
36.07,1979.9,2.81,47.21,31808.43,12957.12,76.84,8204.48,24249.45,2.62,54.72,0.0,7379.69,3.58,25.97,0.0,22368.8,974.57,0.0,1.9,0.3,377
40.08,1958.47,2.71,47.59,34625.58,12155.61,75.42,8344.72,24365.04,2.55,54.88,0.0,0.0,3.06,38.92,276838.16,41481.47,504.97,544.23,1.9,0.2,375
40.88,1974.07,4.14,48.96,36843.58,12987.68,74.94,8193.39,24551.34,2.83,54.62,19157.8,442013.67,0.0,50.48,0.0,0.0,408.12,583.95,1.9,0.3,377
42.97,1984.62,3.72,49.43,37915.94,13755.41,74.39,7874.57,24399.6,2.88,54.56,24080.05,288405.11,1.14,21.5,200939.35,0.0,0.0,482.63,2.0,0.2,378
47.44,2042.86,3.29,48.13,31027.98,15712.3,73.74,7855.11,23986.68,3.09,54.93,42857.11,0.0,2.58,0.0,283778.78,11619.09,215.67,620.01,2.0,0.1,380
48.34,2008.01,1.46,49.39,37415.89,16688.91,73.33,7386.29,24186.42,3.13,54.84,66167.05,560508.74,2.66,4.47,349579.03,38437.06,0.0,702.07,2.0,0.2,381
45.86,2004.28,0.88,50.42,44844.76,17503.64,74.74,7550.15,24355.95,3.38,54.86,58226.88,1088304.87,3.97,0.0,0.0,30711.67,0.0,319.28,2.0,0.1,383
50.88,2012.39,2.41,50.37,30126.6,17112.0,73.3,7764.72,23898.13,3.23,55.03,20164.15,1553756.79,4.72,13.31,530410.69,17592.19,135.99,313.62,2.0,0.0,380
49.48,1995.55,1.84,50.55,24378.89,16491.95,74.41,8031.39,24206.31,3.0,55.23,0.0,1207295.63,3.54,0.16,289969.22,1653.62,0.0,579.11,2.0,0.0,381
49.9,1994.02,1.95,51.31,29361.79,16265.0,74.08,8041.46,24299.97,3.35,54.83,17489.98,1753842.39,0.0,0.0,0.0,21068.15,0.0,489.7,2.0,0.0,382
50.98,1994.49,3.23,50.13,38396.48,14091.64,72.79,7693.94,23853.39,3.43,55.0,46790.35,909199.2,1.97,5.03,183782.24,44530.89,0.0,1281.56,2.1,0.0,380
50.59,1995.47,4.99,48.15,38850.37,11779.31,73.4,7757.01,24320.08,2.91,55.36,0.0,29009.53,0.0,14.25,0.0,0.0,161.59,1272.63,2.1,0.0,384
51.22,2012.72,5.24,46.53,40586.05,11193.82,73.51,7897.63,23899.6,2.46,55.55,0.0,0.0,0.45,5.82,347504.34,2478.63,296.84,896.6,2.1,0.1,382
54.93,2004.8,6.25,46.5,39083.41,12285.24,74.63,8002.54,24052.11,2.4,55.88,16978.01,98620.77,0.06,33.53,0.0,0.0,348.27,1181.18,2.2,0.1,382
56.45,1992.47,6.81,46.23,43140.16,13802.8,75.26,7998.71,24486.72,2.57,55.81,0.0,77645.04,0.36,11.93,0.0,0.0,383.68,480.07,2.2,0.1,382
59.88,2043.01,7.51,44.76,39661.55,14892.01,75.54,8246.76,24429.81,2.49,56.15,1657.41,0.0,4.2,0.0,0.0,31752.04,844.13,579.3,2.1,0.1,381
56.29,2069.1,5.76,45.19,44564.23,15478.81,76.37,8368.34,24492.42,2.62,56.14,0.0,0.0,6.09,33.28,239481.46,11727.26,0.0,558.83,2.0,0.0,381
52.31,2063.18,5.47,44.56,33931.19,14026.92,75.46,8094.72,24385.84,2.33,55.93,6444.3,0.0,6.3,0.0,0.0,10231.41,405.4,791.05,2.1,0.0,381
47.81,2016.03,5.76,43.83,39889.12,11829.6,75.71,7908.4,24191.7,2.53,55.61,0.0,0.0,10.07,0.0,108748.32,5795.5,515.56,515.08,2.1,0.0,379
52.76,2040.2,6.52,44.14,23393.42,12943.48,75.23,7910.06,23799.75,2.68,55.14,3231.28,594483.71,7.33,34.67,0.0,30650.43,0.0,806.15,2.1,0.0,379
46.67,2019.23,7.85,44.46,16711.39,11442.29,76.12,8066.17,23606.38,2.22,54.95,0.0,463892.71,12.69,0.0,0.0,77161.19,436.63,676.75,2.1,0.0,379
48.29,2040.8,6.63,44.39,14114.43,12299.83,76.51,8228.74,23455.46,2.33,54.78,26742.26,349605.45,6.79,0.0,374172.05,78594.96,172.98,427.34,2.0,0.0,378
52.67,2006.3,6.6,44.59,21581.1,14394.23,76.77,8308.61,23352.79,2.11,54.59,42647.95,393159.91,8.07,29.22,0.0,72252.55,199.99,297.57,2.0,0.1,379
52.44,1979.56,7.32,43.61,25422.25,15214.98,76.11,8369.06,23525.61,2.18,54.66,37990.12,464109.27,7.02,0.18,0.0,75169.79,278.48,596.56,2.0,0.0,379
50.9,1977.86,7.02,44.54,27270.08,17095.22,76.07,8178.5,23534.92,2.42,54.28,0.0,452931.74,8.48,37.15,0.0,106044.18,332.59,57.0,2.0,0.0,381
50.77,1942.87,4.73,44.64,15579.27,15929.85,76.03,7968.81,23850.74,2.78,54.12,0.0,1033463.72,7.21,0.0,0.0,64010.0,900.13,280.99,2.0,0.0,378
47.66,1987.7,4.89,45.76,19182.74,17835.19,74.23,7973.64,24256.32,3.02,54.6,0.0,608403.87,3.43,0.0,601547.07,77020.92,791.1,440.16,2.0,0.1,381
43.72,1992.11,2.69,45.84,24146.37,15301.57,73.95,8019.42,24303.77,2.9,54.35,0.0,0.0,2.31,0.0,498859.08,49815.27,0.0,296.16,2.0,0.2,386
51.77,1957.11,2.53,45.75,24843.45,15334.01,75.95,7828.32,24144.47,3.3,54.29,10478.65,672435.46,3.25,8.48,1111384.11,14783.34,0.0,461.82,1.9,0.2,386
52.25,1915.95,1.2,45.25,29995.01,11969.93,76.36,7818.02,24112.33,3.28,54.47,0.0,998309.1,0.0,0.0,1120041.31,4561.54,0.0,673.66,1.8,0.2,386
52.11,1954.7,1.75,45.73,29966.19,13360.92,77.2,7914.11,24296.84,3.57,54.9,0.0,1522062.53,0.66,32.14,1398063.02,18014.87,277.99,693.15,1.8,0.2,385
59.19,1969.42,1.5,45.38,35619.71,12411.14,75.63,7670.03,23924.61,3.1,54.61,36598.03,1318087.23,0.0,0.0,1170118.01,0.0,109.81,1287.53,1.9,0.2,386
55.78,1948.27,4.39,44.13,33224.67,13250.9,74.73,7896.43,23907.93,3.21,54.82,24819.68,2198159.86,0.0,38.07,1836101.31,67482.56,240.47,881.57,2.0,0.2,384
54.24,1925.52,5.24,43.65,31529.1,15010.49,75.2,7955.06,23994.36,3.14,54.73,21142.26,2214783.44,0.0,46.67,1090070.62,40117.47,0.0,607.87,2.1,0.2,381
55.53,1921.76,4.33,42.29,36517.59,12821.33,75.07,7802.22,24195.3,2.99,54.74,15429.75,2116020.49,0.04,42.13,663541.83,0.0,0.0,785.17,2.1,0.1,378
47.71,1910.32,5.68,42.15,37840.43,12162.88,75.5,7797.58,23943.04,2.87,55.26,60371.37,2142381.58,0.0,47.16,845807.35,2879.46,281.5,772.92,2.1,0.0,378
51.47,1918.29,6.04,42.32,31510.55,12179.12,74.55,7638.86,24242.24,2.74,55.03,94043.4,2361737.82,0.0,54.59,640259.7,0.0,537.76,592.43,2.1,0.1,380
49.09,1938.7,4.4,43.27,32297.94,13168.97,74.32,8171.99,24052.6,2.99,54.75,93332.96,2404762.24,0.15,37.31,711401.55,13828.68,1417.75,263.99,2.1,0.1,380
48.93,1971.44,0.71,42.93,23313.62,11521.61,76.26,8312.04,24281.83,2.92,54.99,32915.32,2718666.64,0.0,21.7,1009310.55,27346.81,1307.19,0.0,2.1,0.1,379
54.64,1948.09,1.41,44.96,21093.61,13676.83,77.56,8341.09,24165.12,2.69,55.33,61717.12,3231939.49,0.0,48.56,901179.42,0.0,1736.59,560.83,2.0,0.0,380
58.01,1921.36,2.3,44.38,26263.42,12582.16,77.73,8296.4,23979.5,2.7,54.77,37845.56,3001488.66,0.0,0.0,0.0,51650.69,1496.96,345.67,2.0,0.0,381
57.03,1916.1,3.15,45.37,26135.73,12184.79,76.98,7807.56,24078.83,2.39,54.97,29899.12,2666323.56,1.85,0.0,315973.43,57753.55,1238.89,36.41,2.0,0.0,381
51.67,1910.14,3.4,46.11,18886.88,11683.86,76.3,7858.7,23829.41,2.38,54.9,0.0,2247662.69,0.16,16.25,0.0,56598.05,705.57,0.0,2.0,0.0,380
50.42,1880.68,5.59,46.75,24135.59,9628.37,75.57,7849.22,23484.71,2.66,55.29,54421.66,1335395.1,0.45,51.21,0.0,32182.33,0.0,400.75,2.0,0.0,381
51.11,1898.36,5.26,48.31,24588.71,12961.0,75.87,7985.64,23574.75,2.92,55.28,21818.96,608172.83,1.5,23.9,34530.41,69374.83,212.54,149.03,2.1,0.0,383
41.69,1917.67,6.41,49.71,18182.88,15140.72,76.97,7602.54,23776.0,3.05,55.15,5749.54,969436.24,0.0,18.33,634403.46,125850.39,511.01,208.32,2.1,0.0,385
42.42,1955.68,5.8,48.35,22359.63,14966.45,75.66,8084.92,23714.1,3.24,55.35,0.0,274984.21,0.0,0.0,1740488.35,104133.64,941.81,380.14,2.1,0.0,387
40.26,2003.15,3.98,48.75,16587.63,14440.35,75.57,8009.44,23755.31,2.8,55.04,13235.94,303553.17,0.0,37.44,758807.54,79915.58,605.47,558.56,2.1,0.0,382
45.41,1992.29,4.34,47.43,14230.72,16861.49,74.02,7825.7,24140.59,2.95,54.95,44196.9,577995.15,0.62,41.16,1023571.52,90272.43,1679.72,451.55,2.1,0.0,382
53.91,2014.73,3.75,47.15,10233.13,15018.52,74.22,7787.47,23936.0,3.04,54.93,0.0,0.0,0.0,0.0,0.0,121312.48,1438.07,338.07,2.1,0.0,383
52.9,1987.92,3.16,45.55,11379.98,14604.84,73.93,7870.79,23965.67,3.05,55.19,15731.81,624424.62,0.0,0.0,501446.51,131374.54,940.21,521.7,2.0,0.0,383
46.86,1973.65,6.44,45.74,26173.51,12350.0,74.62,7395.97,24007.38,3.16,55.38,0.0,1205854.58,0.0,0.0,218706.68,75427.72,1648.97,497.8,2.1,0.1,381
52.47,1986.21,4.86,46.17,21780.68,15254.05,75.26,7511.39,24309.4,2.68,55.13,0.0,2417583.13,0.0,0.0,0.0,100747.28,1161.98,411.34,2.1,0.1,382
54.43,1972.28,4.71,46.31,27701.81,13931.52,72.77,7767.69,24495.09,2.73,55.18,0.0,2406894.84,2.25,5.02,1700099.62,34147.85,1129.23,13.61,2.1,0.0,379
51.26,1978.79,3.99,45.53,27378.87,13676.76,74.21,7986.88,24389.04,3.28,55.28,0.0,2251698.29,3.33,0.0,833682.2,36412.8,837.99,522.98,2.1,0.0,380
56.42,1940.61,2.8,45.49,28209.64,13760.55,74.02,7959.96,24448.27,3.49,55.11,64337.41,3141656.25,6.34,19.49,2093511.22,24902.9,352.62,315.57,2.0,0.0,381
56.4,1944.54,3.36,47.36,31899.64,15372.15,74.25,7665.35,24035.43,3.92,54.96,38554.18,2869739.21,6.85,37.45,3012014.43,79011.98,0.0,616.64,2.0,0.0,379
48.57,1947.38,2.36,48.07,30435.52,15771.8,75.38,7442.39,23914.04,3.79,55.05,61948.3,3011273.33,6.08,43.16,2851286.72,19027.53,0.0,642.52,2.0,0.0,377
47.93,2002.44,1.69,48.94,38716.75,15695.68,74.72,7673.91,24004.64,3.4,54.86,64715.04,3171325.13,4.33,38.49,2934851.66,14322.07,0.0,343.93,2.0,0.1,377
53.99,2041.78,1.98,48.8,38188.27,13011.31,73.47,7772.93,23951.02,3.79,54.82,106505.64,2461992.57,8.72,49.24,2937166.92,0.0,349.95,871.96,2.0,0.1,377
60.2,2053.39,4.45,48.63,37416.61,13947.38,74.49,7794.73,24283.38,3.72,54.22,113912.33,1381806.7,9.68,68.49,2786894.51,23699.5,910.2,621.9,2.0,0.1,381
54.22,2051.49,3.27,47.04,38392.94,14195.48,75.4,7792.39,24249.24,3.63,54.11,77892.53,1895805.76,6.79,92.03,2840116.9,0.0,1100.19,734.5,2.0,0.1,379
59.26,2036.44,2.38,47.29,33597.66,12784.06,74.98,7723.14,24056.24,3.7,54.21,99304.7,1151070.39,1.23,85.6,3699829.02,23246.61,2613.46,769.39,2.0,0.0,380
58.69,2015.6,2.64,46.92,32395.25,16386.72,74.63,7840.16,23999.31,3.76,54.38,77148.47,0.0,1.69,68.41,3180357.22,0.0,3002.53,966.62,2.1,0.1,382
52.78,2057.16,1.78,46.4,35900.81,17342.11,75.07,7819.6,23908.14,4.27,54.46,61427.36,0.0,2.09,66.79,2767841.83,17921.43,3499.52,670.61,2.1,0.1,383
50.13,2030.1,0.33,46.35,37465.67,19898.78,75.37,7791.72,23672.03,3.71,54.2,101791.34,224604.13,0.25,35.8,1869370.47,0.0,3696.77,599.47,2.0,0.2,380
47.79,2055.44,1.64,45.69,30315.06,17604.05,74.53,7864.26,23798.1,3.52,54.31,58959.58,418711.03,3.59,29.84,1545186.08,7263.75,3764.72,262.83,2.1,0.2,380
53.24,2011.34,2.9,46.11,25747.78,17909.21,74.76,7886.77,24046.8,3.24,54.48,46759.55,39338.59,4.38,23.62,427725.91,0.0,3656.77,0.0,2.1,0.2,379
60.96,2009.72,4.29,46.3,25459.36,17410.45,75.89,8172.85,24487.7,3.22,54.33,28254.86,0.0,5.75,8.66,0.0,92203.03,2880.49,0.0,2.2,0.1,382
57.0,1968.75,6.76,47.17,31093.26,17597.7,76.16,7927.1,24474.68,2.9,54.06,34952.87,746485.01,3.89,5.52,0.0,82932.57,2890.58,291.81,2.2,0.1,381
59.35,1990.17,6.31,46.43,37144.36,16607.0,76.51,7949.01,24219.36,3.29,54.24,11101.64,0.0,0.0,0.0,1330834.4,53936.12,3245.22,245.3,2.1,0.1,378
54.53,1963.67,3.58,47.92,37405.87,15249.18,76.4,7820.43,23660.24,3.98,54.4,0.0,0.0,0.0,45.88,2186007.42,77020.78,2256.55,729.76,2.1,0.1,380
47.74,1932.91,3.15,48.23,29503.19,14902.49,75.98,8054.22,23889.98,3.52,54.87,0.0,706963.37,0.0,46.77,2080634.27,76823.81,2317.15,784.34,2.1,0.1,378
49.31,1923.47,1.97,47.48,30769.05,15279.48,76.61,8361.37,24013.96,3.54,54.92,20320.13,944955.76,0.0,98.36,1487399.84,121493.64,1347.26,965.55,2.2,0.0,379
52.48,1936.94,2.98,47.31,25322.97,18947.69,75.9,8438.46,23912.18,2.81,54.69,0.0,1509772.87,0.0,74.03,645176.33,110927.02,843.97,1176.67,2.2,0.0,381
52.26,1942.31,1.35,46.94,27921.98,20430.83,75.11,8892.53,24079.3,2.4,54.51,37539.97,2080808.17,0.05,70.33,0.0,145735.8,279.58,1308.98,2.2,0.0,383
59.67,1953.37,1.71,46.63,24696.28,18374.11,75.38,8763.92,24173.04,2.05,54.56,59153.47,1149771.56,0.1,15.92,0.0,156992.98,141.44,1733.57,2.2,0.0,381
56.74,1936.42,0.8,47.16,30161.37,18466.25,74.6,8758.83,23780.67,2.49,54.28,20880.61,1098462.95,0.63,15.25,0.0,178181.18,0.0,1038.84,2.2,0.0,384
50.98,1982.32,2.88,48.24,40027.41,18042.47,73.8,8663.12,23730.78,2.34,54.43,9650.58,534670.97,0.0,30.57,698968.58,98568.74,0.0,876.89,2.1,0.0,384
53.09,1982.35,2.05,49.99,43012.16,18427.38,74.71,8655.01,24078.82,2.41,54.52,25046.44,1451725.14,3.99,44.72,1006218.11,112918.75,555.72,1199.16,2.1,0.1,384
55.43,2016.75,3.56,50.29,39328.04,20248.92,75.24,8623.13,24335.62,3.13,54.28,231.93,2896178.85,4.52,46.47,855144.36,143397.01,1846.51,845.86,2.1,0.1,385
59.78,2052.28,4.86,52.29,35250.34,18110.51,76.3,8595.36,24031.96,2.99,54.46,0.0,1905356.15,3.3,15.84,1216274.55,56840.53,1674.56,923.92,2.1,0.1,382
55.53,2031.1,5.9,51.49,45661.35,16338.31,74.94,8922.85,23762.28,3.12,54.28,0.0,1446845.84,5.18,0.0,1484727.33,79833.77,842.64,751.61,2.2,0.1,381
56.54,2003.73,7.32,51.78,44185.26,16469.95,74.09,8539.35,23755.19,3.04,54.67,24408.03,1392674.7,7.55,0.0,2039859.63,43960.96,1399.88,673.63,2.1,0.1,383
53.78,1988.74,6.81,48.72,30240.46,18274.27,73.51,8889.19,24117.29,3.4,54.55,0.0,584071.41,5.25,0.0,1498894.81,34474.02,597.72,279.3,2.1,0.1,381
54.54,1989.39,6.65,47.51,23652.82,20431.91,74.17,9007.54,24118.69,3.25,54.74,0.0,0.0,2.37,0.0,775379.76,45479.04,608.57,721.27,2.2,0.0,381
54.58,1985.95,4.98,46.19,26088.1,18090.94,74.36,8844.4,24167.35,2.92,54.82,0.0,148382.31,5.55,10.25,944142.73,72115.3,0.0,1201.07,2.1,0.0,383
50.28,2009.98,5.7,48.12,27918.0,17423.55,73.98,8390.21,24111.8,2.81,54.92,0.0,34830.71,6.24,29.56,0.0,90803.09,0.0,1000.84,2.0,0.1,383
44.03,2013.72,6.11,49.04,26905.06,17046.77,73.56,8497.48,23966.55,2.56,54.91,0.0,1042315.57,10.39,17.1,0.0,93493.79,0.0,1264.9,2.0,0.1,383
42.24,2013.33,7.19,48.58,28121.82,15328.25,74.62,8682.77,23921.67,2.55,55.3,0.0,1300341.81,7.36,63.58,116506.81,128738.95,0.0,715.44,2.0,0.1,382
46.65,2001.15,4.08,48.7,24153.7,14675.35,75.84,8993.73,23848.77,2.72,55.11,0.0,794074.29,1.72,60.04,362115.82,89791.18,607.16,507.87,2.0,0.1,379
51.02,1985.74,5.61,49.6,28554.72,13408.64,74.66,8582.3,24140.47,2.68,54.93,0.0,1374959.88,3.52,65.82,798997.32,87053.05,727.69,541.3,2.0,0.1,380
47.34,1997.16,5.9,49.63,28495.33,14897.97,74.6,8687.3,24059.82,2.58,55.1,0.0,2543392.53,4.49,60.16,1289070.13,61148.29,1142.73,785.04,2.1,0.1,378
45.34,1985.52,8.08,51.37,30736.51,14895.91,74.32,8797.79,24548.63,3.07,55.39,29698.9,2712985.61,3.7,35.87,1157255.24,71346.43,298.99,657.45,2.0,0.1,377
47.51,1964.6,9.83,48.62,33311.23,12860.81,73.95,8761.38,24556.75,3.08,55.37,8450.52,2259691.07,3.24,39.06,1015947.4,90976.69,360.66,662.15,2.0,0.0,378
52.98,1976.95,8.05,49.02,31359.48,14278.88,73.76,8761.44,24400.6,2.89,54.9,20782.63,2194726.5,3.88,43.81,441481.24,116093.24,865.88,350.11,2.0,0.0,378
51.43,1989.83,5.59,47.28,26358.22,11516.04,74.73,8268.11,24449.42,3.08,54.84,173.09,2057161.2,3.31,66.48,0.0,70204.89,1078.23,352.73,2.0,0.0,378
50.08,2047.94,7.63,47.53,27560.92,12856.86,75.36,8355.96,24260.29,3.49,54.93,53304.38,1912830.65,2.17,95.48,271578.67,68736.8,371.67,549.69,2.0,0.0,378
52.0,1995.66,7.0,48.27,21823.0,13419.33,74.75,8257.32,24606.62,2.94,55.14,32832.59,1361527.71,0.0,104.01,181115.67,51395.25,430.72,451.87,1.9,0.0,380
45.59,1962.95,6.17,47.05,23163.03,11896.79,74.41,8248.42,24688.98,3.23,55.05,77749.65,1099048.46,2.19,141.38,319937.76,0.0,471.38,227.77,1.9,0.1,378
47.61,1940.74,5.62,47.6,26068.76,11974.43,73.92,8317.57,24982.08,2.91,55.55,97793.01,1807320.21,2.68,153.69,0.0,0.0,845.73,327.11,1.9,0.0,378
43.23,1957.98,5.32,46.58,40407.37,14036.74,74.86,8773.78,25040.41,2.68,55.23,108650.84,353397.32,2.08,78.69,139595.22,34773.31,919.05,616.67,2.0,0.0,384
45.24,1984.63,4.49,48.16,44420.44,16474.43,74.86,8433.0,25017.98,2.23,55.11,97498.19,1777865.78,2.61,74.02,152663.63,0.0,883.9,596.05,1.9,0.0,383
46.34,1970.24,3.19,48.05,45264.34,16412.75,74.37,8533.2,24861.74,1.99,55.36,92296.64,1491680.43,0.0,47.44,1521544.94,0.0,684.28,540.44,1.9,0.0,383
40.04,1972.62,2.62,46.71,47492.6,15796.29,74.77,8599.83,25036.69,1.78,55.55,78997.81,1093218.25,0.0,59.41,766891.89,22776.38,1611.71,811.37,2.0,0.0,384
36.92,1965.93,5.39,45.84,50798.45,17249.72,75.59,8282.7,25028.47,1.88,55.76,23668.94,1201796.44,0.6,3.18,149443.21,0.0,1063.77,904.09,2.0,0.0,381
43.63,1965.89,5.42,46.79,42873.32,17241.24,75.77,8165.15,25048.27,2.12,55.62,16749.94,1387486.03,2.6,7.88,932819.76,27796.84,63.3,358.82,2.1,0.0,381
49.41,1966.19,5.46,45.63,43087.13,17799.74,75.14,7985.91,25481.04,2.19,55.34,32960.4,1200930.03,0.0,22.63,311549.97,84173.37,362.27,255.59,2.1,0.0,382
58.38,1996.53,6.1,44.57,40629.99,18104.36,74.4,8300.38,25090.23,2.1,55.14,47720.11,590151.51,0.0,50.63,50077.81,37728.55,0.0,804.55,2.1,0.0,381
52.14,1972.84,4.22,45.73,39806.36,21529.99,73.87,8114.16,25286.49,2.47,55.22,11340.51,1600004.33,0.0,35.59,863211.64,35576.35,0.0,735.76,2.0,0.0,379
49.76,1941.82,5.16,44.83,41033.8,18569.21,74.69,7867.88,24636.74,2.83,54.96,56027.5,1750574.08,2.09,60.56,882349.87,38968.35,704.6,699.98,2.0,0.0,375
55.36,1981.2,6.81,46.17,39204.82,17833.03,73.7,8295.85,24475.64,2.9,55.04,12429.98,493854.04,1.8,43.45,766782.15,75436.61,771.66,876.25,2.0,0.0,374
55.77,1981.58,7.83,45.88,36561.9,17013.18,73.11,8596.16,24681.04,2.55,55.24,0.0,1062608.81,0.0,49.71,0.0,25657.27,951.39,559.99,2.0,0.1,380
58.89,1950.94,9.85,44.1,34278.91,16765.56,74.85,8738.86,24517.78,2.32,55.47,0.0,1085205.71,0.0,60.38,393885.46,0.0,1387.56,692.18,2.0,0.1,381
57.93,1949.74,9.4,45.66,39380.95,14600.77,75.58,8918.84,24444.87,2.51,55.53,0.0,745417.14,1.98,42.22,1046218.15,50860.22,1814.71,1259.66,2.0,0.1,382
56.61,1966.91,6.47,45.84,31197.31,13107.17,76.01,8778.87,24561.75,2.48,55.74,0.0,0.0,2.29,0.0,16834.92,16032.67,1094.67,935.66,1.9,0.0,385
52.93,1908.47,5.8,44.54,26755.45,14481.48,75.44,8458.98,24608.13,2.82,55.77,0.0,0.0,2.08,0.0,0.0,0.0,282.33,1475.56,1.9,0.0,385
52.8,1915.91,4.21,43.02,29469.81,14823.9,76.05,8584.9,24383.16,3.1,55.86,18308.25,1400786.95,7.16,21.22,443785.79,42892.89,5.49,1111.26,2.0,0.0,386
53.14,1901.32,4.41,44.79,30225.71,14954.89,76.09,8633.74,24292.59,3.13,55.45,0.0,840252.67,7.33,25.7,364700.74,65406.18,254.91,890.98,1.9,0.0,382
53.37,1888.77,3.88,44.73,35777.69,16397.26,75.82,8845.15,23861.28,3.56,55.57,2819.83,231753.81,5.08,41.0,797406.96,83744.14,0.0,499.39,1.9,0.0,382
59.1,1901.68,4.09,45.56,41391.52,14023.17,74.75,8692.18,24584.33,3.36,55.45,18795.79,834810.51,4.77,68.2,0.0,48153.17,644.76,466.99,1.8,0.0,380
57.86,1924.08,3.83,45.94,37707.24,16071.71,76.74,8545.44,24634.43,3.37,55.42,33294.57,1048728.69,2.82,95.22,206663.86,31504.11,1837.59,398.85,1.8,0.0,380
58.65,1908.57,4.86,43.94,30179.85,18764.03,75.42,8090.45,24316.4,3.73,54.88,3237.14,69068.81,1.68,73.35,0.0,97302.59,1017.78,345.41,1.8,0.0,381
55.81,1927.49,4.78,41.92,37076.86,21439.26,75.15,7927.48,24622.89,4.07,54.86,0.0,62815.94,0.0,58.48,1193734.81,80991.37,401.0,491.24,1.8,0.0,378
50.78,1953.15,5.02,41.59,36881.44,19481.66,74.45,8223.45,24731.03,3.86,54.92,0.0,397443.11,0.0,75.34,1320418.66,63760.07,154.78,725.21,1.8,0.0,378
53.95,1913.1,4.58,43.32,35246.26,19208.35,75.32,8417.77,24565.26,3.65,55.17,24856.89,337053.7,0.0,74.45,2089072.3,96586.3,540.16,310.95,1.8,0.0,382
52.49,1954.5,3.92,43.09,37173.17,21023.11,75.04,7854.91,24187.49,3.59,54.75,0.0,345920.74,0.0,57.15,1091058.8,32914.39,114.77,0.0,1.9,0.1,381
49.77,1945.77,2.63,42.03,27951.85,17986.33,76.26,7771.01,23576.14,3.3,54.37,1678.86,317062.85,0.15,51.11,759412.72,0.0,119.48,364.43,2.0,0.1,381
51.99,1988.58,2.37,43.28,24314.1,18027.45,76.78,7573.17,23565.68,3.46,54.63,28825.04,830277.27,0.0,103.26,809925.82,0.0,18.91,198.95,2.0,0.1,383
54.11,1959.3,2.62,42.75,26366.09,16306.1,76.5,7619.63,23635.36,3.89,54.59,0.0,1366879.38,2.66,40.73,306380.21,19850.99,339.49,206.62,2.0,0.0,378
62.07,1935.24,3.27,42.97,31747.56,16259.56,76.34,7161.41,23551.08,3.9,54.82,0.0,267639.65,2.6,0.0,0.0,83973.4,1075.59,370.26,2.0,0.0,377
59.16,1921.36,3.1,44.74,28975.05,15499.61,76.66,7027.91,23477.99,3.53,54.86,0.0,91629.78,0.47,0.0,472450.46,63628.01,1285.41,0.0,2.0,0.0,377
61.02,1917.17,4.45,45.24,28839.11,13889.08,76.94,7018.35,23588.42,3.39,54.83,0.0,0.0,0.0,39.47,155966.4,53815.64,1084.52,388.92,2.1,0.0,377
54.84,1886.92,2.17,44.39,18594.47,15728.44,76.92,7152.39,23920.53,3.01,54.64,0.0,516349.73,0.0,37.53,861648.48,98953.86,966.67,492.32,2.0,0.1,377
54.56,1888.51,4.27,44.75,24446.0,16146.34,76.39,7515.19,24041.83,2.71,54.43,4032.05,1035060.2,4.32,0.0,824260.6,105882.53,1030.03,779.84,2.0,0.0,376
55.28,1926.68,4.62,43.13,20188.73,17035.02,75.85,7652.58,24296.66,2.39,54.41,0.0,1144935.47,5.72,0.0,772132.42,125317.85,1.23,681.32,1.9,0.0,372
60.36,1923.65,3.63,43.82,16594.87,14900.32,76.85,8125.62,24164.02,2.72,54.59,0.0,468684.48,8.95,0.0,2219272.14,90438.1,856.42,520.55,2.0,0.1,376
56.51,1907.87,3.77,42.63,20083.02,13585.92,77.36,8026.46,23808.91,3.08,54.7,879.47,1106637.58,9.91,0.0,1668122.43,41467.81,50.17,666.28,2.0,0.1,380
58.85,1939.78,1.18,42.71,26750.94,11919.65,77.02,8171.76,23967.5,3.12,54.9,5620.27,115451.69,9.77,10.85,547392.41,88775.18,370.91,164.51,2.0,0.1,379
58.84,1918.45,3.34,44.24,30656.0,12419.41,77.39,8127.66,23856.33,3.37,55.0,0.0,0.0,6.37,64.51,543078.98,85390.24,737.88,0.0,2.1,0.1,383
56.34,1953.36,0.24,43.13,29314.46,9564.95,77.44,8214.27,23705.71,3.27,55.21,0.0,0.0,4.54,59.02,498508.54,108611.73,926.96,261.5,2.0,0.1,382
61.55,1960.3,0.1,44.39,32548.99,9049.59,76.74,8152.11,24045.11,3.24,55.37,0.0,252780.59,7.3,44.5,573966.92,47983.58,461.99,154.49,1.9,0.2,380
63.18,1966.53,0.92,46.15,20881.24,9599.87,75.56,7755.81,23823.21,3.16,55.13,23728.11,138659.74,5.35,33.21,498748.63,30158.43,23.63,486.25,1.9,0.1,381
62.63,1943.37,2.61,46.62,23413.53,9696.05,75.09,7789.73,23626.78,3.08,55.34,43363.83,0.0,7.36,80.54,292804.39,54608.45,0.0,50.52,1.9,0.0,385
63.32,1972.65,2.97,45.34,22008.62,10861.45,74.51,8002.51,23869.28,3.03,54.81,82137.29,0.0,13.4,88.72,187057.54,66696.71,0.0,409.68,2.1,0.0,384
61.01,1995.16,6.19,45.76,34397.84,11719.37,74.87,8111.11,24182.63,2.87,55.05,37510.66,0.0,9.72,81.23,27950.32,101386.02,0.0,0.0,2.0,0.1,382
61.11,1983.47,7.17,45.45,48107.08,15178.94,74.58,8038.99,24851.87,2.56,55.03,32587.42,50622.62,3.69,85.32,0.0,141712.64,0.0,58.01,1.9,0.0,380
56.68,2019.9,6.84,46.84,43707.9,16077.72,74.0,7905.76,24377.03,2.67,55.1,48285.14,223925.05,8.48,80.6,722065.3,113194.96,0.0,317.54,1.9,0.0,381
52.52,2040.57,5.43,47.3,48450.68,15276.06,75.0,8043.49,24536.6,2.45,55.14,4066.81,1268506.87,1.91,63.01,81147.98,124589.62,1028.12,518.09,2.1,0.0,378
48.57,2033.02,4.02,46.19,49106.73,13244.12,74.04,7992.8,24428.58,2.75,54.88,0.0,1479041.84,3.74,93.67,450093.11,114854.7,1222.91,393.99,2.1,0.0,380
49.77,2043.89,0.39,46.01,42126.95,15847.97,74.61,8083.05,24309.89,2.85,54.65,0.0,962406.37,9.16,120.78,1151099.92,48758.94,1534.04,433.85,2.1,0.0,380
50.89,1985.1,0.09,46.32,46380.77,14818.6,74.57,7773.06,24607.51,3.12,54.88,10827.0,1801023.96,5.67,82.88,1745959.23,81221.89,762.57,238.09,2.2,0.0,382
46.08,1999.98,0.0,44.02,47890.22,17080.53,74.37,7731.75,24913.5,3.01,54.88,53932.4,1370875.02,3.1,94.88,1094861.94,68182.14,43.55,300.61,2.2,0.1,384
49.06,2005.71,0.7,44.88,39783.64,13024.06,75.32,7953.85,24786.33,3.24,54.7,27372.56,711098.47,4.14,43.74,505485.37,72593.54,0.0,83.65,2.1,0.1,382
44.78,1966.1,0.82,43.24,48488.54,9519.51,74.85,8023.12,24541.61,3.22,54.54,63680.12,0.0,0.0,7.54,756885.34,61799.81,438.17,270.37,2.1,0.1,381
53.46,1984.73,4.07,44.47,45646.48,8698.44,74.97,8046.64,24477.25,3.09,54.07,87449.61,21771.1,0.0,22.3,160234.65,76887.92,875.82,594.48,2.1,0.1,380
50.07,1981.92,3.97,43.7,37715.89,9439.59,74.57,7838.95,24617.29,3.49,54.46,55475.12,40410.74,4.06,0.0,721788.34,17993.75,1651.79,406.9,2.2,0.2,380
47.2,1985.11,3.93,43.51,28349.04,9428.27,73.69,8019.16,24770.14,3.57,54.63,24801.1,209537.96,5.55,0.0,766254.02,14407.54,2300.45,656.84,2.2,0.1,381
47.1,1978.38,2.01,42.61,28505.27,11992.89,73.35,7971.83,25066.53,3.36,54.65,18157.57,0.0,6.23,0.0,706823.75,32402.88,2992.87,176.48,2.2,0.1,380
50.13,2020.26,1.47,43.28,31051.99,13255.94,74.15,8050.91,25051.35,3.02,54.75,2999.59,0.0,3.96,10.46,960181.72,0.0,2131.37,420.46,2.2,0.1,383
52.44,2001.65,2.2,45.4,45263.61,14217.2,74.63,8236.0,24935.27,3.28,55.05,11995.7,0.0,0.0,31.2,1030118.62,0.0,1302.3,607.65,2.1,0.1,385
54.47,1986.46,0.98,46.03,49359.05,13397.29,75.02,8573.66,24903.0,3.09,55.32,0.0,0.0,2.15,19.7,744264.41,0.0,928.42,1003.61,2.2,0.2,387
55.84,1946.11,1.37,48.28,44487.02,15998.37,75.0,7963.11,24939.12,3.36,55.26,32589.58,0.0,0.0,25.56,1018956.6,52701.39,1170.33,510.88,2.2,0.2,382
54.9,1940.71,1.08,48.38,36700.24,16475.22,75.38,8236.82,24598.14,2.87,55.29,20273.08,1792538.91,1.21,26.79,828503.99,5641.7,1338.17,447.99,2.2,0.2,382
47.09,1967.0,0.56,47.78,42516.09,19033.88,73.91,8247.48,24602.54,2.45,55.46,20406.46,1692106.37,0.0,36.9,1326102.54,13639.58,938.21,280.55,2.2,0.2,384
45.66,1935.21,1.76,46.89,44895.52,18408.51,74.53,8036.44,24578.99,2.3,55.07,0.0,1163830.44,3.29,20.34,372916.15,20586.89,871.67,120.34,2.2,0.2,385
48.84,1909.1,6.22,47.81,45556.66,16025.0,75.28,7965.2,24487.82,1.92,54.73,11663.02,1644648.26,4.6,37.5,349855.36,7291.22,945.87,403.64,2.2,0.2,384
45.08,1917.81,6.23,47.35,50017.25,17111.71,74.05,8333.54,23873.6,2.6,54.7,5032.59,1413988.01,4.93,35.44,285488.92,57198.53,1148.24,75.9,2.2,0.2,383
49.21,1921.34,5.79,46.78,34874.02,15930.37,74.69,8318.6,23658.37,2.87,54.66,0.0,2576704.22,1.43,56.19,0.0,57767.17,581.3,0.0,2.2,0.2,385
49.3,1986.97,6.08,47.18,27463.45,14788.14,75.08,8292.88,23785.78,2.63,54.75,3234.48,1534399.55,2.91,7.86,195295.91,116395.94,896.24,254.37,2.1,0.3,387
46.03,1971.77,7.67,48.86,21643.07,13201.5,74.89,7831.28,23858.54,2.95,54.41,6209.27,1007417.3,6.8,0.0,1231923.95,81923.56,1209.56,335.7,2.1,0.2,387
44.93,1953.19,9.32,48.93,26438.47,12820.21,74.7,7844.02,23987.43,3.08,54.49,0.0,1364389.6,5.88,0.0,0.0,84565.66,670.02,462.03,2.0,0.2,385
53.04,1980.59,10.55,48.42,31427.02,13259.81,75.84,7891.94,23731.46,2.5,55.0,12715.47,1538108.06,8.93,0.0,0.0,67761.01,1002.73,210.54,1.9,0.1,387
49.63,1964.31,10.63,47.2,22764.38,10988.99,75.6,8052.76,23765.74,2.64,54.58,0.0,2710942.57,10.84,23.24,0.0,53407.99,910.98,637.74,1.9,0.1,386
53.08,1972.98,9.89,46.12,23525.74,9852.4,75.42,8103.39,23330.83,2.59,54.33,13245.81,2738385.39,8.1,37.37,460659.96,41503.69,1606.28,349.53,2.0,0.1,384
51.28,1943.42,10.27,44.26,31847.21,9113.34,75.95,8132.8,23524.88,2.45,54.52,14926.12,1505445.75,4.36,21.5,0.0,84277.38,1428.37,87.44,2.0,0.1,383
46.76,1925.82,10.57,44.63,31048.23,9968.28,75.71,8108.63,23741.72,2.61,54.18,9334.05,428719.81,5.38,41.48,0.0,71772.65,210.6,424.02,2.0,0.1,386
42.3,1955.69,11.79,43.11,30272.74,10116.53,76.21,7627.71,24199.72,2.59,54.55,6459.43,711528.98,0.0,28.99,628095.06,75610.41,0.0,419.06,2.0,0.0,382
46.13,1987.0,13.7,41.84,34405.4,12133.54,75.51,7530.03,23977.6,2.47,54.67,41426.77,1319617.48,0.0,8.04,1456725.06,42488.04,30.85,0.0,2.1,0.0,379
51.17,2034.87,12.05,42.32,38637.55,12988.73,75.07,7538.04,23687.42,2.56,54.69,23792.34,572981.76,0.0,26.22,1888425.05,28746.77,0.0,0.0,2.1,0.0,380
52.59,2016.89,9.45,41.69,43356.05,12111.38,74.67,7408.12,23514.68,2.38,55.18,37667.71,223180.9,2.86,21.96,2563684.76,107645.52,577.14,69.22,2.1,0.0,376
49.61,1984.64,7.92,44.19,47337.5,13209.22,75.3,7138.02,23777.53,2.68,54.57,52285.3,0.0,0.0,56.16,1597381.87,70258.25,1048.29,0.37,2.1,0.0,378
48.85,1985.3,6.84,44.75,46595.0,16444.95,74.89,7268.33,23897.84,2.93,54.34,47282.71,0.0,0.0,78.74,959252.6,70331.09,684.27,0.0,2.1,0.0,379
50.41,1960.42,6.83,43.82,47025.55,14117.93,74.57,7364.63,24184.29,2.94,54.69,54912.46,380803.09,0.0,96.61,658166.01,2368.67,533.0,183.85,2.0,0.0,377
53.72,2005.77,6.32,44.63,47308.43,16673.57,74.06,7453.42,24121.45,2.92,55.4,47599.21,0.0,0.0,117.73,74093.53,29990.78,170.36,0.0,2.0,0.0,379
55.34,2014.64,5.8,45.49,40258.05,12512.01,74.69,7610.11,24011.3,2.5,54.8,41934.28,1040685.02,0.0,94.4,122207.11,107542.52,582.86,0.0,2.0,0.0,377
57.79,1986.26,3.68,45.55,38555.75,12851.39,74.07,7576.69,24283.99,2.65,54.58,0.0,388295.81,0.42,67.65,0.0,74694.08,518.33,289.61,2.0,0.0,377
54.67,2007.22,4.93,47.75,40645.4,12353.81,73.43,7880.8,24106.28,2.87,54.44,9308.61,0.0,2.42,29.53,253165.21,60734.11,551.34,158.78,2.0,0.0,376
49.92,1992.04,4.45,46.29,44022.9,12189.95,73.42,7658.76,24563.47,3.48,54.32,40318.45,0.0,6.29,37.27,355384.86,0.0,85.8,180.54,2.0,0.0,375
52.34,1952.15,4.76,47.5,44143.28,13109.43,72.0,7576.57,24948.41,3.21,54.76,18293.74,0.0,6.71,37.83,626050.07,0.0,0.0,0.0,2.0,0.0,378
52.46,1967.45,5.04,45.96,42365.8,13567.49,72.99,7454.74,24412.82,3.18,54.89,10936.92,68826.65,8.02,23.99,425514.4,7122.3,0.0,0.0,2.0,0.1,378
53.03,1991.87,3.94,47.37,49772.01,13704.5,72.8,7919.19,24555.16,3.13,55.28,44202.26,0.0,7.48,38.72,455549.24,0.0,0.0,0.0,2.0,0.0,379
60.26,2026.05,1.66,45.68,43097.63,12019.15,71.76,7968.84,24657.07,3.31,55.11,30522.29,265299.03,6.08,57.21,743054.96,0.0,0.0,517.77,2.0,0.0,375
58.79,2020.13,2.41,48.91,38166.73,13731.01,72.59,7870.33,24764.89,3.18,55.33,77706.08,367952.11,4.44,79.09,1617719.94,0.0,0.0,694.83,2.0,0.0,377
60.36,2003.66,2.93,47.75,31605.95,13103.61,72.95,7618.78,24597.42,3.13,55.59,57928.84,0.0,3.22,56.31,1810356.01,0.0,0.0,1808.62,2.0,0.0,374
52.87,1996.04,3.74,48.15,32833.11,11481.66,71.21,7694.66,24431.91,2.73,55.72,7852.27,421977.15,0.0,54.87,2223132.27,0.0,910.3,2188.87,2.0,0.0,377
54.81,2003.5,3.27,45.9,25567.01,15742.18,71.97,7728.5,24669.93,2.53,55.77,8819.68,686551.08,0.0,25.54,1428046.83,0.0,831.76,1402.57,1.9,0.0,377
54.99,1997.14,7.0,45.95,24552.46,15758.47,73.17,7798.58,24750.34,2.66,55.57,10529.18,1594353.61,0.65,0.06,1080553.47,0.0,835.68,1650.24,1.8,0.0,380
58.86,2026.62,4.21,46.41,17938.94,14034.78,74.03,7901.91,24827.45,2.42,55.88,27192.0,1940474.35,0.0,33.58,787368.48,0.0,1084.72,1627.99,1.8,0.1,384
60.15,2029.32,4.82,44.57,20579.86,14304.67,73.65,7891.25,24238.18,2.17,55.99,68823.51,1135748.91,0.49,60.21,405062.4,28429.12,964.5,1802.99,1.8,0.0,384
59.14,2018.79,5.68,43.67,15257.23,13586.41,73.48,7887.59,24506.47,2.46,55.98,64459.34,757058.91,0.0,24.13,0.0,26935.93,297.85,1625.7,1.8,0.0,386
47.72,2001.21,2.43,44.19,21615.72,11631.03,72.68,7586.41,24480.52,2.4,55.76,45210.47,111725.95,2.99,31.05,0.0,2204.53,0.0,1869.88,1.9,0.0,389
54.17,1990.3,2.31,43.97,18265.06,14844.45,72.17,7871.23,24590.56,2.37,56.12,0.0,99206.31,1.26,54.53,305744.09,0.0,683.52,1783.46,1.9,0.0,385
52.96,1991.06,2.3,43.69,12047.48,15368.54,71.01,7936.91,24159.48,2.43,55.95,10735.84,653401.72,3.84,8.75,297038.29,76047.17,700.46,1289.45,1.9,0.0,382
56.22,2003.14,0.95,43.83,12104.19,12749.97,70.43,7719.43,24159.86,2.35,55.56,0.0,1055659.9,4.21,36.63,178682.04,126117.29,830.14,978.91,1.9,0.0,381
57.18,2014.13,1.04,47.04,14165.21,10402.83,72.01,7929.26,24221.32,2.28,55.58,42755.57,1070240.44,0.0,0.0,477840.22,76327.61,714.92,612.7,1.9,0.0,380
59.42,2022.47,0.05,45.62,18731.84,12723.52,73.21,7768.36,24433.19,1.88,55.44,49282.17,0.0,5.52,37.5,903310.44,34751.51,632.9,812.25,1.9,0.0,382
51.95,2023.21,0.0,44.55,18101.76,13844.38,72.86,7869.37,24260.02,1.86,55.7,11705.91,507235.53,4.7,20.73,48777.04,0.0,225.59,681.51,1.9,0.0,381
51.43,2027.63,1.67,43.16,18702.24,15925.24,72.08,7944.44,24221.63,1.84,56.01,11032.33,1389301.7,4.01,32.96,0.0,0.0,457.35,754.9,1.9,0.0,378
48.0,2041.23,0.0,43.81,20081.56,17096.88,72.78,7852.68,24075.53,1.83,56.02,0.0,1327300.28,1.09,36.47,299829.21,0.0,334.03,730.37,1.9,0.0,376
44.0,1994.1,1.55,43.92,21560.95,14054.87,73.02,8048.1,23712.71,1.82,55.45,0.0,639968.51,1.94,38.9,1172392.21,2373.16,513.84,481.72,1.9,0.0,379
47.93,1993.79,0.79,45.38,26041.27,17364.45,72.34,8262.46,23908.12,1.86,55.74,10709.5,34209.13,1.34,12.37,766054.71,31430.22,994.32,519.13,1.9,0.0,381
40.21,1993.14,1.21,46.41,28860.01,17743.02,72.3,8263.25,24157.36,1.97,55.68,0.0,40003.64,0.0,0.89,767698.2,58383.67,401.65,599.62,2.0,0.0,378
42.99,1958.12,0.72,47.26,38869.15,15717.92,72.06,8170.89,24054.94,2.59,55.43,0.0,1055135.1,1.53,29.54,136631.38,35013.32,0.0,804.6,2.1,0.0,378
42.83,1919.0,0.49,47.81,33325.27,15724.97,71.4,8154.73,23964.61,2.28,55.58,22411.51,367525.43,0.73,29.82,0.0,0.0,707.09,382.76,2.2,0.0,380
42.74,1922.0,3.74,46.08,36118.99,16458.72,74.53,7944.37,23874.63,2.56,55.44,6965.5,938573.14,0.0,6.11,548810.42,17691.72,503.02,249.3,2.1,0.0,380
40.76,1895.19,4.51,45.42,25181.5,14306.12,74.35,7949.22,23878.73,2.48,54.98,0.0,1559639.14,2.74,23.54,860901.0,51619.59,0.0,261.44,2.0,0.0,381
46.17,1901.16,6.87,45.64,22194.33,12660.59,75.19,8023.71,24075.99,1.81,55.05,0.0,541978.58,2.17,51.51,2285090.65,56818.47,0.0,15.49,2.1,0.0,382
48.08,1916.16,4.51,45.21,16176.56,12049.66,75.82,8319.37,24146.28,1.8,55.46,0.0,0.0,3.68,59.06,1663540.81,56173.96,282.11,117.23,2.1,0.0,383
48.55,1911.66,4.29,45.12,11126.7,11453.86,75.68,8026.61,24030.33,2.56,55.09,0.0,0.0,2.83,32.93,1330470.56,26414.66,830.51,164.74,2.0,0.0,381
42.43,1920.18,7.04,43.17,7418.33,13142.83,75.01,8191.38,23885.92,2.62,55.54,0.0,665901.57,4.2,0.0,1570578.61,29352.48,811.29,286.52,2.0,0.0,382
46.76,1887.28,8.53,42.24,14949.83,13514.75,73.93,8313.77,23740.44,2.91,55.27,0.0,1537779.43,4.06,25.75,854720.65,0.0,1592.49,280.51,2.0,0.0,381
48.3,1941.52,8.01,43.73,7297.12,15481.26,72.82,8519.21,23898.3,2.85,55.2,0.0,867039.45,2.91,81.93,1651096.0,0.0,1547.89,308.11,2.0,0.0,382
52.16,1923.68,10.26,45.63,13756.99,13430.32,73.4,8540.56,24058.29,3.25,55.13,54050.06,1032759.98,1.72,134.57,2019870.96,0.0,1417.61,503.79,2.0,0.0,380
44.99,1933.28,9.71,46.16,13507.61,11515.02,72.82,8721.73,23945.7,3.05,55.03,29743.43,514200.89,0.0,153.78,2235624.71,48821.21,1994.15,0.0,2.0,0.0,383
42.8,1910.87,7.1,45.71,20908.46,12410.4,72.13,9106.87,24127.32,3.2,55.36,0.0,0.0,2.17,113.55,1796018.89,43026.97,1111.41,0.0,2.0,0.0,385
48.16,1930.28,7.28,45.94,19326.72,11138.96,71.95,8911.96,24006.65,3.24,55.36,8259.39,262739.1,5.0,99.87,2259471.74,59305.73,1572.92,554.69,2.0,0.0,385
46.61,1922.82,8.21,44.8,29427.59,11446.13,74.61,8668.93,24094.98,3.06,55.1,35152.15,0.0,2.48,103.46,2481591.97,5053.86,1689.34,551.67,2.0,0.0,380
54.33,1956.49,6.03,45.75,26838.69,13392.73,74.21,8531.84,24056.59,2.84,55.45,53657.83,117952.87,4.81,49.9,1383183.11,25529.06,1865.75,597.17,1.9,0.0,381
63.82,1990.45,8.06,46.06,29266.22,11968.34,75.02,8476.46,24230.68,2.82,55.46,43410.55,286976.01,6.73,13.61,277032.7,41195.84,2370.65,1087.23,1.9,0.0,378
59.59,2016.8,7.63,45.55,32415.0,11134.43,76.21,8446.34,24148.03,2.96,55.64,79047.65,170050.57,8.59,17.73,0.0,11604.55,1522.28,726.29,2.0,0.0,376
51.05,1980.34,6.23,45.19,38296.52,10816.47,77.29,8065.16,24088.97,3.13,55.76,58460.17,797248.29,9.45,1.19,280541.91,39269.3,1046.06,1197.49,2.0,0.0,374
51.44,1950.53,5.7,43.49,41391.24,11974.84,77.74,8021.91,24351.16,3.07,55.68,105485.56,439059.58,11.27,16.86,0.0,0.0,428.55,1417.99,2.1,0.0,375
54.54,1955.23,7.13,44.09,40630.39,11291.41,76.52,7392.78,24595.14,2.98,55.47,38368.53,41394.71,7.55,0.0,292222.62,8663.99,0.0,829.82,2.0,0.1,379
50.46,1905.24,7.03,44.33,40909.66,12987.12,76.58,7288.43,24604.44,3.16,55.21,40625.92,0.0,11.69,0.0,1077507.25,0.0,962.22,379.79,2.0,0.0,377
54.21,1941.88,7.1,45.29,44863.56,12175.61,75.18,7432.09,24428.76,3.2,55.32,16690.02,474228.67,11.66,22.07,725010.77,32127.92,1139.19,566.3,2.1,0.0,376
49.11,1975.66,7.32,47.12,32528.22,14006.23,74.88,7482.6,24239.91,3.36,55.44,0.0,554010.61,11.78,26.88,1413997.14,21263.49,0.0,580.0,2.1,0.0,379
41.29,1968.38,5.77,45.54,32035.71,15232.21,75.07,7455.15,24209.88,3.5,55.55,0.0,152664.54,5.5,15.44,144809.03,96123.65,0.0,886.2,2.2,0.0,379
37.25,1955.18,7.88,45.89,32130.93,17238.79,75.55,7545.53,24260.58,3.18,55.32,0.0,516065.39,1.4,18.65,0.0,53865.01,0.0,50.9,2.1,0.0,379
29.86,1962.28,8.73,45.68,34613.66,16060.47,74.17,7653.87,24401.47,2.76,55.15,0.0,2200467.91,1.78,0.0,0.0,76149.89,1310.6,0.0,2.1,0.0,378
22.49,1990.61,7.38,46.78,30292.32,16061.65,74.91,7971.14,24426.96,2.8,55.29,12337.9,1148192.42,0.0,0.0,575095.67,54911.4,1586.45,167.95,2.0,0.0,378
24.21,2011.48,10.48,47.78,30366.69,17860.65,76.21,7721.89,24657.62,2.99,55.56,32020.59,891435.04,5.36,12.26,280653.06,69029.06,1897.54,212.04,2.0,0.0,377
24.8,1968.16,11.77,47.17,13068.43,18026.01,76.26,7410.11,24420.19,2.71,55.28,59273.05,720472.93,3.44,42.7,636779.88,864.05,1361.97,322.08,2.0,0.1,378
25.59,1938.7,12.06,46.2,17803.67,15720.1,76.06,7404.42,24327.32,2.5,55.51,37561.55,578405.34,2.68,81.1,1197110.52,33246.19,422.79,103.16,2.1,0.0,379
24.96,1917.83,13.33,46.85,24908.27,16818.46,75.73,7387.84,24230.11,2.48,55.9,0.0,211677.35,0.0,99.53,2301844.68,43578.39,615.73,155.87,2.1,0.0,380
30.89,1945.93,9.72,46.63,27486.08,17171.15,75.42,7553.35,24080.51,2.05,56.02,0.0,135737.39,0.0,128.76,1979739.9,30267.94,959.39,860.22,2.1,0.0,382
27.38,1950.62,11.76,46.61,28669.26,16845.88,74.98,7726.43,24268.41,2.06,55.21,12376.04,1446486.37,0.0,75.39,2199760.19,92245.24,1141.5,1321.03,2.1,0.0,381
32.07,1952.6,10.71,46.15,30276.56,14488.12,75.56,7622.33,24212.02,2.24,54.94,0.0,1051851.87,0.0,85.87,1192517.45,135697.09,1026.86,1180.79,2.0,0.0,381
29.51,1957.36,9.36,45.79,30623.05,13787.63,75.61,7700.55,24316.45,2.17,54.67,0.0,1811157.98,2.52,107.59,1925443.43,103008.13,1081.26,1066.92,2.0,0.0,381
32.99,1973.12,9.65,45.83,31418.46,14294.28,76.75,7420.75,24101.27,2.43,54.79,7032.68,1991758.7,2.72,80.72,2121905.14,92604.62,753.24,1166.38,2.0,0.0,385
41.14,1998.89,12.48,45.6,29088.55,15727.6,76.23,7549.97,23914.95,2.63,54.43,3549.76,1735811.64,1.17,27.25,727717.83,56395.12,971.15,1122.72,2.0,0.0,385
35.15,1931.29,11.08,44.97,34653.74,15835.92,77.28,7541.77,24066.89,2.57,54.88,0.0,2039791.81,0.0,16.12,638862.92,97313.51,0.0,887.09,2.0,0.0,384
31.13,1875.55,9.86,44.7,32960.94,16077.93,76.18,8027.67,24086.45,2.93,54.46,0.0,2197382.06,0.0,0.0,0.0,113177.61,387.56,870.76,2.0,0.0,384
28.64,1869.78,10.89,42.79,36231.68,18245.39,76.58,8147.24,24012.42,2.73,53.95,1086.8,1678604.05,0.0,3.06,115804.15,77828.6,1201.04,1012.5,2.0,0.0,385
28.26,1902.21,9.78,42.06,35436.54,17264.82,78.12,8256.71,24380.03,3.02,54.11,0.0,435346.93,0.0,23.12,0.0,83865.02,58.24,1044.48,2.1,0.0,385
37.19,1956.48,8.42,43.4,42176.53,17527.22,78.6,8250.46,24442.73,2.81,54.2,11535.79,4355.97,0.0,42.68,1413952.84,2469.63,1104.12,843.84,2.1,0.1,388
36.22,1952.42,7.89,43.31,47338.68,16994.51,76.72,8119.32,24080.34,2.73,54.5,0.0,0.0,0.0,43.45,1613609.63,35202.28,2133.55,795.72,2.1,0.0,386
37.29,1928.11,6.77,43.5,42417.22,20774.93,76.8,8562.88,24419.43,2.56,54.59,0.0,0.0,0.0,29.22,1681195.27,46109.29,2000.6,696.33,2.1,0.0,388
31.68,1951.55,7.22,43.04,38996.88,20611.02,77.19,8149.63,24525.5,2.46,54.94,0.0,1518297.63,0.0,64.98,1459010.76,14287.7,1893.49,959.57,2.0,0.0,387
36.92,1954.45,6.16,42.18,41337.31,20791.68,77.32,8257.1,24682.35,2.87,54.46,0.0,2372709.21,0.0,31.02,1127677.83,0.0,1476.86,551.86,2.0,0.0,386
37.37,1963.43,7.45,44.4,38776.83,22774.68,77.6,7998.75,24350.86,2.69,54.92,0.0,934114.55,0.0,0.0,345508.16,0.0,1390.18,835.19,2.0,0.0,385
39.7,1957.36,6.76,42.67,31831.0,20939.49,74.7,8173.74,24045.6,2.87,55.09,0.0,1445980.05,1.96,0.0,93701.07,43448.66,1357.97,1082.57,1.9,0.0,381
41.25,1977.91,8.91,42.05,29128.26,19865.38,73.91,8393.69,24060.6,2.88,55.24,0.0,790887.05,1.51,0.0,225201.21,76801.77,622.23,469.81,1.9,0.0,381
44.0,1920.11,9.31,41.27,29400.77,18061.32,73.58,8731.39,24155.4,3.09,55.24,16442.7,974550.82,1.96,31.89,368627.66,151111.63,1071.98,74.43,1.9,0.0,381
47.86,1948.44,6.86,43.28,27210.05,16628.18,73.25,8831.87,24112.43,2.86,55.1,0.0,375406.55,0.0,23.79,821691.9,152508.11,1603.4,432.5,1.9,0.0,381
39.41,1919.46,6.4,43.4,30500.0,17084.46,72.05,8856.18,24169.81,3.0,55.36,0.0,1118011.38,0.0,0.0,1053237.37,120777.82,1554.12,1043.15,1.9,0.0,379
34.09,1924.98,7.69,43.34,32730.47,18993.94,73.54,8857.92,24216.79,2.55,55.14,0.0,491251.08,0.66,52.46,1960370.91,115664.6,1772.91,693.0,2.0,0.0,381
38.64,1911.67,7.05,42.41,27003.49,15848.23,74.3,9023.03,23765.37,3.06,55.12,7746.56,0.0,4.05,53.29,2484264.6,146174.17,2238.53,421.03,2.0,0.0,383
41.83,1948.43,8.3,40.97,34605.02,17191.48,74.05,8983.09,23811.12,3.17,55.0,19311.19,92382.73,2.31,53.73,3952107.83,104092.56,1836.41,183.52,2.0,0.0,384
43.15,1978.55,8.93,41.46,26339.13,18141.9,74.26,8880.13,23777.86,3.29,55.09,10288.74,0.0,4.78,64.71,3601006.56,0.0,1601.38,117.98,2.0,0.0,385
46.1,2004.45,7.0,41.55,27525.95,16655.43,74.88,8677.89,24121.38,2.96,55.64,62307.45,0.0,7.09,48.34,3796918.54,0.0,773.52,0.0,2.0,0.0,387
46.95,2025.55,6.13,41.75,33534.16,12479.86,74.85,8531.74,24426.48,2.78,55.68,77345.37,0.0,5.67,33.62,3919745.74,28387.51,599.59,0.0,2.1,0.0,383
41.19,2028.6,4.28,44.32,28475.77,12825.11,74.93,8338.1,23927.16,2.82,55.38,68925.17,0.0,5.52,72.09,3050644.82,11704.85,0.0,0.0,2.1,0.0,384
41.9,1985.36,4.86,44.25,29586.97,12223.16,74.36,8360.37,23926.11,3.26,55.53,73053.41,0.0,0.0,44.2,2245957.28,4440.97,42.71,248.55,2.1,0.1,383
44.29,1991.96,5.26,45.81,34008.35,10522.36,74.3,8343.18,24427.16,3.09,55.19,73752.59,350031.74,0.0,35.51,2603131.57,0.0,0.0,83.53,2.1,0.1,381
41.28,2037.86,6.74,46.66,33725.46,13545.71,73.47,8490.18,24306.3,2.96,55.36,59020.6,88892.66,0.0,0.0,2785602.14,0.0,995.13,18.17,2.2,0.0,383
46.78,2061.87,4.45,45.7,36365.79,13966.24,73.87,8380.55,24623.74,3.61,55.33,62222.32,161308.66,3.39,24.78,1747311.21,0.0,397.23,915.11,2.2,0.0,381
50.71,2071.77,5.67,45.18,37228.22,14264.38,73.23,8168.06,24653.6,3.52,55.43,73835.91,1088210.75,0.84,40.75,2049019.86,0.0,458.5,725.34,2.3,0.0,382
49.63,2043.72,3.85,46.41,40323.0,13866.68,72.72,8220.57,24487.3,3.34,55.03,68590.03,1119117.72,3.61,34.35,1599214.75,0.0,1003.51,940.7,2.3,0.0,379
47.54,2057.94,4.46,44.62,41094.05,12678.33,72.59,8432.06,24612.12,3.53,55.02,81671.71,651810.02,2.39,24.43,1450021.21,0.0,799.21,1302.23,2.2,0.0,377
59.02,2056.84,4.22,44.81,40847.97,11982.24,72.48,8373.84,24404.2,3.3,55.11,43268.88,2171065.4,4.03,0.0,0.0,0.0,1083.37,1302.56,2.2,0.0,376
56.12,2017.0,3.85,46.34,35539.14,13368.1,73.39,8130.09,24202.47,3.5,54.85,35376.5,3120664.34,6.01,5.75,623509.15,2307.37,1493.0,492.68,2.2,0.0,377
54.34,2045.64,5.03,45.62,32890.22,14182.31,73.12,8143.57,24486.16,3.16,54.75,22084.61,4598262.83,6.72,37.41,1106133.64,36068.25,1566.98,574.46,2.1,0.0,377
56.06,2032.28,6.11,46.6,17844.83,13587.06,71.87,8212.19,24386.49,3.45,54.85,6095.56,4523342.99,4.88,22.64,1272087.5,92506.76,1821.16,708.37,2.2,0.0,376
55.87,2062.69,4.72,48.32,12576.67,13575.23,72.41,8034.2,24234.22,3.54,55.25,0.0,4004941.07,3.86,25.56,949777.85,36892.34,2383.96,1011.39,2.2,0.0,376
44.42,2057.96,5.87,48.03,15005.23,13967.53,72.06,7963.62,24200.65,3.6,55.57,0.0,2829740.29,3.38,76.74,257680.69,67265.28,2758.47,783.72,2.1,0.0,378
48.24,2099.23,6.01,46.33,17850.51,14471.94,73.44,7967.43,24120.97,3.1,55.63,88300.96,2323831.64,4.07,54.79,0.0,76970.3,2418.39,0.0,2.2,0.0,379
46.88,2090.37,6.52,46.62,25381.29,16565.92,75.19,7835.79,24018.61,3.14,55.33,58889.91,2312243.02,5.84,82.78,0.0,86251.25,2237.35,44.66,2.1,0.0,381
44.02,2025.36,6.3,48.01,12061.15,15843.16,75.63,7516.0,24007.48,2.77,55.02,39569.16,1343958.58,1.79,72.42,1527827.9,104650.2,2470.01,331.6,2.0,0.0,383
48.46,2022.03,6.86,50.3,19293.5,15186.42,75.42,7406.29,24537.52,3.18,55.04,91186.78,1573594.94,0.4,88.31,1633800.78,123147.53,1469.74,62.09,2.1,0.1,386
57.97,2029.29,7.31,48.56,18191.48,11984.11,75.04,7101.4,24721.28,3.21,54.5,72620.0,2569444.34,0.01,53.1,299215.39,46341.42,1578.42,0.0,2.1,0.1,385
51.82,2028.57,5.08,47.26,25379.27,12998.82,75.51,7729.12,24637.13,3.14,54.5,50159.93,1630072.22,0.24,57.79,597390.18,45989.03,1867.45,48.42,2.1,0.0,381
57.69,2001.22,3.86,46.52,24906.94,15856.21,75.11,8364.46,24591.6,3.62,54.81,52257.44,2383710.0,3.17,68.93,2094611.01,25611.95,1145.94,0.0,2.2,0.1,380
46.93,1990.97,2.71,45.81,20543.57,13151.94,76.52,8205.54,24837.14,3.42,54.54,57939.32,1843688.81,2.15,65.86,1325755.85,0.0,1007.74,346.87,2.1,0.1,383
47.13,1989.94,3.17,45.0,17146.42,11833.56,76.52,8374.22,24917.82,3.21,54.9,57456.2,1661579.1,0.0,38.65,209841.4,26674.71,963.93,0.0,2.1,0.0,381
44.75,2001.02,5.39,44.41,26081.96,12351.24,76.41,8344.46,24775.18,3.25,55.11,25649.96,1350856.6,4.4,40.96,440490.38,68620.84,626.49,28.17,2.1,0.1,376
42.61,1969.93,5.22,43.55,30316.03,12988.81,76.84,8533.41,24838.61,3.08,55.12,9775.52,381917.2,6.26,36.24,0.0,81787.06,479.27,0.0,2.0,0.0,377
47.09,1989.64,6.05,43.78,39317.13,14364.33,76.67,8612.6,24665.35,3.01,54.55,0.0,1431934.7,5.72,37.1,726486.01,86587.7,70.93,46.58,1.9,0.0,376
51.47,1973.1,4.82,43.9,40040.87,12519.47,75.95,8582.68,24884.17,2.3,54.78,0.0,972586.09,3.08,25.8,1097578.4,58751.04,954.81,277.85,1.9,0.0,379
56.89,1941.9,3.94,44.81,43572.7,12384.7,75.15,8551.66,25099.32,2.37,54.48,2998.41,1348081.42,2.35,57.68,1572834.92,52037.51,892.82,0.0,2.0,0.0,379
53.7,1957.99,2.62,43.82,41524.47,11754.68,75.33,8384.43,25307.13,2.6,54.74,0.0,2640409.94,0.85,34.35,1873021.91,55499.57,406.38,740.31,2.1,0.0,384
56.61,1959.33,6.12,44.77,43192.71,11598.7,75.26,8280.04,25451.04,2.19,55.14,0.0,2261641.69,0.0,19.47,2117119.29,51292.01,68.77,717.46,2.0,0.0,381
53.87,1973.8,6.05,46.83,54809.09,11343.07,74.49,8515.91,25340.63,2.57,55.22,0.0,1861278.83,1.15,14.72,2670122.96,1437.02,729.22,50.56,2.0,0.0,378
44.9,1944.17,6.0,45.95,46029.12,13996.47,73.53,8621.44,24988.83,2.29,55.03,16440.13,811740.33,1.74,0.0,1835452.41,19817.73,1773.59,0.0,2.0,0.0,378
50.2,1925.68,4.33,46.36,52022.58,15300.05,72.58,8438.38,25083.53,2.77,55.09,0.0,1729005.05,1.29,0.0,1129788.03,0.0,2993.63,492.83,2.0,0.1,380
52.25,1913.27,3.78,46.17,38940.15,14453.49,72.88,8688.37,24827.7,2.97,54.53,30850.64,981804.28,1.45,13.96,1172536.7,492.91,1979.05,173.83,2.1,0.1,380
45.86,1944.24,2.22,47.04,32429.42,16106.54,73.14,8507.19,25077.38,2.91,54.51,50280.51,0.0,0.0,45.06,526279.9,35568.75,1764.93,0.0,2.1,0.1,378
42.26,1902.31,3.23,45.77,32143.58,15621.16,72.61,8150.03,25486.27,2.87,55.06,73533.94,0.0,0.48,45.76,1725384.92,64142.06,1153.27,151.32,2.1,0.0,380
49.09,1889.73,2.57,46.97,30269.37,13943.87,73.6,8288.89,25319.84,3.14,55.37,60434.44,1235888.63,4.59,0.0,869780.1,0.0,876.31,0.0,2.0,0.1,377
49.88,1904.88,2.87,46.87,19088.14,12790.7,74.97,8033.17,25509.65,2.7,54.91,26412.33,1779561.16,2.47,12.41,862466.7,2359.45,1445.82,285.42,1.9,0.1,381
51.33,1874.78,1.29,47.61,24566.98,11633.81,75.5,8405.02,25627.01,3.13,55.07,17883.15,1323312.6,2.06,0.0,573857.47,51800.69,478.36,0.0,2.0,0.1,377
50.99,1883.54,1.31,48.02,18831.3,12127.06,75.19,8392.05,25054.57,2.92,55.06,29566.44,2283993.82,3.88,15.37,1392251.42,37493.58,1248.44,396.48,2.0,0.2,379
60.02,1904.34,1.15,46.79,18946.24,11622.95,76.1,8366.95,24592.9,2.95,55.09,12900.83,2153875.28,3.19,32.84,1633579.88,49190.74,466.76,1052.78,1.9,0.2,377
60.27,1917.69,1.54,48.22,26519.44,11580.34,76.51,8681.42,24772.65,2.87,54.66,19628.73,2283736.89,0.69,32.06,1409599.43,95624.22,1389.56,1309.21,1.9,0.2,379
58.54,1980.5,1.11,48.45,31583.65,11606.74,76.66,8818.25,24744.91,2.97,54.73,37802.49,1855898.51,0.0,31.35,2045358.54,23242.14,782.81,1878.67,1.9,0.1,381
54.13,1923.39,2.22,47.19,32119.58,12604.09,76.46,8375.22,24675.33,3.05,54.41,0.0,988519.67,1.97,0.0,2354917.12,38045.76,595.25,1163.02,1.9,0.1,384
49.36,1960.3,3.62,46.91,28290.45,12012.47,77.62,8396.35,24890.86,3.06,54.38,15496.51,2186167.55,0.0,26.94,2201065.82,0.0,0.0,883.23,1.9,0.1,380
52.27,1958.49,3.88,47.32,37717.27,12908.25,76.09,8337.29,24973.4,3.24,54.64,0.0,1090078.66,1.56,0.0,2398061.41,29037.1,0.0,753.85,1.9,0.1,377
51.88,1961.78,5.94,46.17,42270.61,11377.04,74.8,8263.11,24665.74,2.8,55.21,0.0,2364516.92,0.0,0.0,2955749.55,3059.0,129.42,246.85,1.9,0.0,378
49.76,1968.93,6.7,46.31,42988.62,11715.97,74.42,8362.52,24579.01,2.77,55.28,0.0,2919100.71,0.0,6.75,2558470.35,30190.68,340.27,232.9,2.0,0.0,381
53.71,1920.58,7.75,47.32,44164.19,9712.46,74.98,8560.19,24408.2,2.87,55.15,23432.14,2345272.28,0.0,8.3,1374696.61,25020.38,531.03,514.82,2.0,0.0,384
59.2,1930.81,6.37,46.45,41256.35,10913.78,74.68,8335.1,24599.14,2.91,54.85,27702.27,2142568.44,0.0,41.19,1331599.02,17841.38,468.85,618.39,2.0,0.0,386
52.08,1903.58,7.26,48.91,44298.58,14440.61,74.32,8190.41,24642.08,3.13,54.53,18043.02,1857007.38,0.0,24.21,1756893.82,36224.69,860.01,672.24,2.0,0.0,383
50.59,1886.1,6.14,48.48,40073.97,13096.6,75.26,8176.46,24471.14,2.78,54.1,9600.12,804060.33,1.88,24.9,2584960.7,43052.15,424.67,10.01,2.0,0.0,382
57.54,1914.62,6.55,49.04,43449.56,15848.35,74.68,8110.43,24242.73,2.76,54.2,0.0,343377.66,5.4,30.99,2738974.92,36596.15,0.0,6.44,2.1,0.0,384
49.49,1923.31,7.1,48.14,54310.89,14909.48,74.21,8176.77,24083.85,2.37,54.03,20076.8,161044.78,9.08,18.63,2866698.53,53634.62,0.0,0.0,2.0,0.0,386
43.12,1920.41,5.93,48.33,49242.2,16981.62,73.96,7929.55,24009.1,2.33,54.32,7339.19,452807.37,5.64,11.87,1999758.12,19686.17,701.32,0.0,2.0,0.1,387
51.04,1940.41,5.02,50.12,49583.46,16407.7,74.09,8017.7,23994.45,2.02,54.85,5775.3,546940.66,10.28,0.0,2202472.83,0.0,817.25,103.38,2.0,0.1,385
56.85,1983.88,4.73,49.4,44377.94,15681.64,73.22,8218.7,23599.87,1.94,54.86,39256.62,189979.39,9.87,1.5,2563700.89,17702.34,1172.14,0.0,1.9,0.1,383
56.07,1990.0,6.5,49.65,39000.27,13737.65,74.77,7892.22,23601.15,2.22,55.31,28484.69,229902.64,6.09,8.09,1504051.9,0.0,1440.4,0.0,2.0,0.1,380
60.1,1952.21,5.51,48.79,43041.22,13062.77,74.01,7982.48,23652.51,2.17,55.32,0.0,0.0,10.82,13.11,1467179.97,0.0,1735.8,0.0,1.9,0.1,380
58.0,1949.49,4.61,47.46,39819.58,10720.72,72.54,8045.58,23765.42,2.48,55.21,0.0,0.0,6.86,25.52,2262445.31,6232.12,923.94,0.0,1.9,0.1,383
61.87,1947.88,4.96,46.28,29872.74,14156.6,71.01,7691.72,24215.75,2.52,54.88,18093.9,515569.98,2.32,11.64,2569753.38,0.0,986.91,494.06,1.8,0.1,383
52.8,1937.1,6.43,45.38,22569.61,16038.01,71.9,7763.27,24199.27,2.82,54.97,32496.76,74975.81,0.0,29.37,2977519.6,0.0,1345.32,351.92,1.8,0.2,382
51.05,1892.63,7.2,44.6,24691.65,15352.23,71.95,7813.79,24197.38,3.11,55.38,44873.6,878216.23,2.26,41.19,3555166.26,0.0,858.43,75.98,1.8,0.2,380
53.08,1888.62,6.45,44.93,34327.17,14141.44,72.28,7654.33,24052.26,2.76,55.39,49456.91,1210483.28,0.0,51.57,3170785.74,2242.06,164.17,152.55,1.8,0.2,381
55.6,1871.76,5.99,45.56,32563.68,15754.24,72.69,7334.07,24257.91,2.72,54.86,35505.35,320386.72,1.99,46.49,2167754.56,35137.02,429.9,93.39,1.8,0.1,379
57.96,1842.07,5.82,45.25,37721.8,15976.7,73.4,7363.07,23996.45,2.63,55.09,50701.58,66160.25,0.0,16.07,1828595.47,39040.73,1166.6,157.79,1.9,0.0,380
57.46,1857.41,5.72,45.41,39275.25,17645.6,71.78,7733.1,23673.11,2.72,55.69,42087.95,216205.47,0.0,34.29,1865687.65,13367.68,993.54,0.0,1.9,0.0,381
53.53,1868.5,5.67,45.48,39540.13,16941.31,71.58,7830.25,23721.07,2.99,55.89,0.0,605863.15,2.16,0.0,2038931.91,47630.17,425.91,0.0,1.9,0.0,379
57.89,1830.12,7.41,46.06,35190.57,17983.97,71.2,7919.74,23849.78,3.01,55.54,0.0,643008.12,0.0,10.51,1407635.61,80465.31,1208.27,0.0,2.0,0.0,377
55.07,1853.21,4.67,46.64,35106.99,19085.37,72.19,7996.87,23833.94,3.36,56.03,0.0,1223571.2,0.0,0.0,1019674.71,97125.56,545.36,534.03,2.0,0.0,377
57.85,1793.74,5.37,46.62,24966.93,19082.38,73.01,7646.55,23645.4,3.81,55.83,25809.23,1767723.57,1.04,29.59,0.0,78634.6,0.0,0.0,2.0,0.0,378
56.7,1823.55,5.6,46.79,21081.44,17292.39,73.22,7734.88,23507.22,3.93,55.89,0.0,1429647.14,6.19,32.83,333217.95,49416.82,0.0,521.69,2.0,0.0,379
66.33,1846.41,4.43,45.86,26661.12,14658.83,73.78,7661.94,23226.09,3.48,55.77,36859.58,1814883.73,4.49,56.34,125639.04,0.0,70.12,1.51,2.0,0.0,378
64.59,1868.39,5.75,44.43,30478.41,12596.85,74.51,7976.39,23237.69,3.69,55.24,60404.8,2457216.3,4.74,46.46,385698.76,0.0,1440.48,0.0,2.1,0.0,382
70.83,1893.64,6.07,43.53,25170.8,13395.92,75.67,7904.23,23853.89,3.38,55.26,57567.27,2079775.36,0.0,27.23,533185.68,878.03,1604.21,280.73,2.1,0.0,385
62.22,1889.27,4.81,44.62,32874.92,13329.83,75.69,8048.76,24292.55,2.81,55.42,58961.6,1597467.27,0.87,45.67,908712.06,82058.01,1487.27,286.23,2.1,0.0,384
60.56,1901.7,4.7,44.07,34834.12,13097.68,76.01,8104.6,24203.82,3.21,55.33,66634.06,990141.35,0.0,27.89,0.0,65601.22,2063.08,0.0,2.0,0.1,383
59.03,1932.56,5.5,45.08,38961.89,10591.35,74.67,8375.5,24045.14,2.95,54.95,46085.05,684184.47,0.0,0.34,282977.91,31248.2,1507.87,0.0,2.1,0.1,382
54.07,1938.31,5.45,43.73,24851.97,10389.06,73.42,8395.1,24112.51,2.66,54.81,85721.37,1098371.14,0.0,62.48,0.0,1868.84,1285.55,0.0,2.2,0.1,380
55.43,1946.76,5.02,42.66,18547.6,14504.4,72.53,8733.44,23954.24,2.87,54.96,90501.8,1424577.24,0.0,39.38,0.0,12644.74,485.98,0.0,2.2,0.0,381
49.53,1927.96,1.97,44.86,13052.56,13971.28,71.42,8487.15,24366.85,2.93,54.78,76138.51,926787.46,0.0,56.07,0.0,22899.21,591.65,0.0,2.1,0.0,383
52.95,1904.14,2.12,44.11,19934.58,13348.72,73.63,8499.8,24597.5,2.62,54.82,81059.28,220196.64,0.06,78.13,0.0,0.0,1470.11,0.0,2.1,0.0,381
55.69,1908.46,3.15,41.85,24268.86,12425.41,72.29,8861.79,24671.13,2.7,55.17,75533.23,0.0,0.0,52.64,0.0,0.0,820.74,324.72,2.1,0.0,379
53.28,1873.19,3.65,43.4,37468.68,11035.86,73.34,8623.31,24369.29,2.4,55.18,39799.02,0.0,0.0,29.39,0.0,0.0,800.91,336.65,2.0,0.0,382
53.0,1922.6,6.94,46.45,30537.82,9728.62,73.18,8596.75,24684.84,2.61,54.84,17830.72,26839.94,0.0,28.9,0.0,0.0,263.51,456.44,2.0,0.0,384
56.32,1934.94,6.78,46.43,29959.2,7050.91,74.28,8630.82,24362.43,3.0,54.71,12429.65,688604.45,0.59,62.29,0.0,64638.76,0.0,847.8,1.9,0.0,384
53.83,1938.08,6.62,44.97,24523.91,8577.9,73.8,8858.58,24304.23,3.14,54.87,0.0,0.0,3.63,31.49,0.0,53863.83,33.82,1066.87,1.9,0.0,386
55.86,1923.35,4.87,44.13,25349.88,7539.81,73.99,8742.38,23759.47,2.71,54.13,0.0,696034.64,0.0,0.0,0.0,12135.08,0.0,1118.83,1.9,0.0,381
64.22,1959.91,4.32,44.41,23809.1,9433.33,73.4,8556.39,23928.12,3.09,54.45,32612.3,456319.33,0.0,0.0,122215.27,28140.64,0.0,741.97,2.0,0.0,384
58.26,1942.62,6.11,44.5,22088.08,9446.72,73.57,8724.08,23941.69,3.24,54.66,4697.85,0.0,0.0,0.0,0.0,82217.06,43.7,424.92,2.1,0.0,382
62.22,1964.0,5.81,45.53,25065.39,8372.91,71.82,8535.73,24215.66,3.04,54.83,8964.44,0.0,0.0,12.75,0.0,61252.68,293.87,423.39,2.1,0.0,380
58.53,1965.28,7.55,44.99,17215.99,10031.01,71.64,8224.36,24223.89,3.25,54.71,20811.18,460919.97,2.09,0.0,0.0,21234.09,707.52,612.05,2.0,0.1,378
61.49,2005.87,7.37,44.21,15571.23,10329.96,72.93,7977.69,23839.46,3.26,54.9,69636.19,0.0,1.43,33.29,153957.43,15378.77,1058.57,367.84,2.0,0.0,375
58.75,1932.82,7.18,42.5,19433.25,11291.35,73.12,8112.8,23943.18,3.1,55.4,69662.31,514883.27,4.05,48.95,1551519.03,23297.12,955.79,144.23,2.0,0.0,377
53.79,1940.19,7.66,43.09,16700.12,12920.02,73.27,7530.38,23781.11,3.41,55.73,73182.36,959826.08,1.4,38.53,2199711.3,39300.5,904.62,101.95,2.1,0.1,379
53.61,1935.12,8.25,42.23,14383.82,10906.58,74.45,7488.78,23935.69,3.27,56.38,73956.49,0.0,4.29,26.42,1813816.68,13714.61,926.91,183.97,2.1,0.1,380
43.5,1902.23,10.08,43.06,14302.22,8807.98,74.42,7812.87,24538.06,3.68,55.94,49916.17,0.0,1.44,20.59,1377392.25,89261.05,185.16,180.99,2.0,0.1,377
49.15,1904.58,7.46,41.11,11916.41,10082.89,74.78,7775.73,24689.05,3.24,55.03,49983.04,825603.86,4.65,0.0,890616.12,105998.24,0.0,226.52,2.0,0.0,376
53.34,1914.61,8.86,42.32,23086.42,12081.08,75.35,7823.79,25256.38,3.19,54.51,49657.44,164776.48,6.64,22.13,707226.39,62723.52,133.22,26.77,2.0,0.0,383
51.12,1914.77,8.12,42.65,29622.93,12049.99,76.79,8012.73,25002.19,2.92,54.85,43072.1,197517.18,4.07,20.82,259490.67,106199.49,533.75,5.96,2.0,0.0,383
47.11,1872.84,6.62,42.92,26168.41,13755.12,76.27,8445.42,24770.16,2.92,54.8,48306.74,858969.8,5.07,0.0,621736.13,58506.82,357.24,264.24,1.9,0.1,382
56.63,1889.08,8.74,44.59,23879.06,11852.52,76.11,8295.65,25024.11,2.82,54.75,4406.05,1033523.67,1.23,14.89,981976.82,27287.02,844.75,175.84,1.8,0.2,380
57.84,1912.28,8.76,45.11,20099.86,14965.36,76.63,8391.22,24626.23,2.55,54.96,0.0,1133616.4,0.0,0.0,0.0,36276.86,1339.58,299.63,1.9,0.2,382
58.71,1849.27,9.47,46.02,19990.98,11818.42,76.52,8441.18,24476.1,2.62,55.25,63260.73,1103686.2,0.89,0.0,0.0,30284.22,1791.07,555.25,2.0,0.1,379
62.07,1905.39,8.89,41.06,17952.17,12793.64,75.51,8453.83,24841.34,3.01,55.43,52186.16,693540.26,2.76,4.22,114065.81,0.0,1222.18,751.11,1.9,0.1,380
62.32,1929.69,9.21,41.02,12522.24,11711.9,75.95,8172.53,24532.49,2.69,54.88,14259.21,1241401.11,0.46,0.0,0.0,22517.38,176.65,981.92,1.8,0.1,379
58.27,1933.88,9.68,41.63,12307.55,12895.68,75.91,8045.39,24498.14,2.49,54.67,33456.52,1375225.07,2.43,19.82,0.0,59165.18,59.82,1170.42,1.8,0.1,380
60.5,1896.1,6.89,42.92,17036.63,11953.33,75.99,7781.72,25147.86,2.87,54.88,30542.16,849958.29,0.0,17.5,0.0,25999.74,0.0,1113.61,1.8,0.1,381
59.99,1977.08,7.77,41.91,21579.0,12292.76,74.72,7554.72,25107.79,3.03,54.62,51626.28,945332.09,3.16,46.32,0.0,84755.84,0.0,1748.98,1.8,0.1,380
57.05,2052.87,6.78,43.36,21896.17,14146.71,74.27,7715.3,25110.71,2.79,55.41,61929.81,720057.94,0.85,45.29,0.0,139932.21,276.62,1497.55,1.9,0.0,378
55.57,2043.65,7.28,42.05,21037.92,9369.55,73.38,7948.53,25183.22,2.47,55.26,53426.87,1310540.27,4.76,45.98,0.0,71738.0,349.04,1974.61,2.0,0.0,379
52.01,2023.05,7.18,42.71,27798.34,11702.34,73.97,7785.53,24839.76,2.27,55.28,0.0,1162221.01,7.76,59.71,0.0,40368.03,761.83,1815.18,2.0,0.0,380
50.57,2035.6,8.59,41.62,22126.15,14295.18,74.19,7619.06,24957.6,2.43,55.82,0.0,1704723.86,2.79,90.03,690973.56,95853.9,1266.18,1550.29,1.9,0.0,377
46.8,2036.83,8.03,41.94,19513.97,11567.69,74.39,7795.91,24641.63,2.33,56.1,30652.25,610935.18,2.16,117.31,521283.78,76183.19,1685.9,1672.01,2.0,0.0,379
53.57,2025.34,7.08,43.79,31785.48,15392.77,74.12,7808.59,24365.14,2.41,55.65,12295.43,991737.43,2.87,56.97,1542474.8,30277.29,1008.73,1064.55,2.0,0.0,378
42.97,2020.31,7.13,46.46,34256.46,14516.87,73.24,7856.83,24441.54,2.32,55.57,60537.86,664677.59,0.0,74.34,1591249.54,0.0,1132.23,625.2,2.0,0.1,378
48.61,1980.26,4.8,48.49,35445.35,15563.29,74.35,7806.9,24585.78,2.56,55.15,91419.98,1400632.42,0.0,71.88,1276956.84,54903.69,311.72,1720.95,2.0,0.1,381
48.13,1975.54,4.19,47.06,36272.33,15232.82,73.98,7780.66,24655.95,2.37,55.06,101489.19,1390805.71,0.0,64.06,1445593.46,86265.07,0.0,1323.45,2.0,0.1,382
50.98,2002.24,4.24,45.27,39005.23,15417.19,74.12,7582.94,24552.9,2.1,55.18,75054.85,922681.26,0.0,84.29,1135221.48,80731.04,0.0,636.81,2.0,0.1,383
49.48,1978.33,2.36,45.34,33843.54,17409.74,74.3,7803.76,24454.16,2.25,54.92,32875.44,845376.6,1.51,25.46,714507.97,138645.58,300.77,1071.38,2.0,0.1,385
52.25,1974.45,1.09,46.6,46338.54,14531.98,75.45,7774.33,24352.38,2.39,54.61,27078.01,0.0,2.54,82.34,265303.89,116130.97,255.01,1264.75,2.0,0.1,383
53.82,1884.92,2.63,45.09,42471.11,15747.73,74.11,8077.55,24309.94,2.82,54.43,0.0,34667.19,3.72,90.72,0.0,45051.54,119.02,1278.99,2.0,0.2,382
45.74,1929.06,3.3,45.44,44772.58,17600.36,74.16,8353.65,24416.41,2.63,54.46,16356.58,0.0,5.5,84.73,324041.94,93989.45,340.19,1148.97,2.0,0.2,383
52.13,1918.93,2.67,46.82,39922.13,17519.61,73.75,7986.52,24432.33,2.93,54.52,0.0,117426.42,2.69,8.6,297799.4,102663.04,941.58,1576.73,2.0,0.2,380
58.62,1959.82,2.57,47.34,41656.23,19432.91,73.76,7871.12,24300.84,3.13,54.09,0.0,688054.94,3.02,11.35,0.0,30562.09,540.39,1494.76,2.0,0.2,378
55.3,1979.72,2.47,46.69,36878.38,17425.75,74.16,8032.19,24340.19,2.91,54.17,42147.62,0.0,7.54,15.77,0.0,64294.11,0.0,1750.4,2.1,0.2,374
57.78,2021.47,4.99,44.96,41291.36,19867.31,74.24,7761.07,24500.38,3.15,54.26,4574.93,640783.86,4.39,27.14,1091474.14,0.0,516.52,1460.88,2.1,0.2,374
51.87,1966.6,6.71,44.61,42763.27,18338.49,73.38,7974.17,24531.05,3.02,54.45,0.0,1232657.57,7.14,46.06,760238.37,6419.83,1288.38,1689.94,2.2,0.1,373
52.26,1977.68,6.31,44.3,47575.16,17662.12,72.59,7786.14,24540.06,3.76,54.27,0.0,2541775.05,4.8,54.37,1944933.27,0.0,998.93,1320.77,2.1,0.2,373
48.42,1964.67,7.42,44.58,41152.97,17877.19,73.53,7853.03,24446.2,3.87,54.34,42470.45,1758233.16,2.03,26.68,1572521.98,4391.85,241.2,1192.58,2.1,0.1,373
51.12,1936.63,6.68,45.88,48900.97,18108.63,73.56,7809.24,24607.79,3.99,54.13,60191.82,1182519.87,0.0,22.32,2058569.74,19074.28,406.66,1165.27,2.1,0.1,376
48.34,1958.63,7.64,46.56,50155.96,18344.78,74.64,7399.01,24733.13,4.32,54.1,31949.32,1828481.07,0.0,5.49,1935759.47,0.0,845.7,776.94,2.1,0.1,380
53.52,1946.24,5.57,47.29,44052.59,17280.37,73.79,7672.04,24523.55,4.07,54.23,32103.83,2002971.3,0.0,0.0,507584.34,7964.04,699.31,472.52,2.1,0.1,383
46.76,1940.15,6.84,48.74,38028.1,19084.34,72.84,8003.01,24422.26,4.27,54.22,19238.08,1674563.96,0.0,0.0,839329.34,46337.47,959.8,40.18,2.1,0.0,384
52.04,1954.15,8.61,48.07,35973.65,18545.92,72.04,7957.47,24329.13,3.96,54.41,0.0,788460.05,2.99,0.0,1190595.13,30361.81,955.95,570.78,2.1,0.0,384
51.4,1950.24,9.06,46.87,29554.03,18099.52,72.57,7619.28,24314.16,3.45,54.66,0.0,1876547.58,1.66,0.0,902552.3,49956.21,1320.37,436.58,2.0,0.0,384
55.38,1982.49,8.73,47.69,39640.05,19483.55,73.6,7546.25,24506.49,3.46,54.88,33328.53,1862091.77,1.14,0.0,648881.59,54359.25,1321.59,488.0,2.1,0.0,384
51.19,1990.56,11.27,47.69,36939.08,19625.62,74.22,7777.32,24756.41,3.45,55.25,34505.5,2541740.91,4.16,27.15,1141437.13,132619.49,1724.88,182.57,2.1,0.0,388
56.3,2040.85,9.35,48.54,29187.61,16383.45,73.96,8169.22,24470.41,3.33,55.53,51735.54,3541394.88,3.55,15.35,331441.71,103899.88,970.04,0.0,2.2,0.0,393
52.0,2018.78,7.69,47.36,34025.4,17038.71,74.74,8466.48,24669.79,2.97,55.31,47287.04,5297528.58,5.06,19.35,796007.44,71100.01,1016.16,343.91,2.2,0.0,391
50.5,1975.56,6.56,45.55,27363.11,14897.61,75.47,8750.11,24282.26,3.35,54.97,59978.24,4709963.11,5.98,0.0,0.0,36092.02,1138.15,956.32,2.1,0.0,388
50.47,1923.72,8.41,45.55,32696.97,14513.8,75.48,8915.27,24304.29,3.29,54.76,37017.33,3448179.12,3.15,35.57,1254831.67,0.0,1225.88,750.43,2.2,0.0,387
47.43,1890.17,8.98,45.9,34475.27,13607.38,75.23,8984.49,24502.21,2.89,54.63,0.0,3103660.8,5.01,26.68,709364.64,0.0,2262.62,1057.55,2.2,0.0,386
44.19,1874.03,7.66,44.78,30956.7,13623.03,75.11,8745.9,24567.83,2.82,54.74,0.0,3105602.93,2.86,67.39,531325.98,924.45,2281.58,1197.22,2.2,0.1,387
44.9,1874.33,7.12,46.48,23988.04,12503.06,74.86,8498.45,24433.14,3.27,54.7,10954.55,1697483.41,0.0,84.7,1614761.45,12987.59,1844.78,1215.12,2.0,0.1,384
49.06,1830.78,6.0,46.27,21256.44,12251.99,75.53,8458.34,24208.7,3.44,54.81,17127.31,959709.56,0.0,52.4,790262.5,0.0,1203.73,1107.86,2.0,0.1,385
45.61,1853.07,8.02,44.41,29707.05,11057.8,75.62,8516.38,24254.02,3.91,54.76,0.0,1081513.76,0.0,62.3,1322213.39,3100.56,1302.34,1026.77,2.1,0.1,383
50.02,1845.98,8.15,44.37,29489.55,15468.71,76.44,8694.0,24364.33,3.55,54.87,15476.34,1090628.7,0.26,46.36,1377373.59,0.0,1520.63,268.0,2.2,0.0,381
51.82,1878.66,10.55,44.84,29615.42,15668.52,77.41,9140.56,24307.35,3.56,54.87,10784.07,2105792.87,0.0,0.0,1452950.5,47151.01,1462.75,427.21,2.2,0.0,382
53.89,1840.62,9.92,43.2,29734.07,14753.32,77.8,9060.79,24397.57,3.38,55.16,0.0,1304978.85,3.39,0.0,0.0,96206.98,1845.03,629.21,2.2,0.1,385
59.82,1878.2,9.39,43.09,23551.46,15551.52,77.78,8867.78,24503.86,3.19,55.37,0.0,528580.63,2.26,24.77,0.0,123528.29,800.81,495.04,2.1,0.0,385
57.73,1855.02,8.08,43.91,22895.03,15122.6,76.99,8654.73,24339.45,2.96,55.11,0.0,273631.36,0.24,0.0,574773.87,153278.51,740.14,481.04,2.0,0.1,388
56.01,1858.38,8.13,44.27,21663.13,15816.66,77.37,8430.75,24860.78,2.51,54.87,6274.6,1631902.32,0.0,0.0,921936.07,125720.1,1023.55,425.3,2.0,0.2,381
62.74,1899.56,6.7,46.47,16167.88,17255.12,75.3,8164.5,24526.3,2.34,54.9,0.0,218049.6,1.23,4.82,1125500.63,117298.13,1409.93,376.42,2.1,0.1,380
66.63,1945.68,7.27,45.33,13548.19,18983.45,76.2,8166.24,24977.44,2.52,54.62,0.0,240646.98,1.28,39.64,408034.9,56501.35,1561.19,197.06,2.2,0.1,379
69.26,1968.42,7.84,45.21,18418.37,15030.32,76.99,7457.1,24774.27,2.12,54.54,0.0,0.0,0.0,42.56,1782883.03,39795.97,1869.49,686.98,2.1,0.1,377
63.16,2013.33,7.76,46.09,20187.34,13080.47,77.17,7842.28,24761.62,2.34,54.29,18730.26,859133.95,1.07,0.0,2657451.94,4420.45,1843.8,927.3,2.1,0.0,378
61.51,2044.59,8.02,47.55,24671.57,13218.98,76.93,8226.79,24410.71,2.63,54.23,0.0,1395964.88,0.0,13.22,2015032.31,0.0,1867.25,867.57,2.0,0.0,375
62.92,2069.81,8.77,48.3,23082.95,14318.27,76.57,8271.64,24587.46,2.95,54.24,0.0,1126221.38,0.0,22.08,2331241.5,0.0,1308.89,468.62,2.1,0.0,375
63.32,2039.07,8.23,49.83,33496.05,13744.51,76.13,8140.27,24130.15,3.19,54.99,0.0,519539.14,0.0,24.52,1316000.2,0.0,1683.01,478.03,2.2,0.0,374
59.06,2035.1,6.27,47.8,27140.84,14715.78,75.6,8408.2,23958.35,2.47,54.96,43507.25,514361.6,0.0,0.0,1975083.04,0.0,2266.29,654.24,2.1,0.1,373
51.84,2002.36,7.17,48.67,25803.69,11773.62,74.22,8161.81,23728.55,2.57,55.48,58053.31,0.0,0.0,0.0,2007817.15,60360.41,1750.53,1086.57,2.2,0.1,374
50.19,1999.0,6.41,49.13,18781.59,11380.48,74.53,8360.69,24268.46,2.25,55.23,0.0,0.0,0.0,0.0,1632809.68,72357.65,1397.13,1112.69,2.2,0.0,372
52.69,2037.87,9.69,49.59,28161.37,12620.47,74.78,8369.79,24242.5,2.48,55.06,0.0,0.0,1.26,0.0,1485021.35,83662.61,1542.03,1231.2,2.2,0.0,372
44.26,2041.5,9.44,50.05,28563.9,10411.64,74.67,8540.95,24343.05,2.47,54.61,0.0,338190.94,0.0,0.0,1362452.08,116442.22,1679.6,1393.03,2.2,0.0,372
41.38,2046.19,7.88,48.92,29149.99,13661.53,75.18,8336.77,24360.2,2.94,54.83,0.0,0.0,0.0,40.42,2052646.48,80978.85,1161.64,1237.37,2.2,0.0,373
36.79,2068.12,5.1,46.46,31754.38,11875.4,74.69,8339.38,24485.08,2.85,55.33,100.52,766060.0,0.74,92.43,2510215.05,74685.41,1363.48,1007.49,2.2,0.0,373
47.4,2021.54,4.25,46.19,31438.65,12918.3,74.3,8422.13,24689.64,3.16,55.21,16299.78,15920.09,0.0,52.12,2178966.83,37130.6,452.86,772.11,2.1,0.1,373
51.97,2000.7,2.78,47.34,31931.56,16180.33,73.97,8304.87,24834.53,3.36,55.22,101814.97,0.0,0.0,22.24,1748038.4,90049.1,350.62,1195.46,2.1,0.1,375
53.36,2015.77,2.4,46.44,33682.24,19038.7,72.85,7871.38,24690.39,3.53,55.2,55855.67,99451.28,0.0,38.56,1359331.53,77917.56,572.6,1120.85,2.1,0.1,378
45.64,2002.69,1.37,44.9,36117.81,17738.11,72.99,7789.38,24701.45,3.58,55.74,42822.69,0.0,0.0,58.01,726577.26,17654.33,167.71,821.41,2.0,0.1,378
49.67,1985.89,2.72,44.43,29688.87,16437.03,71.95,8237.58,24662.87,3.24,55.53,0.0,912104.85,3.53,55.63,901089.88,0.0,0.0,195.15,2.0,0.1,378
51.27,2009.14,0.9,46.58,35899.95,17001.4,73.07,8446.38,24661.71,3.54,55.33,12275.79,1619809.48,0.0,62.06,1313689.8,0.0,201.39,0.0,2.0,0.1,377
55.78,1992.1,1.93,47.82,30590.72,16681.7,72.91,8361.88,25053.39,3.53,55.36,24350.51,1686858.88,0.0,115.06,236587.72,66116.55,541.82,96.76,2.0,0.2,379
55.1,1974.54,1.55,47.51,26006.87,17471.33,72.65,8559.17,25139.03,3.39,55.46,37413.25,608997.53,4.57,94.83,729926.48,86318.41,0.0,0.0,2.0,0.2,381
54.83,2006.09,2.27,48.74,21858.26,16866.7,72.47,8597.0,24946.07,3.23,55.21,19777.97,563509.96,0.0,25.31,734139.02,0.0,0.0,0.0,2.0,0.1,384
57.73,1960.69,2.34,49.89,19773.68,16470.9,73.89,8433.35,25077.4,2.91,54.42,49281.75,794086.39,1.34,0.0,38156.34,45346.82,181.95,1.51,2.0,0.2,385
54.72,1924.97,3.59,48.21,15526.98,18297.4,74.68,8489.43,24691.46,3.35,54.77,34000.12,418020.86,1.35,0.0,1550290.71,29092.74,0.0,547.6,2.0,0.2,386
53.89,1905.95,3.78,46.5,17832.69,18991.85,76.02,8226.61,24571.58,3.11,54.88,0.0,0.0,0.0,0.0,962082.58,88643.69,234.5,525.23,2.1,0.2,386
51.47,1898.62,2.23,45.68,18481.44,18905.64,75.78,8155.51,24330.35,3.16,54.77,9430.77,0.0,0.89,22.67,1296996.44,72631.22,719.65,78.92,2.1,0.2,388
43.02,1881.31,5.07,42.99,24623.02,17180.83,75.8,8469.9,24379.19,3.47,54.67,0.0,523838.23,0.0,38.12,1949734.27,97018.84,0.0,0.0,2.1,0.2,387
45.4,1880.59,4.84,42.06,23245.84,14408.81,75.71,8398.51,24165.96,3.82,54.66,7659.64,114343.78,0.0,44.27,1515677.41,86886.37,465.7,0.0,2.0,0.1,389
50.05,1911.13,4.32,41.1,23073.55,14317.75,74.64,8068.87,23813.08,3.83,54.39,14772.37,0.0,1.56,49.79,1212161.09,82810.13,399.8,0.0,2.1,0.1,388
44.31,1927.02,3.64,41.22,20082.08,14191.93,73.05,8242.14,23869.58,3.53,54.07,24075.2,0.0,4.77,58.33,2106475.66,79577.82,941.97,186.82,2.1,0.1,385
53.83,1930.66,3.93,42.26,16276.33,16369.16,72.46,7981.93,23890.67,3.07,54.62,14499.47,0.0,4.59,67.31,1590736.98,23569.25,808.17,43.97,2.0,0.0,385
57.1,1948.57,1.79,43.4,22534.5,18334.1,72.03,8012.53,24063.27,2.88,54.83,11803.8,0.0,1.9,92.74,777310.19,0.0,919.82,66.63,1.9,0.0,383
53.5,2018.14,1.91,42.73,34232.18,19205.53,72.98,7874.92,24341.45,3.07,54.89,0.0,40079.88,6.18,88.03,490276.32,0.0,761.18,0.0,1.9,0.1,386
49.97,2044.38,3.46,43.82,36058.27,17072.18,72.9,8109.0,24072.54,2.74,54.99,0.0,580123.66,3.27,84.65,705849.68,0.0,585.85,0.0,1.9,0.0,385
53.18,2003.13,3.07,44.61,24798.19,19661.61,73.98,7808.32,23654.89,2.74,54.69,25436.98,781384.88,3.12,60.94,1718738.37,31183.54,861.15,422.28,1.9,0.1,384
54.21,1993.89,0.86,45.76,16519.61,17402.73,73.71,7465.23,23511.36,2.8,54.65,14775.96,167536.89,2.78,47.06,465690.04,23640.31,166.23,684.66,1.9,0.2,386
53.15,2005.42,0.0,46.75,14609.61,17151.92,73.26,7454.34,23583.1,2.8,54.69,12619.37,0.0,8.51,49.5,756372.64,12266.85,0.0,669.22,1.9,0.2,390
58.9,1953.43,0.17,46.91,15130.4,16727.66,71.77,7768.64,23287.06,2.37,54.47,8269.58,0.0,4.45,75.03,644749.09,30197.06,0.0,590.66,1.9,0.1,389
49.86,1967.31,0.4,46.39,21965.28,17119.07,71.93,7607.88,23710.58,2.07,54.72,0.0,602408.31,6.45,18.44,916248.61,43045.82,413.46,657.73,1.9,0.1,391
45.42,1976.07,2.7,45.16,16193.08,14768.12,72.64,7437.93,23762.09,2.53,54.75,0.0,639270.88,5.31,30.82,1910059.97,55047.04,1434.86,743.5,1.9,0.2,389
41.87,2036.22,2.1,44.35,15704.49,15030.86,73.67,7003.92,24029.61,2.41,54.68,45288.75,723310.59,5.7,28.53,2196777.61,108818.51,33.05,1017.39,2.0,0.2,386
38.44,2088.34,1.35,46.15,20098.37,18227.15,73.55,6854.41,24062.24,2.06,55.43,55187.95,1133428.38,6.9,10.08,1856262.99,100735.74,1066.25,534.26,2.0,0.2,384
34.26,1999.2,0.0,47.23,21797.5,19031.32,73.24,7045.34,24429.43,2.56,55.61,52353.35,1326028.31,6.85,7.87,1389185.6,129970.79,313.53,968.16,2.0,0.1,383
33.13,1979.51,0.0,46.26,21711.48,18292.05,74.05,7176.74,24470.33,2.59,55.66,45841.82,791295.21,3.41,15.64,2086522.07,106603.16,0.0,780.14,2.0,0.0,380
34.76,1984.14,0.0,45.17,18370.37,15574.6,73.37,7298.35,24153.6,2.57,55.38,14609.04,950810.92,1.22,4.85,2695322.49,62090.22,847.85,591.07,1.9,0.0,380
42.35,2002.91,0.88,46.57,10767.24,15850.41,73.8,7511.29,23827.89,2.32,55.28,41892.41,2008662.66,0.0,0.0,2898246.54,150352.49,1337.47,302.34,2.1,0.0,379
51.6,1974.91,0.71,47.18,13780.84,15749.12,73.94,7859.25,23400.54,2.45,55.16,15900.53,1306585.77,0.0,0.0,3380367.48,161787.48,1100.0,0.0,2.1,0.1,382
47.48,1951.24,3.65,45.59,18911.02,12795.11,73.8,8043.47,23520.76,2.63,54.81,0.0,1451534.86,1.84,9.19,3566176.0,82697.4,759.79,621.13,2.2,0.1,382
52.24,1965.21,1.84,46.64,16408.73,14294.21,72.64,8413.7,23571.33,2.35,54.66,0.0,1282369.44,5.04,13.18,1690338.3,30721.72,2093.62,610.22,2.2,0.1,380
50.03,1969.16,1.74,48.53,15557.05,12700.86,73.57,8587.84,23678.56,2.24,54.21,32264.83,1662853.17,3.14,16.3,1364053.96,88524.44,1316.54,359.68,2.1,0.1,380
50.97,1945.94,4.29,47.56,24042.44,17974.42,73.03,8611.62,23735.66,2.84,54.25,34087.5,1601486.6,2.41,36.75,1295488.08,96739.38,1286.1,151.68,2.1,0.1,381
56.08,1998.37,3.74,47.38,24204.51,15746.12,73.71,8723.6,23584.99,2.72,54.24,0.0,1391475.19,0.0,38.87,1351828.08,100552.92,1374.87,656.88,2.0,0.0,383
54.74,2023.6,4.74,49.16,24863.41,13259.86,74.11,8639.77,23796.48,2.89,54.22,0.0,1147266.48,0.0,38.68,958414.58,120514.61,228.36,599.4,2.1,0.0,385
55.55,1971.65,5.05,49.03,20384.98,13288.67,71.88,8513.22,23771.67,3.23,54.17,0.0,979693.1,0.0,54.86,0.0,147289.75,247.63,964.22,1.9,0.0,384
56.92,1956.64,5.88,49.55,25483.26,13676.36,72.36,8346.5,23830.86,2.88,54.09,13659.99,607206.5,0.0,61.69,322920.95,121817.52,195.01,991.44,2.0,0.0,381
55.08,1947.77,4.37,49.46,29351.46,14990.37,71.91,8367.52,23891.52,2.94,54.26,11392.62,488564.96,2.92,33.97,236650.01,146427.63,0.0,639.0,2.0,0.0,383
52.42,1961.75,2.85,50.14,23490.11,16105.28,71.38,8733.24,23929.37,3.42,54.16,0.0,1193287.53,0.0,14.56,599195.1,92418.8,322.21,636.59,1.9,0.1,380
55.35,1966.22,2.61,48.22,26403.48,14528.39,72.81,8925.29,24322.57,3.38,54.18,0.0,844403.5,0.66,27.12,1387755.86,83576.43,0.0,450.01,2.0,0.0,382
53.05,1943.37,3.55,49.49,28936.9,14152.01,72.05,8805.48,24030.1,3.2,54.28,0.0,1602246.27,0.0,21.87,1602920.37,122027.81,0.0,0.0,2.1,0.0,383
54.45,1861.56,1.62,48.36,16159.24,12132.42,72.53,8705.83,24125.97,3.24,53.95,0.0,1870471.37,4.02,0.0,1606481.93,136820.58,179.1,0.0,2.1,0.1,383
55.51,1886.22,1.08,47.97,16846.02,11992.8,73.09,8446.83,23889.82,3.29,53.97,0.0,485362.06,5.96,16.97,1902486.91,134418.68,0.0,112.16,2.1,0.0,384
61.65,1937.97,2.56,47.54,17974.53,10982.24,73.1,8611.05,24327.12,2.99,53.6,0.0,1006619.7,10.53,51.5,2530594.63,88248.48,0.0,0.0,2.0,0.0,387
61.44,1935.9,1.52,47.09,21071.23,9240.53,74.04,8469.89,24496.18,2.94,53.88,0.0,701009.79,10.65,43.99,1505381.32,83294.36,253.67,477.48,2.1,0.0,385
58.9,1927.07,2.78,47.97,28996.23,9420.82,73.72,8350.63,24051.26,2.59,54.04,10101.77,942404.62,7.0,28.4,1178905.82,61505.23,621.51,27.09,2.0,0.0,382
49.83,1894.02,2.83,48.26,32728.11,12734.95,73.93,8387.62,24027.42,2.55,54.73,15582.36,1061903.91,2.94,38.21,1506605.17,96194.66,905.01,21.57,2.0,0.0,382
55.21,1933.52,4.23,50.03,19013.61,12315.45,74.02,8227.65,23864.01,2.12,54.69,36904.98,1418717.8,0.53,41.68,2241264.11,31836.3,748.79,148.85,2.0,0.0,379
50.39,1956.81,2.08,50.21,23213.91,13858.41,73.73,8340.74,23674.0,2.1,54.75,7809.03,1388717.91,0.0,45.87,3116360.97,0.0,684.62,0.0,2.0,0.0,379
53.51,1968.01,2.48,48.37,27987.35,14478.08,72.65,8126.21,23176.05,1.83,54.7,0.0,733742.98,3.67,68.88,2270914.69,32613.68,1253.06,236.57,2.0,0.1,381
48.09,1963.18,2.15,49.17,25581.81,13335.45,73.75,8201.8,23781.23,1.73,54.61,29663.74,0.0,6.6,31.24,2403432.82,0.0,1147.33,0.0,2.1,0.0,379
50.7,1948.23,3.58,47.82,22477.59,13509.37,72.91,8294.87,24035.52,2.02,54.84,0.0,0.0,5.02,67.32,1738868.11,0.0,529.28,0.0,2.0,0.1,376
52.55,1922.57,5.89,47.15,21415.74,14535.59,72.36,8411.73,23965.31,1.97,54.84,0.0,0.0,5.17,1.75,2264991.97,33414.29,0.0,0.0,2.0,0.1,378
46.39,1977.7,4.78,47.14,24244.65,17090.43,72.79,8477.4,23990.87,1.76,54.25,970.21,0.0,5.32,8.86,2081530.22,0.0,581.36,190.65,1.9,0.2,378
41.54,1956.42,2.81,48.35,30879.9,17913.29,73.5,8708.65,23977.86,2.02,54.15,0.0,321904.0,0.0,0.0,1952039.71,1536.96,325.9,389.23,1.9,0.1,381
47.23,1942.53,3.09,48.83,31228.57,18282.0,74.03,8574.91,24126.51,1.86,54.38,0.0,109344.32,0.0,6.94,1759488.19,0.0,0.0,0.0,1.9,0.1,385
47.57,1903.69,3.15,49.67,27814.19,19525.28,74.25,8664.8,24535.83,1.51,54.71,0.0,0.0,0.0,52.72,2441438.17,0.0,0.0,340.15,1.9,0.1,381
44.97,1877.71,1.23,47.65,23659.61,17611.46,73.63,8819.91,24300.92,2.06,54.63,11680.19,334535.73,0.0,39.99,1822287.19,17590.13,0.0,89.13,1.9,0.1,385
46.12,1891.67,2.42,46.27,16057.12,16694.3,74.62,8996.67,23896.39,2.33,54.11,22134.66,575847.45,0.0,63.14,2761525.74,17025.0,130.49,587.17,1.9,0.0,383
46.97,1904.17,2.11,45.81,15649.69,15630.74,74.01,8726.74,23526.92,2.33,53.73,38695.62,205751.63,0.0,47.7,2263189.85,63847.38,0.0,19.68,1.9,0.0,384
50.5,1884.76,3.41,44.63,18438.81,13549.16,74.2,8653.15,23402.09,2.03,54.12,21071.72,833756.89,0.0,77.42,1380223.28,111116.2,147.29,183.43,1.9,0.0,385
49.2,1841.19,2.18,43.53,22722.95,12999.67,73.9,8475.66,23837.99,2.14,54.3,1708.86,742945.65,0.0,78.17,500444.39,125302.93,0.0,497.82,2.0,0.0,387
52.54,1822.62,2.8,44.35,27121.92,13549.14,74.13,8445.2,23926.96,1.9,54.34,0.0,385136.11,0.0,53.27,0.0,120417.04,0.0,327.9,1.9,0.0,389
57.07,1854.41,2.78,45.11,24402.38,13261.64,73.61,8609.63,24138.89,2.01,54.9,10977.36,592994.7,0.66,16.57,0.0,104707.67,36.15,506.09,1.9,0.0,388
56.66,1872.03,1.26,42.68,20689.79,12650.83,72.82,8546.27,24384.37,2.31,55.04,35395.07,1638.83,0.0,33.38,0.0,78325.81,1027.87,499.68,2.0,0.0,386
57.46,1889.05,0.0,42.83,34967.88,13361.21,73.56,8368.46,24414.59,2.36,55.32,58828.55,297776.16,0.19,0.0,0.0,73801.8,1373.53,889.06,2.0,0.0,387
53.09,1859.5,0.13,42.66,41218.52,14942.82,73.13,8647.57,24415.36,2.69,55.63,43199.88,647714.24,0.0,27.36,134006.3,101295.6,1994.65,969.49,2.0,0.0,380
49.8,1900.49,2.22,42.26,40631.8,14620.09,73.89,9055.63,24538.95,2.52,55.51,73757.55,0.0,0.0,44.98,1033286.61,112130.02,1449.52,1034.44,2.0,0.0,380
50.16,1886.86,6.06,42.9,42093.24,14300.49,74.66,8663.5,24126.9,2.54,55.98,94632.12,0.0,1.37,25.54,1231556.44,117608.36,1758.03,418.27,1.9,0.0,378
45.67,1906.34,4.7,45.72,37813.08,13946.15,74.88,8286.05,24251.63,2.65,55.74,87764.39,308835.28,4.95,89.23,429555.19,57983.95,1605.56,0.0,1.9,0.0,379
45.18,1922.46,5.44,45.89,30029.71,14343.85,76.3,8333.71,24279.37,3.07,55.43,98145.15,0.0,7.07,99.82,171325.1,44100.12,1916.51,0.0,1.9,0.0,379
46.58,1875.68,4.26,46.54,26446.91,12351.73,76.88,8432.13,24044.71,3.05,55.09,79519.82,157552.19,3.89,107.41,806068.0,51190.88,1896.96,0.0,2.0,0.0,377
47.81,1909.31,5.11,45.19,31103.75,12620.9,76.93,8238.23,24295.01,3.05,55.39,27276.83,0.0,2.68,132.4,2040571.21,16118.23,1698.63,88.57,2.0,0.0,375
48.52,1865.36,6.24,44.84,25040.09,13471.1,76.29,8508.11,24099.29,3.58,55.55,57214.14,0.0,7.0,85.1,1672752.87,64549.45,1758.47,0.0,2.1,0.0,375
42.49,1892.36,5.88,45.09,17946.85,13006.6,76.41,8867.1,24077.75,3.83,55.68,54901.8,0.0,3.4,91.7,1153542.49,37215.15,1463.27,0.0,2.1,0.0,378
45.55,1859.76,6.2,42.23,15440.21,14005.23,76.12,8404.33,23866.88,2.97,55.22,62030.63,0.0,3.34,81.87,1076886.35,72437.84,1201.13,329.86,2.0,0.1,376
41.9,1857.59,7.54,41.73,14531.45,12602.44,76.09,8540.19,24282.59,3.56,55.36,62469.13,0.0,7.88,78.67,801925.93,79700.71,760.09,0.0,2.0,0.2,378
43.2,1874.65,7.44,42.43,16797.67,12969.91,77.09,8598.49,24298.97,3.61,55.48,78127.61,0.0,5.44,49.64,1256872.9,97659.71,64.56,163.84,2.1,0.2,379
47.35,1854.02,7.33,44.25,16005.3,14557.81,76.74,8406.4,24270.4,3.33,55.17,59821.33,93054.92,4.19,38.98,1290875.42,106272.31,0.0,97.68,2.0,0.2,380
50.22,1875.33,7.77,44.49,14911.57,12828.36,76.2,8223.79,24241.23,3.11,55.26,52249.64,399451.94,4.73,32.11,1095178.47,112529.8,1290.92,0.0,2.0,0.1,380
47.52,1886.22,7.61,44.09,8323.9,15374.75,76.62,8202.52,24053.12,3.07,55.31,64805.72,908572.39,6.8,0.0,807312.87,135383.85,691.78,428.42,2.1,0.1,382
46.16,1906.05,5.44,43.43,8202.23,15384.26,76.01,8267.08,24266.74,2.83,55.31,44240.68,938338.05,7.59,27.13,1198560.28,134148.61,0.0,57.85,2.0,0.1,379
48.24,1922.46,2.8,42.53,17057.13,16396.57,75.12,8048.77,23747.02,3.2,55.27,87332.32,734680.22,7.21,49.43,2162873.48,136203.86,60.72,97.12,1.9,0.1,380
54.33,1918.12,4.62,42.87,25603.25,17224.33,75.52,8287.52,23997.14,3.4,55.79,116932.16,956184.36,4.97,54.96,657156.45,149651.68,0.0,480.06,2.0,0.0,380
49.4,1880.23,4.58,43.93,30370.11,17101.73,74.06,8310.21,23719.68,2.92,55.41,127155.53,1191732.34,5.08,28.23,380769.16,82624.35,746.37,1148.81,2.0,0.0,380
42.92,1871.31,4.06,43.73,27428.61,16829.73,73.47,8760.26,23510.64,3.12,55.28,120383.99,1369677.59,4.74,0.0,182194.89,80566.05,747.5,688.75,2.1,0.0,380
40.29,1890.76,5.63,42.44,40086.23,16842.06,73.93,8382.66,23610.84,3.31,55.29,106131.1,1185153.93,0.4,0.0,992709.93,104261.13,1213.57,361.68,2.1,0.1,378
46.53,1887.05,4.42,42.84,33126.41,13535.79,74.09,8477.65,23961.91,3.38,55.77,126173.05,1501979.05,1.59,35.03,0.0,75797.4,155.38,558.22,2.0,0.2,377
47.6,1888.75,3.89,41.86,26377.63,10278.86,74.59,8356.34,24411.67,2.95,56.04,148771.12,2094459.3,1.97,24.7,907468.41,40493.14,327.87,499.53,2.0,0.2,379
44.23,1912.91,1.08,41.25,24841.9,11519.54,75.28,8360.15,24505.93,2.87,55.99,135836.51,1527091.17,0.75,39.91,2028448.75,81777.54,0.0,104.15,2.0,0.2,380
50.34,1955.43,1.72,41.61,28509.65,13689.63,75.61,8255.01,24337.64,2.55,55.89,131985.56,1790686.77,3.68,75.36,902448.69,88254.19,280.65,103.93,2.0,0.2,379
41.34,1958.0,1.94,44.2,31489.12,13371.56,75.3,8212.66,24790.79,2.75,55.39,105861.47,1559937.54,0.21,22.03,1230674.26,50611.55,926.76,129.98,2.0,0.0,382
43.97,1947.84,1.24,46.11,26088.34,13001.03,75.64,8526.27,24663.2,2.55,55.3,113917.31,2055189.77,0.0,25.24,185660.66,78868.68,1059.9,0.0,2.1,0.0,382
44.25,1950.8,1.33,45.19,33206.12,12489.96,75.06,8459.9,24900.5,2.87,55.15,129254.26,1863767.83,0.0,12.85,1128672.02,145650.89,1121.43,0.0,2.1,0.0,381
42.28,1951.44,2.09,45.05,31851.11,14036.1,74.81,8395.96,24764.83,3.25,55.0,125684.12,1187477.89,0.93,28.46,1741727.91,114396.17,451.89,0.0,2.1,0.1,383
38.34,1975.16,1.3,44.72,32785.17,14710.09,74.82,8249.71,24910.07,3.03,55.33,71138.69,1190619.03,0.0,6.43,1220966.13,155790.13,1102.14,318.23,2.1,0.1,385
43.1,1974.71,3.92,45.7,33860.88,13996.02,74.35,8181.23,24906.46,3.2,54.9,9308.25,493509.42,0.0,39.63,930033.75,145813.71,1206.72,0.0,2.2,0.0,388
43.73,1964.97,2.62,45.86,45047.09,14768.03,74.6,8053.4,24931.85,3.17,54.9,21056.56,0.0,0.0,6.64,884500.57,102406.79,755.03,0.0,2.2,0.0,386
51.11,1980.53,0.26,47.3,51458.99,17227.07,75.12,7853.06,24818.31,2.72,54.69,0.0,0.0,0.44,0.0,508727.89,80969.99,1456.19,730.06,2.1,0.0,384
54.23,1966.25,0.06,49.18,41572.72,12984.48,75.62,7837.45,24596.06,3.43,54.93,0.0,0.0,1.55,0.0,170901.08,71803.41,1404.75,614.08,2.0,0.0,380
52.56,1953.02,2.22,48.11,42327.1,13780.93,74.01,7887.81,24176.04,3.42,54.74,31367.93,0.0,0.0,34.26,0.0,97255.59,1488.92,444.28,1.9,0.1,381
49.1,1961.86,4.05,47.82,41950.99,15562.51,75.31,7919.25,23904.43,2.97,54.6,2150.59,0.0,4.87,46.2,0.0,85809.65,425.72,786.27,1.8,0.1,377
47.64,1995.66,2.02,47.29,43619.2,16179.48,75.26,8075.64,23826.67,3.43,54.24,32548.02,165650.99,5.78,63.16,437544.44,48305.76,277.24,243.76,1.8,0.1,379
49.73,1945.44,1.75,46.28,35143.25,14649.28,75.15,8402.01,23688.46,3.03,54.19,36666.47,926599.05,4.69,20.28,0.0,52079.75,796.22,826.11,1.8,0.1,377
46.17,1923.07,1.84,45.18,47283.07,13943.24,75.85,8242.55,24242.38,3.07,54.53,15710.11,1425136.18,4.87,11.12,0.0,40095.42,573.6,1018.76,1.8,0.0,379
52.2,1886.08,4.81,46.72,41725.56,12304.04,76.49,7957.38,24101.81,2.67,54.61,52057.38,1488201.4,6.83,4.03,138590.27,0.0,498.29,666.72,1.8,0.0,379
60.7,1945.07,6.81,48.47,47468.66,12640.87,76.1,8053.19,24078.75,2.4,54.74,3110.58,1399529.66,3.19,4.92,317640.97,0.0,0.0,226.32,1.9,0.0,381
59.25,1943.45,7.06,47.27,47148.37,12299.56,77.88,7846.09,24028.28,2.36,54.43,21873.35,984549.15,0.0,25.53,0.0,559.92,400.25,114.91,1.9,0.1,377
52.66,1918.52,9.22,46.28,46058.32,11923.21,77.86,7906.31,24113.98,2.75,54.63,0.0,1076015.84,6.38,39.72,174208.91,0.0,764.43,415.26,1.9,0.1,384
55.91,1958.75,8.73,46.0,47132.52,12143.06,77.33,8057.78,24025.44,2.8,54.7,25582.7,600075.92,0.16,29.39,482339.2,38699.12,360.45,565.12,2.0,0.1,382
52.32,1971.75,10.42,45.92,43974.43,10374.92,76.62,7938.22,24063.97,2.39,54.66,0.0,1125878.15,0.0,13.92,669134.36,21009.48,1553.76,816.55,2.0,0.1,377
57.17,1984.82,9.56,46.45,45645.84,10378.47,76.62,8208.28,24186.84,2.37,54.79,36519.06,1479115.94,0.0,30.41,940121.91,63692.83,1396.73,615.13,1.9,0.0,380
57.03,1979.82,10.68,47.47,39798.54,12937.48,75.0,8313.68,24267.34,2.72,54.92,24711.78,1209996.76,7.1,31.53,1263682.94,0.0,830.19,727.56,1.8,0.0,379
51.82,1959.0,11.95,47.52,33936.47,14439.96,75.59,8226.1,24465.97,2.98,55.16,3371.05,373527.57,1.58,13.61,909338.96,0.0,741.4,1210.91,1.8,0.0,376
60.87,1925.84,10.0,47.95,34858.75,17088.57,76.01,8214.87,24652.69,3.25,54.96,28342.83,236248.61,1.08,18.8,599686.63,0.0,1185.45,580.0,1.8,0.0,377
63.45,1941.74,7.49,47.63,37114.85,17112.94,75.42,8164.73,24473.38,2.81,54.58,34476.3,0.0,2.44,4.33,0.0,0.0,2121.56,501.48,1.9,0.0,375
67.53,1939.3,5.38,46.73,35250.51,17948.23,74.76,8731.97,24241.51,2.96,54.12,26158.82,272228.96,0.0,45.59,358520.12,0.0,2076.13,275.8,2.0,0.1,377
67.54,1904.85,7.36,46.42,39952.03,18658.8,75.53,8441.21,24047.94,3.51,53.86,0.0,309349.49,0.13,28.51,781716.71,36486.28,1815.07,187.7,2.0,0.1,374
66.27,1934.64,6.85,43.79,35796.24,19509.13,74.25,8561.48,23983.5,3.39,53.85,0.0,1174987.9,2.26,44.3,1332208.8,53251.29,2077.64,0.0,2.1,0.2,376
62.76,1907.57,6.93,45.86,29256.13,20409.47,73.92,8435.71,23774.91,3.08,54.19,20422.91,1192191.64,0.61,13.0,1247783.08,36545.57,1931.82,0.0,2.1,0.2,378
66.01,1907.91,7.43,47.75,32544.22,21405.76,73.53,8258.38,23811.7,3.01,54.59,0.0,1012243.49,3.36,20.14,1128682.12,43875.16,1133.88,0.0,2.0,0.2,381
66.89,1947.19,9.09,47.55,32088.58,22745.23,73.13,8011.11,23805.15,2.85,54.67,0.0,1134134.33,1.36,52.1,255317.45,36620.4,854.68,112.76,2.0,0.2,381
67.33,1972.67,8.89,47.64,35332.46,18953.26,73.07,8128.53,23809.55,2.75,54.82,10585.7,1296101.19,0.0,11.6,816822.86,8942.57,377.42,0.0,2.1,0.2,382
67.69,1971.0,9.73,45.99,29245.99,16525.25,73.63,8255.77,23775.15,2.68,55.18,0.0,1330860.69,0.0,41.46,1179327.87,0.0,249.01,0.0,2.1,0.3,377
59.26,1975.11,9.04,45.45,20743.71,16775.42,74.47,8857.12,24120.95,2.34,55.15,15706.89,770554.29,2.06,56.8,1884648.87,32924.25,414.72,0.0,2.0,0.3,377
56.72,2003.74,10.34,44.09,21313.67,15792.28,74.74,8290.83,23831.6,2.36,55.33,15446.03,1109651.02,2.28,84.49,2646280.07,5156.97,856.89,201.3,2.1,0.2,377
51.56,1972.9,10.11,44.51,25636.78,16462.63,74.53,8235.91,23688.92,2.23,55.27,18430.8,1421437.17,3.55,115.21,1690000.65,387.94,342.15,618.05,2.1,0.2,381
53.15,1980.04,9.45,44.29,24314.09,15978.06,75.97,8020.81,23815.31,2.49,55.15,26737.51,358042.62,6.51,130.43,1447421.99,0.0,749.52,197.69,2.0,0.2,384
55.44,1961.34,6.54,44.49,26706.42,15684.12,77.19,8029.7,23398.75,2.41,55.25,33029.5,250419.23,4.64,63.3,1361376.89,0.0,822.08,363.96,2.1,0.1,381
52.37,1943.11,5.24,46.2,28214.02,18666.37,76.8,7818.13,23355.26,2.72,54.91,42881.15,50961.54,1.5,92.84,848385.94,0.0,718.55,186.07,2.2,0.1,380
50.16,1893.81,5.44,45.26,29187.09,14976.81,76.44,8243.16,23499.99,2.52,54.92,34868.8,1409629.38,0.41,51.71,810246.8,11278.58,953.36,438.55,2.3,0.1,379
42.6,1922.51,4.22,46.24,27054.88,17675.69,75.03,8462.04,23802.06,2.68,54.64,43740.61,1326287.29,0.0,87.38,538398.43,66734.94,835.8,725.51,2.2,0.1,380
42.49,1906.59,0.22,45.19,31328.86,15037.19,74.02,8130.2,23912.38,2.45,55.01,56640.85,1299368.96,0.81,58.33,35275.93,86394.61,1229.78,879.99,2.1,0.1,378
46.9,1864.29,0.0,43.03,20446.12,17144.16,74.73,7897.93,23939.81,2.87,55.14,103947.64,1087970.78,0.0,25.51,120529.47,111134.05,1154.72,672.61,2.2,0.1,378
44.32,1873.29,1.44,42.53,15836.77,16031.52,74.66,8240.31,23741.02,2.91,55.05,82463.81,1899848.94,0.22,1.89,757278.91,127851.92,536.97,229.75,2.2,0.1,378
49.65,1872.05,2.59,44.23,16485.7,12953.97,74.33,8283.97,24027.82,2.74,55.5,35996.46,1765321.46,0.0,39.63,0.0,128162.08,392.97,722.67,2.1,0.1,377
50.59,1876.86,2.48,42.24,20885.3,11518.36,73.48,7953.47,23837.74,2.87,55.54,48190.65,936739.81,0.57,21.52,697867.86,128439.25,63.0,985.62,2.1,0.0,374
45.05,1934.12,1.53,44.75,17059.27,10153.28,74.34,8195.28,24015.81,3.02,55.25,63014.71,992162.39,0.0,24.28,1360141.91,127455.98,0.0,1161.43,2.1,0.0,375
46.38,1887.22,1.55,44.44,18445.86,10017.06,74.9,8035.31,24241.82,3.13,55.57,99341.35,1938988.6,0.0,33.02,763049.16,229671.87,368.66,1478.56,2.1,0.0,374
44.2,1889.21,2.6,45.13,7021.26,10357.88,74.47,8360.83,24366.95,3.02,55.54,40117.5,2096730.93,0.0,10.99,1580953.69,209284.18,37.85,1102.77,2.1,0.0,375
40.22,1873.38,2.0,44.95,10513.0,10769.18,74.39,8742.92,24527.47,3.28,55.58,36118.98,2080068.79,0.6,33.58,782873.62,208050.98,175.78,399.25,2.1,0.0,375
41.14,1848.02,2.42,45.08,17546.84,10654.49,74.64,8651.19,24396.83,2.76,55.47,50423.03,1260198.94,0.0,30.31,1459658.5,182220.0,353.96,375.62,2.1,0.0,375
44.21,1869.41,4.86,46.15,26004.18,8062.41,75.88,8649.55,24460.08,2.98,55.4,14778.76,1991101.75,0.0,4.13,1163003.37,145417.99,362.28,326.93,2.2,0.0,374
42.22,1874.13,4.41,45.47,21234.58,9529.77,75.32,8391.37,24529.98,3.17,55.28,59596.83,3072952.31,1.32,0.0,1239106.51,84223.15,0.0,0.0,2.1,0.0,376
40.41,1895.64,5.56,46.73,21000.86,10809.02,75.48,8640.53,24652.2,3.44,54.8,33273.07,3282741.66,2.65,0.37,819152.06,104030.21,0.0,292.02,2.1,0.0,378
40.37,1907.41,5.46,47.33,23419.26,8388.38,74.24,8355.81,24687.18,3.47,55.27,1674.97,3627421.47,0.0,4.34,931341.28,101347.44,0.0,324.89,2.0,0.0,379
43.42,1909.3,5.0,47.61,32779.65,7145.5,73.15,8398.35,24550.72,3.39,55.22,17918.99,2963740.74,0.0,0.0,762103.72,45674.05,40.95,334.58,2.0,0.0,376
40.59,1888.16,6.24,49.78,28121.62,7919.7,72.82,8425.02,24376.53,3.36,55.36,0.0,2734012.09,0.0,0.0,511781.84,34950.49,0.0,165.35,2.0,0.0,377
42.59,1885.18,7.57,50.78,22081.36,9209.14,72.71,8596.12,24354.01,3.28,55.44,0.0,3381801.73,1.35,27.4,366273.93,29627.28,468.12,406.7,1.9,0.0,379
43.28,1907.73,7.11,47.52,16832.39,11586.38,72.8,8586.49,24336.75,2.97,55.25,8776.32,3184993.92,6.92,14.64,1476170.11,0.0,703.39,441.52,1.9,0.0,378
48.14,1894.73,7.27,48.02,26130.27,13601.95,73.51,8403.95,24157.27,2.63,54.89,7534.98,2323088.89,9.05,1.21,1391347.39,0.0,0.0,762.25,2.0,0.0,380
45.39,1886.38,7.59,49.3,28937.14,15325.77,73.26,8614.5,24081.91,2.71,54.81,29936.41,2567972.68,3.81,38.5,2807838.27,0.0,0.0,1082.77,2.0,0.0,384
40.61,1877.99,7.82,46.94,27448.06,14640.74,74.21,8708.13,23751.56,2.52,54.66,19853.61,1576679.72,4.43,18.54,2845727.68,4200.68,0.0,1402.75,2.1,0.0,383
37.77,1919.85,8.56,45.82,24580.25,15384.52,73.34,8509.89,23606.18,2.28,54.52,40851.01,340124.62,4.92,25.93,3125616.49,17043.86,0.0,970.97,2.1,0.0,382
43.47,1915.48,8.07,45.09,28374.52,13723.47,73.29,8335.29,23757.43,2.45,54.3,45540.49,0.0,9.96,12.53,3416302.01,25966.84,181.24,491.94,2.1,0.0,383
44.19,1926.93,6.46,44.97,26730.49,12767.69,73.59,8401.38,23883.27,2.46,54.51,45199.9,110504.67,8.91,44.48,2192940.22,15007.71,383.81,0.0,2.2,0.0,385
49.8,1944.11,3.26,45.18,28558.52,11352.7,72.32,8478.27,23674.17,3.04,54.65,74129.64,164639.96,9.56,42.74,2595030.79,0.0,832.88,252.6,2.2,0.0,384
51.12,1979.82,2.84,43.36,41715.33,12928.91,72.35,8696.85,23956.4,3.12,54.58,80698.97,845299.96,3.6,45.64,2475390.67,13795.37,790.71,632.53,2.2,0.0,384
50.33,1941.69,3.5,43.9,38349.57,12998.27,70.17,8886.76,24189.41,2.7,54.47,106859.01,78047.05,4.33,29.79,2446729.3,17817.35,589.01,700.75,2.1,0.0,382
46.07,1903.53,4.28,43.93,39159.98,14089.29,71.43,8879.3,23991.2,2.85,54.6,148627.7,123112.56,4.69,26.47,2186735.55,18783.19,341.35,691.3,2.1,0.0,384
49.72,1890.17,3.12,44.63,35042.23,12541.1,73.26,8583.6,23708.09,2.62,54.72,128382.92,1288298.81,1.97,32.11,2669931.75,0.0,703.94,41.49,2.2,0.1,382
53.31,1936.58,1.7,44.09,41414.01,12984.36,73.8,8550.67,23976.34,2.77,54.79,53880.8,1530847.67,3.61,0.0,1580360.15,22768.96,755.69,0.0,2.1,0.1,383
50.51,1937.56,1.05,45.72,40849.09,12199.32,73.0,8240.93,24398.22,2.71,54.72,40294.1,975352.7,2.79,4.47,1428214.68,0.0,1151.14,0.0,2.1,0.0,381
51.66,1965.85,0.71,43.66,34233.76,11878.77,72.26,8118.45,24258.88,2.71,54.38,49641.75,1877022.03,6.14,0.0,1725251.25,23934.0,1016.06,95.55,2.1,0.0,379
54.61,2010.22,2.6,45.59,20664.67,13256.17,72.82,8356.91,24019.48,2.57,54.71,14396.82,1792791.97,5.18,0.0,1915142.35,0.0,530.4,75.77,2.0,0.1,378
57.29,1980.97,3.96,43.8,29512.34,15279.45,72.64,8169.22,24149.64,2.19,54.76,0.0,1423405.85,2.72,0.0,2814986.7,32150.08,0.0,0.0,2.0,0.1,376
59.19,1986.16,1.53,43.6,29146.16,15281.96,71.89,8022.87,24032.54,2.13,54.66,0.0,1447586.68,6.99,25.84,3326817.09,14478.08,0.0,294.97,2.0,0.1,375
60.61,1978.97,1.47,43.46,32033.93,16430.87,72.0,8131.8,24136.09,2.41,54.97,47818.08,1003543.34,9.79,28.53,2188805.87,0.0,294.09,520.89,1.9,0.0,375
55.57,1927.95,0.0,43.33,33271.65,17220.09,71.31,7868.37,24041.05,2.45,55.24,59661.63,684475.75,9.28,6.25,1984100.95,2075.42,1016.48,639.41,1.9,0.0,375
48.39,1928.05,0.6,44.14,36161.88,17011.19,70.51,7670.63,23944.0,2.66,55.37,44254.48,2048792.6,12.01,40.6,2218629.31,22426.08,1117.63,6.04,1.9,0.0,376
48.23,1941.37,0.0,44.87,35810.68,16381.07,71.85,7539.55,23939.09,2.74,55.09,0.0,1102101.46,10.04,31.71,1949042.57,0.0,348.83,87.91,1.9,0.0,375
40.26,1876.91,0.25,45.09,34008.87,15248.57,71.0,7250.31,24062.23,2.68,54.98,0.0,409414.88,8.66,37.81,1624678.68,53510.21,66.27,524.74,1.9,0.0,378
39.26,1882.05,0.0,46.14,35376.27,16913.97,71.7,7635.01,23932.05,2.94,54.88,178.77,836770.52,13.5,56.68,2052503.58,30328.65,194.88,454.43,2.0,0.0,381
35.61,1931.94,0.0,46.95,30412.93,17571.87,71.37,7947.97,24156.96,2.74,55.05,25218.59,209630.19,8.76,24.35,1028539.58,0.0,690.74,603.45,1.9,0.0,379
41.44,1925.65,0.0,46.9,33703.21,15646.71,71.64,7805.44,24432.16,2.62,54.85,20196.01,105757.48,9.27,55.37,1747518.88,0.0,800.24,1027.33,2.0,0.0,381
44.59,1956.56,2.49,45.54,29877.39,16951.83,72.2,7405.13,24052.84,2.81,55.09,0.0,801011.53,7.36,24.49,1195046.52,0.0,429.63,315.38,2.0,0.0,378
45.59,1937.23,3.82,42.99,33786.09,13754.16,72.39,7384.79,24005.53,2.39,55.52,0.0,8739.7,10.99,32.64,272792.26,0.0,306.01,0.0,2.0,0.0,381
45.58,1939.0,2.94,44.54,38080.72,15156.26,72.8,7180.05,24270.29,2.45,55.36,11924.1,193883.98,6.54,23.11,0.0,7371.69,989.27,0.0,2.0,0.0,383
43.28,1914.47,2.5,45.96,28396.51,13178.96,72.71,7137.27,24257.57,2.86,54.99,6392.41,211878.35,4.68,0.0,0.0,0.0,1219.32,173.02,1.9,0.0,382
52.48,1930.35,1.46,45.02,26960.26,13992.58,73.37,7348.74,24211.35,2.8,54.96,0.0,195368.84,2.46,0.0,1652245.02,15408.94,1102.52,67.56,2.0,0.0,381
48.29,1955.15,0.92,46.27,27165.22,15335.45,73.87,7709.44,24019.21,3.03,54.47,1248.0,0.0,0.0,0.0,1061647.07,10387.7,732.41,122.01,2.0,0.0,381
49.41,1979.59,2.74,46.39,30042.89,15745.78,73.72,7982.6,23860.25,2.44,54.28,38129.87,0.0,0.73,0.0,1343882.05,15654.88,647.52,338.75,2.0,0.0,381
49.17,1956.44,2.83,45.65,36060.98,12940.29,74.55,7657.48,24031.02,2.26,54.53,29325.98,0.0,4.2,23.43,1545630.34,0.0,1018.24,0.0,1.9,0.0,379
46.29,1946.87,2.67,44.9,24603.07,13520.66,74.35,7601.95,24357.56,2.26,54.62,46001.17,0.0,3.52,43.76,1329336.41,0.0,682.1,99.38,1.8,0.0,384
48.97,1989.26,4.25,45.39,24090.48,14312.81,75.53,7875.42,24375.69,2.28,54.81,25199.53,350924.4,1.16,31.72,534712.13,0.0,295.06,663.84,1.8,0.0,382
49.43,1993.86,1.89,43.87,20358.78,12324.11,75.45,7985.04,24131.95,2.38,54.72,18911.57,0.0,2.28,72.34,1034705.82,54014.74,0.0,387.48,1.9,0.1,383
45.39,1978.68,2.86,43.91,17982.76,12234.58,75.31,7798.49,24356.22,2.31,54.75,43449.31,0.0,4.53,38.74,1237028.13,80159.67,0.0,311.41,1.9,0.1,384
42.44,1975.65,5.39,45.27,24094.07,12312.53,76.88,8085.52,24347.28,2.43,54.66,47405.06,407649.72,5.7,31.88,165339.7,81064.55,415.34,0.0,1.9,0.2,381
42.51,2013.82,5.59,44.71,25199.9,13988.68,76.37,8238.43,24381.32,2.55,54.89,32640.86,0.0,6.11,27.29,0.0,91987.31,1055.63,0.0,1.9,0.1,381
44.67,2006.56,5.06,45.6,26471.91,18199.38,76.27,7663.75,24126.41,2.71,54.74,12547.71,0.0,3.94,31.73,326792.89,46104.74,1362.27,0.0,1.9,0.1,379
41.23,2010.99,4.34,45.36,30766.08,18444.47,75.29,7742.71,23947.11,2.94,55.18,0.0,33335.78,5.77,31.16,719151.6,45332.7,685.38,77.0,2.0,0.1,383
35.34,2014.68,3.61,44.4,37719.73,17492.6,74.9,7893.52,23538.09,3.26,55.65,24215.38,327401.07,4.34,2.56,1465258.24,75527.77,868.69,211.02,2.0,0.1,388
36.48,1996.59,5.39,44.51,36720.64,19322.01,75.39,8103.0,23345.26,3.28,55.29,8711.0,435635.07,3.6,22.48,1823299.28,98670.93,121.15,972.95,2.0,0.1,382
37.53,1953.98,4.21,44.7,34259.36,20718.11,76.66,7923.64,23377.3,2.92,55.55,11705.5,441701.03,3.89,14.72,1066273.06,89994.29,28.05,976.86,1.9,0.1,381
40.14,1980.07,3.62,46.1,24989.03,22267.97,77.33,7788.09,23322.27,2.5,55.71,1359.02,185358.07,0.36,62.43,346947.19,81659.83,192.08,742.03,1.9,0.1,382
40.3,2021.22,2.82,46.81,17029.43,19917.76,76.27,7627.08,23520.27,2.5,55.01,53827.93,315123.34,0.31,90.14,1015035.87,63075.39,0.0,849.99,1.9,0.2,380
40.0,1978.01,1.48,46.47,18198.24,18395.83,77.64,7850.03,23631.0,1.8,55.22,124739.31,207178.84,0.0,84.37,4231.36,74401.6,814.79,547.24,1.9,0.2,379
35.37,1966.51,1.26,47.79,26122.98,20062.49,77.81,7955.7,23538.72,2.29,55.28,73268.46,0.0,0.0,22.81,332141.86,23379.99,371.5,516.58,1.9,0.1,383
31.37,1927.82,2.49,46.74,23564.03,17565.66,77.59,8049.7,23669.62,2.19,55.04,58094.52,631590.17,4.14,51.38,687322.23,59216.75,0.0,250.15,1.9,0.1,384
38.33,1955.7,1.43,46.55,20084.11,15920.17,75.79,8110.21,23379.72,2.37,55.39,63461.01,619989.93,7.57,55.62,96600.65,59100.19,1046.12,0.0,1.8,0.1,383
38.0,1924.53,0.0,44.78,30072.16,15735.91,74.06,8383.0,23769.57,2.75,55.22,46973.7,661541.65,10.13,36.66,0.0,79357.45,1557.51,22.16,1.9,0.1,382
36.49,1900.81,0.0,43.81,31764.46,17517.47,74.29,8171.36,24020.98,2.82,55.32,26360.03,1293940.8,11.59,30.02,543749.87,111054.34,1149.09,31.91,1.9,0.0,383
42.85,1907.25,1.26,45.56,29687.18,17676.98,73.89,8059.65,24126.49,2.86,55.42,24524.06,1430787.48,14.24,56.2,758027.24,116712.35,885.75,15.31,1.9,0.0,384
49.28,1913.83,0.0,47.74,26658.71,17551.65,74.56,8387.4,24524.69,2.74,55.67,26172.15,2913099.4,15.01,46.8,202144.19,9798.74,1152.06,374.1,2.0,0.0,381
51.49,1969.13,0.72,48.57,22134.7,17464.03,74.35,8619.35,24368.84,3.18,55.49,0.0,1906758.66,11.13,52.83,0.0,0.0,1486.73,0.0,2.0,0.0,379
52.39,1963.71,1.01,49.39,23500.81,19916.42,74.94,8362.56,24757.67,3.18,55.91,0.0,1836007.51,10.6,44.18,904762.97,73251.54,168.59,299.25,2.0,0.0,381
54.29,1982.42,2.16,49.73,21652.73,19562.91,75.44,8633.08,24689.87,3.05,55.76,0.0,2074120.22,5.18,51.12,899336.26,11232.03,0.0,20.74,2.0,0.1,381
56.02,2013.76,4.09,49.07,19558.69,19634.63,74.77,8960.33,24805.86,3.05,55.78,4807.99,1594165.42,5.72,40.82,2102810.21,0.0,315.66,0.0,2.0,0.0,382
53.03,2035.59,4.84,48.67,14179.58,19831.58,74.22,8554.18,24812.31,2.67,55.11,38364.27,1070833.71,0.28,13.65,1392187.32,45125.29,0.0,0.0,2.1,0.0,382
50.66,2078.82,3.16,48.48,24481.66,18482.03,73.67,8672.5,24938.64,2.46,55.48,34070.83,1267301.37,4.16,34.83,1258318.82,18698.5,1423.11,0.0,2.1,0.0,383
59.47,2063.6,3.35,49.7,24871.52,19311.94,73.96,8805.5,24987.32,2.39,54.92,0.0,25685.57,3.31,0.0,1040335.54,24968.68,1700.22,200.1,2.1,0.0,382
57.73,2026.98,3.96,47.33,31339.15,17121.19,74.17,8792.23,25120.84,2.0,54.85,14594.6,1123918.33,2.71,0.0,2281560.2,54158.97,2196.25,0.0,2.1,0.0,379
59.09,2035.45,3.51,48.59,29510.13,16344.14,74.21,8662.02,25258.46,1.83,54.67,0.0,2136767.28,1.46,0.0,1827044.85,80629.54,2260.49,0.0,2.1,0.0,380
63.14,2010.16,4.64,47.47,24245.74,17185.4,76.12,8717.04,25019.1,1.87,55.22,8197.67,1409010.92,1.08,9.07,1934166.34,126782.87,2623.28,102.33,2.1,0.0,379
65.33,1998.63,5.41,49.02,28187.02,17189.97,75.48,8632.84,24663.47,2.13,54.63,32587.09,1688422.75,1.19,0.0,1708557.59,48775.59,2704.03,73.68,2.2,0.0,380
64.8,1968.49,4.79,48.61,27170.1,15918.18,75.12,8587.03,25089.15,2.13,54.51,23788.36,2387584.27,5.16,53.42,1567168.84,68651.95,1829.29,0.0,2.1,0.0,380
63.63,1946.28,6.02,45.51,26563.72,15579.71,73.44,8619.73,24925.88,2.36,55.11,28882.5,2664707.43,8.03,61.56,842427.18,4140.16,1802.89,0.0,2.2,0.0,380
56.91,1940.63,4.64,44.56,27065.37,14501.4,75.69,8742.72,25052.16,2.39,55.12,13347.09,3890681.73,6.54,40.46,299367.59,19785.98,2307.38,386.16,2.1,0.0,383
64.67,1941.06,6.38,43.08,23454.89,12948.47,75.84,8633.41,24981.12,2.75,54.93,13932.81,2556840.49,8.64,66.0,565634.95,25399.57,1764.44,0.0,2.1,0.0,387
60.96,1952.37,7.73,44.67,21514.54,12782.82,75.24,8388.18,25180.66,2.76,54.92,18479.39,2257576.16,6.76,40.2,1576904.2,5546.45,1090.81,13.29,2.2,0.0,388
58.42,1961.31,8.62,42.9,18467.04,14518.17,75.22,8414.41,25190.07,2.52,55.21,37411.95,2113866.24,6.99,67.53,1028144.69,32612.33,1864.89,254.92,2.2,0.1,388
63.05,1951.36,9.58,42.67,22103.82,13599.38,76.62,8345.47,24814.72,2.57,55.32,31211.59,1361120.08,8.68,93.18,0.0,733.16,1564.4,86.14,2.2,0.2,386
67.72,1915.33,9.56,42.43,25981.35,11000.89,75.3,8433.62,24596.38,2.51,55.76,30265.45,1749552.37,5.39,48.47,22460.55,0.0,1037.53,188.17,2.2,0.2,387
60.24,1898.57,5.96,42.47,30601.42,13925.29,75.34,8697.75,24624.41,2.56,55.48,0.0,2272604.37,4.44,80.28,0.0,90955.91,816.15,0.0,2.2,0.2,386
56.69,1861.64,4.77,44.07,26275.72,11340.91,74.39,8614.22,24407.38,2.51,55.2,26707.86,2278066.01,9.63,62.05,0.0,123839.03,950.09,0.0,2.2,0.2,382
53.11,1882.75,6.82,45.02,24210.54,10738.36,75.05,8050.64,24212.72,2.91,55.25,2831.28,1267576.05,10.4,58.3,0.0,122908.24,949.95,67.09,2.1,0.1,384
55.07,1905.76,5.8,45.9,23442.01,13402.28,74.39,7972.17,24185.51,3.1,55.2,3511.19,894654.53,9.55,51.32,0.0,113315.91,942.88,846.51,2.1,0.0,384
50.32,1886.98,3.78,44.98,20853.08,11581.73,74.22,7517.62,24297.92,2.89,55.06,18554.37,1035389.42,6.47,58.75,1085426.42,64509.2,1240.45,403.06,2.1,0.0,382
55.14,1918.29,3.09,45.17,18856.38,9545.18,74.42,7554.69,24090.55,3.21,54.81,19675.57,1579652.22,4.83,34.73,1191948.18,75393.4,1555.19,979.23,2.1,0.0,379
57.23,1930.73,3.18,44.53,19004.91,10704.69,73.68,7596.58,24117.09,2.73,54.56,0.0,2335086.73,1.93,31.67,409545.0,40687.04,655.93,1085.44,2.0,0.0,380
55.95,1961.23,7.71,45.17,15191.67,13669.94,73.96,8141.75,24029.51,3.06,54.63,70088.01,1867992.12,9.55,41.74,975688.8,99549.52,220.45,1271.14,2.0,0.0,380
57.54,1976.36,6.57,45.34,5751.08,15402.07,75.39,8200.47,23723.29,3.2,54.48,64488.94,2050869.22,9.56,66.69,999937.96,95104.65,617.83,1096.69,2.0,0.0,378
56.19,1938.97,5.63,44.78,4619.46,17048.77,76.07,8487.09,23761.82,3.01,54.77,58309.96,1869328.03,1.44,79.61,1332072.29,84948.22,995.4,1163.38,2.0,0.0,376
61.42,1969.21,4.48,45.54,10104.7,15625.21,75.95,8634.71,24032.22,3.58,54.83,43412.39,1978029.15,0.75,56.28,603518.89,0.0,1275.55,504.77,2.0,0.0,376
68.7,1929.43,7.65,47.01,17986.13,17773.83,76.06,8220.42,24172.48,3.06,54.72,34956.0,1187049.41,3.13,45.94,855094.46,3966.67,1207.25,184.84,1.9,0.0,375
71.77,1899.11,10.47,47.09,20397.99,16471.74,76.35,8184.13,24246.54,3.23,54.94,62481.55,1383521.81,0.16,0.0,939604.32,15718.07,2055.28,159.13,1.9,0.0,377
72.1,1888.04,8.37,46.53,10994.69,16156.23,75.57,8264.22,24190.32,2.88,55.29,55394.88,1745413.56,0.63,15.44,0.0,63261.97,2248.87,168.27,1.9,0.1,377
62.36,1890.88,8.12,46.32,20828.01,14433.6,74.76,8041.46,24288.72,2.45,55.44,22626.36,1072051.12,5.2,48.22,152881.93,11301.06,2985.21,119.35,1.9,0.1,374
57.98,1900.81,7.88,44.75,24125.73,14539.68,76.05,8285.82,24225.29,2.44,55.64,26814.9,141096.06,9.95,19.24,1822040.12,29176.63,2277.02,0.0,2.0,0.0,376
64.89,1881.07,8.5,43.96,31047.88,14680.54,75.81,8537.16,24359.87,2.26,56.02,0.0,337272.23,6.29,0.0,884059.0,27345.92,2171.04,377.21,2.1,0.0,376
67.06,1878.07,5.85,45.19,37905.62,13397.51,77.18,8619.25,24433.94,2.19,56.13,0.0,134957.55,3.43,0.0,1389476.9,39717.39,2310.01,270.77,2.1,0.0,376
61.98,1839.48,7.35,46.36,51920.97,13076.86,76.26,8207.66,24607.74,2.46,56.37,0.0,596292.26,1.54,37.94,1605936.89,0.0,1956.96,0.0,2.0,0.0,376
59.21,1863.24,7.2,46.18,50585.62,11358.01,76.06,8518.59,24518.26,2.63,56.27,22823.48,731049.84,3.55,48.79,1868898.66,20076.37,1216.05,0.0,2.0,0.1,377
59.22,1827.29,7.18,46.15,34105.3,12331.81,74.53,8327.77,24686.68,2.68,55.96,5444.96,422776.43,3.44,14.34,2397114.71,0.0,223.65,355.57,2.0,0.1,379
54.98,1852.16,7.79,47.82,31136.19,11968.21,74.99,8362.37,24591.41,3.1,55.38,0.0,0.0,6.1,28.93,1218567.72,0.0,235.67,0.0,2.0,0.0,381
49.61,1875.46,9.17,48.51,33810.88,12262.24,73.74,8255.31,24491.69,2.96,54.92,11554.72,0.0,9.26,31.94,1749652.63,38502.39,1305.97,97.11,2.0,0.0,384
44.33,1866.36,8.92,47.87,38435.29,10525.09,73.81,8217.42,24228.62,3.16,54.9,6402.18,0.0,6.91,4.6,2125739.56,73877.48,2015.41,260.19,2.0,0.0,385
46.13,1877.17,8.02,48.77,35221.09,13292.34,74.07,8147.1,24065.47,3.05,55.05,0.0,561910.69,4.75,4.29,1042722.95,87058.91,1638.09,764.42,2.0,0.0,387
48.5,1917.5,6.45,48.76,37260.36,11075.05,75.33,7920.35,23818.55,2.24,55.17,0.0,219688.46,6.25,12.13,554614.89,21551.66,1397.7,961.93,2.0,0.1,385
43.4,1933.39,6.56,48.24,32616.5,7438.33,74.42,8089.5,23942.22,2.57,55.23,19498.14,697315.48,5.38,14.59,0.0,0.0,938.73,821.91,2.0,0.1,383
49.06,1913.41,5.56,47.07,29946.4,10403.03,74.19,8052.32,23831.19,2.52,55.26,11018.35,554623.35,7.25,22.97,0.0,1260.49,586.39,904.05,2.0,0.1,381
48.52,1893.72,5.47,45.14,31851.58,10972.72,74.37,8250.36,23940.5,2.21,55.07,7365.76,326716.26,5.63,64.56,140581.42,19011.86,0.0,1045.71,2.2,0.2,380
58.28,1905.74,5.86,44.88,30332.18,7991.84,75.02,8190.04,23946.41,2.35,54.95,13321.95,1051123.76,5.86,54.53,114063.64,27619.2,0.0,994.26,2.2,0.2,379
55.97,1932.41,4.28,44.07,22334.35,9064.58,75.63,8481.91,24317.38,2.22,55.02,839.18,1933455.43,8.42,54.22,0.0,0.0,0.0,292.57,2.1,0.3,377
50.81,1913.65,7.97,44.19,28815.83,10199.88,73.91,8772.38,24390.9,2.26,55.48,0.0,1608866.03,6.25,77.18,605957.99,14242.84,0.0,169.47,2.0,0.3,374
57.39,1955.87,6.32,43.91,25612.07,11567.61,75.12,8946.16,24277.66,2.66,55.72,0.0,1413889.04,9.38,96.24,1389081.65,108648.08,335.03,287.07,2.1,0.4,374
55.56,1931.01,6.64,45.1,21681.71,13842.05,74.68,8731.36,24510.71,2.5,55.24,19699.36,1174857.61,11.14,106.68,115471.28,143587.91,1300.71,613.14,2.1,0.3,374
55.72,1960.94,7.66,44.66,20432.68,11628.58,75.18,8579.34,24407.29,2.99,55.36,25361.41,1548464.16,13.22,52.89,0.0,118070.32,672.56,475.48,2.0,0.3,374
55.81,1963.5,8.06,42.09,24422.39,11667.34,75.41,8283.73,24469.97,3.29,55.36,2777.78,964349.82,12.76,63.09,307685.34,103323.49,733.36,422.45,2.0,0.3,376
60.38,1993.74,8.03,43.22,20628.07,12012.42,75.55,7947.48,24526.57,2.94,55.08,0.0,853429.15,7.35,79.11,452380.04,160805.26,833.94,580.4,2.0,0.2,378
54.42,2006.94,9.94,44.57,25202.05,12854.25,75.1,7971.03,24365.06,2.56,55.08,29292.92,4637.8,9.94,101.95,718597.33,155437.85,674.58,545.78,2.0,0.2,379
61.65,2016.14,8.96,44.58,22536.13,12277.19,75.74,7911.1,24216.79,2.43,54.87,54700.14,141535.58,7.71,90.97,827662.9,109763.37,0.0,930.41,2.1,0.2,381
67.92,1994.97,6.89,45.42,16422.83,12713.42,75.33,8106.25,24119.26,2.78,54.7,65197.38,0.0,8.01,54.95,762906.75,144769.84,117.4,1207.71,2.1,0.1,381
67.9,1940.88,7.37,44.39,12647.82,13875.34,76.27,8175.73,23852.38,2.59,54.63,60694.88,8923.23,8.12,75.86,948460.93,159397.84,23.51,2118.19,2.1,0.1,385
65.7,1928.1,8.83,46.02,16290.2,16792.65,75.95,8385.62,24230.48,2.64,54.81,78727.07,0.0,4.76,102.14,1081409.42,121752.68,126.87,2001.89,2.0,0.1,385
70.3,1928.47,10.18,45.87,19313.05,16935.55,77.4,8106.42,24336.84,2.66,54.83,82386.09,715215.25,5.46,121.98,830624.58,106060.08,0.0,2373.91,2.0,0.1,386
71.94,1916.32,11.06,45.46,28475.8,15758.19,77.56,8139.27,24085.59,2.29,54.66,96283.35,0.0,5.52,113.57,0.0,66022.62,0.0,2073.67,2.1,0.1,385
65.34,1883.17,9.68,44.47,28775.72,15615.01,76.73,8062.39,23963.17,2.22,55.09,95591.54,370637.74,7.37,123.72,1004459.46,81414.82,162.78,1612.97,2.0,0.1,384
57.54,1840.92,11.95,43.53,25711.69,17431.34,75.45,8204.82,24389.22,2.85,54.96,81047.85,129383.15,6.22,141.94,16176.98,96622.36,99.45,1847.1,2.1,0.1,383
60.21,1886.03,7.59,44.77,35016.71,17438.39,76.07,8483.36,24414.14,3.04,54.97,67628.69,0.0,5.75,172.48,0.0,108439.79,305.62,2080.07,2.2,0.0,382
56.65,1885.72,6.71,45.24,30173.38,15917.12,75.22,8554.47,24375.2,2.92,54.75,15347.07,1030340.07,4.14,219.5,579194.16,161738.88,819.45,1857.71,2.1,0.0,384
56.86,1914.45,7.61,45.64,27994.2,17347.77,74.97,8530.2,24506.69,2.88,54.31,40565.26,1680305.77,0.0,163.46,1887562.01,150058.89,757.83,1481.9,2.0,0.0,386
55.88,1938.71,9.66,44.97,30097.21,18550.69,74.17,8528.0,24861.83,2.76,54.69,30875.13,2559369.67,0.0,144.18,714930.8,106847.27,347.81,1213.37,1.9,0.0,386
48.79,1926.53,12.46,45.38,21058.2,15772.66,74.41,8509.83,24645.38,3.33,55.43,19392.31,2750939.31,2.44,153.13,265302.05,164316.73,320.6,1205.16,1.9,0.0,386
44.19,1880.98,11.1,44.42,25450.53,16310.09,74.45,8785.35,24583.88,2.85,55.31,47437.82,1260468.42,1.83,148.45,2030618.62,187078.93,398.78,1229.72,1.8,0.0,387
45.84,1901.79,10.28,44.56,26914.29,14412.47,74.28,8445.22,24402.35,3.14,55.21,56128.13,1192556.66,0.55,103.96,1540201.9,169854.88,690.55,1123.35,1.9,0.0,388
41.92,1937.78,10.22,42.64,31395.47,16040.99,75.32,8256.29,24416.42,3.26,55.37,58607.41,809874.02,3.08,117.35,1283661.96,120724.15,280.0,1429.75,2.0,0.0,387
35.94,1940.24,7.87,43.22,37493.14,14303.18,75.4,8467.91,24436.99,3.04,55.32,75141.48,897866.82,2.61,132.89,1502102.54,64001.89,615.39,1557.57,1.9,0.0,384
37.74,1971.15,6.27,44.15,21858.29,14660.44,74.95,8879.74,24009.36,2.98,54.77,49503.51,0.0,8.29,107.44,1214260.15,57179.5,12.54,1699.97,1.9,0.0,381
44.39,1997.69,5.82,45.3,24727.48,12160.1,74.75,8686.13,24062.57,3.21,54.37,30506.61,0.0,5.0,73.84,1151709.04,71570.5,245.53,1543.29,1.9,0.1,381
49.56,2018.78,8.16,45.92,21463.64,13035.7,74.92,8794.79,23905.76,3.47,54.47,48151.22,237713.62,4.58,72.32,1492397.99,135016.67,0.0,1523.28,1.9,0.1,376
52.14,2008.02,6.6,45.88,21505.13,10544.55,74.94,8837.62,23840.78,3.42,54.58,68577.98,191904.07,6.01,57.03,2626894.16,103481.41,0.0,1301.71,1.9,0.0,378
39.28,1983.27,4.58,45.96,11858.92,12046.45,75.4,8407.77,23941.44,3.45,54.89,19713.03,0.0,9.07,31.03,1963969.93,114848.72,0.0,1060.57,2.0,0.0,378
36.35,1960.74,6.3,47.4,16152.27,13298.36,75.68,8244.75,24037.02,2.99,54.65,14581.88,0.0,4.37,11.74,2492220.7,157478.22,43.11,1126.44,2.0,0.0,377
37.24,1965.7,6.02,46.78,15551.55,14064.82,74.43,8416.86,23944.53,3.5,54.62,0.0,0.0,2.48,29.08,2165934.04,173375.27,329.96,1006.56,2.0,0.1,379
40.43,1977.33,4.35,49.37,20670.94,15165.21,74.43,7910.02,23933.55,3.4,54.46,0.0,0.0,4.15,60.41,2027680.83,131429.02,157.53,926.38,2.0,0.1,379
44.17,1987.94,3.96,46.89,17808.2,17585.57,73.11,8240.95,23615.89,3.09,54.44,47056.4,67693.39,2.97,31.0,2139112.59,97724.84,78.11,712.0,2.0,0.1,378
42.57,1965.98,4.41,47.65,20896.86,13703.54,73.93,7960.37,23559.41,3.08,54.51,63097.11,0.0,0.0,21.95,2530652.52,109833.56,169.77,1067.69,2.1,0.1,376
47.03,1961.1,4.01,46.56,21641.5,12876.9,74.16,7969.68,23708.58,3.17,54.5,34324.96,0.0,2.04,24.24,2111261.44,139471.68,0.0,964.52,2.0,0.1,372
50.91,1982.37,2.95,46.45,18548.49,13838.91,74.87,7802.28,23515.67,3.39,55.09,42311.6,392878.72,0.86,28.78,2098460.86,116339.76,739.1,915.31,2.0,0.1,373
55.93,1984.21,3.54,46.49,18661.08,11755.83,76.07,8096.86,23888.12,3.0,55.46,87882.62,1012477.64,5.08,48.44,1306593.41,121302.16,174.04,626.25,2.0,0.1,375
47.75,1977.87,4.55,47.13,24772.39,12607.32,75.55,8227.81,23878.36,3.19,55.5,73186.6,451518.41,7.27,59.05,2557439.79,126183.36,514.5,103.37,2.0,0.1,378
49.59,2002.49,7.56,46.0,30645.67,14014.33,76.96,8382.09,24059.95,3.34,55.67,100627.54,0.0,5.16,98.14,971326.36,108535.46,572.13,70.38,2.1,0.1,378
47.14,2004.89,8.81,46.05,30118.4,13031.19,76.9,8431.71,23934.96,3.52,56.02,86936.05,233195.11,1.48,105.84,1203518.49,84923.17,171.5,688.91,2.1,0.0,380
48.64,2001.06,9.61,43.1,21130.84,15473.95,76.45,8316.84,23699.45,3.45,55.95,111957.53,473569.41,0.47,103.92,1821803.82,108283.39,518.14,712.28,2.1,0.0,378
50.58,2009.37,10.46,44.05,28082.17,15164.34,76.78,8098.11,23768.46,2.85,55.81,127535.8,496658.86,2.31,98.89,1251581.23,89684.33,1093.84,873.35,2.1,0.0,379
48.21,1998.64,7.71,45.38,28130.57,15193.86,75.79,8064.76,23865.61,2.67,55.63,145031.23,0.0,2.45,67.54,2010724.37,74086.35,462.07,712.5,2.1,0.1,375
43.64,2028.57,5.3,45.39,26199.07,14120.49,75.47,8024.76,24145.12,3.02,55.65,117170.68,207010.63,4.21,86.6,2025609.93,121778.53,141.88,1008.72,2.1,0.1,377
45.95,2015.9,5.1,43.72,23506.07,13843.5,74.88,7880.56,24383.55,2.95,56.12,105574.13,851691.15,3.04,60.26,1968340.37,154034.59,135.26,1039.12,2.1,0.1,378
42.55,2008.57,6.02,44.29,25676.32,15130.53,74.99,7941.22,24517.54,2.95,55.89,102183.93,754843.99,1.85,58.77,1857200.53,95857.72,342.24,1511.99,2.0,0.1,384
40.39,2036.52,5.6,44.52,25911.05,15751.5,73.68,8029.1,24391.53,2.42,56.05,31458.62,1981913.39,3.2,18.72,2526546.8,59010.16,0.0,749.04,2.0,0.0,385
46.77,1993.71,5.93,42.64,28180.87,19023.41,72.41,7850.74,24522.66,2.68,55.65,65664.77,1247606.08,7.14,31.47,3051867.93,67691.24,390.25,902.5,2.1,0.0,383
47.04,1972.42,5.02,44.85,31888.85,19299.14,73.58,8043.06,24874.29,2.13,55.29,37472.05,287569.63,6.37,34.41,3957671.11,94084.69,135.7,964.03,2.0,0.0,383
43.87,1966.61,4.12,43.91,35304.94,20256.0,74.13,7984.1,24640.15,2.11,55.19,8993.22,928362.52,4.89,52.38,2526010.06,59716.46,607.52,1137.43,1.9,0.0,384
41.98,1976.37,2.16,43.12,37822.96,19482.01,74.26,7989.41,24693.87,2.35,55.37,11066.33,608229.48,2.7,21.07,1959501.2,33427.43,1382.21,671.47,2.0,0.0,383
44.96,1937.9,1.55,42.1,34963.99,17340.66,75.35,7907.89,24125.22,2.32,55.53,52458.32,431408.67,0.94,21.11,2011428.64,0.0,1111.32,593.95,2.0,0.0,381
47.23,1941.39,2.05,41.41,37743.64,15459.29,76.51,7713.04,24303.66,1.87,54.85,30089.57,0.0,2.73,20.96,2698692.88,0.0,1126.54,458.23,2.0,0.0,379
49.36,1937.43,2.4,45.08,34780.21,15854.04,76.18,8039.82,24344.97,1.93,55.48,3044.87,0.0,4.74,0.47,2868400.24,0.0,1522.14,740.54,2.0,0.0,379
49.51,1965.56,3.28,45.7,36102.48,17031.04,75.78,8108.4,24335.82,1.93,55.67,28792.87,775050.9,2.02,12.94,3225785.38,57921.58,593.8,667.56,2.0,0.1,375
45.37,2003.82,2.94,44.24,43162.49,14431.42,76.4,7803.19,24018.1,2.09,55.35,31759.09,1791376.85,1.32,56.2,3028566.91,87638.67,0.0,809.66,2.0,0.1,380
44.15,1956.22,4.36,42.85,41834.96,16601.95,76.52,7820.4,23978.01,2.52,54.97,47521.59,2890047.12,2.56,45.26,2544997.44,61656.77,0.0,764.85,2.0,0.2,376
35.06,2001.07,4.58,43.35,42874.87,16034.15,77.79,7990.79,23923.61,2.45,54.94,20037.13,3521630.83,2.51,12.11,2502672.88,108051.73,593.58,446.48,1.9,0.2,373
38.95,1981.29,6.48,42.5,37133.2,16821.94,77.94,8318.47,24071.33,2.58,55.23,0.0,2517945.87,0.0,0.0,2751712.01,147153.58,843.96,539.91,1.9,0.2,378
47.12,1964.03,7.81,44.27,39639.57,17128.95,77.71,7998.23,23766.28,2.81,54.9,0.0,947765.37,0.0,13.15,2710810.53,159729.87,579.77,532.21,2.0,0.2,377
48.91,1912.52,7.44,43.76,46202.4,15233.05,77.33,7947.95,23720.33,2.89,54.81,48891.91,0.0,1.67,12.58,2346491.35,150851.77,1054.63,576.05,2.1,0.2,376
48.82,1951.36,6.56,42.82,47190.44,15697.85,76.31,7946.46,23760.61,2.86,55.01,30997.5,470712.3,0.02,56.88,3170583.57,101972.37,338.95,841.08,2.1,0.2,375
48.57,1944.92,6.79,41.85,44360.57,13576.4,75.64,7973.79,23940.05,2.99,55.21,0.0,1210113.3,0.0,37.3,2945415.31,78955.77,529.78,928.76,2.0,0.2,376
52.85,1936.28,5.88,41.26,37818.91,11623.3,74.93,8353.32,24131.24,3.29,54.92,0.0,1270332.75,4.89,22.86,2645137.35,15418.35,524.01,788.55,1.9,0.1,375
46.02,1922.1,6.48,41.19,42765.4,11524.32,75.13,8444.96,24471.38,3.01,55.05,0.0,2164426.52,1.42,32.82,3340684.94,0.0,804.52,392.22,2.0,0.0,373
42.1,1900.44,7.02,43.77,47003.81,12383.11,75.05,8290.26,24519.69,2.91,55.09,0.0,1171135.29,1.28,31.55,2525992.58,0.0,1024.48,517.7,2.1,0.1,372
42.61,1874.78,4.27,46.4,52266.57,11748.13,75.96,8579.79,24073.68,3.1,54.95,10202.47,2852291.33,5.27,27.11,3149537.04,0.0,1183.83,647.53,2.1,0.1,374
47.37,1827.73,3.99,45.26,52562.9,14381.17,75.27,8303.23,24123.93,2.74,54.9,42.69,2824318.78,5.32,30.75,3819904.29,13925.69,855.4,495.15,2.0,0.0,372
52.56,1830.0,4.62,44.95,49285.11,16265.19,75.31,8103.14,24023.09,2.96,55.04,24443.94,2309682.99,0.85,42.66,3486948.07,26093.59,90.95,255.43,2.0,0.0,374
52.12,1876.33,6.75,45.39,50074.26,15187.37,74.62,8340.25,23871.92,3.1,55.49,38101.57,1966725.56,0.0,44.01,3697235.56,20097.28,651.09,372.71,2.0,0.0,372
50.16,1878.83,7.32,45.37,52848.96,15571.69,74.22,8157.32,23800.6,3.08,55.32,4145.94,2327397.63,0.41,48.01,2681195.94,0.0,531.25,0.0,2.0,0.0,373
52.01,1886.44,5.43,47.01,41853.03,11919.21,74.96,7866.02,24131.1,3.13,55.34,0.0,1535378.11,0.0,21.95,3141869.59,0.0,765.99,360.05,2.0,0.0,372
51.11,1886.74,4.47,46.93,34132.38,13817.62,74.05,7658.94,24094.89,2.96,55.39,2346.49,381282.72,2.61,15.13,2903209.0,82869.15,1358.26,412.3,1.9,0.0,376
49.4,1894.64,3.04,47.18,39595.72,16370.51,73.77,7885.79,24097.23,3.16,55.33,0.0,1167720.1,2.48,7.45,2658811.21,48460.05,1423.08,326.79,1.9,0.1,375
51.06,1907.29,1.99,46.54,31557.96,19398.5,73.68,7904.22,24529.14,2.87,55.62,15718.71,0.0,1.14,21.07,2358314.25,46858.56,963.44,89.12,1.9,0.2,374
49.03,1917.31,0.5,46.83,25004.35,16988.3,72.92,7612.71,24753.64,2.98,55.77,35367.74,0.0,0.9,47.41,3148394.59,0.0,2147.12,0.0,1.9,0.2,376
57.4,1951.72,1.79,47.74,27774.74,15590.46,73.55,7724.85,24499.6,3.27,55.64,661.64,0.0,2.18,70.71,3065426.99,21649.86,1476.59,68.68,1.9,0.2,377
53.68,1974.11,0.95,45.97,24355.61,16865.75,73.97,7430.18,24587.13,3.17,55.43,0.0,0.0,2.31,31.26,2452435.1,10263.9,1702.22,110.1,2.0,0.1,377
55.43,2006.06,0.06,44.96,28037.79,19100.56,74.29,7321.59,24305.9,3.14,55.46,0.0,0.0,4.88,21.22,2503417.85,0.0,2111.12,0.0,2.1,0.1,375
55.75,2044.13,0.03,46.82,30557.29,20571.5,74.46,7437.04,24683.74,3.26,55.33,11276.89,0.0,4.44,52.19,2097454.32,0.0,1367.17,62.53,2.0,0.0,374
59.86,2029.11,0.91,45.55,27760.78,18733.63,74.25,7211.85,24847.4,3.17,55.33,33780.32,554359.55,2.26,63.39,2245525.94,15575.81,1755.82,347.52,2.0,0.1,375
58.73,2041.67,1.33,46.05,25492.94,14538.98,74.77,7043.56,24609.59,3.32,55.5,59781.0,0.0,2.71,50.86,2628407.15,70214.28,892.98,339.48,2.0,0.1,380
55.88,2022.87,0.47,46.11,11015.77,14184.37,75.75,6932.52,24213.77,3.52,55.76,15218.29,1091029.94,3.45,73.63,1792751.79,117110.04,683.6,227.93,2.0,0.1,377
55.66,2006.4,0.15,47.35,26333.0,12821.97,75.73,7048.5,24700.51,3.53,55.89,44176.08,1057444.02,2.45,105.0,2106357.82,73666.75,275.96,108.31,2.1,0.2,382
52.0,2004.49,0.38,46.85,31886.29,13043.96,76.59,7122.25,24788.27,3.29,55.27,10757.15,1025283.75,7.15,81.07,1755169.0,84389.27,0.0,0.0,2.1,0.1,378
49.13,2015.36,2.0,48.08,38269.18,11882.55,75.7,7145.96,24674.6,3.03,55.18,0.0,1393868.23,3.59,46.97,1906347.91,101803.0,0.0,316.55,2.1,0.2,380
56.43,2010.04,4.4,49.22,36556.55,11229.83,75.13,7401.35,24367.77,2.86,55.47,17675.91,0.0,0.0,98.71,2464919.47,70037.87,0.0,0.0,2.1,0.3,384
49.07,1996.09,3.37,48.79,29033.33,10900.57,74.36,7641.29,24240.73,2.74,55.54,58399.18,1320705.67,1.21,85.21,3028858.09,105475.81,503.45,0.0,2.1,0.3,382
46.55,2007.36,0.26,48.14,26089.82,10287.04,74.03,7423.18,24463.0,2.18,55.5,27427.44,2364036.4,1.09,21.7,3006328.89,54976.92,983.29,236.3,2.2,0.3,384
47.36,1986.07,2.46,46.38,26746.83,10063.25,74.78,7350.04,24344.02,2.27,55.82,9399.39,1821068.76,0.0,0.0,2899878.78,52177.0,919.51,795.97,2.1,0.4,386
46.52,1993.82,1.96,46.57,38466.43,9750.2,74.56,7327.89,24203.42,2.22,55.41,1158.25,1632452.28,0.0,0.0,2439361.61,46966.44,1796.42,724.16,2.1,0.3,388
43.26,2003.4,3.61,47.15,48501.13,9581.96,75.68,7712.03,24219.94,2.78,55.31,1684.39,1436320.78,0.0,23.05,2543465.2,40489.32,2473.81,514.92,2.0,0.4,389
46.97,1989.3,4.33,45.51,44832.36,8934.3,75.72,7989.62,24002.82,2.96,55.31,19555.89,1127652.07,1.86,5.37,1139777.59,0.0,1909.12,0.0,2.1,0.3,390
50.79,1986.42,9.28,48.67,49969.5,8381.44,76.68,7662.55,24333.32,2.25,55.18,48581.87,1241505.99,0.0,12.49,1295465.69,11608.67,1477.21,312.11,2.1,0.2,392
50.14,1970.91,10.53,49.61,44064.02,8132.65,77.76,7731.35,24320.63,2.25,55.5,97882.29,1149270.62,6.37,0.01,991803.44,38183.73,903.82,515.16,2.1,0.1,387
48.9,1981.62,7.9,49.16,43136.49,8865.62,76.55,7862.08,24279.15,2.57,55.09,86313.77,266270.03,4.8,0.0,319837.3,36621.46,542.98,945.33,2.1,0.1,388
49.72,2014.09,7.11,50.9,36611.61,7969.63,75.15,7665.33,23930.57,2.65,55.3,74377.93,0.0,2.85,25.09,123952.45,6946.77,0.0,707.54,2.0,0.1,388
48.71,2012.2,7.48,48.73,45504.68,7820.26,75.47,7515.98,24000.8,2.7,55.69,57206.34,831224.63,3.2,72.27,0.0,27409.69,0.0,621.88,2.1,0.2,389
47.82,2020.08,10.58,48.31,48341.28,8186.49,76.18,7819.31,23908.65,2.9,55.8,68226.92,733893.12,5.96,41.09,81480.53,31575.27,649.24,258.96,2.1,0.1,388
49.88,1978.74,11.5,48.33,41462.47,8637.13,77.12,7973.86,23755.65,2.66,55.85,77722.23,893418.43,4.31,59.21,0.0,648.53,1410.14,415.24,2.0,0.1,387
48.57,1983.43,9.32,48.83,39967.48,7015.86,76.56,7887.82,23198.8,2.63,55.99,63336.22,1236054.15,3.69,42.23,0.0,0.0,1724.2,625.35,2.0,0.0,387
45.16,1985.06,6.62,48.41,38057.78,4373.08,77.54,7875.83,23300.96,2.78,55.83,63534.79,416465.09,2.77,0.0,0.0,55858.43,766.88,458.55,1.9,0.0,387
47.59,1966.8,3.52,46.6,43519.75,7324.0,77.02,7968.47,23225.9,3.11,55.52,65634.11,0.0,1.89,35.5,0.0,78517.11,167.24,140.75,1.9,0.1,386
50.62,1997.26,2.74,44.76,39932.58,10455.12,76.01,8226.88,23323.31,3.51,56.03,83068.91,0.0,0.0,35.31,666506.71,88916.67,0.0,0.0,2.0,0.2,384
54.05,2061.58,2.87,44.66,41556.19,10655.27,76.85,8147.53,23454.89,3.01,55.81,44181.88,259534.64,0.0,58.65,73408.98,143534.32,749.62,210.09,1.9,0.1,382
50.37,2089.23,3.03,44.05,36260.23,10434.29,76.93,7822.36,23593.95,3.07,55.24,330.24,244022.21,3.8,84.18,0.0,176586.09,535.76,112.78,1.9,0.1,381
48.79,2038.32,3.85,45.26,40654.99,8927.26,76.28,8151.26,23740.4,3.03,55.2,14654.34,430886.97,1.72,97.66,0.0,201570.33,63.83,309.86,1.9,0.1,384
52.15,2026.37,6.44,46.34,35200.31,6233.83,76.11,8459.9,23944.62,3.39,55.01,9480.68,362547.91,2.11,106.21,1139875.06,241379.38,952.8,516.09,1.9,0.1,385
52.51,1993.69,5.64,47.14,33417.62,7554.75,75.81,8242.73,23953.45,3.17,54.83,0.0,299865.56,3.43,122.51,134649.1,266786.91,1016.87,117.75,1.9,0.0,381
59.36,1971.57,6.32,46.75,33251.75,9220.94,73.98,8523.97,23976.25,2.96,54.98,0.0,431760.24,2.48,125.89,50022.17,194323.18,1106.26,52.69,1.8,0.0,380
59.5,1948.66,4.54,47.82,37324.42,10045.2,74.41,8655.95,24014.28,2.61,55.06,26509.73,774709.69,2.27,125.03,0.0,206730.42,1678.07,0.0,1.9,0.1,381
62.25,1934.67,3.97,47.23,34426.94,8683.07,74.3,8773.61,23775.13,2.67,55.09,14708.96,1008258.98,3.0,100.33,767113.91,200024.35,2278.04,17.81,1.9,0.1,384
59.91,1937.51,6.83,45.48,35840.45,9501.28,74.14,8496.5,23705.58,2.57,55.21,35067.25,0.0,0.0,102.86,1139575.44,122103.98,2436.0,49.69,2.0,0.0,381
57.27,1935.27,6.17,45.04,43863.08,7607.6,73.54,8373.64,23791.41,2.77,55.4,58273.95,340718.63,0.0,48.44,1792109.12,146715.93,2450.31,0.0,2.0,0.0,379
57.36,1997.11,5.37,46.5,37519.46,6255.79,74.48,8311.3,24127.18,3.15,55.27,85018.82,0.0,0.0,72.17,588819.81,128955.44,2771.41,459.56,2.0,0.1,377
53.62,1998.96,5.88,45.19,46155.02,4568.17,74.53,8345.7,23776.61,3.43,55.04,74971.3,248725.9,0.0,37.5,1595141.99,111565.94,1057.36,333.23,2.0,0.1,374
53.07,1972.53,6.09,45.76,46029.74,8319.5,76.27,8094.79,23766.24,3.52,55.0,0.0,147984.84,3.26,0.0,1574822.27,31084.32,1396.28,399.41,2.0,0.1,372
56.89,1950.95,6.66,44.66,55104.82,11754.19,77.65,8581.96,23704.22,3.16,55.53,0.0,677433.58,1.14,0.0,1955081.63,0.0,1640.63,546.02,2.0,0.1,374
56.95,1971.83,5.35,47.7,50545.3,12002.31,78.73,8149.07,24192.77,3.12,55.31,0.0,0.0,0.08,10.68,2142980.06,13793.21,1197.17,930.94,2.1,0.2,374
58.1,1986.32,7.52,46.98,42793.07,14211.64,78.43,7932.9,24349.14,3.54,55.08,0.0,70051.6,1.86,10.74,2636611.74,25328.03,1586.42,600.11,2.0,0.2,372
58.69,1930.61,6.58,46.42,35786.47,13813.54,77.85,8250.22,24114.09,3.51,55.22,0.0,0.0,0.0,61.25,2363623.65,14573.19,2476.06,620.1,2.1,0.1,373
51.84,1933.15,6.22,45.76,35449.46,13312.47,77.27,8093.24,24437.61,3.09,55.24,0.0,0.0,0.0,52.27,2198625.39,0.0,1955.98,249.57,2.0,0.1,371
51.99,1983.25,7.72,46.17,34804.9,14697.54,77.16,8418.84,24380.4,3.3,55.12,49985.13,0.0,0.0,49.99,2442683.89,62409.23,1220.57,0.0,2.0,0.1,370
50.44,1973.61,8.48,45.59,32116.56,14891.85,75.68,8796.35,24556.78,3.02,54.81,15202.55,403851.93,0.0,39.68,1048523.23,76661.2,1388.36,0.0,2.0,0.1,372
53.72,1942.16,8.52,45.77,38191.51,14923.87,75.44,8599.31,24824.09,2.35,54.97,12497.39,285199.35,0.0,35.88,1278510.35,41099.79,1307.59,151.04,1.9,0.1,374
49.98,1914.89,6.94,45.85,36830.97,17105.97,75.02,8361.88,24875.54,2.15,54.77,0.0,0.0,1.5,58.11,1759787.12,106504.06,1929.67,60.75,2.0,0.1,374
46.97,1915.96,7.14,47.5,39782.18,15538.93,74.13,8467.21,24970.96,2.55,54.73,12478.38,565203.31,0.0,60.07,2160823.75,113040.27,1659.13,924.19,2.1,0.1,375
50.44,1922.4,8.59,45.8,37341.83,16508.81,74.99,8124.9,24660.9,2.13,54.54,0.0,855726.16,0.61,50.69,1928843.29,142993.82,945.03,208.14,2.1,0.1,374
52.77,1877.56,6.94,43.13,37819.18,18737.26,74.47,7979.19,24974.4,2.38,55.24,4347.49,915290.06,4.33,42.86,1875878.56,39462.19,1737.63,340.77,2.1,0.1,373
50.2,1905.85,6.75,43.95,38174.94,19140.94,73.44,8291.44,24762.89,2.45,55.04,0.0,967392.5,5.62,63.05,1951734.94,16589.09,1722.49,405.42,2.1,0.1,372
41.91,1946.67,6.36,44.62,32775.28,20482.35,73.89,8249.71,24745.29,2.03,55.13,39273.82,1063358.85,5.28,49.06,2440354.5,62322.15,1306.15,498.17,2.1,0.1,372
47.96,1964.91,7.84,43.51,27220.55,22882.35,74.9,8080.32,24853.04,2.0,54.67,0.0,942694.36,8.6,84.18,2971383.74,86888.78,1329.51,830.36,2.0,0.1,371
44.61,1983.85,8.72,43.13,31192.37,22557.42,74.6,8140.51,25200.17,2.03,54.65,4063.14,743610.47,9.4,112.7,2439902.61,47590.31,2183.86,783.09,1.9,0.2,375
52.15,2019.4,11.8,42.33,27207.27,20613.65,74.19,8185.15,24953.53,1.82,54.47,0.0,1370249.58,6.48,120.08,1287202.94,0.0,1848.74,509.83,1.9,0.1,375
47.86,1988.22,8.98,40.47,16602.14,23628.78,74.19,8518.43,24809.69,1.92,54.63,16970.99,469196.99,4.52,113.44,0.0,50587.85,2165.98,0.0,1.9,0.1,378
54.6,1968.55,11.61,41.15,17723.4,23189.97,74.5,8534.19,25145.47,2.1,54.43,0.0,1333870.98,5.65,60.19,0.0,48196.06,2210.96,0.0,1.8,0.0,382
56.08,1994.96,12.25,41.1,17916.25,21663.76,74.84,8723.45,25404.27,2.4,54.73,50857.87,1062855.57,7.94,69.52,476239.6,37615.41,1236.89,149.15,1.8,0.0,382
51.64,1968.06,10.56,40.29,17005.77,21759.94,75.95,9092.07,25145.93,2.76,54.86,37089.57,1196624.51,9.66,49.92,139881.88,21655.82,795.31,548.69,1.8,0.0,383
52.46,1957.41,12.06,40.37,18337.29,17668.81,75.5,8689.3,24817.58,2.24,54.65,29661.17,922736.76,7.12,37.7,0.0,21475.4,680.02,593.22,1.8,0.0,384
54.7,1958.29,12.67,41.2,19519.69,17127.88,75.49,8432.46,24336.76,2.38,54.92,0.0,1479796.71,1.73,21.33,1187912.56,35255.4,485.24,623.83,1.9,0.0,386
52.09,1978.56,10.73,43.66,21188.48,14676.5,75.73,8681.59,24573.24,2.45,55.14,0.0,1664255.25,2.43,0.0,432178.46,41684.9,555.02,559.99,1.9,0.1,386
42.25,2028.42,7.33,44.96,14779.6,16942.35,75.33,8700.14,24105.36,2.68,55.23,16371.84,2036059.5,2.54,0.0,0.0,23925.62,1138.69,247.45,1.8,0.0,387
42.28,2035.43,4.31,41.77,18666.88,18206.55,73.87,8745.77,24376.97,2.68,55.44,19043.32,1625011.89,4.33,52.49,0.0,21509.27,528.62,298.92,1.8,0.1,389
46.81,2053.04,3.51,41.27,22852.81,17725.0,75.55,8268.81,24487.59,2.85,55.17,0.0,1229853.23,0.0,85.46,1836738.46,10409.33,186.98,0.0,1.8,0.1,390
60.59,2021.39,2.56,40.61,26482.18,17828.04,75.48,8174.68,24737.47,3.03,55.33,9863.85,983836.64,0.0,89.51,1912367.99,33386.21,0.0,147.38,1.8,0.0,390
59.85,2075.54,3.63,41.0,26712.86,15519.61,76.32,8254.66,24733.45,2.7,55.49,0.0,556145.22,0.34,64.8,1183818.15,30892.1,568.0,450.15,1.9,0.0,388
63.12,2013.84,4.47,42.57,27000.8,14267.99,76.03,8096.64,24768.4,2.95,55.53,10308.9,980656.68,2.6,38.75,78173.93,40475.0,1007.68,0.0,1.9,0.1,387
67.55,2042.24,4.35,42.59,25923.03,14558.7,74.88,7835.73,24211.12,2.9,55.99,0.0,775153.2,1.65,32.62,961349.24,7010.57,0.0,0.0,1.9,0.0,387
60.13,2029.07,4.0,41.83,31337.41,14147.89,74.88,8023.75,24276.86,2.91,55.62,0.0,805554.72,0.0,51.62,807773.53,33402.12,0.0,0.0,2.0,0.0,388
52.9,2012.6,5.97,40.66,43009.01,14563.58,74.19,8134.16,24505.65,2.66,55.35,6673.95,1014386.89,0.0,57.73,1318477.93,38877.44,0.0,32.33,2.1,0.0,390
50.45,2012.98,6.95,42.99,47580.81,12828.0,75.15,8509.11,24345.28,2.43,55.29,10512.75,704341.59,0.0,90.3,634898.03,19262.6,114.44,0.0,2.0,0.0,391
51.28,1952.14,8.59,44.22,46174.73,13381.08,75.6,8962.74,24515.64,2.55,54.93,13381.21,1114415.56,0.0,66.96,975914.43,0.0,593.76,0.0,1.9,0.0,390
53.48,1966.18,6.35,44.52,41278.06,13022.44,74.66,8847.42,25134.95,3.06,54.67,13223.02,811002.73,0.38,83.92,820295.67,0.0,1146.44,0.0,1.9,0.0,387
56.15,1948.71,3.65,43.86,35605.89,11291.89,75.08,8434.19,24877.43,3.04,54.63,705.62,308020.97,0.0,58.62,1201282.61,0.0,1118.01,395.79,1.9,0.0,387
59.67,1936.42,1.75,43.6,35980.95,12752.11,74.59,7979.97,24513.48,3.09,55.21,133.81,1101082.14,0.0,36.84,0.0,17490.48,559.91,566.78,1.9,0.1,390
48.82,1956.88,1.27,44.57,28479.3,15334.74,75.4,7724.89,24434.86,3.07,55.37,0.0,1459476.19,0.0,50.53,0.0,18242.11,1114.46,971.44,1.9,0.1,392
48.7,1988.84,1.73,44.73,23323.24,13278.02,76.05,8168.99,24428.52,2.97,55.58,8997.98,0.0,2.62,12.33,67477.26,4057.32,684.26,879.74,2.0,0.1,393
55.35,2026.03,2.2,44.31,24408.55,15282.51,76.67,7636.61,24465.3,2.31,55.49,0.0,0.0,4.47,0.0,126278.16,0.0,678.24,1093.31,2.0,0.1,391
54.85,2008.25,3.72,45.19,24821.88,15528.23,76.94,7845.04,24367.51,2.67,55.64,55720.29,0.0,5.66,33.04,838103.33,0.0,0.0,1460.05,2.0,0.1,394
48.98,2023.93,2.93,44.37,26710.37,16485.7,77.34,8135.98,24200.11,2.38,55.46,56626.61,0.0,0.0,0.0,630655.52,34813.65,0.0,1514.18,1.9,0.1,393
51.19,1989.13,1.19,45.31,19668.03,15012.33,78.02,8191.19,24284.41,2.59,55.54,47684.12,0.0,7.08,0.0,827112.48,49597.02,0.0,1190.13,2.0,0.0,392
54.83,1980.47,1.68,46.36,20772.44,11695.56,78.69,7996.78,24323.76,2.26,55.33,29146.92,156462.6,3.71,54.28,794169.43,77893.05,55.05,1369.12,1.9,0.0,389
52.03,1992.41,3.02,46.13,22160.74,16015.88,78.33,7568.2,24474.08,2.47,55.58,40648.26,0.0,5.51,52.25,1432552.34,125736.24,44.94,1482.48,2.0,0.0,392
56.16,1973.48,3.72,46.95,33395.27,16812.46,78.0,7939.08,24393.34,2.25,55.68,24702.47,1680479.37,5.35,66.14,882951.25,156295.66,84.13,1259.36,2.0,0.0,390
57.61,1932.11,5.35,46.42,34391.25,12977.86,77.66,7768.23,24296.9,1.9,55.35,16801.2,1317481.22,6.89,12.02,792123.82,133618.83,0.0,817.82,2.1,0.1,385
52.76,1911.19,4.96,47.62,36682.37,13005.84,77.21,7775.59,24444.62,2.25,55.45,0.0,1179763.12,5.37,39.14,904390.45,137741.37,0.0,1034.18,2.1,0.0,382
55.61,1915.32,6.41,47.55,39473.21,12091.86,77.08,7921.26,24269.38,2.58,54.88,5582.9,278856.34,1.88,62.06,126401.21,80634.4,351.67,563.33,2.1,0.0,380
58.94,1872.31,6.89,45.86,35636.43,11770.95,77.72,7867.26,24249.02,2.48,54.64,0.0,474174.96,1.53,75.82,24671.38,65361.71,743.94,399.01,2.0,0.0,379
57.99,1870.31,5.33,43.72,36778.38,6859.54,78.27,8144.44,24056.63,2.93,55.24,0.0,701503.17,1.67,106.73,0.0,51748.06,1154.73,638.0,2.0,0.1,380
57.38,1903.47,5.25,44.02,31998.03,12684.2,77.34,8316.25,24486.95,2.54,55.36,722.17,1724476.01,0.0,75.05,42568.31,30681.17,809.8,1229.14,2.0,0.0,379
58.06,1922.19,4.48,42.45,31696.14,12876.73,76.42,8578.29,24571.59,2.6,55.21,46372.4,825573.26,0.0,55.8,306309.55,53960.0,74.93,865.14,2.0,0.0,379
57.68,1903.4,4.98,43.55,31893.54,15415.62,76.71,8522.74,24454.73,3.08,55.01,32359.83,508023.63,1.05,108.68,496383.54,38677.82,218.18,355.1,2.0,0.1,381
61.73,1939.93,4.07,45.9,22797.94,15846.53,74.76,8123.13,24620.27,2.84,55.33,0.0,430772.46,0.0,87.55,1506996.29,101105.07,503.19,0.0,1.9,0.1,379
62.8,1988.43,2.92,44.85,18107.51,15285.53,74.78,8149.02,24753.0,2.92,55.27,1189.76,469456.67,0.0,60.67,571336.81,95317.86,235.84,206.72,1.9,0.1,382
55.19,2032.12,0.32,46.5,21172.58,14382.32,73.58,8040.16,24642.17,2.94,55.61,3057.04,642736.61,0.93,46.76,435386.76,81506.93,575.36,0.0,1.9,0.1,380
55.0,2008.28,1.75,47.82,19972.0,15640.2,73.89,7993.07,24583.86,3.25,55.47,37191.32,526415.18,0.0,39.57,0.0,62248.33,369.27,619.27,2.0,0.1,383
52.72,1964.79,3.0,47.85,16945.59,14100.23,74.74,7679.18,24650.51,3.08,55.55,57755.82,0.0,0.0,74.71,37820.91,68906.7,831.91,258.39,2.0,0.1,386
58.43,1967.1,4.37,47.52,19901.12,12419.0,74.53,7388.94,24560.58,3.37,55.67,52161.05,0.0,0.0,43.58,641266.67,8107.56,0.0,547.48,2.0,0.1,386
65.58,1968.86,4.91,49.44,21347.14,15502.13,72.87,7275.59,24372.35,3.43,56.04,28887.3,638613.4,5.9,80.63,356762.53,42181.79,230.38,293.77,2.0,0.1,386
57.67,1922.44,4.59,49.17,17142.73,16226.33,73.16,7561.08,24552.37,3.67,56.04,16889.28,708093.54,11.16,97.31,425031.42,34786.41,0.0,0.0,2.1,0.1,383
56.12,1962.89,4.09,47.71,21148.61,17050.28,73.02,7540.4,24603.18,3.23,55.74,11297.81,1097049.35,8.36,100.7,1196973.61,15802.68,1682.1,492.39,2.1,0.1,382
62.18,1969.35,2.32,45.5,23306.22,16923.0,72.53,7330.04,24135.67,2.95,55.54,27935.88,906364.37,9.92,104.64,1427316.53,52671.6,791.15,286.29,2.2,0.0,381
62.43,1919.86,1.75,47.65,25436.29,15694.51,73.0,7348.9,24512.78,2.65,55.32,0.0,645276.6,7.98,123.09,625153.48,66327.86,775.64,0.0,2.1,0.0,385
62.94,1931.04,0.0,45.23,30092.33,16794.03,72.65,7492.21,24463.37,2.7,55.17,21588.18,1263765.5,4.26,77.66,87217.66,62419.31,897.85,290.83,2.1,0.0,385
67.92,1936.87,1.6,45.59,29450.14,16229.45,73.98,7589.18,24356.16,2.51,55.26,4972.76,1325178.89,4.1,58.65,0.0,20639.12,383.73,0.0,2.1,0.1,383
63.76,1926.29,3.32,46.02,29703.57,14095.69,73.31,7727.56,24386.4,2.53,55.39,0.0,1360467.97,4.14,28.93,0.0,46574.65,0.0,825.88,2.1,0.1,382
65.07,1921.86,3.12,47.5,27596.39,14414.18,72.9,7862.82,24487.4,3.0,55.09,0.0,1048446.78,1.9,27.76,415601.75,124700.55,0.0,35.08,2.1,0.1,380
63.89,1932.55,3.8,48.04,27790.6,15335.15,71.73,7720.42,24378.93,2.69,55.08,0.0,670292.54,3.95,29.32,0.0,88773.15,438.72,132.62,2.1,0.1,379
67.85,1978.0,1.61,47.67,25570.71,14841.03,71.51,7603.8,24548.6,2.38,55.09,0.0,1382946.19,3.44,47.55,202384.64,70724.65,466.83,633.14,2.0,0.0,378
60.3,2002.15,1.92,48.23,26653.76,14846.38,72.1,8014.91,24542.22,2.72,55.35,0.0,1183195.45,1.94,76.81,0.0,38624.17,317.24,210.51,2.0,0.1,380
57.13,2018.32,5.26,48.14,34663.03,16183.02,72.24,8094.06,24608.4,2.52,54.61,0.0,0.0,0.0,25.19,649194.5,0.0,603.09,462.78,2.0,0.0,383
57.91,2032.11,7.75,48.58,28181.52,17005.78,71.4,8106.5,24447.71,2.55,54.27,0.0,0.0,0.0,14.1,1573030.47,19416.86,771.59,310.28,1.9,0.0,387
57.77,2051.96,9.07,48.71,29834.71,15111.75,71.71,8054.29,24486.7,2.2,54.24,10753.51,0.0,0.0,0.0,1234512.37,0.0,339.7,607.04,1.9,0.0,382
55.01,2036.46,9.14,49.41,34989.59,14137.68,71.69,8383.49,24374.44,1.99,54.3,44793.53,0.0,0.0,0.0,1748289.18,14572.32,814.39,1054.83,1.8,0.0,381
54.66,2039.67,7.9,48.05,39381.11,15097.85,72.38,7913.64,24609.15,2.15,54.36,16606.07,0.0,0.0,0.0,1027919.4,0.0,721.29,568.11,1.9,0.0,384
57.53,2000.99,7.38,46.72,41183.76,17895.36,73.64,7821.49,24578.54,2.63,54.6,40832.73,442520.28,0.21,1.8,159012.01,0.0,218.58,409.7,1.9,0.0,384
59.26,1985.24,8.08,47.75,41881.53,16568.31,74.53,7989.78,24658.77,3.05,54.84,76284.84,339123.44,0.0,34.48,0.0,71675.59,900.75,415.25,2.0,0.0,381
54.61,1990.33,7.88,48.82,41897.27,14295.84,74.1,8187.7,24212.52,2.62,54.77,89363.07,210310.9,1.22,33.01,0.0,41901.51,1247.95,0.0,2.0,0.1,380
47.61,1931.38,8.4,49.1,38611.09,12360.59,74.06,8447.6,23949.8,2.91,54.36,46123.53,296314.47,3.54,69.26,722019.51,95299.2,1211.92,0.0,2.1,0.2,382
50.61,1973.68,8.4,48.51,41279.34,13479.04,74.83,8392.47,24185.53,3.11,54.51,19554.79,1047806.6,0.0,37.95,798435.71,0.0,1866.45,43.71,2.2,0.3,382
56.21,1945.06,8.53,47.52,43399.11,15069.75,74.67,8488.22,24393.38,3.09,55.25,13121.54,1935560.2,3.02,0.0,1727620.81,42617.82,1703.45,193.98,2.2,0.3,381
61.94,1920.1,5.66,47.84,48072.9,14743.28,72.86,8140.64,24462.91,3.03,55.55,13186.16,1253172.15,3.39,29.55,2424975.43,36567.15,1541.38,452.78,2.1,0.3,381
59.96,1927.5,5.78,49.55,43223.48,14089.79,74.26,8253.06,24591.82,2.71,55.53,32664.91,712848.98,4.54,23.46,1715359.79,71532.38,1942.56,465.0,2.1,0.3,380
60.02,1923.55,4.33,48.49,35752.52,14866.64,73.7,7960.54,24696.16,2.89,55.37,46398.98,174587.31,2.89,33.93,2207500.41,51460.68,1410.67,748.05,2.1,0.3,383
66.67,1940.01,3.68,48.56,30959.41,16817.49,73.28,7965.57,24451.84,2.91,55.37,59111.86,272164.68,2.58,17.74,1764720.46,0.0,1960.24,644.75,2.2,0.2,379
62.43,1944.29,4.01,48.82,31959.07,15980.09,72.75,7924.92,24548.06,3.1,55.14,76880.58,624592.02,0.0,24.96,1816324.11,0.0,1041.69,738.38,2.1,0.2,383
62.63,1973.06,2.82,46.85,31199.07,13767.66,73.26,7810.87,24542.59,3.0,55.28,74056.05,340723.52,0.0,28.94,482424.8,48760.06,1211.24,935.8,2.0,0.2,381
61.47,1946.15,3.08,45.13,30458.04,11321.6,74.84,7912.85,24499.01,3.13,54.9,42495.42,660078.56,0.43,9.77,907886.83,56549.15,1343.58,958.92,2.0,0.2,377
57.75,1943.12,4.27,45.72,26805.51,10617.64,75.83,7903.81,24484.85,3.27,54.89,32238.6,424009.01,0.0,15.53,0.0,39485.68,1473.54,989.41,2.1,0.2,379
56.82,1934.98,5.11,46.02,25629.67,9872.48,75.6,8201.63,24471.96,3.19,55.02,40192.45,561684.27,0.0,3.78,730564.44,22632.56,2103.61,929.32,2.1,0.2,378
58.28,1943.12,5.7,45.17,23003.18,7713.39,75.09,8103.8,24297.15,3.09,55.03,47438.42,868720.01,1.72,24.49,875681.52,25510.52,2315.33,1050.36,2.0,0.2,375
49.63,1933.6,5.47,44.74,15240.92,9999.1,74.45,8231.16,24146.03,2.9,55.14,31238.5,892677.86,2.2,0.0,1131100.78,0.0,1468.16,699.77,2.0,0.1,377
51.2,1940.86,5.78,44.52,21193.96,10042.91,73.18,8220.03,24329.59,3.0,55.6,19996.06,714409.15,1.26,0.0,727936.59,0.0,152.58,448.52,2.0,0.1,377
48.81,1972.23,3.9,44.46,27657.87,9634.73,72.18,8586.49,24485.19,3.17,55.49,33982.29,0.0,0.0,27.81,0.0,0.0,350.13,169.79,2.0,0.1,378
47.45,1949.91,4.65,44.97,29745.73,10588.26,72.81,8723.12,24514.33,3.13,55.27,65499.86,0.0,0.0,14.19,0.0,16925.55,254.78,193.52,2.0,0.1,380
43.4,1999.27,4.43,45.66,30960.29,11384.87,73.51,8932.25,24637.53,3.0,55.21,40945.03,480874.22,1.56,6.88,940370.15,56999.39,1194.12,0.0,2.0,0.1,386
44.54,2028.05,5.97,45.53,31355.49,12721.12,74.67,8795.99,24471.35,3.2,54.88,41572.32,1096478.44,2.47,0.0,221357.63,95103.39,986.07,0.0,2.1,0.1,383
55.86,2004.96,6.93,47.66,35942.72,13440.34,73.52,9146.47,24619.56,2.75,55.3,37059.25,817539.38,0.6,7.95,790290.2,67491.16,961.89,1118.69,2.1,0.1,381
49.49,2038.14,8.29,49.18,34900.78,15624.33,71.66,9128.36,24780.91,2.56,55.54,26876.95,699142.13,0.0,50.77,450498.78,41096.24,445.54,872.19,2.1,0.1,380
51.22,2043.89,6.58,48.68,33988.32,15615.18,71.68,8970.37,24706.93,3.07,55.47,58210.16,1494237.82,0.0,39.28,1381779.67,45695.75,379.62,1019.92,2.1,0.1,380
41.39,2033.89,5.87,47.08,32597.6,14831.04,72.25,8805.84,24731.69,3.06,55.73,35517.77,2389376.44,2.82,74.98,1414508.98,33107.32,111.34,1465.62,2.1,0.0,382
39.39,2032.7,6.91,48.41,33676.56,14612.42,72.63,8949.57,24824.67,3.01,55.13,0.0,2218112.57,0.0,53.78,1129426.2,106526.83,215.76,1514.73,2.1,0.0,381
36.06,2068.64,4.2,47.49,32049.8,13080.38,73.0,8838.04,24771.94,3.09,55.17,10133.5,2604334.96,0.0,67.19,353049.46,71931.35,303.86,1457.91,2.1,0.0,385
36.54,2034.74,2.64,45.68,24851.66,13832.91,73.71,8570.05,24452.15,2.98,55.17,15652.15,1687494.62,0.0,100.76,0.0,64404.93,569.5,969.13,2.1,0.0,386
38.85,1987.5,3.98,44.66,25097.04,14971.65,73.08,8413.04,24658.24,2.39,55.52,0.0,1067091.8,0.75,104.65,269493.39,60733.0,324.05,1361.41,2.1,0.1,384
31.02,2011.59,4.66,44.96,23191.66,14393.55,72.83,8400.41,24356.82,2.64,55.98,0.0,3968.48,0.38,100.58,599837.42,113098.58,745.66,617.65,2.0,0.1,383
40.24,1980.52,6.07,44.31,25807.35,13143.9,73.53,8606.2,24393.22,3.15,55.64,2692.49,562593.86,0.0,90.66,1018120.16,133587.51,1268.18,286.47,2.0,0.0,381
41.1,2008.92,6.67,44.51,28982.66,14213.79,73.98,8433.91,24169.26,3.02,55.34,18764.63,1447036.33,1.49,34.34,527470.94,118499.4,415.11,292.49,2.0,0.1,385
37.63,1999.86,6.33,43.87,29894.74,14172.98,74.55,8694.49,24208.37,2.85,55.02,69858.66,1825794.65,2.33,28.52,1574859.61,99332.06,0.0,372.28,1.9,0.1,387
32.69,1971.54,7.35,43.55,32285.95,14924.33,75.26,8493.89,23676.03,2.93,54.6,84123.69,1578607.26,1.21,45.47,277592.58,81591.95,284.99,436.21,1.9,0.1,389
39.17,1953.66,8.88,44.64,34692.31,15735.67,74.25,8776.8,23961.73,2.96,54.72,69207.84,1052826.13,2.44,21.88,409372.73,77129.37,495.66,710.4,1.9,0.1,384
42.82,1957.94,8.85,44.17,40120.23,15988.88,73.71,8580.34,24194.31,2.9,54.76,53731.17,1553230.27,3.35,0.0,0.0,70025.43,157.08,0.0,1.9,0.1,383
46.99,1900.74,7.27,45.21,35449.37,13893.92,73.3,8627.12,24148.38,2.68,54.93,55657.26,614639.57,3.1,0.0,838342.74,107749.74,48.19,379.14,1.9,0.1,382
47.45,1912.73,6.97,45.14,35537.66,16011.58,71.9,8977.63,24088.82,2.66,55.29,63400.41,895281.17,5.93,0.0,1387163.75,50919.23,310.67,540.71,2.0,0.1,382
46.64,1912.51,6.29,43.76,43863.73,17405.89,72.51,9042.52,24270.79,2.4,55.41,87446.44,406527.9,1.01,0.0,1191369.51,4066.56,236.97,289.53,2.0,0.1,382
49.75,1895.75,6.53,43.07,42010.65,16883.44,73.1,8964.86,24527.83,2.44,55.19,98929.73,596040.95,3.19,0.5,234155.41,87815.48,0.0,0.0,2.0,0.0,381
50.41,1902.96,5.85,45.14,39895.83,15147.31,74.09,8707.69,24462.29,2.24,55.21,85250.13,541264.5,3.11,24.92,732764.6,41862.57,0.0,334.24,2.0,0.0,383
43.69,1902.16,6.88,45.01,36603.82,16406.46,75.03,8498.4,24801.92,1.84,54.78,60606.73,311505.64,1.89,11.08,224674.65,32025.57,0.0,540.91,2.0,0.0,383
49.35,1899.46,4.92,44.0,34679.43,16924.23,75.66,8810.85,24873.99,1.74,54.76,0.0,129995.53,0.02,0.0,1640787.07,18038.86,0.0,411.24,2.1,0.1,383
49.96,1942.17,4.77,44.71,38519.79,14903.03,76.71,8543.67,24645.96,1.91,55.05,17954.34,132899.2,0.77,31.02,1475265.96,0.0,0.0,678.97,2.0,0.0,382
49.77,1968.86,2.88,45.18,43375.29,13593.68,76.45,8048.78,24769.66,2.24,55.03,0.0,564871.62,0.02,0.0,1836706.27,45817.02,733.78,208.31,1.9,0.0,383
46.03,1926.97,4.23,44.83,44803.39,13797.39,76.04,8067.76,24615.3,2.19,54.74,12843.09,1280225.31,0.0,51.3,1881954.63,52457.91,1012.99,527.5,1.9,0.0,385
45.17,1933.4,3.35,44.37,41053.42,12516.63,75.77,8167.12,24649.79,2.05,54.62,33441.12,775205.33,2.18,28.44,1920688.42,75733.5,0.0,764.76,2.0,0.0,385
42.55,1948.32,6.99,42.13,37094.92,14116.07,76.59,7890.57,24454.46,1.99,54.5,25477.1,0.0,1.19,3.81,1662795.0,43518.95,0.0,358.06,2.1,0.0,385
43.18,1951.61,6.74,43.49,34826.04,13078.93,76.32,7817.65,24407.12,1.82,54.85,1209.06,771222.17,0.86,28.7,987999.93,0.0,0.0,1142.72,2.1,0.1,382
45.05,1963.39,10.38,43.42,30726.68,13889.48,75.33,7971.12,24371.39,1.76,55.01,3992.87,1163473.82,5.09,15.14,646505.92,0.0,321.82,804.42,2.1,0.1,381
43.95,1990.96,10.58,44.37,28875.34,11754.36,74.65,7802.56,24474.84,1.97,54.85,0.0,1326190.76,3.49,1.58,1915236.48,0.0,669.68,848.16,2.0,0.0,383
44.43,1949.08,10.33,43.88,31525.28,16456.62,74.94,8000.98,24386.7,1.79,55.14,0.0,1041862.56,7.7,0.0,2495800.56,18126.63,350.27,868.99,2.0,0.0,385
45.59,1987.43,9.79,45.1,46619.33,20117.47,74.74,8102.49,24143.23,2.13,55.22,0.0,1649276.91,5.85,0.0,2457133.82,3117.67,341.29,1335.36,2.0,0.0,383
42.34,1982.51,12.77,45.99,46741.23,18488.67,74.41,7814.34,24536.6,2.29,55.24,5481.25,2707224.92,5.77,0.0,3337200.26,2326.8,0.0,686.4,2.0,0.0,385
39.81,1974.55,10.55,47.11,51033.14,21027.9,74.71,8275.05,24346.72,2.41,54.92,19872.26,2523906.31,0.0,31.95,3469665.27,0.0,201.08,145.4,2.0,0.1,382
41.5,1936.94,10.22,47.45,51830.97,20831.08,75.82,8156.86,24108.33,2.3,54.58,19078.49,2113623.62,1.26,0.0,3015849.97,47631.74,518.52,0.0,2.0,0.0,382
41.32,1987.56,9.6,47.48,48587.21,20674.01,75.46,8336.14,24046.11,2.72,54.77,12310.57,2353547.58,2.38,24.73,2694523.14,36184.59,568.35,0.0,2.1,0.1,383
48.59,2014.46,8.6,48.07,39504.93,20084.76,74.39,8302.42,23772.44,3.01,54.7,34447.82,2007255.55,0.0,12.21,2019297.18,34532.19,1301.82,573.52,2.1,0.0,381
50.9,2004.79,5.97,47.12,45031.13,19751.7,74.46,8214.95,23746.27,3.1,54.78,49700.63,2085977.49,0.06,23.78,1405030.97,31936.35,1841.16,529.94,2.1,0.0,379
51.79,2044.09,4.77,47.15,42912.35,18929.17,74.42,8373.04,23589.55,3.22,54.84,0.0,2052867.54,0.36,1.49,1374135.2,0.0,1279.77,501.28,2.0,0.0,377
51.97,2044.45,3.64,45.84,41936.46,18483.24,73.89,8742.23,23726.59,3.1,54.76,26683.84,2123786.54,0.0,0.0,951709.85,3876.13,1463.04,123.33,2.0,0.1,378
48.92,1997.99,3.23,44.6,38387.25,18785.39,74.02,8569.56,23426.89,3.26,54.7,25637.62,1310539.55,0.0,0.0,13994.43,0.0,1295.69,239.21,2.0,0.0,378
52.42,1968.91,3.56,43.99,43146.48,17384.76,74.63,8737.83,23874.28,2.82,54.38,52594.93,1766502.34,0.0,0.0,139777.99,0.0,744.13,300.21,2.0,0.1,378
48.14,1993.08,4.34,43.8,41592.5,16397.41,75.17,9022.64,23776.88,2.91,54.07,16567.47,1890877.52,0.0,0.0,199648.35,35659.63,0.0,851.99,2.0,0.1,379
55.75,2014.82,3.99,44.86,36366.5,15712.7,76.24,8990.73,23986.35,3.19,54.35,0.0,2655423.48,1.37,18.58,281269.61,74241.97,1023.6,643.34,2.1,0.1,375
49.2,2019.12,5.56,45.6,39593.92,19666.07,76.4,8826.11,23998.33,3.55,54.12,32718.86,2318829.11,0.0,0.0,1279954.64,36819.94,960.96,274.55,2.2,0.1,373
47.67,2048.3,4.2,45.17,44471.54,19474.89,75.17,8789.07,24003.01,3.43,54.5,34259.92,1967394.15,0.0,31.11,693220.43,0.0,762.89,393.2,2.1,0.1,374
48.03,2002.21,5.26,42.3,45313.6,19266.58,75.47,8304.18,24100.87,3.18,54.99,38760.43,1018708.42,0.0,14.29,1193720.17,45418.85,799.29,398.8,2.1,0.1,378
47.01,2014.58,4.55,43.86,46227.01,20130.67,76.82,7754.31,24281.18,3.23,55.11,39395.4,1061767.1,0.89,38.89,1628755.92,42018.08,644.51,384.44,2.1,0.2,376
50.67,2027.33,3.95,44.41,50496.69,18807.31,77.52,8066.6,24126.04,2.86,55.14,929.78,0.0,0.0,92.24,1167896.0,53557.47,959.75,352.64,2.1,0.2,377
50.31,2039.59,2.76,43.17,39382.26,19101.66,76.95,8270.55,24154.48,2.47,55.03,24523.22,0.0,3.13,70.37,1537052.42,0.0,761.29,215.15,2.0,0.2,376
47.31,2063.27,3.36,44.35,29537.79,17192.23,78.24,8449.74,23941.75,2.57,54.76,57669.24,0.0,3.39,70.05,655876.93,0.0,895.67,0.0,1.9,0.2,375
45.91,2048.6,2.42,44.47,31384.36,18062.07,76.71,8289.68,24111.12,2.2,54.82,49871.01,0.0,1.59,71.57,494432.41,0.0,899.44,354.84,1.9,0.1,373
48.79,2005.64,2.14,44.82,37286.01,19602.59,76.43,8178.68,23878.07,2.79,54.77,60355.86,170019.68,0.05,50.65,0.0,44347.46,763.35,797.2,1.9,0.1,372
47.8,1967.48,3.16,45.02,43978.76,16576.23,77.12,7985.52,24005.51,2.47,54.86,0.0,0.0,0.33,91.52,0.0,41916.58,447.19,104.71,1.9,0.1,374
48.61,1933.14,0.99,45.53,41140.88,18854.2,76.46,8268.4,24155.89,2.72,55.0,12078.79,0.0,0.0,64.39,903937.09,4194.69,298.5,383.8,1.9,0.1,378
50.01,1924.17,0.0,46.03,35793.91,17862.78,77.03,8221.33,24075.51,2.65,54.93,0.0,1057817.73,0.0,78.37,179153.83,27473.54,398.49,373.24,1.9,0.1,378
49.39,1946.1,0.0,44.52,36094.25,14225.01,75.33,8608.33,24427.28,2.5,55.2,27341.47,1233649.68,0.0,86.2,747910.26,50563.65,0.0,1005.58,2.0,0.0,380
58.05,1975.94,2.17,43.08,39474.8,14687.07,75.83,8338.7,24174.02,2.5,55.07,19205.57,813085.61,0.0,59.81,679356.78,0.0,318.33,976.97,1.9,0.1,379
61.87,1983.57,4.0,43.61,41203.35,16265.72,77.15,8554.14,24278.98,2.17,54.43,13001.92,314723.15,0.0,52.3,1084898.89,0.0,780.77,880.14,1.9,0.2,380
59.98,1995.18,6.64,43.82,42023.82,15872.53,76.68,8407.57,24155.73,2.7,54.37,0.0,394736.77,2.69,79.81,218167.09,44002.49,1759.74,568.64,1.9,0.1,384
52.43,1980.73,7.51,43.31,35426.27,15626.88,78.25,8332.3,24125.35,2.4,54.56,23388.59,23992.98,3.7,56.1,0.0,58022.1,2599.64,140.43,1.9,0.2,383
46.29,1980.15,9.2,43.06,36053.86,13835.7,77.62,8403.75,24169.68,2.33,54.74,37626.37,513505.31,2.38,35.38,1355614.39,58531.33,2139.56,0.0,1.9,0.1,384
45.49,1978.88,6.67,44.94,31636.46,14349.72,76.75,8315.97,24013.52,2.47,54.52,40371.69,417252.75,3.69,52.28,1020244.86,67113.1,1652.44,459.34,1.9,0.1,383
43.25,2030.96,7.13,45.07,29215.54,16174.16,75.99,8333.84,24512.3,2.25,54.74,42028.05,723389.15,2.39,32.86,1090065.82,45078.81,290.21,166.15,1.9,0.0,383
41.25,2020.52,9.8,46.45,32608.84,18825.04,75.72,8310.42,24249.64,2.65,55.29,59736.31,1520409.41,0.0,91.34,933617.68,126673.75,1177.99,426.93,1.9,0.0,379
46.52,1945.5,8.73,47.97,36152.94,15801.28,74.49,8177.79,24265.32,2.89,55.41,23001.27,1715382.95,1.92,93.71,2485153.54,137888.19,1548.05,1001.01,2.0,0.0,382
45.5,1923.14,7.0,48.91,38652.44,17325.37,74.99,8230.73,24329.14,3.02,55.19,0.0,1219210.75,3.07,66.65,3576597.04,137250.49,1435.5,696.23,2.0,0.0,383
44.49,1933.21,7.41,47.13,29079.66,15472.02,75.63,8314.55,24231.49,3.49,55.5,27595.97,654098.8,5.34,68.94,2644114.72,117251.41,756.87,402.95,1.9,0.1,383
41.55,1952.2,7.09,48.01,30154.29,13097.76,75.07,8063.35,24352.01,3.66,55.02,20289.53,1299231.79,0.44,51.05,2322469.82,142049.56,977.07,620.75,1.9,0.1,386
40.16,1881.54,4.38,47.48,28694.32,12503.24,75.12,8346.61,24431.49,3.68,54.73,3676.34,1576325.4,0.66,59.16,2449537.84,130973.82,1686.43,396.9,1.9,0.0,387
39.4,1928.01,4.86,46.8,23761.68,14183.33,74.99,8390.86,24530.75,3.61,54.55,16966.72,1883717.55,1.52,70.03,2630483.27,101499.86,1274.69,1087.55,2.0,0.0,388
37.23,1918.38,3.24,46.89,26471.44,15986.45,74.76,8596.79,24625.32,4.12,55.05,53835.91,2154284.27,0.0,70.59,3777055.63,108664.1,729.27,1070.74,1.9,0.0,388
42.31,1904.96,2.79,45.11,26596.47,12730.87,74.5,8563.85,24198.17,3.64,55.03,40694.93,1793004.1,0.77,20.82,3747860.23,85295.7,379.22,353.57,1.9,0.0,387
44.29,1905.63,3.09,43.94,27338.51,12262.93,73.62,8678.12,23873.18,3.64,55.18,20815.76,2193941.48,0.0,5.64,2477842.34,76502.62,0.0,86.73,1.9,0.0,389
49.11,1929.65,3.22,43.71,27857.81,11762.16,73.21,8599.61,23743.73,3.28,55.4,0.0,1293393.54,3.36,0.0,3078834.65,27681.46,96.65,359.24,1.9,0.1,387
51.46,1917.69,5.56,44.29,39142.4,14078.97,74.07,8348.23,23836.45,3.11,55.35,4002.92,611324.33,2.45,1.11,2033185.46,56388.36,253.67,604.1,1.9,0.0,384
58.18,1946.07,3.32,44.96,33779.64,10871.74,75.46,8351.68,23943.32,2.72,54.99,0.0,1421310.68,0.0,45.86,1159689.05,8425.37,247.24,333.99,1.9,0.0,383
53.94,1972.19,4.32,45.29,38847.3,11874.69,75.47,8313.46,23837.51,2.53,55.03,26922.86,1602145.44,1.49,14.27,1401887.66,0.0,358.14,499.21,1.9,0.0,383
57.59,1958.1,4.39,45.49,35137.66,11465.72,74.88,8279.34,24266.63,2.53,55.16,23828.64,1229446.23,1.21,35.37,1231851.2,0.0,245.72,146.06,2.0,0.0,386
57.58,1996.76,4.26,44.67,39948.93,11077.05,75.85,8399.2,24571.83,2.3,55.39,803.11,0.0,3.4,33.48,1749953.69,7585.27,279.18,641.49,2.0,0.0,385
57.21,1917.67,5.08,46.25,38462.33,10968.35,75.96,8746.52,24621.54,2.41,55.22,0.0,66060.37,3.0,0.0,1088520.41,52094.87,166.88,0.0,2.1,0.0,384
60.63,1905.83,2.44,46.35,41517.01,10799.53,75.66,8425.76,24355.16,2.37,55.36,2687.38,719827.35,6.92,26.25,0.0,38458.75,642.88,0.84,2.0,0.0,379
58.0,1897.26,2.38,47.49,33247.98,10262.36,74.59,8627.45,24576.87,2.52,55.39,0.0,783317.32,2.93,26.93,0.0,15794.26,620.2,256.03,2.1,0.0,384
57.75,1955.01,3.42,47.43,32157.76,11413.49,74.93,8274.47,24674.46,2.15,55.52,15888.0,1570066.0,0.23,1.22,797358.53,0.0,0.0,323.27,2.1,0.0,385
58.95,1955.06,3.77,47.05,32270.03,9726.6,75.47,8494.16,24744.22,2.38,55.18,0.0,1884808.33,0.28,8.95,892784.27,13473.42,385.01,283.33,2.0,0.0,386
52.37,1926.44,5.2,48.01,18586.45,11182.09,75.17,8475.48,24696.86,2.23,55.32,0.0,2102042.41,2.79,0.0,281043.13,19809.82,1143.78,90.55,2.0,0.0,387
54.31,1933.67,4.8,47.97,4214.18,14676.64,74.93,8482.38,25071.31,2.1,55.89,19594.11,2106519.03,4.08,0.0,0.0,0.0,1579.18,0.0,1.9,0.0,387
53.94,1954.94,6.45,48.2,7551.39,13832.73,75.48,8507.85,24765.85,2.54,55.82,33964.25,1607499.84,6.45,0.0,1168006.24,0.0,708.74,119.45,1.9,0.0,385
50.23,1965.4,6.21,48.74,11583.83,13316.9,75.96,8085.41,24143.58,2.14,55.61,39292.63,0.0,5.46,0.0,1157264.31,0.0,1978.6,150.93,1.9,0.0,388
44.99,1926.57,5.92,48.19,18223.89,15868.63,76.37,7820.01,23932.97,2.02,55.72,49490.93,808479.15,6.12,0.0,930428.75,0.0,2057.56,0.0,2.0,0.0,391
47.59,1943.5,5.58,47.35,18925.63,17285.13,75.03,7900.16,23628.52,2.22,55.49,55444.33,294008.06,4.53,19.74,948095.71,59344.99,1565.99,0.0,2.1,0.0,389
49.65,1943.01,5.12,46.3,27797.82,16672.09,74.52,7892.4,23795.64,2.67,55.38,24514.51,1452541.75,4.21,17.65,927859.35,10311.28,1367.73,281.62,2.1,0.0,388
54.93,1947.89,6.13,46.62,24992.61,14941.26,75.36,7384.77,23722.02,2.31,55.6,56896.58,852353.86,10.87,53.79,992401.93,66582.46,899.0,190.06,2.1,0.0,384
50.44,1945.88,6.64,46.06,17627.53,15661.13,76.25,7377.81,24150.7,2.6,55.23,31408.8,588853.3,8.76,0.0,427397.21,41145.5,1775.46,273.04,2.0,0.0,385
48.92,1933.93,5.69,46.48,12685.05,13812.08,75.27,7278.3,23991.16,2.85,55.47,33966.09,681357.85,5.69,0.0,532240.49,49898.57,1229.48,0.0,1.9,0.0,385
54.14,1917.98,5.25,46.33,12730.89,15284.0,76.14,7193.42,23932.58,3.18,55.48,32070.51,835796.42,6.57,13.52,666849.11,47057.91,1783.33,0.0,1.9,0.1,385
53.36,1942.24,5.57,45.38,16828.44,13931.06,77.35,7404.53,23781.61,3.0,55.61,0.0,2393721.84,1.76,38.74,324541.15,15443.68,1846.06,0.0,2.0,0.0,386
51.83,1954.06,6.23,43.49,20254.71,15780.27,77.3,7455.96,23553.07,3.09,56.01,17545.14,2780890.35,3.96,26.45,410005.11,48416.07,833.34,247.17,2.1,0.0,387
49.38,1957.31,5.72,44.27,21438.7,12982.08,76.32,7986.69,23776.31,2.48,56.18,0.0,2951475.08,6.78,28.66,0.0,19941.16,1084.64,0.0,2.1,0.0,385
55.46,1931.72,1.2,43.59,24562.04,14616.92,75.74,7970.08,23839.97,2.97,56.1,0.0,3791076.97,5.8,0.0,0.0,41168.79,86.7,198.08,2.0,0.1,385
47.99,1961.39,3.67,42.46,21535.03,15436.12,76.1,8510.25,24088.31,3.56,55.94,10216.47,2933773.2,3.56,7.33,0.0,0.0,0.0,551.26,2.0,0.1,383
49.79,2006.22,5.82,43.29,18702.03,18131.28,76.71,8161.49,23741.5,3.06,55.67,32548.26,3072177.22,3.93,6.21,1621865.64,5515.1,15.71,345.48,2.1,0.1,381
45.17,1956.39,5.61,41.97,14691.5,19317.74,77.09,8491.34,23507.07,2.74,55.4,70976.52,2701081.1,8.14,24.9,1380378.35,29463.26,0.0,0.0,2.1,0.1,385
40.31,1968.09,6.51,42.85,22854.16,17638.5,77.37,8575.77,23863.29,2.6,55.03,43886.5,1710502.43,5.44,16.19,653966.42,29623.61,0.0,15.64,2.1,0.1,385
40.15,1947.73,5.44,44.34,30697.96,16396.8,76.83,8170.08,23882.07,2.23,54.9,65792.66,605368.4,2.26,0.0,0.0,60261.46,199.08,630.01,2.0,0.0,387
40.26,1938.63,7.43,44.68,35465.38,15171.07,75.92,8107.39,24077.63,2.32,55.04,0.0,0.0,0.0,0.0,0.0,115806.83,217.96,643.73,1.9,0.0,389
49.2,1954.14,4.36,44.32,36500.77,14752.94,74.04,8520.81,23926.55,2.02,55.02,31304.29,359644.24,0.0,0.0,0.0,92334.69,6.59,750.31,1.9,0.1,389
46.42,1966.67,6.31,43.43,34692.37,14389.91,73.84,8651.48,24159.83,2.23,55.11,11912.64,555916.38,0.0,66.96,955866.32,116913.51,270.68,807.46,1.8,0.0,386
47.31,1959.61,7.26,42.67,39485.62,13152.73,73.62,8782.25,24278.81,1.97,55.38,12581.65,0.0,0.0,50.01,124878.99,151583.16,100.91,872.33,1.8,0.0,389
50.62,2006.92,7.92,43.21,39959.78,9248.62,73.4,8674.47,24365.9,2.07,55.41,0.0,0.0,0.0,86.26,0.0,105013.01,198.22,272.19,1.8,0.0,387
57.6,1956.49,7.06,43.06,38676.04,8140.4,73.12,8779.39,24290.86,1.89,55.9,1405.33,419803.56,2.02,75.09,0.0,100670.37,0.0,389.05,1.8,0.1,384
59.54,1974.53,6.48,44.2,39769.09,10191.47,73.81,8712.86,24158.22,1.85,55.7,23514.27,787972.53,4.37,95.69,0.0,159885.96,7.15,211.97,1.8,0.1,382
57.57,1961.93,6.49,45.24,37202.0,11785.63,72.83,8833.23,24075.56,1.85,55.7,32028.24,654457.98,1.38,72.64,137246.32,157681.71,0.0,14.76,1.8,0.1,382
45.75,1955.22,7.48,44.58,38861.44,10325.34,71.86,8836.1,24089.36,1.89,55.82,19122.47,228976.69,0.0,40.96,496163.85,127197.19,634.71,0.0,1.9,0.1,382
41.17,1913.57,8.17,44.96,38927.68,10832.39,72.94,8627.05,24041.68,1.97,55.64,51570.34,0.0,0.0,1.21,942789.41,108824.77,0.0,70.85,1.9,0.1,384
53.01,1890.75,5.22,45.66,42881.92,9409.29,72.17,8645.37,24433.31,1.84,55.57,0.0,0.0,0.0,42.13,415545.3,121292.74,0.0,128.09,2.0,0.2,388
54.32,1896.95,5.62,46.12,43193.08,9091.45,71.94,8462.74,24630.45,2.28,56.32,11323.22,0.0,0.0,35.35,1410823.04,133550.51,0.0,129.75,1.9,0.2,386
51.26,1858.27,6.6,47.32,37932.22,9689.49,71.96,8387.15,24399.79,2.06,56.48,0.0,354306.23,0.75,75.92,1120133.27,104573.41,0.0,262.86,1.9,0.1,384
47.28,1848.38,6.52,46.82,39804.11,10686.53,71.4,7921.64,24153.88,2.35,56.46,26047.63,855638.22,3.51,78.5,2203247.64,103666.52,1066.04,62.4,1.9,0.1,384
46.47,1880.69,6.21,45.94,36567.46,13225.61,72.12,7620.0,24485.72,2.52,56.41,46723.51,1367392.78,0.57,42.92,3510993.75,67513.62,1156.27,613.1,1.9,0.1,386
48.0,1906.98,5.96,45.28,34138.39,15346.46,72.26,7807.15,24245.34,3.08,56.28,48772.15,1769732.31,0.0,70.59,2070419.89,39768.31,638.95,0.0,1.9,0.1,383
43.31,1917.36,5.76,45.0,27309.38,14638.78,72.08,7893.98,24127.4,3.02,55.74,4776.67,1890614.33,2.02,53.53,1853005.37,22061.08,1155.02,0.0,1.9,0.1,381
45.08,1897.49,6.59,45.94,21389.54,12377.72,72.68,8358.66,24331.17,2.91,55.41,0.0,2089025.54,4.16,32.93,1489242.23,24729.7,1953.95,59.83,1.9,0.0,379
51.15,1921.73,5.93,42.67,18583.93,13282.45,73.24,8417.04,24034.21,2.93,55.09,161.89,1367316.18,6.36,40.19,1247551.01,74570.7,1532.83,0.0,2.0,0.0,379
48.44,1942.28,6.95,42.24,23438.47,13903.92,72.79,8395.11,23950.5,3.22,54.9,39992.12,1293041.4,0.82,0.0,999471.39,115267.6,1981.97,92.14,2.0,0.0,380
53.28,1961.28,8.02,43.41,29471.91,10462.64,72.35,8142.86,23741.72,3.14,54.54,9247.39,1091922.96,0.0,0.0,1341373.76,58560.55,2145.08,0.0,2.0,0.0,381
51.65,1974.72,6.87,44.3,34130.72,11300.25,72.3,8112.0,23550.67,3.13,54.77,49226.53,1764660.48,0.0,9.0,1128546.24,97533.62,1525.78,319.45,1.9,0.0,379
43.4,1950.04,6.29,46.01,28215.6,10865.74,71.51,8378.45,23557.66,2.98,54.71,0.0,672566.06,0.0,26.97,0.0,106518.38,1529.15,0.0,1.9,0.1,377
42.23,2025.61,6.59,45.63,26303.53,12043.24,72.51,7907.25,23189.9,2.67,54.72,2102.51,0.0,0.0,24.66,0.0,75774.03,993.52,187.3,1.9,0.0,380
37.86,1972.0,6.06,45.32,27485.45,10587.65,73.52,8322.29,23343.47,2.76,54.2,0.0,0.0,0.0,7.72,0.0,16802.56,658.68,0.0,2.0,0.0,381
43.83,1949.78,6.32,46.49,23543.23,8010.5,73.13,8515.31,23277.74,2.63,54.12,0.0,0.0,0.0,0.0,0.0,58417.57,652.74,0.0,2.0,0.0,380
40.36,1954.84,5.1,46.84,26620.67,7213.45,74.76,8451.92,22861.4,2.74,53.56,27500.3,86240.8,0.0,1.41,402397.12,33794.31,566.56,49.68,1.8,0.0,382
43.44,1964.78,7.18,46.48,26900.28,7184.28,73.15,8502.53,22936.22,2.2,53.74,18531.89,0.0,0.14,0.0,1008869.95,45462.31,1123.97,0.0,1.8,0.0,380
38.52,1970.02,5.29,45.74,27166.93,7546.19,72.26,8795.91,23138.81,2.69,53.63,3729.84,53272.49,3.94,43.55,594087.11,13884.34,969.38,395.25,1.8,0.0,383
44.26,1995.77,6.14,47.15,21644.43,12186.67,73.44,8682.56,23538.43,2.6,53.96,18874.55,614277.57,2.14,63.18,291854.92,42183.27,874.47,0.0,1.8,0.0,382
50.25,1959.79,6.96,46.83,21893.68,10714.33,73.78,8407.4,23510.25,2.58,54.02,43226.54,0.0,1.36,48.0,317647.29,20740.11,1318.28,0.0,1.8,0.0,382
45.08,1949.94,6.55,44.82,19731.41,11217.09,75.49,8464.3,23653.57,3.04,54.32,56053.1,0.0,0.0,51.06,1533696.12,75912.28,1511.24,0.0,1.7,0.0,382
43.99,1979.19,4.34,44.76,17613.3,13318.9,75.78,8259.37,23922.14,2.56,53.95,24442.6,0.0,0.0,44.91,1114264.16,88054.93,979.86,0.0,1.7,0.0,381
47.47,1931.4,4.03,45.89,25198.64,12461.02,77.35,8038.69,23922.29,2.28,54.23,94670.02,1157585.81,2.24,26.21,912708.29,118966.56,1269.73,65.5,1.8,0.1,384
41.77,1943.02,5.0,45.23,32704.58,12353.7,77.96,7995.08,24025.21,2.4,54.78,100098.82,761554.86,1.19,18.79,862989.57,71725.19,1097.82,531.62,1.9,0.0,380
40.67,1900.06,3.34,45.63,32361.33,9998.75,78.38,7946.72,23948.83,2.71,54.92,84078.75,402776.63,2.52,8.47,659704.83,23294.89,1567.88,986.75,1.9,0.0,382
44.61,1898.71,5.2,45.13,25696.8,10612.76,78.66,8016.18,23746.03,2.61,55.25,78791.32,383063.79,1.8,38.39,1297712.99,0.0,1865.41,1042.69,2.0,0.0,384
47.47,1879.91,6.6,46.04,23279.99,11696.17,79.72,7951.78,23973.75,2.33,55.06,88434.24,531542.31,1.01,79.74,576903.43,0.0,1892.69,646.97,2.0,0.1,383
45.14,1885.05,2.77,47.04,25894.67,11880.72,77.63,8232.52,23922.1,2.54,55.05,32746.16,1264491.19,3.71,90.89,770856.81,0.0,2105.77,1293.16,2.0,0.1,381
37.43,1888.18,5.17,48.25,26432.38,12996.16,76.21,8260.89,23859.89,2.58,54.97,20241.95,1724312.09,8.33,76.5,1655686.69,0.0,1802.97,724.24,2.0,0.1,383
36.21,1912.37,6.86,49.0,28545.44,12333.41,75.42,8084.01,23910.86,2.38,55.15,23331.93,1627432.08,2.24,69.31,1182984.7,81594.14,947.64,589.02,2.0,0.0,387
46.45,1898.25,5.82,50.79,36142.86,12117.5,75.63,7819.02,24423.72,2.44,55.28,0.0,754108.33,3.1,111.49,728118.88,38725.91,1018.61,1062.56,2.0,0.0,388
51.0,1901.37,7.24,50.55,35559.94,13943.86,76.08,7665.36,24709.37,2.57,55.6,1476.28,841508.4,3.69,112.33,1690828.52,53860.84,911.23,1264.61,2.0,0.2,388
56.08,1934.75,4.17,48.97,32738.36,11700.11,75.54,7466.45,24405.87,2.66,56.02,0.0,38466.44,1.74,95.28,506432.09,25142.85,435.59,1215.61,2.0,0.2,386
52.35,1941.25,3.02,50.11,24936.08,11125.7,76.08,7502.3,24523.19,3.12,56.09,0.0,0.0,0.99,95.9,1292320.74,0.0,185.63,992.24,2.0,0.2,385
52.74,1969.42,5.52,49.36,32380.17,14563.15,75.77,7498.0,24942.17,3.35,55.93,17231.51,0.0,3.77,39.05,1871947.21,0.0,0.0,243.25,2.0,0.2,382
47.34,1956.34,6.59,49.77,32993.08,16150.54,76.13,7525.25,25029.1,2.91,55.91,0.0,137651.9,6.42,42.22,1658073.18,12366.66,393.45,927.32,2.0,0.1,382
44.14,1925.6,3.09,48.61,25629.76,16099.13,75.49,7407.54,24468.11,2.79,55.32,18711.77,321872.68,4.87,76.56,1490893.92,28588.48,740.04,662.16,2.0,0.1,379
52.51,1936.34,3.16,50.39,20917.59,18329.7,76.0,7771.6,24397.52,2.79,55.18,42259.88,560512.51,2.68,55.54,1332719.84,16747.79,1414.41,859.98,2.0,0.1,378
55.12,1885.98,3.72,48.75,17996.51,17065.81,75.72,7840.74,24541.02,2.73,55.12,0.0,0.0,3.04,66.91,1038034.86,51823.42,552.94,897.28,2.0,0.0,377
54.13,1909.99,4.45,47.92,23280.85,19389.37,75.45,7924.41,24367.58,2.62,55.43,33264.05,0.0,3.88,83.98,666200.13,1761.32,876.54,1087.99,2.0,0.0,381
54.8,1888.61,2.41,47.22,25692.31,18243.71,76.9,8060.69,24144.0,2.04,55.43,54434.72,1169594.09,2.77,119.0,0.0,0.0,293.86,1216.79,1.9,0.0,379
61.46,1890.82,3.36,44.99,18962.76,16502.71,77.22,8230.28,24387.72,1.74,55.5,31634.37,561616.36,0.95,101.74,506304.47,44361.01,571.62,1275.54,2.0,0.0,379
62.26,1947.52,2.47,44.58,28277.65,15786.05,77.43,8507.18,24101.56,1.78,55.74,23671.33,0.0,0.0,110.37,1338104.69,43823.38,788.94,1005.36,2.0,0.1,381
60.05,1962.18,4.19,44.72,32878.86,16221.15,78.12,8618.44,24017.88,2.28,55.75,16552.19,0.0,0.62,144.31,0.0,0.0,1116.42,969.0,2.0,0.1,377
55.22,2004.29,3.75,44.34,19278.77,13154.06,78.46,8510.83,24260.67,2.15,55.25,7308.94,0.0,0.0,105.6,0.0,0.0,539.11,1439.04,2.0,0.1,378
57.3,2013.0,2.58,42.82,9532.71,16230.62,77.53,8598.77,24300.76,2.47,55.2,0.0,0.0,0.0,52.79,0.0,0.0,352.27,1103.79,2.0,0.1,378
50.11,1952.45,3.21,42.48,12055.26,16534.61,78.23,8180.55,24078.92,2.48,54.87,0.0,837285.58,0.0,14.96,0.0,43047.68,8.84,534.72,2.0,0.1,380
53.55,1934.45,2.81,45.2,20086.17,15874.31,75.86,8096.6,23824.16,2.29,54.63,0.0,805547.15,0.0,0.0,0.0,23115.87,0.0,687.57,2.0,0.1,380
53.07,1943.48,1.41,45.56,20072.15,17424.76,76.31,8400.64,23689.42,2.69,54.71,18291.03,1141118.19,1.22,0.0,698096.76,36497.89,0.0,468.98,1.9,0.0,382
46.61,1912.51,4.69,45.04,25174.78,18806.46,76.66,8411.88,23764.77,2.83,54.7,33962.17,866695.58,0.66,51.7,355158.12,36012.19,276.27,595.68,1.9,0.0,382
48.24,1951.01,5.78,46.4,21032.66,16629.23,76.61,8628.62,23794.43,2.62,54.32,38541.81,721009.29,0.0,70.66,320392.62,34944.51,747.38,1245.0,1.9,0.0,380
50.59,1924.98,5.21,45.93,30579.62,18237.77,75.09,8908.08,23605.62,2.67,54.2,22645.01,77000.38,4.42,60.05,494602.32,0.0,0.0,955.43,1.9,0.0,382
51.13,1931.76,5.95,45.96,35568.15,18597.33,75.73,8962.65,23988.02,2.89,54.78,5105.98,618035.93,0.13,78.84,532351.46,37724.89,905.06,1106.98,1.9,0.0,383
49.89,1954.82,5.17,44.86,33754.6,18817.2,75.65,8686.74,24405.82,2.83,54.22,29008.07,570696.81,0.0,65.72,407104.74,95913.01,1062.67,1063.11,1.9,0.1,385
54.11,1964.27,6.55,45.36,31551.68,18796.22,77.15,8666.49,24649.2,3.12,54.48,68406.94,0.0,0.0,103.62,0.0,89816.28,1844.11,1006.43,2.0,0.1,386
53.85,2004.25,6.01,44.31,29187.39,17525.69,76.25,8461.21,24824.8,3.43,54.67,41207.88,0.0,0.0,101.36,0.0,133131.03,933.18,705.3,2.0,0.1,389
47.73,1991.01,3.97,45.33,26262.48,16951.38,75.86,8456.34,24704.76,3.07,54.74,14215.31,540460.53,0.16,63.14,1645065.49,176647.0,2082.88,529.02,2.0,0.1,390
49.0,1932.29,2.84,45.79,23708.51,14469.27,75.47,7743.59,24508.54,2.9,54.86,26618.96,737901.86,2.5,52.94,523984.99,156029.2,1389.18,55.34,2.0,0.0,390
43.92,1930.15,2.44,46.96,27942.39,13214.08,75.21,8101.99,24783.47,2.51,55.23,55389.45,786342.8,1.9,34.5,0.0,149019.85,1154.69,224.96,2.0,0.1,391
47.21,1879.69,3.41,48.44,26327.08,16911.8,75.54,8188.57,24493.79,2.93,54.97,32328.0,0.0,3.98,47.92,81776.72,157379.22,1366.22,113.5,2.0,0.0,389
42.34,1897.37,3.48,47.54,32476.73,15034.03,73.94,8152.61,24300.42,2.93,54.74,38667.22,0.0,0.8,60.07,114332.89,95723.65,741.59,16.43,1.9,0.0,387
39.82,1925.24,2.37,48.57,31245.62,13954.23,74.46,8176.79,24452.09,2.37,54.91,19301.91,74561.14,0.45,89.07,0.0,143253.92,1045.52,101.57,1.8,0.0,385
44.08,1931.64,3.6,46.5,31541.29,15809.97,75.62,7925.86,24346.73,2.33,54.76,40428.58,1837222.49,0.0,90.15,267890.4,137377.42,1619.3,244.58,1.7,0.0,382
41.99,1933.57,3.56,44.34,23352.89,12307.54,74.24,8185.64,24274.35,2.13,54.29,7799.47,1977748.19,1.26,73.74,128646.46,57880.07,1045.2,424.34,1.7,0.1,385
41.44,1931.9,6.84,45.41,24964.59,12972.68,74.4,8194.03,24044.14,2.11,54.02,25832.51,1653666.88,3.12,33.66,1112057.51,99799.18,155.27,238.15,1.7,0.0,384
45.14,1925.1,4.29,46.25,21933.83,12160.02,75.76,8288.32,23903.65,1.89,54.42,45697.1,1153790.52,0.0,42.04,1407771.05,75833.5,0.0,249.36,1.8,0.0,384
47.48,1961.85,3.87,44.87,23055.9,15220.65,74.19,7797.5,23931.95,1.91,54.45,32486.41,1635719.95,0.0,60.27,0.0,49886.4,0.0,0.0,1.8,0.0,383
47.45,1965.65,5.47,45.64,26030.76,18801.59,73.69,7581.14,24226.18,2.52,54.37,64015.64,1122510.67,1.55,71.18,0.0,112591.85,1047.07,0.0,1.8,0.0,379
48.06,1922.61,6.35,45.69,24973.75,15722.89,73.35,7793.18,24220.23,2.86,54.76,83111.1,683696.65,2.1,39.39,0.0,142170.76,352.15,0.0,1.8,0.0,379
57.99,1903.37,6.87,45.74,31136.6,14340.43,73.35,7888.07,23921.69,2.36,54.79,105988.73,421974.94,1.22,66.48,0.0,152865.56,1701.28,0.0,1.8,0.0,383
56.43,1932.43,7.11,45.6,29075.53,13444.39,75.96,7619.95,23665.3,2.48,54.88,101432.26,0.0,0.0,52.78,667135.66,97928.36,1581.67,0.0,1.7,0.0,385
53.09,1970.67,6.79,44.08,31906.33,12379.13,75.45,7955.45,23480.36,2.39,54.61,54977.16,0.0,0.0,41.43,1058886.45,60753.04,664.76,243.89,1.7,0.1,384
52.18,1909.73,4.99,41.79,33377.65,12610.78,75.82,8172.08,23797.51,2.38,54.69,62091.5,0.0,0.0,78.17,0.0,73781.32,796.34,0.0,1.7,0.1,384
53.42,1917.81,5.3,43.04,36257.79,15361.7,76.46,8189.83,23999.5,2.54,54.78,30011.73,149317.89,0.0,97.44,303644.97,61337.36,524.58,248.05,1.8,0.1,388
56.26,1904.27,5.96,43.81,31460.07,14630.89,75.83,8222.29,23977.18,2.63,54.93,59011.34,508225.06,0.0,140.39,0.0,42611.07,806.21,1174.53,1.9,0.1,384
48.39,1914.27,6.61,42.5,32630.15,12578.15,74.91,8361.88,23859.68,2.99,54.78,79493.45,1842305.4,0.0,185.97,83918.78,17953.71,595.74,908.53,2.0,0.2,386
43.38,1927.47,4.31,44.03,30022.23,13704.26,74.47,7977.43,24103.86,3.2,54.85,12069.06,2067918.58,0.0,174.86,0.0,5721.81,816.41,549.1,2.0,0.2,390
44.18,1955.81,2.87,46.07,26149.39,13657.5,74.89,7856.29,24352.65,2.95,55.09,38493.12,2156598.25,1.87,216.93,346823.29,13084.8,922.73,911.78,2.1,0.2,387
49.97,1921.88,3.59,46.3,26434.83,13749.96,73.53,7734.7,24533.82,2.37,55.06,24598.52,690408.23,6.06,161.61,727972.77,0.0,418.47,738.66,2.1,0.2,385
45.9,1955.41,3.86,46.09,22674.11,16393.36,73.62,7414.86,24548.48,2.22,55.29,48372.21,1192289.71,3.94,138.06,856058.06,36150.13,0.0,696.72,2.2,0.1,384
57.43,1951.09,1.99,45.92,32569.79,17822.12,72.99,7629.97,24465.77,2.51,55.08,54253.63,2210914.49,0.0,136.08,1663165.16,0.0,0.0,505.5,2.1,0.0,383
59.95,1992.96,4.26,46.91,41793.82,20576.8,73.36,8026.81,24521.84,2.48,55.06,72896.5,2810113.35,1.54,109.11,1169537.94,0.0,241.22,562.23,2.0,0.0,384
52.44,1980.89,6.33,45.99,40370.65,19961.65,73.52,8207.72,24677.24,2.85,54.97,75872.3,2944207.17,1.0,77.93,1162881.76,0.0,0.0,587.22,2.0,0.0,380
51.47,1919.58,4.76,45.8,45264.36,20033.61,73.75,8136.99,24559.47,3.17,54.68,45493.48,3194258.48,0.0,119.4,1514097.47,45508.1,0.0,876.51,2.0,0.0,380
52.28,1897.85,2.51,45.9,41730.59,17833.85,72.54,7592.59,24622.48,3.03,54.57,44386.81,3375410.82,0.72,93.73,2753072.61,20302.54,0.0,815.93,2.0,0.0,379
51.37,1885.72,4.02,45.97,38821.92,17139.53,72.83,7390.64,24810.72,3.27,54.64,36097.47,2323498.25,5.17,121.23,2672487.44,50816.65,678.99,1060.71,2.0,0.0,380
52.12,1918.05,5.09,46.15,24461.39,18639.89,73.75,7957.87,24625.11,2.7,54.65,42823.5,1761938.52,8.01,89.74,2280931.54,38720.44,2033.39,651.25,2.0,0.0,381
47.98,1954.66,6.36,46.32,18444.24,17977.62,73.64,8178.98,24377.79,3.0,54.96,311.52,1417991.77,6.68,105.58,1565918.4,44621.61,2341.21,672.83,1.9,0.0,383
51.62,1897.57,6.48,47.21,23184.86,18531.64,75.41,8182.79,24421.95,2.71,54.8,0.0,1766837.98,3.72,124.89,693108.44,65050.16,2327.47,693.15,2.0,0.0,382
47.51,1908.52,6.14,47.86,26437.8,19059.21,75.13,8280.67,24777.24,2.36,54.34,16887.82,1045025.62,0.0,123.38,9135.46,114504.3,2116.63,563.5,2.0,0.0,379
37.8,1876.66,7.56,46.48,19904.28,18277.78,76.8,8508.46,24528.6,2.19,54.23,0.0,1266370.72,0.0,79.98,0.0,183725.5,2230.56,244.58,2.1,0.0,379
38.73,1895.31,5.95,46.45,12748.33,17158.54,77.52,8688.06,24339.27,1.87,53.77,16375.73,1295370.15,1.02,114.79,174851.13,168606.51,1251.96,765.55,2.1,0.0,380
48.8,1962.6,4.53,47.57,17305.96,18363.29,77.3,8754.23,24603.41,1.53,54.05,0.0,875101.36,0.88,75.37,0.0,97644.46,824.98,853.21,2.1,0.0,383
51.48,2001.32,2.25,47.57,22586.39,15110.73,78.8,8546.77,24664.11,1.95,54.22,36613.59,1992249.13,0.0,70.61,672394.69,29038.11,1296.55,1309.27,2.2,0.0,386
52.85,1961.71,2.0,46.96,23627.78,14913.0,77.9,8550.68,24918.07,2.12,54.5,0.0,1820975.88,2.87,95.47,1393578.63,39809.77,1369.97,937.05,2.2,0.0,387
52.71,1963.2,3.86,47.33,26282.22,14107.26,78.66,8578.05,24974.45,2.23,54.39,9461.04,1242615.27,3.6,1.22,998223.29,37628.89,743.47,951.69,2.1,0.0,385
56.43,1978.45,4.48,47.1,40015.59,13960.2,77.5,8283.98,25055.67,2.73,54.26,650.03,892722.56,2.74,0.0,1449818.77,78751.59,0.0,1409.39,2.2,0.0,380
55.03,2011.69,5.0,46.86,41697.86,12806.89,78.07,8259.36,24589.83,2.51,54.47,0.0,575025.95,2.87,12.74,504921.96,114892.07,0.0,1371.04,2.2,0.0,382
54.73,2007.22,1.67,47.53,39328.38,14296.71,78.84,8433.77,24549.38,2.47,55.21,12844.03,666496.92,1.96,0.0,0.0,156232.02,0.0,1143.62,2.2,0.1,380
55.2,2014.98,0.34,45.6,34534.52,14755.08,78.3,8383.42,24641.05,2.28,55.14,8038.9,120981.83,7.74,0.0,884386.46,165644.03,466.44,1041.71,2.2,0.1,381
54.84,2001.96,1.25,44.53,30720.04,17257.06,80.01,8475.28,24757.15,2.41,55.24,21268.15,775732.37,10.63,0.0,2671351.18,150032.98,525.75,792.6,2.1,0.1,382
56.56,1985.04,0.0,42.7,30935.71,17417.1,78.87,8297.8,24742.71,2.42,55.08,0.0,205349.02,11.5,0.0,2778655.46,181293.5,108.13,570.72,2.1,0.1,381
49.0,2015.69,1.59,43.53,35725.65,15149.45,78.53,8232.84,24794.92,2.67,55.32,15877.66,376888.22,10.53,12.95,2029760.55,145183.72,353.97,731.88,2.1,0.0,378
44.05,1994.47,1.54,43.5,28970.56,12230.37,78.04,8264.48,24843.22,2.89,55.38,16628.34,897658.46,12.71,0.0,2302839.91,105439.82,470.65,1002.7,2.1,0.0,378
41.12,1962.36,3.75,44.36,25707.22,11057.93,76.79,8112.96,24996.23,2.83,55.88,13199.47,469860.64,13.25,0.0,2155456.09,50679.42,0.0,853.74,2.1,0.0,379
31.83,1959.27,3.79,45.18,21204.81,12928.18,76.06,8072.77,24994.65,2.5,55.97,0.0,844268.52,10.65,0.0,0.0,26303.44,0.0,1259.28,2.1,0.0,381
32.59,1987.92,4.37,44.23,27568.1,14156.59,76.54,8063.29,25008.73,3.04,55.87,0.0,1695456.3,10.82,0.0,1206900.78,0.0,325.91,1475.57,2.1,0.0,379
36.26,2003.64,3.05,44.73,20747.69,15927.4,75.8,8059.05,25076.16,3.19,55.86,27227.75,1738438.72,13.02,0.0,1062133.93,661.09,226.29,1452.12,2.1,0.0,377
47.91,1988.15,3.78,44.6,22805.26,14910.74,75.78,8212.24,24445.27,3.03,55.64,84390.6,2045421.36,15.02,17.85,1031655.79,17856.53,817.21,1832.25,2.1,0.0,380
44.81,1995.56,4.94,44.59,19520.85,14173.57,75.34,7998.21,24333.74,2.6,55.7,80624.0,1949953.19,11.76,12.3,411329.7,37503.62,70.53,1623.19,2.1,0.1,381
45.7,1962.44,3.14,45.25,30532.11,14911.62,75.37,8078.27,24342.0,2.67,55.41,42999.56,1774984.16,13.93,33.9,0.0,27076.16,486.47,1903.17,2.2,0.1,383
47.49,1960.27,3.55,45.34,36707.8,12673.12,75.62,8430.72,24629.01,2.82,55.15,57121.38,2355234.07,10.49,41.53,0.0,5411.92,314.33,1697.77,2.1,0.0,381
49.34,1922.97,0.81,46.84,30784.59,12683.34,76.19,8102.87,24267.96,2.64,55.38,48095.1,2049130.77,8.15,53.25,1009078.93,115364.16,252.13,1969.46,2.1,0.0,376
47.99,1920.97,1.97,46.4,28047.39,16206.76,76.98,7701.02,24205.15,2.81,55.67,29931.09,1664643.21,7.18,65.76,0.0,30459.09,905.42,1396.86,2.2,0.0,376
49.93,1872.02,6.36,45.82,24315.2,14150.27,76.91,7846.96,23972.33,2.43,55.85,8282.74,434999.29,5.72,49.19,1347076.71,11562.66,673.93,1296.44,2.1,0.0,375
49.07,1897.28,7.75,45.11,22370.09,16681.21,76.12,7897.78,24373.99,2.49,55.66,2591.53,0.0,6.06,21.76,1727938.72,14673.62,750.9,1693.41,2.0,0.0,377
46.78,1933.09,6.65,45.46,23139.94,16652.49,75.95,7946.19,24254.74,2.35,55.64,3703.11,0.0,6.06,10.24,2558443.72,105581.97,1397.09,1904.25,2.0,0.0,374
43.14,1920.65,8.09,45.73,21057.67,13456.38,77.57,8106.45,24444.58,2.26,55.51,0.0,90602.7,10.02,0.0,2222883.74,106922.16,1188.21,1975.51,1.9,0.1,372
39.62,1916.07,6.79,46.13,24230.85,13835.17,76.0,8100.91,24418.66,2.65,55.49,10190.95,1305806.38,5.47,0.0,1223687.53,152502.39,1912.69,2206.37,1.9,0.1,373
44.47,1890.26,4.83,45.56,34985.93,13166.25,75.49,8186.23,24581.83,2.99,55.12,6228.05,1296584.82,5.51,25.71,1650176.31,134839.11,2265.46,2223.83,2.0,0.1,376
50.39,1888.53,5.08,47.23,36518.12,13270.27,76.51,8098.97,24173.77,2.74,55.4,19120.55,1194963.25,7.49,29.7,1332746.63,148710.48,1792.81,2085.85,2.0,0.0,375
50.34,1883.54,4.27,46.78,35427.53,11046.32,74.22,8208.21,24213.65,2.37,55.45,27807.64,886527.78,11.53,61.27,947652.78,117134.07,849.42,2203.13,2.0,0.0,372
53.61,1882.93,5.22,47.14,34763.84,10505.14,74.59,8040.66,24439.59,2.23,55.39,4105.03,900756.08,7.09,34.96,2377289.83,133985.74,967.51,2075.88,2.0,0.0,375
49.77,1937.87,5.4,47.74,42337.83,11923.44,73.95,8331.35,24767.67,1.79,55.31,11277.59,659332.07,2.75,10.71,889682.15,152265.96,1573.41,2237.74,2.0,0.0,378
48.96,1917.53,4.62,47.57,37099.6,13100.69,72.97,8270.33,24774.59,1.96,55.07,29058.55,769853.02,0.0,24.32,555963.33,114999.32,979.07,1620.76,2.0,0.0,379
53.15,1940.57,2.0,46.24,42357.84,11347.31,71.05,8655.5,24757.51,1.89,54.83,41389.86,993021.14,0.87,19.42,0.0,100768.8,1427.97,1243.59,2.0,0.0,381
48.75,1945.19,3.11,45.38,42611.29,11816.31,71.54,8454.18,24890.65,1.76,54.93,12926.06,856414.36,2.44,12.69,0.0,41981.06,186.82,1117.76,2.0,0.0,380
49.96,1910.64,4.74,45.45,36151.89,11600.41,71.89,8134.92,24935.03,2.16,54.97,35872.46,2368999.73,0.0,15.68,0.0,95668.36,342.31,766.16,2.0,0.1,381
52.48,1958.59,6.13,46.66,34839.96,8516.22,72.38,8014.48,24997.55,1.77,55.2,35569.67,2277821.87,1.64,16.18,0.0,126113.38,649.09,910.25,2.0,0.1,381
45.02,1923.78,5.84,44.42,33807.51,8043.34,72.65,8087.95,24492.98,2.0,55.05,0.0,1711815.66,2.4,6.95,0.0,116988.37,369.96,727.42,1.9,0.1,385
46.62,1937.65,4.89,44.13,32325.72,10436.17,73.88,8018.83,24450.71,2.04,55.24,12454.25,1453129.04,4.7,22.73,0.0,104035.61,285.1,341.83,1.9,0.1,387
51.01,1962.87,5.23,43.66,35110.9,8486.76,73.45,8288.61,24316.03,2.31,55.11,25189.13,363699.59,7.36,0.0,0.0,136189.74,300.42,231.77,2.0,0.1,385
50.42,1992.08,3.94,45.49,32336.59,8054.29,74.48,8439.92,23930.89,2.34,54.8,42550.38,1392299.99,7.68,0.0,655607.76,118267.26,277.71,81.03,2.0,0.1,379
50.58,1984.99,4.62,43.28,34855.92,9109.15,74.89,8070.47,23717.69,1.9,54.87,27191.07,1149135.3,2.86,0.0,0.0,56824.36,0.0,0.0,2.0,0.1,378
52.63,2003.09,6.28,44.13,34757.53,8253.73,75.05,8020.42,24086.7,2.04,54.85,60518.81,739543.06,2.43,54.96,248780.72,92744.96,816.59,0.0,2.0,0.1,383
58.31,2017.56,7.56,43.56,43068.49,7804.23,75.3,7906.73,24291.6,2.6,54.99,59852.05,612507.43,2.34,41.7,1351977.48,111462.43,578.7,58.31,2.2,0.1,386
54.8,2022.75,6.37,43.24,45416.42,7436.04,74.25,8104.92,24181.61,2.54,54.52,17554.13,704981.04,1.38,62.27,637437.65,93120.96,574.8,23.39,2.2,0.0,386
58.9,1993.0,6.76,43.95,46365.78,8540.78,75.42,8573.66,24322.69,2.65,54.59,0.0,0.0,0.0,63.3,491231.39,137938.51,0.0,71.91,2.2,0.0,386
59.19,1994.03,7.14,44.14,54970.67,10390.66,75.45,8371.89,24238.77,3.05,54.0,1608.12,37080.01,1.32,64.16,1481393.54,125053.95,27.23,404.12,2.3,0.0,388
57.03,1993.58,8.88,44.89,50245.25,11101.29,76.14,8593.23,24062.12,3.1,54.15,0.0,881234.25,0.51,43.39,802708.69,104371.03,0.0,106.33,2.2,0.0,385
57.74,1938.27,7.4,44.85,53328.48,11265.24,75.78,8525.53,23705.14,3.21,54.44,21565.2,2303653.75,0.0,2.4,1217843.69,80977.23,0.0,39.16,2.1,0.1,389
49.94,1903.99,6.05,44.18,46127.05,11486.29,75.25,8201.29,23569.62,3.54,54.43,7679.52,1098431.38,0.0,30.18,1498752.24,102070.87,0.0,0.0,2.1,0.1,387
53.58,1882.06,4.26,42.6,45809.28,12323.63,74.73,8046.47,24179.57,3.35,54.88,2784.98,685449.11,3.74,49.43,1333335.84,131510.45,1328.36,0.0,2.1,0.1,384
49.19,1937.04,1.94,43.56,39480.54,15494.04,74.49,8002.61,24519.96,3.48,55.04,23703.7,0.0,5.14,40.5,1443879.53,133373.86,629.52,228.67,2.1,0.0,383
49.51,1957.47,0.0,44.25,35701.06,16667.61,74.5,7971.79,24441.18,3.45,55.28,0.0,0.0,8.24,28.76,1541967.33,73637.83,0.0,0.0,2.0,0.1,385
41.74,1944.94,1.75,44.3,42783.1,17449.63,74.3,7978.18,24399.65,3.12,55.48,19667.01,324418.6,7.65,1.98,1714666.67,71500.67,1067.55,0.0,2.0,0.0,384
35.91,1979.78,3.76,44.29,35946.03,14641.36,73.79,8153.04,24210.47,3.56,55.8,16850.74,50830.52,5.01,46.13,1104243.25,98413.71,977.9,266.91,2.0,0.0,384
35.53,2011.06,2.96,43.82,42246.66,16503.94,75.16,7767.8,24257.81,3.45,55.53,22981.19,0.0,4.69,129.79,1220585.17,100766.96,1304.16,323.59,1.9,0.0,384
36.7,1953.03,5.53,44.17,48014.38,12719.03,76.22,7740.21,24521.07,3.4,55.57,31617.68,0.0,2.29,104.65,152530.85,72804.04,817.24,0.0,1.9,0.0,384
41.69,1949.16,4.22,44.68,30649.12,12858.14,76.58,8039.59,24367.96,2.7,54.79,43792.85,0.0,7.27,56.44,428070.29,125493.93,858.1,0.0,2.1,0.1,383
46.44,1973.99,5.26,43.28,32462.55,15455.65,76.68,8157.15,24236.27,2.46,54.41,57286.96,0.0,2.65,76.52,56154.81,80366.17,539.05,0.0,2.1,0.0,385
49.09,1959.69,5.05,43.13,32685.27,17757.03,76.02,8213.31,24090.24,2.64,54.57,83826.98,0.0,4.08,100.94,0.0,68084.41,613.72,0.0,2.1,0.0,384
48.84,1968.11,4.55,43.08,27949.29,17244.67,76.16,8164.42,23950.33,2.62,54.74,74735.61,1388928.19,1.75,85.53,583437.91,37390.05,1551.94,40.49,2.1,0.0,386
44.74,2009.64,4.98,44.14,24743.05,17408.72,75.15,8427.29,23722.61,2.67,54.68,22479.09,671744.87,2.68,53.34,134561.53,49403.92,1839.23,284.47,2.1,0.0,386
41.36,2010.91,3.61,44.99,26477.36,13595.02,75.84,8293.02,23673.39,2.93,54.68,34954.62,231236.39,4.4,53.96,453616.2,39926.63,2443.36,878.19,2.0,0.0,383
44.88,1957.8,4.41,44.13,24919.14,13090.7,75.07,8139.82,23675.13,2.86,54.82,78832.98,0.0,4.08,69.2,0.0,0.0,1175.13,76.32,2.1,0.0,384
49.82,1944.32,7.68,44.68,25565.58,15099.08,75.52,8439.97,24054.17,2.74,54.89,43172.69,0.0,5.68,86.86,0.0,0.0,1086.6,152.24,2.2,0.0,383
52.64,1938.8,6.64,44.15,27676.04,14774.36,75.92,8489.11,23468.35,2.27,54.78,62621.29,0.0,5.82,92.71,427523.98,0.0,405.1,0.0,2.3,0.0,387
48.92,1976.21,5.79,44.3,26818.48,13386.18,75.03,8447.32,23461.0,2.37,54.59,71974.08,0.0,9.27,81.08,371867.21,61512.08,154.49,0.0,2.2,0.0,385
52.41,1973.9,6.86,45.24,24935.12,12431.37,74.71,8421.9,23648.85,2.54,54.64,43348.37,0.0,9.25,55.87,756635.87,77742.93,963.08,0.0,2.2,0.0,383
48.21,1986.48,9.08,45.89,31009.07,11660.31,73.74,8347.43,23606.7,2.33,54.75,5722.08,547606.61,6.82,49.9,783350.67,53732.95,1515.26,0.0,2.2,0.0,385
49.43,2006.26,8.36,46.07,36718.78,12280.53,74.91,8409.34,23547.92,2.3,55.02,0.0,992924.27,4.84,13.0,876158.13,24994.71,1059.69,0.0,2.2,0.0,385
53.81,2014.94,10.35,48.2,34484.94,10834.7,74.63,8412.69,24121.34,2.26,55.09,0.0,688134.04,0.92,0.0,1707556.76,63586.9,774.16,378.63,2.1,0.0,385
58.58,2013.25,10.34,47.26,35415.65,13425.42,73.35,8629.99,24095.51,1.95,55.01,34091.7,347716.19,1.58,0.0,335710.03,19936.38,1227.44,344.62,2.1,0.1,383
63.88,1992.28,10.94,48.02,35191.17,13734.75,73.78,8599.63,24035.59,1.94,54.91,61176.79,0.0,0.04,0.0,211693.02,31836.52,424.05,659.41,2.1,0.1,382
58.87,1980.22,10.18,48.34,34253.21,14461.97,73.56,8609.83,24014.35,2.12,54.46,64942.26,375826.23,1.43,0.0,0.0,374.78,586.08,809.73,2.0,0.2,385
58.22,1988.31,7.17,47.32,27477.29,13072.38,74.12,8717.48,24216.93,2.27,54.68,13456.6,0.0,0.67,18.85,0.0,0.0,209.4,429.17,1.9,0.3,387
48.94,1934.78,5.8,45.4,40275.73,12061.37,74.47,8543.09,23975.06,2.61,54.9,9981.21,1480302.57,1.2,7.92,1324405.71,18711.65,1057.07,391.33,1.8,0.2,389
46.78,1946.59,7.27,45.59,34602.64,12452.44,74.57,8415.44,23723.58,2.53,54.89,0.0,759767.19,0.0,0.0,1284511.83,28661.36,683.97,0.0,1.9,0.2,388
47.55,1965.59,6.85,44.56,33809.26,12182.79,74.52,8579.26,23548.37,2.61,54.57,0.0,1641545.91,1.21,7.69,85178.45,20254.12,0.0,50.92,1.8,0.2,387
43.01,1976.16,9.46,44.46,37988.0,9249.71,74.89,8412.23,23596.04,2.78,54.57,0.0,2363104.73,0.0,0.0,231092.27,26421.75,274.97,124.86,1.9,0.2,384
33.44,1979.06,10.83,43.23,31685.25,10640.84,75.23,8626.69,24039.05,2.83,54.39,0.0,1734688.49,2.72,0.0,898762.82,0.0,437.8,0.0,1.9,0.2,385
34.25,1976.87,11.1,43.44,31986.0,12464.33,75.07,8238.56,23949.48,2.3,54.42,12526.05,1601222.54,5.99,36.38,1006532.55,0.0,769.62,0.0,2.0,0.2,386
38.8,2038.64,10.94,42.33,37413.41,12132.22,76.06,8567.7,24124.7,2.02,54.38,46073.45,2611724.36,5.27,27.46,160907.89,0.0,830.88,262.82,1.9,0.2,388
43.2,2071.73,10.58,43.18,38325.04,14678.54,76.26,8410.73,24231.83,2.24,54.42,66208.47,2326847.83,6.34,39.95,0.0,0.0,405.65,236.5,2.0,0.2,388
47.94,2046.87,9.23,44.65,40232.86,13803.26,75.68,8406.91,24303.13,2.64,54.65,30484.57,1558369.42,6.21,41.18,0.0,41866.88,0.0,347.23,1.9,0.2,387
51.45,2024.89,10.44,42.73,43443.91,12989.95,75.81,8473.58,24000.87,2.91,54.8,29104.09,1607602.65,5.62,59.93,0.0,69722.02,347.63,279.23,2.0,0.2,387
53.72,2013.75,11.3,43.1,45866.66,11571.0,74.21,8527.19,23956.48,2.83,54.22,69643.56,1481182.19,8.3,18.89,139468.3,78105.36,422.43,350.94,1.9,0.2,384
50.73,2007.47,9.93,43.12,49480.84,11806.53,73.95,8462.01,23765.41,2.85,54.52,67579.17,1333009.86,8.64,5.46,219270.53,120579.72,270.52,531.46,1.9,0.1,385
48.23,2013.0,8.39,43.76,47474.29,12430.24,74.26,8320.7,23591.45,2.85,54.89,72916.51,1453265.73,6.01,12.98,0.0,91682.86,469.23,0.0,2.0,0.0,389
45.14,1984.05,7.39,43.52,42020.17,12197.87,74.38,8123.31,23866.49,3.2,54.39,110960.42,1750537.94,5.79,0.0,183801.64,114251.51,1772.32,739.06,1.9,0.0,388
51.54,1979.58,6.06,43.85,38505.71,14145.02,76.29,8336.5,24123.49,3.45,54.6,83925.89,1359962.08,7.82,10.96,0.0,148122.05,1176.24,307.17,1.9,0.0,389
52.47,1963.33,4.85,44.92,37012.38,14779.96,75.92,8388.93,24223.81,3.98,54.77,61245.58,1313294.8,4.15,0.0,890254.34,141057.83,1622.68,0.0,1.9,0.0,386
46.34,1935.76,4.48,45.43,44972.91,13117.3,74.93,8064.67,24347.61,3.82,54.55,30287.67,1094013.79,3.36,0.0,947413.37,75100.72,1463.46,0.0,1.9,0.1,385
47.0,1888.58,7.29,43.4,42559.74,9339.82,74.22,8460.47,24573.29,3.91,54.57,69340.63,1136257.24,4.68,71.26,1591612.75,65802.77,1560.42,487.46,1.9,0.1,387
58.02,1876.02,7.94,44.19,38962.52,9133.55,75.58,8215.81,24227.0,3.58,54.16,36771.82,386699.35,4.21,101.11,1043634.98,91099.23,1764.09,0.0,1.9,0.1,387
59.29,1898.68,6.33,43.68,30199.35,10086.23,75.14,8335.49,24376.41,3.36,54.36,25683.64,0.0,1.48,31.49,704077.28,60560.89,1007.63,300.64,1.9,0.1,388
58.0,1908.91,7.31,44.66,35670.64,10722.17,74.27,8374.94,24234.71,3.43,54.53,23298.09,0.0,3.9,53.97,307995.54,11954.05,1006.33,673.31,1.8,0.1,385
52.72,1942.45,7.89,44.59,39106.59,12411.84,73.15,8376.27,24533.82,3.45,53.91,0.0,649119.83,1.85,78.12,1671538.59,5974.15,603.83,290.0,1.9,0.1,384
47.85,1935.04,6.55,42.55,33714.68,13947.09,74.43,8337.17,24497.46,3.41,54.59,0.0,0.0,1.45,80.06,1474165.27,0.0,1018.22,241.4,1.9,0.2,381
41.19,1955.03,3.6,42.54,30496.63,14641.51,73.92,8430.07,24234.62,2.98,54.66,2885.1,229039.34,5.13,104.37,1622740.94,33179.36,1056.96,620.91,1.9,0.1,380
47.38,1952.3,6.46,41.76,37067.06,13989.08,74.34,8131.08,23848.65,3.33,54.6,28518.24,0.0,6.97,81.33,664888.28,55569.71,1433.48,771.33,1.9,0.0,378
44.99,1948.0,7.83,42.17,25507.72,10013.95,73.83,8043.07,23982.9,2.85,54.29,36299.75,852053.69,0.76,53.04,1365110.33,84826.26,811.92,1065.08,1.9,0.0,377
47.06,1920.45,6.71,42.33,27152.81,14532.81,75.96,7994.69,24333.85,2.53,54.5,12907.39,505859.31,7.66,38.76,811590.49,40716.22,362.35,490.26,1.9,0.0,378
47.57,1912.79,5.61,42.95,27572.73,13565.95,75.53,8359.68,24735.53,2.5,54.38,9948.16,1163112.97,6.4,45.6,336081.64,0.0,750.91,517.97,1.9,0.0,382
49.09,1873.62,6.9,42.91,28348.42,12993.88,75.31,8335.53,24309.91,2.76,54.51,20320.26,1529938.69,5.77,50.8,0.0,0.0,740.57,538.61,1.9,0.1,382
50.84,1889.48,6.33,43.05,24847.91,13077.68,75.02,8293.05,23932.99,2.72,54.35,15755.17,696016.33,5.04,39.16,0.0,14625.23,878.03,481.09,1.9,0.1,383
50.66,1875.09,5.09,44.66,33924.39,14461.01,74.49,8589.74,24108.73,2.81,54.93,0.0,1107143.44,2.15,21.34,1772380.26,34656.86,1736.81,621.55,1.9,0.1,385
50.78,1891.29,4.77,44.65,33718.84,14703.85,74.47,8213.05,24243.23,2.76,54.07,0.0,709198.15,5.2,37.25,1133434.22,26957.22,2091.87,370.5,1.9,0.1,387
48.28,1915.79,4.8,44.12,39383.69,13666.76,75.08,8235.25,24207.01,2.6,53.95,0.0,347581.98,4.67,4.61,939607.53,41699.75,1498.63,590.59,2.0,0.0,385
43.12,1934.92,5.05,42.56,34903.03,14321.79,75.09,8494.77,23969.84,2.62,53.84,3013.43,238903.96,4.69,0.0,1371035.42,14249.54,822.2,612.95,2.1,0.0,382
45.22,1969.72,5.51,42.32,36569.19,15207.3,74.48,8634.17,24003.71,2.17,53.98,0.0,1037544.38,0.49,0.0,1408271.64,102719.03,1742.59,545.58,2.1,0.0,380
46.09,2005.33,5.67,44.9,33564.5,15003.9,74.43,8304.65,24272.81,2.16,54.2,0.0,1968395.85,3.67,5.06,473642.56,118155.78,2085.93,206.61,2.1,0.0,383
46.17,2025.22,4.57,43.82,42636.29,12896.99,73.86,8464.17,24156.68,2.09,54.27,0.0,2397104.74,3.59,0.0,0.0,56022.87,1029.89,287.22,2.1,0.0,384
49.46,2057.29,6.3,45.09,42205.54,14319.25,73.64,8387.79,24532.52,2.04,54.21,0.0,1760183.81,1.84,9.77,254519.09,84427.14,2036.5,165.52,2.1,0.0,381
49.05,2056.26,6.82,45.8,47050.41,17084.74,73.59,8200.42,24627.25,2.38,54.37,0.0,1245867.89,1.46,29.52,0.0,47489.78,2092.4,0.0,2.1,0.0,381
46.65,2088.84,7.14,45.17,46438.25,19635.38,73.8,8533.26,24327.93,2.21,53.9,52151.98,90529.05,1.7,73.11,708586.97,58093.88,2484.04,0.0,2.1,0.0,381
48.06,2101.82,8.99,44.91,38670.16,17612.64,75.46,8805.11,24085.4,2.72,53.88,61946.39,0.0,7.15,51.13,0.0,37394.81,3493.45,122.23,2.0,0.0,377
50.7,2048.96,9.94,45.84,37114.84,19142.04,76.06,8757.22,23947.35,2.82,54.15,65711.01,99414.65,6.95,54.76,963579.31,0.0,2524.68,166.91,2.0,0.0,375
46.76,2091.24,8.94,44.49,35717.24,20126.43,76.79,8375.58,23830.23,2.86,54.27,13823.66,0.0,3.1,4.83,595115.58,46918.76,1870.26,526.54,2.0,0.0,373
52.19,2075.97,6.22,45.04,32114.37,19422.17,76.64,8615.23,23654.78,2.99,54.73,78249.63,681371.49,3.59,14.71,1593366.55,33964.19,2049.92,1187.31,2.0,0.0,373
53.19,2037.88,5.62,44.76,34916.92,17231.68,75.87,8859.24,23641.62,3.14,54.77,66015.37,1073801.64,0.0,27.42,1790036.41,63442.13,1612.91,1048.4,1.9,0.0,375
58.9,2076.16,5.11,45.8,33683.68,14310.95,76.16,9156.04,23651.61,2.83,54.83,52990.92,2529813.71,2.66,30.18,0.0,53115.84,2362.98,955.73,2.0,0.0,375
64.67,2065.06,4.18,45.76,40675.15,12044.05,76.13,9037.97,23415.96,3.02,54.92,68294.03,2884791.31,2.12,15.02,0.0,26462.8,2073.55,543.65,2.0,0.0,372
60.2,2055.51,2.64,44.73,36112.44,11666.84,76.13,9056.5,23440.21,2.69,54.97,71798.42,3471763.36,4.83,0.0,0.0,43070.44,1393.99,389.12,2.0,0.0,373
56.08,2004.46,2.62,44.73,27954.53,12210.41,76.21,8792.03,23645.81,2.77,54.89,50184.43,2803828.65,1.85,12.39,0.0,13045.64,1494.75,292.46,2.0,0.0,373
62.23,1952.23,5.4,45.11,25796.09,12273.59,76.94,8233.14,24033.8,2.83,55.17,0.0,2298883.5,0.0,44.73,0.0,0.0,356.14,429.53,2.0,0.0,375
57.29,1908.41,4.89,46.93,31643.25,13369.99,76.77,8161.42,24220.42,2.96,55.13,5355.69,1043154.35,0.0,11.08,0.0,21080.53,0.0,649.43,2.1,0.0,375
60.57,1932.05,6.58,45.52,30323.42,13236.88,76.61,8308.69,24253.01,3.27,55.01,0.0,539551.29,0.0,1.33,0.0,14130.21,176.27,443.77,2.1,0.0,371
63.24,1961.89,8.07,46.19,30543.66,13060.73,75.04,8333.32,23948.92,3.83,54.74,0.0,1413931.33,0.0,0.0,0.0,0.0,492.04,950.48,2.0,0.0,378
63.71,1988.67,6.62,47.75,27183.44,11947.67,76.14,8188.92,23992.42,4.09,54.53,0.0,887965.65,0.0,4.58,949233.62,62894.78,556.2,614.88,2.0,0.0,379
57.5,1943.13,6.4,46.23,25154.55,14716.43,75.85,8433.68,24092.57,4.04,54.46,30478.77,993177.06,0.0,15.4,415436.35,47285.33,504.44,393.78,2.1,0.0,384
56.77,1940.83,5.55,46.56,30702.41,10715.94,75.66,7989.52,24322.18,4.1,54.55,31507.96,38895.55,0.0,1.0,135368.61,75611.74,1133.56,568.73,2.1,0.0,384
57.1,1939.24,4.62,47.05,34495.71,9253.03,75.19,8194.82,24518.78,3.91,54.71,33545.48,657317.19,0.0,11.27,0.0,107392.12,490.2,652.9,2.0,0.0,385
57.14,1995.35,3.77,47.8,40060.77,11546.84,74.56,8155.98,24349.89,3.65,54.54,19058.24,1490776.4,0.0,15.86,0.0,95050.92,892.36,750.3,2.1,0.0,383
54.48,2031.56,4.41,45.89,44383.79,12205.8,75.27,8506.07,24128.02,3.92,54.59,5409.29,1411925.08,0.0,16.54,0.0,51625.22,492.58,1040.26,2.1,0.0,384
57.09,2022.13,2.87,43.04,37882.9,14258.82,75.93,8302.24,24095.72,3.92,54.61,29371.84,1193861.69,1.28,9.38,0.0,89772.72,0.0,731.72,2.1,0.0,382
56.66,1977.64,3.84,45.37,26951.95,13188.26,76.38,8916.98,24241.89,3.55,54.63,0.0,1549587.66,3.85,47.51,0.0,51799.12,812.15,1101.97,2.0,0.0,384
54.74,1977.18,2.07,44.15,27198.19,12323.51,75.2,8753.05,24057.31,3.43,54.95,0.0,1113682.04,6.1,62.71,595641.86,0.0,524.13,793.1,2.0,0.1,383
48.4,1982.43,2.54,43.33,33070.96,13531.76,75.53,8781.89,24314.92,3.28,54.63,0.0,5893.67,2.4,98.29,0.0,0.0,842.14,988.84,1.9,0.1,382
50.12,1972.45,1.11,43.11,36061.04,16791.52,75.69,8622.04,24055.73,3.15,54.58,8166.04,21281.16,3.31,77.92,1189935.44,25131.61,419.53,1199.26,1.9,0.0,380
55.71,1967.22,0.88,43.62,38175.2,19002.04,74.34,8834.75,23648.36,3.32,54.95,39057.09,411205.47,0.01,88.91,390260.37,0.0,186.4,941.45,1.9,0.0,381
49.3,1968.51,1.18,44.99,42894.57,18100.93,72.83,8438.7,23974.51,3.19,55.42,56928.73,554557.32,0.36,49.76,0.0,19154.08,44.21,988.81,2.0,0.0,380
45.81,1990.57,2.82,47.42,42119.16,17450.87,73.46,8352.03,23828.4,3.14,55.48,62305.64,789673.56,3.11,59.18,251627.95,0.0,220.87,824.94,1.9,0.0,381
48.32,2001.97,3.37,46.84,49593.88,17285.29,71.62,7827.49,24144.65,2.59,55.26,21048.64,541815.59,3.67,36.88,0.0,30321.18,1572.27,912.82,1.9,0.0,385
53.08,1956.37,4.38,46.12,47178.76,16319.01,72.65,7818.81,24458.32,2.61,55.16,33063.46,726761.3,4.71,31.51,945579.77,65405.32,1389.75,1077.66,1.9,0.0,386
53.76,1936.66,2.9,46.33,41162.17,17755.15,71.74,8163.36,24436.92,2.4,55.02,22854.01,959408.24,0.78,5.83,667358.35,58800.75,1601.52,1041.01,1.9,0.0,386
52.27,1944.57,0.34,47.2,42541.18,19677.0,71.53,8299.09,24006.59,1.98,54.96,4296.41,1495537.21,3.77,41.36,1032365.78,77152.55,775.52,1370.9,2.0,0.0,386
49.79,1996.95,0.0,47.02,41865.29,18858.93,73.68,8650.37,23697.15,2.21,54.96,25738.55,1450889.84,1.07,12.19,690479.67,65581.71,816.32,1022.07,2.1,0.0,387
49.36,1965.43,2.0,45.69,30014.09,19141.76,73.22,8522.2,23925.43,2.04,54.54,54108.41,1250317.33,4.23,29.95,1089691.57,65877.86,835.24,1270.11,2.1,0.0,387
47.02,1957.73,3.27,44.95,31021.44,19088.99,73.15,8635.33,23880.62,2.39,54.65,50656.84,575874.39,2.99,34.01,1669563.42,48821.9,1283.33,877.29,2.1,0.0,389
53.21,1966.95,2.85,43.36,33055.39,18771.41,74.04,8270.86,23964.96,2.55,54.46,46239.58,105617.75,0.37,18.91,1320681.9,89995.67,988.34,514.58,2.1,0.1,390
58.5,1972.32,3.43,42.89,39995.45,18027.84,73.88,8187.23,24140.97,2.59,54.59,30867.75,22892.83,0.0,56.0,22804.48,96789.02,1447.43,0.0,2.1,0.1,387
58.45,1947.28,3.76,44.65,47408.73,17944.82,72.98,8133.54,23774.38,2.53,54.91,0.0,0.0,0.0,97.05,354558.93,116912.1,1437.13,282.06,2.1,0.1,385
53.44,1996.86,5.11,42.34,43804.36,18128.45,74.54,7920.97,23934.67,2.45,54.61,35549.54,0.0,2.56,45.28,56874.04,124086.34,1641.93,418.3,2.1,0.1,387
54.51,2012.03,5.63,43.33,36878.32,16138.84,74.11,8081.02,23857.05,2.41,54.65,67674.69,413472.37,0.0,46.15,0.0,101629.85,1455.47,754.13,2.0,0.1,387
53.03,1988.77,4.56,43.17,39868.27,15369.51,74.1,7864.89,23815.16,2.51,54.26,85157.14,47978.96,4.65,53.54,0.0,100589.28,1136.54,772.64,2.1,0.1,386
46.92,2008.79,5.37,44.76,37914.5,15748.25,73.98,7943.27,23560.37,2.63,54.47,59224.62,456575.51,6.26,84.89,0.0,113685.15,1699.13,583.73,2.2,0.0,386
40.37,1953.64,3.25,46.39,33023.49,14382.12,74.39,7834.91,23916.83,3.13,53.97,64156.25,0.0,1.74,87.94,0.0,110243.78,1519.4,8.85,2.2,0.0,385
39.25,1966.21,1.8,45.14,34464.27,16070.59,74.04,7995.79,24009.11,3.17,53.94,50713.85,29097.88,5.44,50.08,0.0,205019.42,1506.55,221.72,2.2,0.0,386
44.19,1996.31,2.56,46.34,43709.79,16187.41,74.5,7914.06,24009.62,3.19,54.0,45654.67,281427.98,8.63,24.05,349183.73,157014.14,1725.73,497.51,2.3,0.0,386
48.49,2009.56,0.0,45.44,44819.83,15645.54,75.15,8186.34,23999.81,3.28,54.53,65745.04,0.0,6.86,24.71,0.0,175938.89,1201.67,429.51,2.3,0.0,385
50.23,1992.71,2.88,44.44,31136.79,16848.73,74.78,8028.03,24117.34,3.3,54.4,87257.01,568831.28,11.04,12.85,177052.19,162175.18,916.32,532.88,2.3,0.0,384
49.45,1974.21,2.23,44.5,38964.6,19761.62,75.79,7965.89,24222.26,2.67,54.45,64046.37,1659438.74,10.07,15.79,180978.69,131774.26,1105.99,280.42,2.3,0.1,384
48.35,1971.45,4.32,44.78,34764.86,20293.13,75.05,7961.64,24273.82,2.46,54.06,66389.44,148256.06,6.13,36.9,502386.97,110676.12,548.76,139.72,2.3,0.1,381
45.08,1959.63,4.97,44.98,27942.35,21595.77,74.39,8100.14,24069.74,3.15,54.55,36145.72,231085.72,2.51,25.83,778028.07,128526.1,0.0,0.0,2.3,0.2,379
49.88,1928.49,4.62,43.79,26435.4,23591.51,74.37,8065.52,23976.88,3.01,54.41,34439.23,228903.05,0.93,11.58,855705.33,87529.44,0.0,0.0,2.1,0.2,376
42.71,1958.15,3.22,41.77,34053.75,21262.29,75.36,7902.65,23670.66,2.88,54.18,40033.12,652035.2,3.25,5.45,1702830.17,45605.58,127.02,0.0,2.2,0.2,377
44.74,2000.23,2.51,40.09,28761.29,19635.69,76.32,8175.32,23747.43,2.97,54.11,89150.3,1333654.94,2.91,6.32,1980102.95,41027.42,0.0,528.7,2.2,0.2,377
45.69,1925.9,1.43,42.81,31843.8,15828.5,75.4,7783.15,23657.48,2.89,54.67,96568.96,1004455.59,1.81,0.0,2469397.27,82328.85,0.0,0.0,2.2,0.2,378
39.53,1913.52,1.9,42.34,36202.79,18624.95,74.85,8042.86,23670.21,2.61,54.53,102440.71,521075.19,0.37,0.0,2587605.54,90627.88,792.04,229.46,2.2,0.2,378
41.67,1946.37,1.3,44.65,38785.37,21243.15,73.88,7828.53,23834.68,2.66,54.48,53752.77,334387.32,0.9,0.0,2006907.05,94980.41,1129.31,142.65,2.1,0.2,378
36.98,1937.9,1.1,44.78,33977.5,19407.74,73.84,8028.58,23915.65,3.37,54.23,69814.96,289434.91,0.0,0.0,793793.25,87984.46,865.87,0.0,2.0,0.2,378
39.92,1947.22,1.88,44.51,41384.72,22248.54,75.09,8068.63,23954.9,3.56,54.14,104503.0,772604.38,0.0,10.78,1158746.84,63836.53,1316.25,445.52,2.0,0.1,378
36.77,1906.57,1.81,43.59,48973.05,20408.08,75.38,7965.78,24373.82,3.38,53.94,106593.55,864307.8,3.18,8.8,1130422.18,4784.09,1598.94,437.74,2.0,0.1,378
42.37,1891.55,3.35,42.11,36598.17,21794.1,74.45,8033.02,24297.89,3.37,54.12,118188.57,0.0,4.47,9.74,36527.54,0.0,611.12,0.0,2.0,0.1,379
49.0,1905.17,5.75,44.17,31014.18,20854.99,73.9,8037.36,24639.23,3.1,53.94,71072.47,0.0,13.67,49.51,0.0,3025.1,262.3,354.02,1.9,0.0,378
46.41,1931.9,5.23,45.44,26980.78,21312.73,73.08,8201.11,24474.62,3.27,53.45,39893.39,752586.51,11.1,2.15,0.0,20559.05,0.0,710.75,2.0,0.0,381
44.94,1976.64,6.7,45.29,19385.84,16593.34,74.09,7871.28,24245.91,3.31,53.34,98139.74,834104.21,13.33,32.06,0.0,48337.74,51.38,623.2,2.0,0.1,385
40.89,1977.53,8.4,45.07,22270.1,16665.52,75.83,8088.09,24681.94,3.68,53.53,91453.18,1991545.78,8.33,50.29,578139.82,35528.38,0.0,491.07,2.0,0.2,386
37.17,2015.91,9.56,44.85,20344.07,14948.24,76.49,7718.68,24847.81,3.41,53.83,0.0,681492.78,5.3,22.99,1061241.7,45319.0,1033.22,620.37,2.0,0.2,384
37.06,2008.93,11.12,46.07,27255.18,18022.09,76.99,7541.84,24870.68,3.73,53.6,0.0,0.0,4.85,52.14,1853010.1,36252.4,1270.71,85.98,1.9,0.2,377
36.28,2020.77,10.55,42.87,30606.44,16175.44,76.72,7518.89,24630.84,3.1,53.72,32672.22,0.0,3.14,29.88,811279.32,0.0,1251.17,897.52,2.0,0.2,382
40.39,2041.31,10.05,43.74,23580.34,15477.05,75.96,7501.29,24430.88,3.42,53.81,24078.55,1410029.28,4.72,29.17,1455069.88,0.0,909.2,686.41,2.0,0.2,380
43.62,2046.38,8.71,43.8,18994.56,12988.68,74.84,7767.76,24513.07,3.82,54.0,21940.84,1452710.96,1.2,51.47,1561155.54,0.0,1019.44,864.7,1.9,0.2,379
32.01,2060.38,10.02,42.81,12370.06,15356.65,74.31,8125.79,24095.13,4.02,54.43,32999.77,85016.87,0.08,73.09,301718.29,0.0,1125.62,403.87,2.0,0.2,380
36.62,2032.44,10.12,42.54,14265.75,14492.77,75.49,8401.08,23906.03,4.18,54.31,76964.88,1066276.98,5.85,73.19,148627.26,0.0,1205.17,58.46,1.9,0.1,380
41.04,2033.38,9.59,44.24,12426.66,13474.61,77.02,7709.87,24192.54,4.1,54.41,89136.59,1389189.25,1.13,40.88,0.0,0.0,1079.55,292.32,2.0,0.1,379
43.42,2021.65,10.02,44.36,19859.51,13258.08,77.67,7830.62,24074.29,3.81,54.69,42408.39,1155156.74,3.79,51.54,0.0,15406.69,301.48,347.07,2.1,0.1,377
43.74,2018.88,10.79,45.68,16075.46,12974.99,77.52,7768.4,24204.77,3.28,54.81,63217.96,1066257.98,3.69,68.97,0.0,39590.62,300.38,44.01,2.1,0.2,380
48.52,2024.84,10.47,45.53,15037.04,9981.7,75.84,7846.03,23941.72,3.31,55.3,0.0,375206.99,8.9,83.53,2285.45,18978.22,609.75,389.16,2.0,0.2,381
52.73,2043.44,10.12,45.99,20180.63,10137.9,76.16,7854.25,23987.21,3.63,55.24,11003.52,266150.32,6.61,123.9,0.0,22292.91,0.0,770.42,2.0,0.1,377
58.95,1997.3,10.06,46.91,33007.97,9963.82,75.24,7825.89,23901.77,2.99,55.64,0.0,182506.75,7.28,144.34,0.0,36010.32,0.0,800.43,2.0,0.1,378
58.76,1990.9,9.07,45.19,27244.09,9716.35,74.35,7771.02,23937.07,2.97,55.69,4244.25,278515.88,7.6,102.81,0.0,21596.17,0.0,159.51,2.0,0.0,382
58.25,1948.06,9.41,45.25,29398.89,9690.37,73.64,7537.27,23712.99,2.57,55.49,2360.4,0.0,8.85,94.58,1658268.37,8206.48,1183.7,412.85,1.9,0.0,383
49.91,1927.6,6.64,47.6,35353.82,9918.89,74.98,7911.55,24068.76,2.44,55.34,0.0,0.0,5.39,56.5,2222762.23,35239.2,621.4,691.89,1.9,0.0,386
51.3,1980.63,7.21,47.97,29313.95,9768.44,76.07,8209.47,24019.55,2.12,55.72,28206.53,0.0,1.57,98.49,1633364.54,16779.91,245.08,740.66,1.8,0.0,382
45.44,1942.91,5.12,48.36,33362.32,10263.84,75.35,8509.02,24199.64,1.9,55.71,31962.67,482828.71,8.58,66.36,1825118.04,71939.16,1132.87,726.24,1.8,0.0,384
47.65,1950.2,5.54,48.98,35903.11,11553.11,74.76,8691.52,24084.67,2.28,55.5,42805.4,1519942.58,9.04,96.2,1384195.65,68881.54,843.92,126.27,1.9,0.0,385
53.21,1923.11,3.64,49.78,34914.36,12377.47,73.57,8937.8,24250.02,2.19,55.97,584.13,1146447.67,10.29,114.83,277755.07,52742.03,1152.31,616.8,2.0,0.0,385
52.1,1943.12,5.84,48.89,33038.41,14548.54,74.56,8731.61,23971.25,1.81,55.86,0.0,1563929.28,4.23,142.45,91530.43,20636.77,766.52,287.12,2.1,0.0,385
46.93,1945.55,4.71,45.49,29297.36,15540.54,74.23,8631.13,24231.53,2.17,56.25,0.0,876303.9,6.0,135.69,217802.31,266.52,825.05,337.01,2.0,0.0,383
50.98,1958.15,7.46,45.47,24087.04,11494.31,73.54,8655.79,24366.77,2.09,55.95,1954.14,1024773.88,7.79,103.88,0.0,76767.89,1658.57,156.39,2.1,0.1,386
47.8,1962.53,4.76,44.41,25151.7,12335.25,73.14,8017.42,24389.15,2.38,56.01,0.0,842035.45,7.28,102.33,14167.53,0.0,2172.64,23.66,2.0,0.1,386
45.73,1949.28,4.4,44.94,22055.64,13236.03,72.27,8477.29,24593.34,2.35,55.94,0.0,1104639.42,8.42,97.36,675701.49,4051.64,1855.2,0.0,2.0,0.0,386
47.74,1987.64,5.33,43.09,20115.62,12378.79,72.04,8649.18,24076.68,2.78,56.07,5004.69,1200358.03,7.36,90.39,1384153.37,0.0,1938.67,0.0,2.0,0.0,386
44.62,1996.67,5.27,45.14,23176.16,13519.25,72.07,8657.38,24201.67,2.67,55.79,0.0,1026726.02,4.54,87.87,736091.46,0.0,1231.23,404.51,2.0,0.0,387
52.88,1994.66,3.25,46.45,17525.97,12924.61,73.39,8527.95,24087.45,2.75,55.68,0.0,1450974.56,7.1,113.76,1060699.35,0.0,474.07,0.0,2.1,0.0,385
44.57,1959.65,1.16,47.86,22898.39,11139.86,74.86,8336.41,24184.54,2.84,55.55,0.0,1305737.04,5.31,106.64,1165084.12,0.0,1016.89,0.0,2.1,0.0,383
44.36,1943.65,2.68,47.38,31209.87,10183.12,73.08,8408.94,24556.45,2.95,55.22,0.0,2376650.12,3.52,68.26,1841923.93,0.0,0.0,704.24,2.1,0.0,386
40.99,1918.26,1.87,49.19,41726.87,10007.5,74.65,7905.51,24702.2,3.27,55.58,2137.49,2411613.97,1.11,62.24,1533643.7,0.0,630.75,706.27,2.2,0.0,390
47.53,1923.59,2.62,47.7,41041.6,9171.45,75.69,7887.1,24708.42,2.58,55.43,0.0,2654109.11,2.33,82.52,1667447.79,48205.26,806.65,199.82,2.2,0.0,382
43.81,1984.18,2.65,47.23,28519.91,7884.43,75.9,7845.92,24405.12,2.94,55.18,0.0,2332278.2,0.0,52.84,1452594.66,22316.31,0.0,387.26,2.2,0.0,383
43.33,1931.59,4.27,46.84,29768.66,8751.52,75.56,7938.77,24414.93,3.24,55.27,31101.14,2938127.62,0.0,81.13,1735826.43,40696.41,557.7,283.62,2.2,0.0,380
46.65,1935.38,4.42,45.75,32056.32,8982.82,75.38,7885.22,24220.3,3.1,55.54,14090.59,2473505.87,0.0,56.24,2352377.13,0.0,490.57,10.71,2.2,0.0,383
50.3,1942.57,5.57,46.6,27345.04,11075.01,75.49,8045.39,24137.99,2.82,55.18,0.0,1729164.26,6.43,72.41,2282366.49,38589.67,345.57,0.0,2.2,0.0,381
50.3,1948.23,7.33,47.53,20414.83,11166.21,74.48,7528.79,24172.29,2.95,55.18,11619.8,1321098.52,2.77,55.74,2907958.12,50469.09,0.0,80.56,2.2,0.0,384
44.23,1954.66,6.56,47.85,17773.37,10339.6,74.49,7445.06,24237.72,2.38,55.46,0.0,1717456.12,0.83,13.88,2657768.56,78797.44,642.76,467.04,2.1,0.0,380
45.53,1965.72,5.86,45.48,16831.38,14020.67,74.81,7465.98,24205.14,2.53,54.98,0.0,1070422.88,0.0,61.25,2380311.61,52838.55,634.3,0.0,2.0,0.0,378
51.42,1983.59,4.14,44.08,12632.64,13840.26,74.93,7673.59,23997.23,2.51,54.97,31638.46,1426122.52,0.0,7.46,2025976.54,26480.79,114.86,0.0,2.0,0.0,382
48.36,1998.07,3.41,42.62,14748.47,12000.23,75.0,7757.05,23887.89,2.57,55.25,24108.93,827361.27,1.06,21.2,1611368.09,75812.76,6.33,514.22,2.0,0.0,382
49.83,1940.34,6.64,43.38,22483.03,10240.77,75.07,7795.5,23718.47,2.93,55.25,19178.1,1129900.38,0.0,25.72,1503608.58,73528.79,582.09,340.55,2.0,0.0,381
54.52,1942.78,7.83,43.97,19403.68,8540.92,73.85,7678.27,24012.18,3.24,55.24,40827.53,679652.06,0.0,45.15,1461640.1,92970.61,580.07,208.61,2.0,0.0,382
50.11,1943.5,5.39,43.8,16548.14,4664.04,75.7,7603.61,23848.62,3.59,54.89,0.0,506560.21,0.0,25.6,719182.09,76599.2,1376.46,0.0,2.0,0.1,381
51.76,1944.12,3.04,45.36,19001.58,5358.89,74.33,7812.65,23940.0,3.61,55.05,0.0,0.0,0.0,20.8,793280.67,123565.4,1204.96,260.21,2.0,0.0,378
56.38,1924.68,3.89,44.24,24718.03,7163.87,74.13,8021.02,24040.33,3.29,55.05,17735.86,716231.11,0.0,66.94,263781.28,53789.29,373.32,257.02,2.0,0.0,377
64.73,1971.13,2.55,44.3,26017.78,9390.61,72.99,7696.49,23814.06,3.59,54.87,36483.52,1013901.11,0.0,81.63,0.0,33203.96,0.0,288.68,2.0,0.1,378
66.02,1988.0,2.86,45.54,27039.8,10951.41,75.09,7822.34,23767.35,3.27,54.87,34209.57,949308.79,0.0,15.07,0.0,34620.46,91.32,429.57,2.0,0.1,376
65.89,1991.11,1.74,46.19,32625.71,12774.13,75.78,7730.64,24018.34,3.15,55.43,52740.76,1116417.71,4.53,3.43,434320.44,113489.13,546.53,452.52,2.0,0.0,376
60.24,1981.73,2.13,47.14,30401.56,12132.92,76.3,7957.66,24000.91,3.24,55.29,39326.62,1932725.01,3.49,0.0,455957.34,30650.04,439.49,505.02,2.1,0.0,378
60.25,2039.57,3.97,45.29,36872.5,11037.46,75.52,7729.96,24421.37,3.47,55.57,60824.09,2109030.02,2.13,8.84,125888.86,0.0,110.62,1220.14,2.1,0.1,383
62.05,2008.23,3.17,45.43,47619.19,13849.33,75.8,7767.25,24474.73,3.4,55.54,28755.09,1308515.01,2.69,0.0,0.0,5360.14,320.07,1432.47,2.0,0.0,386
67.28,1974.85,2.35,46.01,45480.91,14079.03,75.0,7993.63,24390.16,3.23,55.16,45397.16,947577.0,2.17,34.0,0.0,5766.23,0.0,1089.39,2.1,0.0,386
71.43,1988.42,2.0,44.71,33563.2,16653.99,74.6,7654.7,24153.08,2.86,55.0,101606.89,1410886.77,3.13,63.1,1271303.08,28046.0,785.08,760.36,2.0,0.0,386
57.47,2020.4,1.83,45.7,26178.84,18129.84,75.69,7767.99,24277.94,2.57,55.01,112087.13,1069586.7,6.69,11.6,941358.74,0.0,885.99,617.29,2.0,0.0,385
68.06,2033.99,2.39,44.92,22358.28,18318.82,75.11,8051.4,24255.52,2.57,55.04,91382.07,1127356.91,11.14,27.26,1151412.35,32380.69,757.97,255.96,1.8,0.0,386
66.99,2020.34,6.04,44.95,11702.68,18974.83,75.95,8235.23,24501.55,2.12,55.06,55924.68,1323942.85,13.48,17.33,1478846.92,556.38,694.96,92.36,1.9,0.0,386
70.21,1961.41,6.52,45.13,11225.43,20268.27,77.1,8378.41,24400.4,1.83,55.1,43601.01,1121641.3,10.16,3.35,1351098.52,0.0,1172.0,0.0,1.9,0.0,387
69.76,1975.9,4.75,44.95,22477.62,18905.52,77.55,8359.32,24311.68,2.01,54.87,60874.83,493382.7,10.1,34.0,1501248.93,0.0,1149.2,0.0,1.9,0.0,385
69.51,2000.78,6.27,45.28,31362.37,17217.75,78.12,8536.9,24309.93,2.17,55.16,69288.75,628192.16,7.4,8.84,1421834.64,0.0,1404.97,0.0,1.9,0.0,384
65.56,1920.1,5.52,44.34,27048.68,21785.11,76.49,8579.65,24132.42,2.01,54.78,88725.97,1308190.45,4.67,34.41,608037.3,0.0,1595.55,0.0,1.9,0.0,384
58.89,1986.25,4.35,45.53,30789.29,19462.38,76.57,8355.39,24164.09,2.33,54.67,86367.2,818592.63,4.44,35.54,352804.93,0.0,1808.86,674.72,1.9,0.0,384
62.4,2017.36,5.73,45.99,34374.41,18947.74,75.51,8262.13,24108.05,2.46,54.25,86984.49,0.0,4.86,63.7,958687.24,0.0,1910.99,837.48,2.0,0.0,386
58.85,1987.67,6.84,46.85,30729.73,16408.26,75.47,8271.85,24177.74,2.73,54.63,74255.73,0.0,2.23,42.45,811628.45,0.0,1560.62,774.45,2.0,0.0,389
56.95,1966.91,7.03,45.76,30124.04,15092.63,74.49,8085.76,24048.45,2.45,55.03,74591.46,616762.84,0.0,32.14,1038427.67,63266.48,1007.08,286.5,2.0,0.0,392
58.26,1959.7,6.39,45.56,21045.58,15112.86,74.12,8246.04,23888.65,2.67,55.17,67721.86,1328028.46,0.0,42.24,928598.48,55436.37,421.22,0.0,2.0,0.0,394
65.25,1920.32,6.02,45.8,27556.15,17318.63,73.37,8134.95,24230.82,2.23,54.86,69206.39,2412684.78,0.0,41.0,1226051.87,103862.69,642.45,0.0,1.9,0.1,393
58.43,1940.62,6.33,43.02,17460.06,17429.76,75.16,8210.1,23716.68,1.88,55.04,78290.92,1986348.12,0.0,58.73,1837946.68,117344.37,125.34,326.21,1.9,0.1,390
57.36,1959.9,3.44,42.58,17243.92,18670.92,74.39,8148.65,23966.39,2.01,55.44,62704.28,2869507.42,5.44,65.21,1910206.95,123989.68,577.16,355.81,2.0,0.1,392
50.37,1966.96,5.1,41.75,21611.39,19049.92,75.78,8094.62,24052.54,1.97,55.34,96065.77,2473591.82,2.76,54.32,1360317.96,93946.79,278.78,181.79,1.9,0.1,388
55.15,1959.05,5.69,42.74,13750.01,17989.07,76.96,7956.75,24559.9,2.22,55.42,88072.63,2781827.04,5.26,49.27,950701.09,33323.91,706.16,214.52,1.9,0.1,387
50.44,1961.82,3.43,42.55,10511.52,17825.13,75.83,7885.27,24988.69,2.52,55.52,109150.94,2723869.87,0.78,11.79,0.0,39832.55,126.0,39.19,1.9,0.1,386
49.32,1952.82,1.61,43.24,24799.27,17805.8,77.43,7822.54,24823.74,2.54,55.4,123573.65,1053626.97,0.0,56.13,0.0,71289.45,470.75,49.15,1.9,0.1,381
51.44,1939.02,0.3,43.98,27473.95,18903.68,76.8,8069.92,24741.26,2.66,55.45,70101.78,1173717.8,0.28,44.35,149700.66,155860.35,0.0,38.78,2.0,0.0,382
52.58,1901.66,0.26,46.12,19987.71,17592.25,76.33,8100.14,24579.66,2.69,55.37,78405.77,1556093.09,1.4,47.32,0.0,140914.44,620.35,0.0,1.9,0.1,379
51.89,1897.23,2.96,46.34,25785.01,17259.21,77.64,7968.17,24601.71,3.02,55.71,59698.56,160401.71,0.19,88.39,0.0,134468.92,432.18,15.94,2.0,0.1,384
55.75,1911.46,3.19,46.55,20377.25,15216.67,77.78,8206.52,24269.3,3.2,55.55,28961.99,0.0,2.51,94.27,269052.45,132104.36,0.0,227.21,2.0,0.2,383
64.2,1915.84,3.38,46.05,15653.33,17248.05,77.38,8347.49,24605.84,3.09,55.45,28546.57,0.0,0.0,45.25,1113457.86,104961.68,454.4,149.59,1.9,0.2,381
64.58,1948.14,3.61,46.46,10795.62,21501.19,77.3,8499.8,24748.43,2.99,55.4,52953.56,0.0,1.04,54.0,542458.48,109353.24,0.0,459.34,2.0,0.2,384
59.36,1945.34,4.04,46.44,11699.55,19050.71,78.26,8289.1,25021.8,3.08,55.39,59424.42,965526.25,0.0,58.65,633404.13,103886.67,533.0,234.52,1.9,0.1,382
60.91,1962.19,5.43,45.77,12579.87,21024.36,78.51,8444.05,24520.65,3.54,55.31,55176.95,1141096.3,0.44,49.03,708117.52,115314.1,939.89,627.92,1.9,0.1,384
52.91,1967.47,4.35,46.31,11134.28,19520.24,77.69,8469.16,24681.09,3.68,55.32,17785.14,2568768.2,0.16,52.25,835044.38,114942.75,431.95,712.82,2.0,0.0,384
47.95,1993.74,6.04,46.03,14530.84,17417.78,75.36,8381.67,24570.51,3.55,54.41,0.0,1346177.29,0.36,62.95,26591.66,92161.83,135.22,1293.88,2.0,0.0,382
40.52,2007.06,5.57,45.51,18038.11,14529.4,76.64,7980.61,24895.85,3.42,54.39,17789.46,988573.99,2.77,64.95,562638.23,119748.08,86.68,1446.88,2.0,0.1,381
47.7,1980.99,2.81,44.0,18393.87,14982.7,76.34,8189.1,24545.1,3.76,54.84,39864.74,1650939.98,0.0,76.66,1036306.25,140602.35,559.55,1410.84,2.0,0.1,380
49.68,1964.62,2.98,41.29,15946.08,14263.55,75.74,8130.28,24250.25,3.52,55.15,26133.35,2233763.65,3.25,53.72,1327371.83,76968.91,4.53,1273.92,2.0,0.2,380
50.57,1967.86,5.76,43.36,20273.93,15596.41,75.84,8377.02,24430.92,3.31,55.15,26588.46,2041778.46,1.43,57.85,871347.8,48847.24,3.57,1207.9,2.1,0.2,383
57.92,1952.61,6.66,44.48,23295.2,16885.68,75.72,8501.62,24104.43,3.22,55.32,49799.85,1271360.0,1.01,25.55,562792.07,57094.54,583.86,1354.37,2.1,0.1,383
67.33,1918.23,4.82,44.8,28165.23,17935.33,75.78,8146.02,24079.11,2.68,55.37,54447.26,1056954.14,0.0,4.35,0.0,50998.06,2150.85,1157.64,2.1,0.1,380
60.23,1909.54,6.1,45.25,27882.8,18646.29,76.95,8319.05,23889.36,2.19,54.86,69281.61,496037.87,2.16,0.0,328239.38,72663.36,1493.6,1285.78,2.1,0.0,382
61.43,1930.58,4.48,44.85,31974.01,21676.22,78.02,8212.41,23803.68,2.72,55.04,46679.64,549618.52,0.0,29.38,1267208.33,121012.0,1895.86,1029.61,2.1,0.1,384
63.35,1941.38,3.38,46.94,31746.62,22561.45,79.46,8411.78,24117.31,2.47,54.84,73108.1,189654.12,0.0,0.0,1010936.66,98982.01,2173.37,598.29,2.2,0.0,381
62.04,1946.92,4.46,45.42,33543.01,18742.95,76.99,8775.01,24356.85,2.5,54.33,50188.97,482315.41,0.0,43.5,1344849.19,55501.5,1103.45,826.9,2.2,0.0,385
62.24,1952.71,5.63,46.76,36776.97,18198.99,77.4,8718.83,24237.12,2.56,54.35,40511.54,0.0,2.64,46.02,1681702.72,68685.35,543.24,1164.47,2.2,0.0,385
61.48,2023.65,6.39,46.02,45706.58,15110.69,76.59,8533.74,24237.27,2.68,54.56,45535.28,429733.6,2.09,75.67,453140.78,0.0,894.18,923.04,2.3,0.1,386
57.87,2033.25,5.69,45.98,41940.59,15471.43,76.09,8704.35,24333.68,2.55,54.51,5365.68,0.0,4.24,58.78,0.0,20158.81,456.34,801.47,2.2,0.1,386
58.87,2012.35,5.97,44.31,52017.6,16023.96,77.21,8582.44,24099.02,2.44,54.57,1602.31,1168271.96,1.36,38.07,540196.39,0.0,427.0,765.53,2.2,0.1,390
54.0,1988.88,6.7,44.71,50763.96,13617.53,78.54,8630.03,23787.41,2.64,54.34,25946.55,256186.69,3.81,4.71,0.0,9214.38,114.51,512.66,2.1,0.1,391
61.27,2007.69,7.42,42.97,47758.42,12762.91,76.75,8307.29,23996.66,2.5,54.05,5407.06,443355.65,1.47,0.0,0.0,43689.76,0.0,389.18,2.1,0.0,388
63.76,2027.7,7.25,42.74,45925.48,13705.34,76.34,8391.9,23959.26,1.7,54.15,22748.69,447260.76,2.16,0.0,0.0,47533.88,1037.99,638.82,2.1,0.0,384
66.87,2042.79,7.46,43.08,46579.61,13502.11,76.65,8196.37,23599.51,1.53,54.31,11500.93,343605.99,0.0,11.29,0.0,62422.73,229.53,314.15,2.0,0.0,383
66.21,2061.76,9.55,43.67,38722.65,15671.96,77.53,8194.12,23974.05,1.8,53.98,0.0,41177.59,0.0,0.0,0.0,105380.93,0.0,74.82,2.0,0.0,384
62.24,2059.37,7.51,41.9,35622.37,12713.02,77.03,7965.3,23777.57,2.32,54.2,0.0,58058.96,0.0,0.0,301886.47,127870.28,0.0,9.34,2.0,0.0,383
59.65,2024.49,9.95,42.14,38611.61,13443.39,74.64,7932.2,23604.6,2.63,53.99,13145.22,698900.7,0.75,3.67,73483.45,108586.06,0.0,103.77,2.1,0.0,383
57.89,2024.4,8.53,40.98,31856.47,9980.81,75.24,8065.98,23697.46,2.46,54.1,10534.77,333522.54,0.0,40.18,0.0,132023.36,0.0,640.7,2.0,0.0,381
56.13,2012.53,8.87,39.5,31676.63,10994.19,74.62,8072.49,23639.51,2.64,54.33,14781.78,732705.84,3.29,12.37,1524562.23,130547.9,0.0,1318.04,2.0,0.0,380
53.02,2034.58,8.18,40.49,32005.61,13405.74,74.36,8058.23,23585.09,2.54,54.57,31868.77,1694093.09,2.53,7.34,1630059.02,98540.67,0.0,1262.7,2.0,0.0,382
53.97,2077.43,9.01,40.38,29919.68,11443.13,73.62,8355.28,23625.41,2.2,54.12,0.0,1010781.22,2.17,0.0,1916274.23,54674.31,676.97,1068.77,2.0,0.0,384
48.01,2028.67,7.14,42.41,28977.18,10445.67,73.61,8378.04,23491.26,2.32,54.22,0.0,151854.64,4.19,0.0,0.0,63477.46,826.7,1245.42,2.0,0.0,383
46.42,2037.52,6.65,41.29,27629.21,11010.88,72.18,8518.51,23604.32,2.02,54.26,0.0,748316.93,5.98,31.14,320303.93,34944.43,305.46,873.85,2.0,0.0,385
46.02,1973.94,4.83,40.84,23254.2,7143.0,73.78,8020.65,23579.39,2.29,54.52,0.0,1411690.64,7.89,25.4,365155.9,1406.47,446.22,854.02,2.0,0.0,385
60.01,1949.45,6.72,40.59,27214.74,4181.34,73.49,8156.84,23729.65,1.82,54.49,39007.55,1868946.93,9.24,85.32,0.0,0.0,454.44,531.42,2.0,0.1,385
49.52,1970.21,6.49,38.93,24745.99,3028.93,73.43,8066.94,23485.44,2.02,54.28,68142.42,1741484.31,7.18,108.17,244871.51,16668.33,413.04,390.55,2.0,0.2,377
57.42,1943.48,6.57,38.03,33404.3,2607.13,74.49,8045.89,23564.95,1.79,54.71,54148.94,1962623.65,0.66,72.72,446791.84,0.0,592.47,159.61,2.0,0.2,378
51.78,1976.89,7.07,36.93,31601.66,5023.72,74.41,7378.53,23680.21,2.13,54.73,47599.96,2331818.7,0.0,84.22,676403.54,0.0,914.37,751.53,2.0,0.2,376
49.08,1948.89,7.35,37.63,28657.69,7600.12,75.75,7493.09,23432.93,2.22,54.82,62470.65,1840080.52,2.33,93.77,455635.02,33568.68,1305.02,329.35,2.1,0.2,376
48.88,1984.6,8.72,39.31,30491.24,8513.06,77.71,7464.65,23460.38,2.38,54.61,80835.43,733829.91,0.1,73.0,0.0,69974.95,506.74,11.35,2.0,0.2,380
51.32,1947.66,7.37,41.93,30820.75,7169.02,78.97,7464.7,23562.86,2.24,54.42,102957.24,793443.76,0.93,32.9,0.0,41589.07,74.55,197.92,2.0,0.2,382
49.44,1962.82,6.44,41.58,25540.42,8447.33,77.73,7875.2,24007.66,2.44,54.57,88115.01,2149810.34,5.96,26.31,0.0,51317.22,0.0,0.0,1.9,0.2,380
55.65,1925.05,4.46,40.15,23170.64,8768.54,77.19,7926.41,23912.11,2.2,54.74,51312.48,2347773.86,1.17,6.8,1407222.27,125648.33,0.0,424.64,2.0,0.2,380
46.95,1933.87,5.14,41.19,26885.93,8387.65,76.42,7472.79,24149.48,2.04,54.72,50395.86,1711495.61,0.0,15.89,107951.84,138462.63,392.01,224.4,2.0,0.1,379
46.69,1930.75,7.14,39.92,22973.08,10503.2,77.76,7409.62,24376.94,1.83,54.66,43216.23,1092742.22,0.0,0.0,606706.04,89955.99,58.49,0.0,2.0,0.1,380
57.71,1930.03,6.73,42.19,25431.08,10989.49,77.18,7578.87,24562.41,2.32,54.98,49143.08,1107233.92,5.38,0.0,1046262.78,122657.69,634.98,0.0,2.1,0.2,383
52.51,1961.69,3.38,42.41,26916.85,10848.96,78.04,7703.72,24312.12,2.57,55.09,0.0,1795450.64,4.84,28.77,1232221.08,96543.33,812.83,6.84,2.1,0.2,383
54.17,1952.98,2.89,43.69,35038.92,10621.58,77.77,7491.06,24682.19,2.89,54.92,0.0,2303267.15,4.59,44.21,479233.52,106946.92,675.6,140.28,2.1,0.2,383
51.24,2015.13,1.83,44.49,36084.5,12448.66,75.31,7251.76,24500.91,3.11,54.86,0.0,2019268.17,1.69,53.17,607702.34,113131.78,1397.09,84.75,2.1,0.1,380
51.14,2010.92,3.29,45.24,36726.24,15461.84,74.95,7363.85,24522.07,2.73,55.06,1993.88,1822502.28,2.87,58.38,859779.8,86561.8,2037.19,0.0,2.0,0.1,379
43.87,2047.94,4.46,44.57,39532.5,15106.67,74.67,7296.78,24484.01,2.56,54.8,26976.4,1108093.07,6.15,34.92,0.0,96612.51,1566.18,0.0,2.0,0.0,375
47.7,2075.31,4.06,46.01,42453.2,16112.93,74.52,7316.46,24520.53,2.75,54.5,14500.46,880373.34,4.49,15.99,0.0,75567.95,1250.94,0.0,2.0,0.0,377
40.75,2057.62,1.18,44.94,40729.01,13661.77,73.41,7665.71,24142.85,2.71,54.96,16188.75,817697.17,1.94,0.0,0.0,0.0,1632.66,105.31,1.9,0.1,379
44.07,2103.23,1.93,46.67,39505.75,14545.29,73.14,7358.4,23773.15,2.69,54.9,0.0,580870.01,2.84,36.59,0.0,18320.66,2322.89,368.06,1.9,0.1,380
47.71,2084.12,3.1,47.58,32965.78,12494.27,73.84,7462.16,24025.66,2.98,54.43,0.0,470724.54,0.0,22.58,0.0,4227.27,1547.6,461.94,2.0,0.1,386
52.05,2090.6,3.32,46.91,39276.46,12438.05,73.98,7546.37,24172.2,3.17,54.8,0.0,561368.76,0.88,60.21,0.0,8304.03,1051.21,261.59,2.0,0.1,380
51.28,2024.38,2.68,46.45,36069.87,13866.59,75.05,8066.83,24181.4,3.41,55.21,0.0,1268586.96,0.0,62.36,1122323.51,14904.26,857.18,198.96,2.1,0.0,379
54.68,2024.45,4.69,47.03,33006.12,14923.31,73.94,7671.57,24061.95,3.32,54.97,4705.11,1165418.17,0.0,42.78,1642911.99,34328.58,437.47,405.8,2.2,0.0,381
56.51,2003.55,3.24,48.57,38368.9,14463.2,74.99,7877.57,24343.44,2.76,54.86,45554.43,2632834.92,0.0,29.52,1917141.16,45764.04,699.84,0.0,2.2,0.0,376
48.97,1951.65,4.44,47.08,31238.04,14598.41,73.95,8030.9,24837.18,2.65,54.37,26904.47,2583729.61,1.03,50.11,1317375.15,33211.12,0.0,235.13,2.1,0.0,375
48.88,1979.5,3.98,46.02,31321.35,13611.09,73.3,8459.4,24357.38,2.83,54.43,1229.11,2456506.45,0.98,79.94,454884.29,14117.58,568.8,173.42,2.1,0.1,377
46.64,1968.68,5.84,46.09,30338.89,14393.46,72.47,8380.41,24323.83,2.79,54.41,0.0,2071716.47,4.68,15.17,917695.88,13206.91,511.87,56.7,2.1,0.1,374
55.91,1972.52,5.91,44.46,27628.71,16600.03,72.84,8450.77,24214.69,3.29,54.46,29888.76,1722277.15,4.9,25.48,1458235.51,41885.63,255.92,457.38,2.0,0.0,375
56.76,1945.07,5.72,43.09,26864.03,17863.66,72.44,8165.55,24298.88,3.0,55.18,30574.3,2130356.66,0.71,36.93,658372.65,33515.23,0.0,759.84,2.0,0.0,379
55.93,1975.8,8.1,43.58,28915.29,18910.42,73.89,8207.54,24156.35,3.18,55.3,48671.67,2281813.6,1.16,41.73,1092795.35,0.0,728.94,828.6,2.0,0.0,382
56.35,1955.5,5.95,46.53,20456.0,18824.09,73.53,8435.88,23913.22,3.53,55.22,35684.6,1803723.36,0.0,29.61,1472562.08,0.0,302.02,1220.83,2.0,0.0,379
50.68,1983.39,4.74,47.23,17137.54,18019.55,73.63,8251.51,23979.06,2.85,55.17,42169.27,1084533.19,0.57,32.67,1453112.11,0.0,364.14,526.68,2.0,0.0,380
45.7,1973.75,5.91,45.88,8327.6,18371.31,73.03,8118.93,24046.34,2.85,55.41,29586.01,1014835.62,0.0,47.4,859295.41,119577.81,261.48,622.24,2.0,0.0,381
55.78,1953.18,2.77,44.38,16925.71,17076.33,75.1,8294.12,23938.4,2.62,55.23,0.0,1081178.41,1.83,19.13,0.0,73457.61,783.82,824.45,2.0,0.1,378
54.17,1970.31,4.23,45.4,22838.58,18817.93,75.62,8046.56,23888.41,2.19,55.46,31576.38,239256.16,0.56,0.0,0.0,37236.6,137.86,731.89,2.1,0.1,378
53.46,2019.59,6.1,45.06,26727.33,16634.91,75.49,8240.42,24156.76,2.09,55.65,30861.8,82381.53,5.52,0.0,0.0,11963.11,542.02,346.0,2.1,0.0,378
62.18,1988.76,3.24,46.59,20324.93,15073.58,75.92,8389.29,23669.64,2.09,55.78,79773.95,0.0,7.51,0.0,754547.6,0.0,404.41,456.85,2.1,0.0,378
58.4,2032.65,3.93,45.89,24779.0,16014.63,74.65,8473.17,23438.38,2.02,55.4,64517.58,0.0,5.86,0.0,666835.0,0.0,1552.9,299.71,2.1,0.0,381
52.39,2038.19,5.45,46.01,26658.47,15021.18,74.39,8419.3,23469.49,2.35,55.11,77484.52,848212.22,5.96,0.0,1041252.32,0.0,1113.81,409.37,2.1,0.0,381
60.37,1998.87,5.16,45.24,31006.29,13009.61,73.17,8571.54,23635.97,2.09,55.08,32211.55,1326033.35,5.81,0.0,581766.85,0.0,465.03,814.94,2.1,0.0,380
54.29,1990.16,5.85,46.54,26536.1,10613.48,72.59,8642.82,23718.02,2.44,55.08,70048.2,228345.26,0.0,38.18,50552.6,9211.36,522.44,836.09,2.1,0.0,378
56.26,2007.31,5.43,45.72,30214.81,8897.77,74.43,8681.54,23763.32,2.7,55.23,65844.18,0.0,1.09,73.26,0.0,46334.04,931.02,843.62,2.1,0.0,379
63.25,2027.02,6.37,46.81,34052.01,6492.49,74.36,8488.57,23904.55,2.55,55.35,44987.74,1070005.26,5.28,28.84,285722.93,27207.89,977.75,943.47,2.0,0.0,378
59.1,2004.56,7.3,46.84,29252.47,7231.29,72.52,8880.68,23959.28,2.84,55.51,37401.67,0.0,3.02,37.13,357455.26,64546.83,889.6,1429.27,1.9,0.0,376
61.62,1979.39,4.61,45.0,27210.36,10827.58,73.41,8882.55,23988.29,2.52,55.19,17370.84,0.0,0.85,10.8,382925.74,32364.63,1385.39,1612.1,1.9,0.0,374
69.46,1970.42,5.8,45.96,22568.88,10429.01,73.9,8464.21,24007.83,1.92,55.16,51098.92,50582.23,0.0,0.0,801833.64,37763.17,1464.62,1354.29,1.9,0.0,375
70.9,1957.83,5.79,45.71,35548.86,9892.46,73.7,8232.64,24318.0,2.4,55.08,74773.68,291758.76,1.86,0.0,861943.26,103202.07,2048.26,1447.35,2.0,0.1,378
65.15,1991.45,5.62,46.19,35577.33,9506.26,74.07,8441.29,24462.58,2.57,55.02,19973.94,271600.08,3.04,0.0,764068.75,88641.43,1340.03,1512.13,2.0,0.2,379
68.32,1966.51,5.07,46.8,31647.26,10041.82,74.81,8413.64,24236.03,2.43,54.94,32565.45,88051.07,0.0,23.68,1145587.18,41632.21,627.96,1755.83,2.0,0.2,378
68.4,1942.57,5.68,46.97,21115.46,10949.26,74.21,8621.72,24286.8,2.41,55.35,0.0,1282529.08,4.95,13.74,1628350.22,57006.31,0.0,1495.86,1.9,0.1,378
64.71,1978.56,4.61,46.3,29684.76,11234.36,73.86,8748.82,24392.2,2.48,55.54,0.0,793259.81,9.48,0.0,1020357.23,10536.2,95.26,1503.7,2.0,0.1,377
56.63,1978.39,7.6,45.52,29621.42,11982.23,73.63,8976.21,24624.8,2.73,55.71,0.0,37980.94,6.28,10.74,730714.45,33561.85,194.96,889.42,2.1,0.1,379
52.25,1953.78,6.0,43.94,22746.34,13004.2,73.04,8942.48,24589.14,2.95,55.34,28053.8,0.0,0.0,17.57,125371.03,86339.32,376.75,767.82,2.1,0.1,383
49.76,1968.26,4.78,44.15,17774.77,13632.63,73.32,8956.57,24636.02,2.92,55.82,23476.11,75511.29,0.0,23.69,0.0,64552.24,758.37,676.21,2.1,0.0,386
53.61,1967.02,4.76,45.03,14624.44,13866.22,73.63,8422.2,24650.55,2.53,55.99,55310.11,1021980.81,0.0,15.1,0.0,83439.41,0.0,150.99,2.1,0.0,383
53.38,1990.53,5.58,45.28,23042.04,14205.77,73.35,8236.42,24705.97,2.27,55.93,35842.89,418230.63,0.0,41.1,0.0,65264.28,0.0,505.63,2.2,0.0,382
54.4,1963.34,5.82,43.38,25542.8,14205.49,73.89,8238.18,24812.64,2.13,55.99,43018.94,1060812.13,3.05,14.16,412369.31,18188.85,643.34,196.34,2.1,0.0,384
55.39,1984.36,5.76,43.95,17446.94,15914.04,73.76,8151.57,25135.47,1.5,55.87,0.0,1157290.09,0.76,0.0,1136047.55,0.0,1083.99,0.0,2.1,0.0,385
52.33,1972.4,5.57,42.36,23114.09,14854.2,75.69,8067.59,24919.68,1.33,55.31,23229.59,1672014.21,0.0,6.68,1850799.86,14629.82,1224.98,66.89,2.1,0.0,388
49.94,1994.74,5.78,42.17,28973.57,16074.95,75.98,8465.72,25205.11,1.55,55.24,0.0,2392590.3,0.0,0.0,1039455.14,0.0,1986.17,382.76,2.0,0.0,387
45.87,1984.24,7.82,43.81,20646.12,14283.58,75.97,8673.73,24887.78,1.82,55.08,46259.92,2458944.59,0.0,0.0,266299.47,0.0,1884.81,577.08,2.0,0.0,389
53.15,1964.43,9.05,44.2,19615.72,16304.56,74.8,8299.59,24707.74,1.89,54.64,52356.68,1674109.08,0.0,20.19,21383.77,42033.56,1892.8,466.32,2.1,0.0,388
54.9,1979.45,7.0,46.94,21774.55,16215.17,73.38,8321.55,24674.39,1.71,54.42,20928.6,1298069.22,0.57,15.03,290776.4,64122.93,1941.7,551.67,2.1,0.0,387
51.56,1975.43,7.64,47.4,25857.08,15249.71,73.39,8268.32,24481.93,2.09,54.02,71159.33,2398945.11,0.62,26.71,876169.21,31765.95,1995.71,929.21,2.0,0.0,388
50.32,1964.28,6.84,45.87,24640.14,13093.43,74.6,8295.97,24468.71,2.36,54.9,32875.8,986478.01,0.45,0.0,598965.2,62502.83,2525.13,328.79,2.0,0.0,389
53.74,2003.84,7.61,45.66,31121.8,13457.53,74.81,8187.25,24468.04,1.98,55.19,1477.06,358023.69,0.0,0.0,0.0,65181.92,1554.13,176.67,2.0,0.0,388
52.39,1999.67,8.39,45.62,29509.46,15114.74,74.52,8092.65,24575.54,1.88,55.47,5592.36,1297156.35,0.0,27.82,0.0,105448.6,1727.54,0.0,2.0,0.0,386
48.63,2019.3,9.62,45.1,23347.79,13521.52,74.6,8124.74,24454.16,1.79,55.83,0.0,655205.87,3.03,20.0,409033.14,62710.37,1782.7,273.82,1.9,0.0,383
46.77,2053.92,9.33,47.25,32171.61,15498.29,75.75,8390.25,24781.81,2.07,55.88,17441.36,345433.71,4.81,52.74,31166.75,27022.41,1297.39,705.07,1.9,0.0,381
43.64,2022.41,6.83,47.63,31135.08,16235.96,73.75,8597.5,24683.85,2.29,56.15,24626.07,1611822.4,0.0,40.28,0.0,38488.43,1200.8,289.52,2.0,0.0,376
47.52,2032.72,5.95,48.15,26369.29,15359.12,74.19,8742.46,24570.64,2.23,55.97,0.0,1254440.78,0.0,16.29,0.0,55864.37,712.19,680.46,1.9,0.0,377
50.03,2079.89,3.19,46.9,37365.13,13817.42,74.59,8472.88,24227.93,2.08,56.34,0.0,939480.29,0.0,40.85,811465.97,55631.57,0.0,333.42,1.9,0.1,376
57.09,2074.01,5.05,49.13,31697.6,11402.53,74.74,8642.8,24090.25,2.19,56.46,29560.81,501733.84,0.72,14.36,0.0,100046.9,0.0,383.42,1.9,0.1,375
60.86,2052.4,7.06,48.8,26339.08,12767.38,75.04,8563.65,23955.64,2.49,55.99,2586.68,794786.39,0.06,0.0,0.0,103821.86,0.0,332.64,1.9,0.1,376
45.6,2038.44,6.1,48.31,32595.04,11375.21,75.03,8619.43,23933.68,2.18,55.52,1400.77,355608.38,0.0,0.0,0.0,119251.74,0.0,775.4,2.0,0.0,376
50.27,2056.57,5.31,47.39,30258.16,10540.75,75.68,8599.08,23827.4,2.27,55.35,67242.51,205103.07,1.96,14.69,0.0,121373.76,165.48,1492.31,2.0,0.0,381
48.24,2045.71,4.57,46.44,24764.08,8012.81,74.95,8657.39,23542.99,2.47,55.9,64822.17,0.0,2.73,40.55,925837.84,114166.78,504.46,1579.02,2.0,0.0,380
52.56,2020.09,8.22,45.58,29902.8,7009.77,74.51,8474.44,23360.05,2.35,55.86,48694.48,767362.79,0.0,55.87,475562.87,141630.11,882.69,1704.71,2.0,0.1,377
54.14,2016.07,8.92,45.46,25149.27,6450.6,74.51,8388.28,23673.22,2.66,55.75,42178.44,1342655.74,0.0,45.84,0.0,156032.86,764.57,1851.1,1.9,0.1,380
54.98,1977.85,9.63,44.03,30359.78,6152.61,75.48,8393.64,23831.35,2.64,55.66,38148.87,1616417.03,0.0,79.94,0.0,167636.32,993.43,2006.37,1.9,0.1,381
49.33,1986.89,13.42,45.98,26580.04,4602.07,75.38,8602.68,23885.11,3.15,55.35,38464.2,1360844.35,1.93,91.98,850438.22,142371.76,1537.16,1854.61,2.0,0.2,381
46.76,1989.57,13.55,44.25,24822.56,7208.29,73.22,8334.18,23809.79,3.06,55.22,24828.6,410575.75,6.31,66.21,0.0,165821.08,975.87,1228.33,2.0,0.1,381
44.74,1974.29,10.97,43.09,43578.62,7036.33,72.27,8562.07,23931.09,3.01,55.06,10508.89,222694.25,8.37,53.5,821305.9,143335.78,785.71,756.92,2.1,0.1,381
53.33,1984.47,10.84,43.5,37845.6,10121.58,71.49,8311.76,23814.31,3.03,55.04,0.0,1630894.86,9.12,36.49,1055885.19,142085.17,561.15,808.19,2.1,0.1,381
54.27,1976.65,9.42,42.94,32819.65,10086.52,71.77,8516.76,23798.85,2.89,54.96,0.0,2456564.53,6.76,48.94,1200725.34,127289.53,54.11,893.22,2.0,0.0,380
52.82,1977.72,10.7,43.99,33514.69,10260.45,71.93,8240.01,23421.56,2.53,55.27,0.0,1825479.39,8.44,0.0,713498.11,73327.84,253.3,976.12,2.0,0.1,381
53.54,2040.5,7.0,46.59,42136.58,10704.58,71.77,8105.11,23484.14,2.87,54.58,53046.77,1603122.95,10.28,0.0,1153608.46,80428.79,558.77,647.78,2.0,0.0,383
58.67,2037.21,3.11,47.88,41180.16,7121.82,70.84,7907.13,23598.05,2.57,54.41,69273.92,2126669.85,11.25,0.0,1670784.94,55581.15,1522.51,672.76,2.1,0.0,384
55.96,2058.78,4.71,47.14,37510.78,7145.43,72.05,8010.68,23755.57,2.5,54.88,19778.39,2328686.66,12.15,0.0,549586.23,65193.46,1956.01,1176.78,2.1,0.0,385
57.25,2053.79,3.6,47.52,39039.05,12127.96,72.5,8406.13,24122.01,2.54,55.23,0.0,1916174.84,8.93,0.0,0.0,123913.69,1568.81,1290.61,2.1,0.0,382
52.5,2034.87,3.21,46.14,34431.16,13255.35,73.5,8139.23,23954.88,2.62,55.15,0.0,2233870.51,8.08,0.0,0.0,50366.4,1302.78,711.88,2.0,0.0,386
46.6,2016.67,3.61,46.15,37192.22,13404.23,73.3,8204.46,24042.39,2.65,55.3,0.0,1830410.8,3.38,0.0,0.0,84766.16,430.59,492.35,2.0,0.0,383
47.24,2011.59,5.12,45.1,29694.44,14362.13,72.39,8103.46,24022.36,2.82,54.85,0.0,1623489.71,0.62,0.0,655026.03,58262.73,242.27,740.35,2.0,0.1,379
46.64,2025.65,4.17,44.88,36445.79,13201.33,73.1,8285.08,24071.77,2.81,54.6,19366.97,679854.69,1.56,0.0,374413.32,46645.1,516.91,1167.16,2.0,0.0,376
52.05,2021.77,4.03,45.02,39648.88,12790.87,72.79,8006.11,23870.21,2.7,54.94,3180.99,786159.18,4.29,13.34,1680770.14,46367.99,419.84,909.2,2.1,0.1,374
60.58,2026.97,4.4,45.63,33562.41,13401.19,72.82,7969.08,24128.34,2.63,54.98,11448.3,1286074.05,7.0,15.29,1257038.1,111637.31,0.0,1088.86,2.1,0.1,375
64.4,2029.32,2.61,44.0,32186.0,14569.08,74.11,7872.48,23679.73,2.76,54.99,13615.67,484871.07,9.1,0.0,1344539.87,109030.14,336.34,726.75,2.0,0.1,377
63.74,2049.92,3.48,43.8,34758.48,15313.41,74.56,7745.35,23558.08,2.98,54.95,0.0,0.0,4.27,30.87,1186425.91,98239.51,167.55,318.62,2.0,0.1,376
67.59,2057.4,2.6,43.72,32421.97,15727.88,73.43,7674.8,23828.37,2.52,54.91,0.0,599607.88,4.54,0.0,403638.9,88302.52,0.0,0.0,2.0,0.2,376
67.79,2031.69,4.02,42.28,28621.93,15413.73,73.74,7831.62,23931.34,2.68,54.92,4696.31,0.0,0.0,0.0,0.0,87366.95,532.29,0.0,2.1,0.2,376
63.79,2051.66,1.06,43.95,33659.01,14388.28,73.79,8239.47,23702.24,2.64,55.1,9627.43,83238.52,4.79,0.0,0.0,0.0,0.0,0.0,2.1,0.2,375
61.25,2076.03,1.44,44.72,39088.5,12978.29,73.01,8584.94,23905.56,2.3,54.81,3017.8,958448.83,6.67,30.86,0.0,4029.24,0.0,0.0,2.0,0.1,374
59.08,2071.06,4.29,44.42,40982.69,12966.11,74.01,8272.5,23843.49,2.53,54.99,18479.29,1711728.99,1.11,0.0,441214.63,36747.6,389.31,904.1,2.0,0.1,375
60.4,2065.65,3.74,44.98,40017.27,13441.58,74.99,8794.15,23500.32,2.9,55.16,0.0,1289580.71,3.27,4.86,418195.51,11040.08,8.25,499.09,2.0,0.1,377
55.55,2071.05,2.74,45.88,34349.21,16830.83,75.44,8892.06,23575.64,3.03,54.81,0.0,963871.97,6.79,33.45,0.0,0.0,22.82,864.48,2.0,0.0,375
57.81,2061.12,3.31,47.01,32185.33,17628.35,76.61,8845.36,23487.45,2.86,54.6,0.0,397279.36,7.45,32.24,961479.62,9437.3,523.76,211.84,2.0,0.0,374
63.06,1996.47,3.46,47.99,36010.61,16601.66,75.59,8988.25,23491.14,2.62,54.92,8208.16,178629.88,7.19,42.36,857322.02,17808.72,0.0,185.36,2.0,0.0,374
59.16,1984.52,3.96,46.8,38009.89,17492.13,76.01,9076.87,23484.32,2.56,55.0,0.0,0.0,4.8,81.39,319100.19,0.0,0.0,374.44,2.0,0.0,381
61.3,2005.89,8.05,47.11,35063.51,16607.47,76.63,8691.39,23188.12,2.37,55.21,15723.98,0.0,6.9,88.31,570723.39,3686.35,510.78,598.52,2.0,0.0,380
60.69,2010.9,7.19,47.0,37664.11,14623.52,76.47,9094.17,23172.39,2.69,55.16,44636.43,0.0,5.89,135.18,447260.85,30034.52,792.98,0.0,2.0,0.0,382
59.69,1975.24,5.29,46.67,49436.94,17213.19,76.47,9078.44,23459.92,2.55,54.95,60469.48,0.0,8.81,83.86,0.0,80338.72,589.12,0.0,2.0,0.1,383
59.53,1995.39,5.85,47.65,61362.84,17647.61,75.5,9175.37,23546.73,2.66,55.06,36191.62,0.0,1.41,72.26,440917.88,73112.53,328.65,159.46,2.0,0.0,384
60.62,2004.9,5.36,48.5,51177.06,16748.89,75.95,9220.0,23488.58,3.23,55.01,33188.07,638534.63,5.3,66.57,1215193.52,50173.56,1178.84,186.89,2.0,0.0,384
56.13,1997.87,5.38,46.88,45340.26,13136.07,74.77,9073.85,23804.08,3.06,55.0,58919.94,1094405.7,6.66,63.2,788340.72,61069.69,1707.2,775.12,2.1,0.1,384
50.36,2009.39,6.86,43.87,35743.65,12661.51,74.13,8613.54,23950.16,3.33,54.95,6468.72,1105964.05,2.75,31.5,1371223.98,99032.12,1364.98,931.37,2.0,0.1,383
44.94,1979.44,7.18,42.48,33699.9,14668.52,73.81,8236.56,23935.88,3.41,54.62,36876.71,1449810.35,3.27,45.11,1323612.39,100405.72,1255.71,1112.66,2.1,0.0,381
44.2,1961.84,8.44,41.28,36171.47,16877.5,73.46,8551.07,24225.98,3.22,54.89,9684.9,623730.06,1.56,76.45,901251.29,91134.23,621.2,1261.56,2.1,0.0,376
43.69,1974.57,7.96,41.98,37286.07,15756.18,72.64,8663.94,24042.24,2.82,55.04,0.0,91586.04,5.5,109.18,1618218.19,108858.64,1169.72,1738.15,2.1,0.0,379
42.83,1977.59,7.82,42.34,34841.6,17645.82,72.18,8635.3,23800.84,2.27,55.35,33980.77,0.0,4.81,88.98,1262593.04,79420.81,1285.39,1394.71,2.1,0.1,380
44.54,1961.25,7.43,40.97,42231.83,15702.68,71.02,8557.79,23941.96,2.69,55.36,53372.3,609579.29,6.29,50.21,1481598.61,22395.96,2156.17,1447.34,2.1,0.1,378
39.05,1985.5,5.78,41.43,41702.32,15276.78,70.74,8526.73,24018.47,2.92,55.95,0.0,91350.15,5.94,72.1,1560387.02,63404.26,1147.23,1167.8,2.2,0.0,372
37.43,1994.55,5.61,40.62,36519.13,13100.28,70.36,8302.32,24074.54,2.26,56.17,0.0,0.0,2.49,48.63,1405525.5,63595.57,937.06,790.4,2.2,0.0,371
36.64,1955.36,5.27,39.88,44542.8,11049.49,72.18,7874.25,24522.47,2.48,56.2,0.0,0.0,1.45,42.33,2099905.01,83023.01,772.57,1029.94,2.2,0.0,371
47.69,1951.09,4.41,40.53,48102.77,12745.15,72.44,8061.8,24533.45,2.47,55.94,4011.35,0.0,1.42,38.28,913844.62,55988.63,586.1,1508.41,2.2,0.0,377
41.63,1913.36,3.49,40.89,44458.17,12243.81,71.79,8297.57,24394.38,2.82,55.53,55138.26,0.0,1.18,10.58,875087.17,16946.64,0.0,1071.84,2.3,0.0,379
43.02,1909.73,6.54,41.22,43410.33,12760.41,73.45,7976.98,24844.71,3.2,55.56,63261.33,0.0,1.4,23.31,226284.42,72915.06,172.34,995.31,2.2,0.1,379
42.02,1890.02,6.13,40.57,43420.22,14287.93,73.31,8070.0,25011.72,3.08,55.45,54029.42,0.0,0.27,3.72,547604.09,63727.2,507.47,1211.35,2.1,0.0,381
42.28,1903.99,6.13,40.25,44246.6,14755.91,72.7,8064.51,24873.6,3.22,55.69,45816.79,0.0,2.15,62.95,1008856.44,48737.55,692.76,1324.25,2.1,0.1,379
41.88,1925.83,6.95,40.42,40054.26,13706.89,72.39,8204.01,24771.27,3.48,55.3,34915.92,493250.84,2.74,29.0,1684162.13,49150.04,1613.49,1122.44,2.1,0.1,379
45.26,1887.47,3.97,40.43,32167.21,10304.01,73.31,8046.52,24619.77,3.4,55.39,37241.96,592465.16,3.57,15.44,1041786.79,0.0,1752.33,774.14,2.2,0.1,381
49.0,1913.68,4.82,41.79,32991.24,10002.0,72.56,8168.45,24835.56,3.26,55.37,0.0,283401.76,0.0,0.0,1025042.94,2248.02,1945.54,941.75,2.1,0.0,379
46.33,1936.52,5.72,42.27,36577.13,14768.77,72.77,8133.87,24569.71,3.26,55.61,0.0,58386.72,0.0,0.0,1033948.08,12276.73,1692.39,1426.84,2.1,0.0,381
45.59,1932.73,5.43,42.42,37224.51,18114.33,72.75,8172.37,24570.24,3.04,55.41,26280.12,0.0,0.0,49.17,167835.3,46253.97,1396.64,863.72,2.1,0.0,378
48.14,1946.79,4.94,43.38,37438.69,19659.43,72.17,8124.67,24732.26,3.14,54.75,0.0,52481.37,4.33,34.33,641067.46,46565.37,1538.09,1115.14,2.1,0.0,377
47.91,1963.78,5.65,44.32,27548.6,20820.09,71.19,7987.56,24700.19,3.06,55.16,0.0,0.0,0.0,36.11,484299.96,0.0,2025.99,1331.81,2.1,0.1,378
51.29,1987.29,4.15,44.95,29031.85,18296.44,70.68,8134.16,24572.37,2.62,55.29,24734.85,0.0,0.0,73.1,0.0,65209.68,1618.57,1148.65,2.0,0.0,377
54.87,2046.2,7.86,44.87,27613.21,16214.32,72.15,8000.86,24473.15,2.76,55.36,5056.49,0.0,0.0,44.42,0.0,7228.98,1617.5,938.51,1.9,0.0,375
51.72,2064.27,6.56,45.55,36194.25,16266.21,71.91,8021.69,24429.66,3.21,54.85,33794.45,0.0,2.14,30.86,1266086.07,34482.83,1723.1,535.97,2.0,0.1,380
47.44,2044.98,4.76,44.86,36968.43,17197.15,72.73,7695.65,24394.16,3.27,55.12,40114.93,345038.07,1.2,36.76,2837166.9,76672.7,1707.77,727.33,2.0,0.1,382
45.46,2030.17,2.98,45.78,41639.75,17788.45,72.82,7771.81,24402.6,3.47,55.38,0.0,0.0,2.17,0.58,3085917.21,59650.21,1867.14,668.18,2.0,0.0,381
45.78,2017.08,4.32,45.02,39998.46,19715.56,73.73,7867.95,24071.6,2.99,55.49,19597.88,0.0,3.7,0.0,2433742.33,86718.7,2015.29,575.44,2.0,0.0,379
51.74,2044.79,3.59,44.49,43305.08,17880.1,74.49,7711.71,24037.07,3.21,55.16,1284.84,277635.91,0.0,5.44,2901248.85,108866.99,1747.51,534.74,2.1,0.1,379
48.99,2056.0,5.39,46.12,44544.7,16853.09,73.18,8203.18,24405.86,2.93,55.19,0.0,327723.82,0.0,25.88,1801464.25,82787.68,1984.66,0.0,2.1,0.1,383
50.62,2022.22,7.35,46.03,43288.96,17945.14,72.91,8517.48,24503.19,2.73,55.04,0.0,515110.24,0.0,33.57,496387.51,55980.39,1252.02,196.47,2.1,0.1,382
57.36,2015.6,8.29,45.8,46263.01,16249.55,73.13,8381.68,24858.07,2.41,55.58,0.0,931194.81,0.0,38.62,385608.92,22257.13,1164.53,72.81,2.1,0.0,383
59.94,2005.76,6.05,47.62,46463.56,14890.37,73.74,8011.16,25013.85,3.01,55.71,0.0,0.0,3.6,32.63,147570.09,64784.39,752.12,344.37,2.1,0.0,386
56.54,1984.96,5.66,45.97,49030.67,16144.48,73.85,7854.58,24319.94,2.75,55.55,0.0,1547800.15,4.16,45.23,102715.87,85682.46,547.33,280.0,2.2,0.1,385
64.03,1980.4,4.92,46.02,47968.02,14056.19,74.35,8361.79,24508.75,2.91,55.59,0.0,770148.97,3.97,31.07,0.0,64624.42,751.63,462.36,2.1,0.1,385
56.8,1958.35,4.97,44.93,43854.41,18109.76,73.19,8647.53,24541.04,2.56,55.68,1242.03,1429406.78,5.12,35.0,0.0,100936.92,501.02,0.0,2.0,0.0,386
54.4,1939.61,4.43,45.9,45265.44,17867.11,72.92,8507.92,24468.62,2.35,55.55,0.0,1486368.57,5.62,61.89,245024.76,98260.48,64.62,23.85,1.9,0.0,385
51.77,1960.12,3.26,48.88,40781.24,17293.7,72.72,8635.44,24389.89,2.14,54.98,15228.59,1705082.89,5.69,50.68,75178.6,115563.38,63.55,418.43,1.9,0.0,385
57.37,1992.45,3.5,47.94,33250.96,18011.16,71.59,8939.25,24545.68,2.03,55.31,27495.01,1781786.25,4.14,60.78,0.0,104773.81,0.0,302.69,1.9,0.0,387
50.46,1999.7,2.24,48.99,35203.25,15307.38,72.3,8691.55,24548.24,1.78,55.59,0.0,1082297.53,0.67,64.94,0.0,86781.39,0.0,0.0,1.9,0.0,382
53.09,1962.46,4.68,49.99,39200.4,13434.13,74.32,8131.94,24316.56,2.14,55.7,0.0,500877.79,0.01,56.54,0.0,137219.26,0.0,507.37,1.9,0.1,379
56.99,1989.58,3.87,50.22,30520.66,12886.73,75.28,8113.62,24250.01,2.59,55.08,0.0,438174.17,0.0,86.78,0.0,88917.62,0.0,825.02,1.9,0.1,379
60.99,2028.98,1.74,48.98,24902.95,12818.05,75.1,7774.24,24326.81,2.49,55.27,910.1,0.0,1.63,43.06,0.0,68580.55,0.0,180.28,1.9,0.1,379
52.48,2023.77,3.12,46.97,20432.23,14357.4,76.27,7812.86,24219.67,2.57,55.59,0.0,0.0,0.04,3.94,631373.69,71912.62,0.0,188.64,2.0,0.1,383
49.91,2041.0,5.23,46.65,20024.22,16159.94,76.44,8081.77,24310.38,2.57,55.48,0.0,292039.01,0.0,13.4,94732.05,35044.25,353.6,323.43,2.0,0.2,381
51.85,2042.26,5.32,47.84,30084.25,14135.1,74.36,8006.24,24093.31,2.48,55.89,71137.85,0.0,0.6,20.12,381172.21,0.0,982.22,601.99,2.0,0.2,378
44.69,2038.25,5.9,47.29,35980.91,13193.56,75.35,8211.18,24508.46,2.04,55.62,36710.72,517909.68,4.66,11.16,790089.57,55806.73,1058.64,774.74,1.9,0.3,378
56.63,2005.45,6.46,47.89,22568.32,16241.24,75.82,7904.42,24546.71,2.24,55.5,15616.66,451459.88,6.23,34.06,752234.26,59895.86,895.39,386.81,1.9,0.2,376
45.76,1989.21,7.36,48.84,26216.83,13975.49,75.51,7715.22,24903.66,2.2,55.29,37693.12,412322.86,8.13,3.8,772587.08,73312.2,0.0,149.79,1.9,0.2,376
47.73,1980.0,8.61,50.62,19379.21,14135.98,76.23,7649.63,24863.69,2.18,54.98,5370.56,0.0,7.35,12.73,110962.12,56634.51,0.0,336.41,1.9,0.2,376
44.11,1964.24,10.16,52.11,13534.22,15664.73,75.1,7581.88,24814.78,2.39,54.79,20747.84,762119.45,8.18,0.0,0.0,83668.11,840.56,0.0,1.9,0.2,374
49.32,2020.66,10.34,51.71,12424.57,14757.89,74.51,7498.06,24678.15,2.51,54.6,8597.49,891072.18,1.38,27.85,214084.08,83508.6,1356.15,338.64,1.9,0.2,375
47.14,1987.6,10.11,51.19,16037.32,12638.01,72.42,7624.88,24226.62,2.63,55.17,16144.12,547680.48,0.0,12.5,233023.28,113563.42,1282.84,233.69,2.0,0.2,377
48.47,1941.09,7.54,48.69,17411.0,11642.43,72.35,7542.6,24069.48,2.15,55.2,32276.04,559355.86,0.97,26.09,550531.08,131032.52,1749.38,741.73,1.9,0.2,375
54.62,1947.02,7.58,48.32,20629.24,14717.25,73.67,7989.1,24054.65,1.67,55.37,0.0,310382.28,0.67,25.8,962990.59,82735.91,1861.91,608.73,2.1,0.1,376
56.59,1939.48,6.47,49.32,26584.15,13465.1,72.63,8154.54,24151.08,1.98,55.28,22731.42,1275479.29,4.6,4.56,2524090.21,98110.0,923.95,696.11,2.1,0.1,376
58.61,1962.51,5.5,48.14,24416.76,13386.91,73.62,8424.57,24119.87,2.37,55.35,22938.06,2256008.73,4.79,3.98,2765705.14,43782.68,734.43,714.31,2.1,0.1,374
53.78,1952.13,5.8,46.31,32704.06,14091.17,73.99,8364.21,23834.38,2.45,55.5,15572.55,2610730.55,3.91,24.76,2353746.97,55051.82,1120.83,301.13,2.1,0.1,380
53.62,1899.37,3.31,45.2,39101.55,17666.93,73.76,8360.61,23351.93,2.66,55.46,6763.15,1693361.26,2.4,0.0,1514355.85,5764.28,500.23,0.0,2.1,0.0,380
48.69,1882.09,2.13,46.29,37060.2,16053.89,73.08,8063.06,23334.39,2.28,55.28,0.0,1024135.78,5.31,0.0,1243555.92,54939.56,0.0,0.0,2.0,0.0,382
38.98,1917.77,3.03,46.19,29916.91,17083.54,74.64,8007.55,23403.95,2.35,55.13,0.0,1539256.32,4.35,10.99,2458339.76,103243.45,0.0,596.1,2.1,0.1,381
41.62,1915.14,3.54,47.97,30900.27,14020.72,74.33,7908.32,23907.11,2.19,55.0,0.0,2319563.45,6.23,27.44,2316622.27,99732.92,97.84,1202.11,2.0,0.0,382
48.79,1928.11,1.12,48.39,25584.42,12106.83,73.6,7622.92,24000.5,2.1,54.65,62796.02,1705020.52,5.44,66.64,2486162.32,157163.77,0.0,1395.33,2.0,0.1,384
45.9,2008.61,0.0,46.99,29980.03,12967.92,73.85,7870.07,23859.46,2.41,54.67,90388.75,1318632.04,5.86,76.52,2778785.61,139225.06,0.0,977.54,2.0,0.0,384
48.21,2052.03,0.0,46.95,31050.95,11492.58,73.95,7646.69,24120.06,2.61,54.83,60165.52,2023594.75,2.13,69.89,1674455.72,116107.44,699.42,1020.8,2.0,0.0,383
45.15,2046.75,3.76,46.1,41001.61,11980.77,74.3,7794.47,23781.22,2.74,54.22,56763.51,1869692.17,0.0,64.64,1307369.94,97510.71,581.73,718.57,2.0,0.0,382
45.78,2052.19,7.08,45.78,30916.44,10984.37,74.82,8183.84,23651.38,2.72,54.34,28110.98,2561833.88,3.07,67.32,912493.65,121302.08,812.72,510.23,2.1,0.0,378
42.43,2004.7,8.21,44.95,34236.77,14986.83,75.41,8107.8,23583.58,2.64,54.17,0.0,1746902.81,4.02,47.47,703794.82,124148.52,1116.44,0.0,2.0,0.0,376
47.21,1987.12,10.22,44.48,35432.74,13902.41,75.67,8238.82,23869.72,2.61,54.63,8004.1,1151239.13,1.75,62.56,1497992.07,69796.75,1386.56,0.0,2.0,0.0,375
53.8,2000.43,7.88,45.33,28132.68,14040.69,76.2,8392.27,23907.68,2.54,54.38,11724.92,1512972.47,6.93,45.08,1900672.88,90904.08,998.19,269.28,2.0,0.0,376
55.18,2009.5,6.78,45.32,28011.9,12430.65,75.66,8251.23,23720.64,2.35,54.4,11527.55,592306.73,9.06,57.58,1635120.19,38083.22,800.96,180.63,1.9,0.0,378
53.18,2026.75,6.54,46.14,32233.29,13521.33,76.43,8274.5,23484.2,2.05,54.32,29452.76,315600.24,8.25,66.21,1572210.07,0.0,142.76,756.54,1.9,0.0,379
60.26,2025.3,6.42,44.04,30771.18,11114.06,75.19,7967.36,23964.7,2.34,54.79,0.0,434673.18,4.36,36.81,1717706.47,10681.7,324.96,280.91,1.9,0.0,378
57.72,1973.52,3.33,46.42,31957.12,11097.53,75.73,7828.72,24029.82,2.68,54.53,0.0,0.0,5.92,40.11,2299435.4,43451.51,204.1,408.99,1.9,0.0,382
52.17,1923.42,2.2,46.77,34031.79,10751.77,75.34,7718.43,24039.4,2.5,55.03,34954.5,486029.5,5.12,66.8,2094046.95,46986.6,0.0,469.91,1.8,0.0,382
48.25,1942.87,4.1,45.6,34282.19,9386.96,74.3,7865.81,24220.43,2.14,55.57,16736.1,589513.79,2.95,53.08,2845440.63,97952.06,0.0,258.43,2.0,0.0,383
53.32,1969.26,0.45,45.93,42826.6,10243.17,73.52,7710.38,24182.03,2.4,56.24,6704.99,890083.7,0.0,5.6,2169624.95,103453.72,16.04,275.69,2.0,0.0,382
47.36,1929.94,3.03,44.95,39930.38,12805.02,73.46,7978.53,24004.22,2.85,56.12,5104.29,709767.62,2.02,14.37,0.0,76253.44,235.24,0.0,2.0,0.0,385
50.34,1944.46,1.79,44.26,43037.57,14145.26,72.51,8316.44,23858.85,2.92,56.67,0.0,755785.01,0.25,20.27,1004695.49,62177.18,111.29,391.46,1.9,0.0,383
49.42,1924.77,0.38,42.02,39026.45,14601.5,73.46,8027.39,23948.73,3.04,56.51,6901.01,0.0,0.0,18.7,1284852.16,106654.94,23.64,261.59,1.9,0.0,384
51.81,1926.77,1.8,42.29,30523.22,12801.84,71.78,8413.45,24263.85,3.26,56.23,31702.77,590363.7,0.0,0.0,1517833.9,77509.82,0.0,524.41,1.9,0.1,387
50.77,1966.02,2.58,42.29,40799.38,13716.44,71.49,8488.18,24614.35,3.18,56.1,19164.79,764887.88,0.0,0.0,1141977.35,76168.33,619.56,437.77,2.0,0.1,387
55.73,1963.43,3.47,42.11,42429.33,9449.51,70.67,8575.47,24214.09,2.98,56.31,39156.84,2138235.2,0.21,1.46,1052419.94,36049.91,478.81,8.55,2.1,0.1,384
52.24,1974.55,4.11,41.46,41158.27,11152.75,71.73,8883.94,24271.28,2.61,55.83,66482.1,2835490.91,0.09,14.59,1030377.15,24309.56,0.0,198.72,2.2,0.1,383
50.23,1986.81,5.86,42.62,30195.0,14451.19,72.81,8753.21,24155.46,2.5,55.93,4589.71,2770225.72,0.82,22.79,192486.36,0.0,1189.45,250.38,2.3,0.1,383
51.27,2012.59,7.4,43.55,36000.62,16303.43,73.34,8552.81,24273.5,2.34,55.69,14484.39,2359210.67,4.17,6.06,0.0,51040.85,1094.46,282.21,2.2,0.0,381
53.55,2000.76,6.63,41.97,44603.66,15982.0,75.37,8586.99,24595.92,2.2,55.19,7511.64,2393152.24,5.31,18.81,1569986.13,61666.64,833.68,204.31,2.1,0.0,383
58.95,1988.17,6.36,41.78,47612.59,13851.43,74.68,7662.67,24294.67,2.12,55.03,0.0,1408710.87,7.85,0.0,229472.59,19513.43,249.8,190.22,2.1,0.0,383
63.51,2012.06,6.99,42.76,43608.76,16233.83,75.01,7583.59,24255.31,2.03,54.99,32126.44,1143724.28,4.58,30.19,1102820.48,0.0,1016.91,508.1,2.1,0.1,380
59.61,1976.76,5.42,44.08,41748.52,14260.66,74.47,7545.81,24306.49,2.73,55.04,34582.0,1948313.86,2.47,63.32,735627.79,0.0,757.89,436.73,2.1,0.1,379
58.7,1933.15,6.46,45.5,41373.28,15521.22,73.83,7973.53,24337.2,2.3,55.36,48411.27,2830376.8,6.49,91.71,1009570.62,29741.31,160.67,321.77,2.2,0.0,380
57.34,1961.0,6.56,46.8,40000.45,16634.44,74.23,7955.87,24231.78,2.7,55.47,67500.77,3210256.68,4.16,74.6,710959.5,66370.38,241.82,371.05,2.1,0.0,382
58.68,1966.49,7.79,46.53,46003.79,17486.83,73.28,7974.16,24302.09,2.52,55.68,5439.51,3262720.41,5.36,16.15,746951.09,45198.71,978.71,86.95,2.1,0.1,381
62.85,1955.92,9.23,49.19,48608.3,18049.04,73.1,8409.16,24480.55,2.42,55.97,7629.94,3231193.86,3.48,0.0,131726.81,29114.68,1149.77,17.72,2.0,0.0,384
60.53,1906.32,8.63,48.16,47116.77,16663.07,74.34,8355.27,24400.75,2.38,55.95,16999.71,2564178.54,3.03,0.0,741332.75,0.0,865.33,0.0,2.1,0.1,385
54.96,1917.23,10.69,47.58,45461.74,16675.99,73.7,8171.33,24206.57,2.35,55.93,19037.8,2535815.48,8.27,69.93,766463.87,37239.27,1126.86,382.96,2.1,0.1,389
60.66,1950.45,10.81,47.68,44446.11,17637.15,74.03,8265.09,24217.17,2.37,56.29,21842.81,2036766.71,7.81,35.33,1422217.66,40878.04,915.78,267.4,2.0,0.2,389
67.18,1949.94,10.79,48.28,45721.11,16707.86,72.82,8768.93,24095.39,3.12,55.97,58501.44,2213993.42,8.65,20.94,1105674.62,29801.09,976.25,239.25,2.0,0.1,386
66.92,1934.31,8.48,47.99,32478.97,16409.37,73.15,8812.02,24189.57,2.72,55.78,67031.96,2184588.17,5.3,32.01,1611704.39,0.0,0.0,808.96,2.0,0.1,384
65.1,1966.94,5.95,47.16,40807.11,17468.94,73.94,8815.93,24263.17,2.59,55.52,78322.07,1585359.88,5.26,34.66,2874783.0,0.0,647.77,952.53,2.0,0.0,384
66.67,1934.99,6.99,48.35,39932.04,18510.35,74.15,8853.75,24575.02,2.2,55.24,99627.71,2260120.88,0.77,72.99,840947.01,26621.77,720.26,614.54,2.0,0.0,383
72.49,1961.77,8.69,47.55,39873.64,16258.1,73.99,8649.09,24628.34,2.09,54.98,95235.17,1941036.9,0.0,43.96,332767.68,55994.14,881.93,320.2,2.0,0.0,382
69.74,1939.7,11.15,47.9,38484.17,16171.62,72.98,8338.89,24849.46,2.61,54.4,93451.49,2530376.91,0.0,79.79,858495.83,67984.72,685.97,340.6,2.0,0.0,383
65.1,1892.81,10.01,46.41,31744.9,14873.24,73.87,8093.74,24571.66,2.81,54.29,49856.37,2687846.97,0.0,73.07,658820.36,77191.97,987.68,289.26,1.9,0.0,382
66.49,1880.65,8.88,44.64,35737.32,16796.52,73.59,8078.59,24351.92,2.61,54.58,29211.08,2621608.29,0.0,84.87,379168.03,108636.45,1843.24,0.0,1.9,0.0,380
65.82,1923.42,5.67,42.52,43594.38,16116.18,73.81,7881.48,24345.08,2.98,54.77,30018.22,1219048.75,1.96,75.96,834.38,119566.37,1199.4,218.11,2.0,0.0,379
61.2,1940.34,5.03,45.52,34586.35,15711.48,74.14,7971.42,24211.77,3.26,54.98,45112.91,687708.03,0.61,80.63,0.0,129679.42,1028.17,564.42,2.0,0.1,380
61.78,1926.39,5.42,44.9,26290.15,15263.35,75.12,8002.01,24154.64,3.1,55.57,54483.37,0.0,0.0,61.85,0.0,116826.08,644.52,355.02,2.0,0.0,376
65.26,1954.84,5.9,45.3,26136.27,19957.92,75.19,8591.08,24602.72,3.16,55.43,46844.67,0.0,1.22,73.38,0.0,196881.41,214.15,0.0,2.0,0.0,377
63.38,1968.69,7.18,44.21,25116.7,20254.36,74.58,8146.64,24679.44,2.94,55.2,43092.48,54505.93,3.67,34.0,1550666.89,121199.17,46.32,0.0,2.0,0.0,378
62.57,2003.15,7.12,45.89,17168.58,15981.98,74.68,8233.36,24501.64,2.9,55.45,54397.04,0.0,3.65,51.88,591186.45,78602.27,563.74,0.0,1.9,0.0,381
56.32,2018.88,6.37,47.75,20004.29,17488.62,75.03,8143.17,24460.37,2.87,55.26,69736.29,1557457.98,3.41,66.0,922555.58,0.0,786.17,180.03,1.8,0.0,382
62.28,2001.67,5.76,49.9,26333.86,15164.16,74.4,8620.71,24288.22,2.71,55.4,52447.03,1641754.83,3.67,55.96,1648120.84,0.0,786.9,6.74,1.9,0.0,386
58.81,1999.65,7.17,48.18,34844.16,15148.6,74.75,8682.47,24265.57,2.49,55.37,0.0,661593.77,2.75,90.71,2465574.64,39247.08,0.0,140.8,1.9,0.0,387
60.32,2028.85,4.98,46.64,42064.31,17499.06,74.71,8614.99,24509.47,2.66,55.47,0.0,1303569.85,1.82,45.07,1661209.33,16360.4,803.62,0.0,1.9,0.0,388
55.62,2030.16,5.56,47.14,42207.06,20117.61,74.85,9036.35,24604.04,2.74,55.64,5293.58,1429387.63,2.47,48.21,2869007.06,99280.66,907.22,441.25,2.0,0.1,388
57.63,2036.03,4.55,46.8,34521.73,20228.74,75.15,9068.07,24386.79,2.99,55.66,63425.78,1750335.18,0.53,10.02,2656076.44,51971.36,460.85,105.59,2.0,0.2,385
54.85,1988.3,2.35,46.28,35158.6,17594.27,73.86,8553.36,24396.03,3.19,55.19,36962.68,2188772.61,0.0,9.52,2580850.6,32667.18,59.69,226.93,1.9,0.1,383
57.18,2016.02,2.15,47.04,41694.78,17232.58,74.47,8903.48,24224.73,3.06,55.58,6765.57,2005735.54,0.0,46.54,1496031.45,29674.11,0.0,0.0,1.8,0.1,384
56.29,2015.15,2.03,47.86,43912.1,17063.86,74.65,8709.62,24637.56,3.21,55.47,1316.0,1523221.5,0.0,49.43,233531.1,20638.06,0.0,36.37,1.8,0.1,385
54.91,2034.25,3.42,49.93,45663.78,15544.46,74.51,8536.1,24580.22,3.43,55.31,0.0,1656343.84,0.0,23.23,522775.78,0.0,0.0,343.26,1.7,0.0,382
43.01,2074.42,3.87,48.51,36983.32,18909.27,75.04,8468.44,24786.77,3.42,55.13,0.0,1105896.09,0.0,51.75,181615.61,52580.29,0.0,139.48,1.7,0.0,381
46.44,2090.27,4.49,46.74,33130.97,17376.25,76.31,8645.66,24961.22,3.13,54.78,15214.34,716079.29,0.77,58.11,0.0,84819.58,0.0,192.52,1.8,0.1,381
52.29,2103.47,7.79,46.89,43393.83,18267.79,74.84,8594.68,24660.52,3.46,54.86,0.0,1190027.51,4.15,42.65,0.0,83594.09,0.0,429.32,1.9,0.1,385
56.17,2081.27,8.28,48.4,42364.63,18365.81,74.38,8520.03,24745.72,3.3,54.74,30428.07,1352871.13,2.27,84.65,1453780.13,111555.54,0.0,533.94,1.9,0.0,387
56.22,2093.99,7.42,48.47,43481.38,18126.77,74.79,8452.95,24421.19,2.67,54.62,46805.28,579044.11,4.73,111.11,1619177.34,93203.88,575.4,862.39,1.9,0.0,385
56.59,2020.8,6.71,47.07,41265.32,16368.85,73.25,8287.04,24294.4,2.96,54.51,17573.51,0.0,7.03,92.31,1629055.15,28447.92,0.0,484.02,2.0,0.0,383
55.77,1996.57,7.15,45.91,34210.27,20426.43,72.71,8451.35,24088.31,2.51,54.56,0.0,0.0,3.89,114.05,454051.79,52596.94,203.04,377.27,2.0,0.0,383
56.64,1985.34,5.32,46.78,33817.0,18611.69,72.2,8617.83,24403.38,2.69,54.79,30991.66,0.0,8.93,73.42,302325.9,21482.93,264.1,912.5,2.0,0.0,377
57.53,2009.19,5.49,45.41,27371.45,17161.37,71.6,8897.06,24477.99,3.07,54.75,6318.39,0.0,6.38,53.33,1129042.62,55159.3,420.36,284.58,2.0,0.0,381
60.22,2006.91,2.62,45.25,24686.21,17445.53,71.14,8857.59,23975.51,2.65,54.55,0.0,285229.88,1.07,32.51,633177.34,75733.76,320.29,0.0,1.9,0.0,378
65.51,2001.11,1.78,44.12,19575.29,17633.09,70.35,8731.26,24136.67,2.51,54.35,22176.33,0.0,0.19,34.15,219264.55,25921.24,50.57,147.71,1.9,0.0,378
60.8,1977.18,2.63,45.53,22016.91,15681.27,71.85,8474.85,24517.09,2.49,54.22,33679.03,0.0,1.33,34.95,0.0,23835.53,354.92,200.51,2.0,0.0,378
60.17,1962.98,3.52,45.9,17145.85,16767.84,74.02,8558.49,24048.38,2.41,54.0,21053.57,463337.42,0.0,81.48,0.0,15710.97,552.13,0.0,1.9,0.0,383
67.21,1954.76,5.62,45.74,24009.92,16137.57,73.21,8852.05,24470.19,2.34,54.4,14188.25,1753598.92,0.0,68.27,0.0,0.0,470.47,0.0,1.9,0.0,386
66.86,1907.46,6.04,46.04,20864.28,16481.3,73.01,8591.2,24187.06,2.62,54.83,8449.78,2133049.81,4.03,64.96,24629.68,21057.56,37.63,213.68,1.9,0.0,383
60.38,1930.2,5.47,45.91,29466.07,16926.7,72.74,8334.34,24259.91,2.37,55.18,13767.85,1942572.86,0.91,74.63,832113.26,17339.67,558.81,91.36,1.9,0.1,382
61.17,1925.77,5.83,46.59,25202.92,15491.05,73.46,8358.06,24504.59,2.49,55.65,30168.35,2829705.78,5.23,50.59,1748041.7,52587.38,972.65,495.13,1.9,0.1,381
69.15,1912.42,4.02,45.51,25897.53,15287.51,74.33,8350.7,24361.25,2.65,55.86,31210.82,2978145.05,4.68,39.93,2016472.36,57158.69,1391.94,952.42,1.9,0.1,383
68.09,1934.35,4.41,45.77,29433.08,14251.67,73.03,8319.42,24308.03,3.09,55.81,41444.5,2336664.49,2.41,16.17,967120.22,78804.34,1397.02,1320.37,1.9,0.1,379
73.37,1940.58,1.72,45.95,25634.0,12993.79,73.47,8187.54,24514.78,3.0,55.79,50263.36,2189196.84,2.62,20.94,1871348.26,101393.96,899.18,806.35,1.9,0.1,377
67.28,1909.47,3.52,46.58,31030.65,12512.17,72.24,8023.3,24190.29,2.6,55.97,36333.46,2086341.82,5.14,0.0,2066424.24,38664.87,950.92,1065.39,1.9,0.1,378
62.93,1886.78,4.12,46.94,29511.28,11302.82,73.2,8309.22,24399.31,3.03,55.65,0.0,2071627.35,3.32,28.83,1155188.4,2780.5,902.05,1000.49,2.0,0.1,375
75.37,1899.99,8.22,46.56,24465.25,11323.7,74.27,8433.14,24440.84,2.96,55.59,0.0,2530563.75,5.24,3.98,93353.18,0.0,646.88,960.07,2.0,0.1,376
78.27,1923.75,7.81,44.74,27339.67,12631.75,73.75,8164.35,24642.0,2.67,55.54,900.26,2470782.7,1.93,3.87,0.0,6947.03,863.13,1141.05,2.1,0.1,376
79.4,1945.68,9.12,46.95,23687.59,14233.76,73.4,8508.95,24332.04,2.92,55.32,15480.34,2912588.73,0.0,0.0,0.0,0.0,146.5,367.14,2.1,0.2,376
73.9,1970.45,9.67,48.65,28063.9,12696.06,74.2,8325.39,24305.02,3.18,55.03,11342.21,1792713.9,0.0,0.0,1138470.21,5493.07,1515.2,656.05,2.1,0.1,377
65.71,1962.08,8.39,48.11,32824.8,12595.51,74.92,8007.51,24390.33,2.99,55.09,32481.72,711452.64,3.88,0.0,2257309.54,11505.13,2012.43,615.75,2.1,0.1,377
62.4,1969.06,8.68,47.95,35307.53,10524.81,75.59,7889.72,24021.26,3.43,55.45,27445.42,1298140.79,2.43,0.0,1606173.15,0.0,1639.63,334.39,1.9,0.1,376
61.89,1962.73,9.03,47.58,28301.65,9162.95,74.45,7764.06,23906.62,3.57,55.43,0.0,630429.38,1.98,0.0,1493220.35,0.0,1385.65,141.52,1.9,0.2,379
55.75,2029.82,10.08,46.5,24389.38,10544.39,75.03,8211.63,24064.38,3.26,55.23,16616.54,0.0,5.62,0.0,1970226.23,47094.63,2775.31,61.82,1.9,0.2,380
52.34,2052.61,10.74,46.05,21858.52,10491.2,74.59,8323.75,24132.02,3.39,55.59,22102.49,407638.97,11.26,18.17,1430412.87,41895.33,1579.85,265.77,1.9,0.1,378
56.83,2033.25,10.96,46.36,24358.45,10529.66,74.98,8225.25,24181.8,3.58,55.85,7414.37,621690.5,11.11,25.09,1789025.85,67550.97,2327.55,953.58,1.9,0.2,380
55.19,2039.61,9.8,46.17,19862.27,11295.1,75.65,8383.11,24267.77,3.91,56.28,19538.31,1538498.63,10.37,27.15,2222530.61,59205.57,849.95,766.93,1.8,0.1,379
52.3,2001.32,7.5,45.34,19744.69,11347.52,75.7,8514.3,24051.44,3.49,56.53,36667.36,894668.65,5.52,13.9,1799141.18,78954.18,0.0,382.83,1.9,0.1,380
49.74,2017.24,4.72,44.88,10913.6,11831.88,75.18,8133.53,24293.27,3.56,56.57,0.0,210662.71,7.87,36.11,2519887.7,62852.95,4.45,561.2,1.8,0.1,386
48.41,1967.77,5.37,43.97,13486.21,13993.63,75.53,8050.38,24462.58,2.99,56.39,0.0,0.0,3.51,33.9,2704085.14,58504.26,0.0,774.66,1.8,0.1,387
45.83,1985.63,6.67,45.7,13527.88,13538.51,76.08,8259.96,24322.27,2.77,56.07,2199.65,0.0,4.09,0.0,1831105.48,60596.4,0.0,563.87,1.8,0.2,383
47.54,1956.14,5.02,44.7,15455.39,15991.43,76.78,8164.24,24254.39,2.91,55.92,0.0,448629.16,7.75,30.64,2516424.43,50836.86,0.0,0.0,1.7,0.2,384
51.51,1964.47,4.09,45.51,11775.89,14066.21,76.93,7919.57,24091.6,2.62,55.83,15604.9,801505.23,5.07,25.32,2693549.92,28591.56,0.0,0.0,1.7,0.2,384
50.71,1944.08,3.01,46.19,16517.26,13486.91,76.53,8226.86,24099.31,2.63,56.11,41568.19,349044.38,7.14,20.75,1679359.61,75134.32,0.0,0.0,1.7,0.3,382
48.23,1938.8,4.07,45.99,15388.62,14667.48,77.31,7890.62,23977.42,2.78,55.61,31365.3,1110680.93,7.71,34.54,1990048.17,79759.09,0.0,347.17,1.7,0.2,378
46.63,1945.4,4.29,46.9,15600.66,14056.87,76.47,7997.7,24343.25,2.16,55.39,17527.99,0.0,6.24,23.89,1480402.06,32733.12,15.51,0.0,1.7,0.2,381
48.95,1965.11,7.11,47.15,12671.96,13276.79,75.51,8009.26,24241.69,1.99,55.58,41232.79,159609.75,2.67,26.99,934398.68,77998.79,0.0,249.04,1.8,0.2,382
47.86,2028.73,5.65,47.66,15621.11,14044.96,75.64,7819.59,23959.21,1.76,55.37,41697.82,0.0,0.0,50.01,0.0,87717.98,0.0,639.56,1.8,0.1,382
44.82,2041.12,6.05,46.63,12914.64,12421.47,75.01,8173.82,23971.65,2.15,54.93,0.0,0.0,1.74,38.69,655436.84,123951.95,0.0,849.11,1.9,0.1,379
38.05,2018.49,5.38,47.36,10793.1,13433.06,74.09,8260.27,23916.2,2.33,54.84,0.0,357218.02,4.57,15.08,1160279.01,87778.76,0.0,565.53,1.9,0.0,382
33.64,1996.8,4.12,48.53,6234.25,14939.96,74.32,7998.13,23891.3,2.34,55.02,0.0,734291.46,4.02,27.93,486560.85,70311.78,115.0,545.79,1.9,0.1,383
39.21,1999.14,5.02,48.27,19335.4,14821.81,75.01,8477.63,24081.83,2.32,54.82,0.0,911052.93,8.12,42.75,236560.91,53188.66,82.01,74.79,1.9,0.1,389
44.77,1966.35,2.94,46.41,28408.05,12684.38,76.22,8496.31,24054.34,2.07,55.18,14498.97,1366147.9,6.19,56.96,1242620.91,70750.42,0.0,268.64,2.0,0.2,389
50.22,1982.98,1.46,47.16,29515.17,16155.42,74.84,8223.12,24235.65,2.56,55.12,9407.57,1337462.59,3.99,77.24,816552.46,89426.27,0.0,816.21,1.9,0.1,393
50.72,1963.51,0.3,46.41,31323.1,16719.06,75.05,7853.08,24266.19,2.67,55.2,8884.55,451935.4,0.97,100.25,263228.07,54555.0,0.0,344.25,1.9,0.0,394
45.18,1956.97,1.52,47.11,30231.73,15318.43,76.1,7953.17,24226.91,2.2,55.22,7532.69,0.0,0.0,91.18,603736.26,14340.7,0.0,368.57,1.9,0.0,396
45.84,1985.71,0.4,46.01,26424.36,13493.85,74.47,8040.69,24311.01,2.02,54.99,8568.51,64501.58,2.73,110.07,152374.53,14078.6,0.0,832.07,1.9,0.1,393
50.79,2002.81,2.87,44.45,27598.42,15422.06,73.75,8184.37,24421.36,2.31,55.08,23662.45,366338.68,5.45,78.77,426683.15,59752.39,0.0,525.56,1.9,0.2,391
51.19,2007.32,2.58,46.98,23493.92,15468.85,73.96,7735.41,24217.28,2.01,55.26,0.0,928190.85,1.53,95.12,0.0,70220.43,530.3,668.78,1.9,0.2,391
41.38,2004.49,6.84,47.95,22178.03,16226.08,73.74,8028.69,24049.74,2.43,55.46,17038.12,2082713.21,3.96,110.55,809845.16,89454.47,743.96,391.19,1.9,0.2,391
42.86,1986.48,6.43,47.5,25011.45,15658.88,74.78,8040.88,23943.34,2.45,55.1,67623.66,2215397.01,3.34,133.77,629744.95,79144.98,337.36,71.15,1.9,0.2,388
43.06,1978.5,7.31,46.71,29860.57,16658.46,74.23,8012.81,24005.41,2.37,54.85,96637.59,866185.08,3.46,152.17,84864.28,72515.87,800.77,0.0,1.9,0.1,389
40.95,2024.07,5.71,47.0,25663.04,16002.47,74.28,8056.14,24389.91,2.8,54.68,83382.65,90485.57,0.0,115.86,1245250.76,5732.47,1030.3,186.04,1.9,0.1,389
42.26,2011.85,5.32,45.83,27413.81,15021.64,74.45,7958.99,24229.54,2.64,55.06,34708.1,1191830.44,2.03,62.08,756376.38,0.0,1260.92,604.87,1.9,0.1,388
47.55,2013.11,5.34,46.6,27259.5,17288.66,74.22,8124.46,24082.82,2.24,55.14,0.0,2353782.62,0.8,54.35,515814.66,9324.91,1302.56,284.93,1.8,0.0,386
49.19,2011.33,6.36,44.63,23368.55,16216.29,75.48,8718.85,23822.87,2.59,55.15,14761.45,1258592.97,4.26,0.0,0.0,2603.55,868.01,289.46,1.8,0.0,385
48.51,2008.9,7.42,43.92,31499.62,16079.36,76.34,8578.67,23703.52,2.63,55.8,0.0,1527972.18,4.09,13.9,0.0,22824.77,946.05,0.0,1.8,0.0,384
48.66,2031.56,7.73,43.0,34068.44,15815.23,75.59,8270.46,23954.65,2.49,55.92,0.0,2546924.9,10.42,29.26,920749.13,7527.57,585.59,420.37,1.8,0.0,384
43.93,2017.3,8.79,44.94,35124.51,17775.29,75.07,8628.06,23845.73,2.31,55.66,0.0,2527170.9,12.16,28.84,1060811.88,0.0,605.72,961.86,1.9,0.0,383
59.02,2021.07,10.33,46.74,28915.41,18470.77,75.14,8940.66,24318.94,2.15,56.47,4564.21,2579263.11,3.36,53.87,0.0,0.0,296.01,1005.46,1.9,0.0,385
53.64,2007.87,8.43,45.53,39201.07,15912.61,74.41,9301.73,24280.98,2.21,56.35,0.0,1691498.1,1.24,76.02,513167.8,0.0,243.9,1142.59,1.8,0.0,386
49.41,2019.17,7.98,47.47,35406.31,16677.33,73.27,9162.13,24447.24,2.15,56.44,24349.21,1576038.06,0.35,0.0,88233.86,43576.2,129.17,1154.54,1.8,0.0,387
44.54,2004.73,8.08,46.42,42868.52,19510.46,72.83,8865.31,24324.37,2.53,56.36,40589.4,2180364.89,0.0,16.43,183593.29,56686.87,747.84,971.93,1.8,0.0,390
45.3,1963.35,9.54,44.4,33281.16,18302.31,72.66,8841.06,23906.42,2.65,56.49,8750.32,1678455.55,0.0,25.73,0.0,9645.35,619.09,972.8,1.8,0.0,390
47.08,1933.4,5.28,45.11,31734.91,16020.65,74.23,9094.99,24225.42,2.71,55.43,38505.36,926720.47,0.0,48.44,1400422.34,67482.4,672.66,1101.9,1.8,0.0,391
48.96,1900.59,5.22,45.82,36360.0,16828.07,73.99,8791.8,24252.9,2.92,55.61,74466.03,860726.51,0.0,72.53,1319602.4,15899.47,945.28,1426.55,1.9,0.1,389
46.23,1933.36,4.75,47.06,36533.67,18447.64,74.58,8523.19,23831.94,3.1,55.66,36595.89,1262492.92,3.67,47.14,0.0,52446.06,1503.59,1017.2,2.0,0.1,388
49.31,1925.48,3.34,47.24,37178.34,13873.35,73.64,8342.88,24004.37,2.63,55.48,82255.08,1165195.7,3.47,42.08,715690.97,50370.64,1226.85,952.25,2.1,0.1,387
54.39,1918.26,0.0,47.45,38583.8,13026.81,73.57,8596.33,24135.98,3.03,55.48,65981.46,1466856.23,3.92,50.56,533246.04,26711.07,833.3,1014.48,2.1,0.0,385
47.28,1912.74,0.0,47.3,38501.28,16657.32,74.02,8681.24,23852.58,2.89,55.12,71961.79,1330115.98,2.44,71.01,352729.84,74599.01,1432.7,698.32,2.1,0.0,384
49.43,1879.38,0.07,47.46,35979.29,18080.35,73.78,8644.46,23885.96,2.46,55.21,69633.34,23709.56,0.0,52.33,1177628.8,164694.27,360.57,1151.76,2.1,0.0,388
51.56,1886.83,0.0,47.26,35549.64,21124.18,73.16,8400.9,23832.07,3.2,54.87,93754.82,0.0,1.14,50.57,619689.45,169903.38,0.0,502.18,2.1,0.0,388
50.26,1940.35,0.36,47.27,29039.63,19499.13,72.65,8630.23,23734.24,2.95,54.97,61005.23,897293.63,6.14,23.6,1153441.02,118573.21,0.0,686.3,2.1,0.0,389
54.84,1946.0,0.25,46.98,24289.43,20034.28,72.79,8342.55,24093.28,2.91,54.78,82071.37,1568756.46,0.25,51.95,1158445.09,139746.88,25.29,743.49,2.1,0.1,387
58.47,1954.15,2.03,45.64,27560.32,20089.58,74.52,8478.01,23991.97,2.71,55.01,55650.38,1073977.82,0.0,51.14,1202815.31,111451.04,934.36,853.38,2.2,0.1,385
53.21,1953.14,3.55,45.28,32556.91,21511.67,73.89,8214.44,24229.58,2.78,55.1,65782.84,49907.64,1.17,51.66,1398798.21,64972.02,894.32,609.93,2.2,0.1,383
48.75,1978.51,5.15,47.38,30784.96,18901.9,73.89,8075.06,24099.19,2.89,55.37,66910.57,162338.49,3.16,41.66,2209847.59,166528.05,502.69,943.66,2.2,0.1,386
50.52,1994.17,5.28,47.23,34170.63,18950.24,73.17,8210.89,24069.19,2.72,55.57,32388.71,27445.61,0.0,28.7,3514285.62,118564.27,410.6,1285.7,2.2,0.1,384
53.34,1981.86,8.24,46.64,42428.96,19712.4,74.07,8185.73,23998.62,2.65,55.76,41448.29,0.0,0.0,24.51,3412048.47,96905.1,155.41,817.54,2.2,0.1,387
47.58,1998.14,8.55,47.37,45040.91,18172.03,74.0,8232.75,23824.13,2.93,54.99,4730.14,0.0,2.9,29.92,2627746.78,90107.99,324.64,338.04,2.2,0.2,390
51.59,2000.57,9.32,47.84,37302.39,16220.12,74.59,8096.79,23671.09,3.23,55.01,2422.24,0.0,1.29,20.22,1718320.79,37529.94,1215.44,776.47,2.2,0.1,385
49.6,1936.48,8.1,45.26,35981.62,16315.3,74.44,8579.7,23713.57,3.61,55.09,55185.07,0.0,0.0,13.42,2581388.03,27674.11,750.18,892.78,2.2,0.0,383
56.78,1974.25,9.75,46.3,30982.28,16033.7,73.62,8738.18,23678.63,3.02,55.1,76656.56,0.0,0.0,0.8,2915769.06,0.0,1268.57,572.7,2.2,0.0,386
56.09,1954.37,8.36,47.43,26576.63,16366.18,73.77,8827.25,23770.64,2.86,54.96,51500.2,0.0,1.34,9.62,1597211.41,0.0,999.09,338.85,2.2,0.0,387
55.27,1972.2,6.02,45.96,20332.27,15503.65,73.93,9094.39,23666.84,3.06,54.74,44516.65,0.0,0.0,0.0,2474755.46,0.0,1411.5,543.79,2.1,0.0,386
56.61,1961.05,3.87,45.11,27988.93,15346.28,73.7,8659.22,24014.09,2.95,55.07,55925.15,528883.13,4.38,6.66,2091595.29,60097.54,1679.14,276.15,2.1,0.1,381
50.59,1940.91,5.07,46.0,31198.88,16647.14,72.95,8346.02,24312.64,2.94,55.38,29248.31,0.0,0.38,29.72,2591353.47,74714.25,1243.42,477.23,2.1,0.0,380
51.77,1974.31,4.99,46.07,30930.96,16787.1,72.11,8206.36,23832.17,2.79,55.45,4111.93,0.0,1.36,98.46,2224533.26,93468.92,1022.34,558.35,2.1,0.0,380
56.77,1981.13,3.41,45.5,26493.64,17952.49,71.88,8396.81,24099.73,2.81,55.53,0.0,561201.28,0.0,75.43,1765299.4,118946.35,1787.01,368.32,2.1,0.0,380
60.42,1932.01,3.72,46.26,27566.67,17178.16,72.98,8206.69,23957.15,2.31,55.53,5937.05,185179.39,0.0,66.48,1638331.0,62682.11,598.74,0.0,2.0,0.0,380
59.33,1933.13,4.45,46.56,29871.96,16960.07,72.38,7934.19,23881.75,2.67,56.07,19835.28,424048.71,2.82,98.77,866164.21,161154.3,1367.88,0.0,1.9,0.1,382
55.58,1940.6,5.6,47.35,37132.52,17016.68,72.93,7907.21,23740.36,2.42,55.87,26037.88,0.0,7.79,69.74,252196.86,140275.25,29.04,154.54,1.9,0.0,382
55.44,1996.09,5.81,47.24,36529.36,12607.17,73.24,7950.73,23785.42,2.24,55.89,0.0,475001.32,7.65,98.72,0.0,171243.63,191.08,146.36,1.9,0.0,381
54.63,2012.51,5.69,47.3,43533.53,13823.35,72.9,7912.5,23883.87,2.87,55.41,5120.54,1273932.76,8.13,84.1,0.0,203783.59,0.0,0.0,1.9,0.1,382
52.54,2012.51,5.8,46.5,42102.72,12664.98,72.37,8081.86,23854.79,2.83,55.14,0.0,844972.97,5.37,64.58,203904.87,227107.81,442.59,0.0,1.9,0.0,381
47.74,2007.42,7.99,45.9,33126.42,12673.29,72.35,8375.13,23516.03,2.55,55.32,0.0,1114311.8,2.82,84.71,216504.73,191647.69,737.17,45.11,1.8,0.0,378
44.62,1945.32,10.76,45.79,35634.77,11670.11,73.1,8521.72,23822.51,2.55,55.54,0.0,1223540.98,2.53,45.52,0.0,156536.21,537.42,0.0,1.9,0.1,380
47.97,1946.77,10.19,46.19,35760.46,13073.82,73.36,8378.92,23940.85,2.51,55.84,0.0,2806800.08,6.48,13.3,891548.43,132881.42,801.04,542.57,1.9,0.1,382
46.88,1891.5,10.77,46.47,35033.1,13528.31,75.31,8575.28,23804.92,2.57,56.03,30794.23,1536891.26,4.19,0.0,1250175.29,84888.65,1523.09,913.88,1.9,0.0,380
49.32,1925.57,9.9,43.51,38005.87,10523.9,73.52,8739.15,23620.89,2.66,55.9,5075.75,1481981.65,2.12,4.79,885863.73,58567.34,1022.03,528.88,2.0,0.0,378
47.85,1918.19,8.67,44.56,33855.82,10563.27,74.19,8761.64,23569.59,2.92,56.0,26529.42,1493134.76,1.35,0.0,0.0,51059.61,935.38,405.16,2.0,0.1,382
43.72,1933.41,8.24,45.41,42383.7,14654.37,74.82,8695.65,23594.37,3.54,55.65,44331.54,1162765.3,0.0,47.45,0.0,0.0,1207.05,286.21,2.0,0.1,383
43.56,1962.51,9.07,47.09,47235.34,14505.79,75.33,8719.06,23780.56,3.07,55.75,53827.55,2131870.79,3.08,47.73,8752.29,0.0,2000.63,0.0,1.9,0.1,383
45.73,1968.4,7.07,47.23,43257.95,13816.37,76.34,8817.71,23365.25,3.07,55.92,13048.22,1346234.03,5.26,32.53,0.0,47105.89,1672.29,158.37,1.9,0.1,381
49.23,2003.22,4.97,46.15,49921.6,15670.32,75.43,8478.95,23556.64,3.1,55.77,72661.37,1584134.36,2.26,58.27,113069.82,20199.22,1934.58,644.89,1.9,0.0,381
45.51,2004.05,6.05,43.88,50842.2,14946.9,74.85,8167.24,23433.56,3.5,55.87,95975.37,884457.73,6.67,51.4,0.0,0.0,1176.1,348.73,1.9,0.0,387
45.28,1992.8,3.42,43.09,39696.59,16208.18,76.34,7954.18,23512.35,3.32,55.92,84464.93,2071701.8,3.7,70.27,0.0,0.0,1777.42,933.76,1.9,0.0,384
48.42,1933.21,4.89,42.98,36254.69,14298.88,74.94,7988.61,23663.31,3.2,56.07,73485.01,2242052.31,0.0,52.0,1042777.93,38969.96,1738.28,711.8,1.9,0.0,385
40.58,1985.86,6.63,44.66,38710.08,14542.46,75.18,7953.0,24196.67,3.09,55.79,55581.97,1524102.85,2.14,34.5,879395.48,85103.89,2076.15,317.07,2.0,0.0,381
40.76,1991.05,6.13,45.24,35736.45,11324.44,74.94,7679.46,24204.44,2.7,55.81,83037.74,310733.67,0.0,25.21,1559261.66,82206.25,1609.42,0.0,2.0,0.1,377
43.48,2054.77,5.19,45.05,34955.17,11198.0,75.75,8146.96,23851.22,2.46,56.01,86505.93,578015.61,1.84,27.46,1714358.78,62567.15,1312.72,8.6,2.0,0.1,378
36.86,2036.55,5.24,46.76,33003.91,11888.52,75.51,8443.33,23658.38,2.29,55.64,74011.17,0.0,5.43,37.54,1914163.74,132488.78,1002.12,319.71,2.0,0.2,380
36.84,2037.59,4.37,46.04,32739.68,12029.44,74.67,7938.44,23808.7,2.44,55.64,113222.76,0.0,8.71,99.21,2852630.43,104454.38,1139.38,64.47,2.0,0.3,382
42.07,1997.72,2.51,47.09,34737.37,11971.26,76.02,8112.51,23694.88,1.97,55.7,83987.81,0.0,6.83,124.5,3049593.72,89654.48,965.96,185.82,2.1,0.3,381
38.4,1991.16,1.31,47.2,36595.43,14275.17,75.64,8352.97,24116.84,2.1,56.18,109349.13,0.0,13.57,107.66,3580180.38,102932.5,1033.32,614.97,2.1,0.3,381
35.53,2015.93,1.01,47.15,35964.83,15311.61,75.47,8283.29,24223.3,2.28,55.73,90162.69,813532.66,18.01,51.42,3658183.02,95569.17,639.79,425.06,2.0,0.2,382
45.18,2018.18,1.89,46.2,30576.25,15267.12,74.52,8517.26,24104.72,2.12,56.21,110961.23,26942.87,12.99,42.29,3079629.01,69168.06,1276.31,467.55,2.0,0.1,380
43.44,1987.73,0.7,47.25,35494.39,14602.8,75.57,8603.86,23897.96,1.82,56.11,106966.97,0.0,9.67,61.34,3717454.05,66106.86,1172.69,292.38,2.1,0.1,379
47.77,1966.46,0.1,46.48,30532.78,13200.37,74.32,8405.88,23837.56,1.6,56.08,44508.92,0.0,9.97,84.67,2860062.56,96646.6,871.29,1007.75,2.0,0.0,380
43.01,1948.19,1.5,46.52,30529.68,13399.12,72.41,8416.12,23764.53,1.67,55.5,55675.82,382909.28,5.41,80.13,3580102.27,91450.79,0.0,713.41,2.0,0.1,378
43.57,1923.2,3.26,45.94,16760.4,12985.56,72.65,8475.27,23874.74,1.99,55.4,49665.7,384818.07,3.51,86.21,3670491.95,80475.98,0.0,299.7,2.0,0.0,379
45.19,1958.17,5.46,42.55,17973.43,9935.33,73.85,8438.9,24172.82,2.17,54.98,16840.73,298598.48,4.49,78.3,3310822.46,59954.55,628.39,340.41,2.0,0.0,379
44.58,1972.48,6.49,43.93,19036.48,10857.65,73.48,8578.63,23984.42,2.31,55.21,17737.77,485723.63,3.11,22.72,2449946.68,56846.36,246.73,483.33,1.9,0.0,381
44.22,1981.08,5.61,44.76,27866.99,13704.11,73.13,8442.75,24059.22,2.86,54.88,0.0,985935.08,0.89,39.74,1775987.55,65190.34,12.47,128.99,1.9,0.0,382
44.23,1943.42,5.97,45.15,16433.97,13785.83,73.36,8435.68,23703.71,2.93,55.03,0.0,51102.93,0.0,40.64,777316.47,11421.26,1127.09,146.96,1.9,0.0,381
52.66,1968.75,9.11,45.61,13842.71,14364.29,73.97,8539.5,23691.6,3.37,54.69,9052.93,0.0,0.0,44.44,1555474.61,28423.4,1155.02,0.0,2.0,0.0,382
56.18,1973.87,5.83,47.11,25738.45,15712.43,73.49,8757.53,23715.04,3.25,55.05,24861.53,0.0,0.55,71.66,507841.91,63336.13,200.62,0.0,2.0,0.0,384
49.52,1994.61,5.82,45.92,28873.54,15462.21,74.82,8806.64,23881.35,2.99,55.08,6095.1,14670.21,3.76,57.18,0.0,75781.6,626.18,546.49,2.0,0.0,384
51.32,2002.21,2.39,45.21,31733.86,17098.07,74.28,8638.02,23885.51,2.91,55.3,0.0,583055.61,6.94,42.1,0.0,74337.54,296.48,475.46,1.9,0.0,387
48.45,1953.87,4.08,44.78,28320.05,16558.36,73.36,8683.7,23672.82,2.57,54.94,4431.65,0.0,11.4,29.76,0.0,29645.32,612.97,873.78,1.9,0.0,383
54.95,1970.78,4.7,44.88,31539.0,15028.04,74.28,8790.24,23737.83,2.52,54.38,0.0,379282.09,12.08,56.23,0.0,111324.87,1084.13,598.59,1.9,0.0,382
56.55,1972.16,7.16,43.34,30965.98,13195.38,75.54,8767.43,23815.55,2.51,54.24,31678.14,476714.4,10.92,66.26,0.0,170114.82,1771.19,536.34,1.9,0.0,384
62.91,1988.67,7.07,43.8,21475.29,12753.85,75.68,8216.4,23917.74,2.32,54.77,19540.24,299152.2,8.93,59.78,592265.23,136616.4,1576.81,750.02,1.9,0.0,383
62.54,2020.2,7.63,41.99,25845.19,11234.86,74.78,8327.4,23762.4,2.09,54.8,564.32,0.0,9.06,79.58,1168663.31,88377.11,1606.67,518.74,1.8,0.0,377
56.41,1973.89,7.55,42.82,18097.56,13075.92,74.27,8092.77,23457.41,1.97,54.8,26820.19,0.0,6.88,86.06,1159865.28,25726.63,1205.3,296.31,1.8,0.0,376
61.61,1971.96,7.87,43.07,24300.76,13188.76,75.08,7513.86,23596.41,2.15,54.91,0.0,0.0,3.11,89.18,1650841.35,0.0,1187.3,14.75,1.9,0.0,376
59.43,2005.68,7.56,41.47,33158.02,14712.8,74.58,7753.17,23564.3,2.06,54.89,15915.63,334123.38,5.12,91.52,2426309.98,65823.69,1220.83,0.0,1.9,0.0,377
55.58,1981.61,7.17,39.77,32026.91,15046.12,73.37,8115.4,23759.58,2.5,55.02,23144.67,1248721.16,7.82,131.02,2056575.68,31901.68,514.36,0.0,2.0,0.1,381
54.12,1999.91,6.15,40.07,26697.57,13477.49,73.99,8450.32,24051.63,2.91,55.22,18880.99,798314.97,8.18,71.99,1428900.6,3318.58,1123.05,0.0,2.0,0.1,382
51.68,1956.73,6.7,41.83,29986.93,13446.04,73.18,8291.3,24175.37,2.67,54.94,0.0,1051534.7,8.31,94.28,0.0,48931.99,1574.68,425.03,2.0,0.1,382
47.78,1935.64,6.8,42.09,33900.74,13083.5,72.23,7987.78,24025.27,2.87,54.81,7973.59,0.0,7.5,84.67,851461.35,51397.68,1782.05,1021.71,2.0,0.2,382
46.02,1937.78,5.89,42.06,30643.64,12859.37,73.14,7670.95,24118.6,2.87,55.2,0.0,730626.02,4.11,63.91,1070638.65,69673.98,1440.75,978.64,2.0,0.2,382
45.81,1968.58,6.09,43.28,43559.09,10010.95,72.54,7564.62,23957.56,3.22,54.47,12798.78,0.0,3.57,64.53,1576313.93,54052.2,1196.99,216.31,2.1,0.2,383
50.99,1966.86,6.55,44.37,34251.86,11565.69,74.49,8037.82,24323.37,3.65,54.22,0.0,0.0,12.25,64.66,492503.03,10942.5,1130.87,0.0,2.2,0.2,383
46.6,1932.39,6.84,44.67,27317.89,11963.52,74.46,8227.48,24755.32,2.96,54.55,0.0,304793.35,10.76,71.32,0.0,48196.97,1041.31,483.5,2.3,0.2,385
50.96,1973.14,8.33,43.51,29396.55,10192.74,74.06,8131.75,24801.92,2.86,54.57,26428.84,838428.79,9.88,83.36,496452.97,115370.28,839.51,209.84,2.3,0.1,384
52.79,1959.16,7.57,43.49,27530.84,9148.82,74.94,8440.5,24918.76,3.08,54.53,27191.71,297353.82,8.05,73.25,0.0,107081.9,505.83,302.09,2.2,0.1,385
47.31,1952.21,6.35,45.05,36824.9,10061.33,75.2,8103.65,24881.43,2.96,54.96,17233.23,0.0,3.31,70.47,0.0,138751.68,808.27,263.55,2.2,0.2,382
45.2,2005.87,5.17,45.82,42117.32,10744.99,75.65,8065.98,25168.62,2.8,54.71,38168.38,477734.64,3.22,64.31,0.0,96030.04,441.57,362.91,2.2,0.1,381
45.16,2013.77,5.59,47.66,35554.76,12225.05,75.99,8154.74,24967.34,2.61,54.74,0.0,0.0,0.17,71.12,483044.39,47672.21,0.0,0.0,2.2,0.1,382
52.21,2053.88,4.2,46.88,38961.01,8246.22,75.58,8374.19,24785.39,2.81,54.25,7593.38,0.0,0.0,39.78,1528835.72,47283.32,132.87,697.43,2.1,0.1,381
48.98,2049.26,3.99,48.81,46971.82,8970.3,74.21,8296.52,24924.92,2.56,54.79,21873.83,0.0,0.0,24.12,848883.88,3626.55,0.0,510.25,2.2,0.1,382
50.69,2016.25,5.74,47.82,42967.28,10441.69,76.24,8172.73,24479.44,2.66,55.0,7264.23,0.0,0.0,32.7,2064911.74,68480.64,210.95,339.82,2.2,0.1,381
51.38,2042.82,5.42,47.23,39926.33,12345.87,76.66,7959.82,24406.93,2.96,54.91,42963.88,463658.86,4.63,23.4,2288031.53,88658.06,781.26,440.73,2.2,0.1,381
45.14,2024.64,4.25,47.31,43727.46,13604.08,76.97,8025.79,24352.84,2.61,54.42,0.0,48519.16,6.35,0.0,1483979.34,62878.42,1372.13,401.42,2.2,0.1,384
46.33,1969.8,4.59,48.58,45196.89,14121.08,76.89,7674.62,23920.04,2.86,54.84,0.0,209169.31,7.04,46.03,1284361.37,84070.85,2229.29,290.66,2.2,0.0,381
50.61,2001.13,6.28,46.97,42123.05,14976.87,74.74,7859.54,24364.88,3.13,54.23,10577.79,359316.49,6.7,45.44,953889.97,0.0,2110.94,486.45,2.1,0.1,378
43.51,1998.55,5.21,47.79,38377.54,17094.3,74.15,7950.7,23928.6,3.06,54.37,40962.47,0.0,4.96,79.35,1920035.94,0.0,1508.59,0.0,2.0,0.1,377
53.11,2003.27,4.94,48.14,42627.42,18665.98,74.41,7992.93,24009.26,2.99,54.32,62406.91,0.0,1.55,71.54,2174614.23,0.0,1206.44,0.0,2.1,0.1,381
53.77,2006.91,4.91,47.48,40612.01,17044.98,74.43,7691.67,24081.03,2.63,54.45,61611.72,901740.82,2.16,57.57,1513350.58,29858.84,1035.07,0.0,2.1,0.0,381
50.1,1992.63,7.68,46.63,43308.47,18364.15,75.13,7855.94,23872.1,2.47,54.22,43211.82,614438.44,0.0,66.51,1039620.73,16740.24,149.47,61.15,2.1,0.0,382
50.69,2004.56,8.19,47.22,50087.38,18030.55,74.29,7826.77,23842.93,2.26,53.68,42932.37,594484.68,5.05,107.43,1402231.91,38606.56,0.0,151.24,2.1,0.0,380
52.43,1963.16,11.88,48.51,54106.11,15528.22,73.06,7950.47,23838.95,2.81,54.04,35518.31,1444717.98,4.78,100.74,1946768.64,12946.89,572.37,348.35,2.0,0.1,379
45.43,1943.56,9.49,48.25,59029.62,15809.82,74.54,8222.46,23337.85,3.03,54.03,43806.83,1245330.56,11.41,100.35,2110675.3,53776.41,0.0,681.14,2.0,0.0,381
40.08,1972.1,8.65,47.71,43473.49,17079.11,74.74,8130.46,23278.37,3.19,54.27,37484.41,517969.74,10.5,95.09,2727517.54,7290.9,0.0,1238.72,2.0,0.0,383
49.17,1941.04,11.11,47.31,43055.36,16829.96,75.9,8352.67,23392.68,2.82,54.32,0.0,1026637.21,7.14,81.78,3158737.23,39293.58,252.42,837.83,2.0,0.0,384
44.01,1977.03,10.51,47.0,43350.05,16340.79,75.75,8611.67,23743.14,2.99,54.48,0.0,1568005.33,3.68,118.71,3224201.99,79866.52,509.59,712.1,2.0,0.0,382
44.24,1939.45,10.6,48.13,32879.11,15450.83,75.44,8627.78,23998.43,2.87,54.81,2439.99,1023344.86,3.74,72.17,2649644.46,65927.92,188.16,1453.15,2.1,0.0,383
47.35,1960.33,11.93,48.72,22565.32,16668.35,74.65,8456.65,24242.06,2.35,55.29,23713.82,1121972.01,5.39,94.29,2472704.77,87956.89,0.0,1533.5,2.1,0.1,383
49.13,1937.31,10.94,48.88,27541.22,19093.26,75.0,8408.42,24359.66,2.26,55.59,2001.93,762753.65,1.75,85.84,2597758.82,138050.0,30.61,1270.83,1.9,0.1,383
49.44,1981.73,10.84,47.9,23541.64,16618.09,74.59,8465.78,23897.78,2.29,55.72,0.0,593531.69,0.0,7.27,1761162.5,83700.99,475.75,1272.69,1.9,0.2,384
48.58,1988.51,8.72,44.84,25230.2,14187.41,74.4,8522.33,23540.18,2.41,55.83,0.0,979527.65,5.01,3.23,2055066.34,39604.24,927.19,1283.73,1.9,0.2,385
48.65,1959.96,8.01,44.87,20208.26,14102.49,74.38,8374.09,23719.99,2.61,55.53,4040.04,1429801.34,1.6,0.0,1208040.98,56764.13,617.68,734.64,2.0,0.1,384
52.01,1978.97,8.18,44.21,24781.16,14228.24,74.73,8646.6,23547.07,2.72,55.49,28419.56,2333686.23,5.97,24.93,711449.28,37485.39,947.72,252.58,2.0,0.0,381
52.85,1998.27,8.56,44.51,24021.38,13482.72,75.4,8481.65,23537.82,2.83,55.15,26511.96,1718337.51,3.31,18.37,1171962.3,42471.25,1012.64,496.09,2.0,0.0,382
51.84,2005.42,9.49,45.21,18810.62,12893.01,75.78,7995.11,23711.94,2.88,55.85,34033.12,1447556.78,5.89,10.38,1098860.93,43572.97,1222.43,165.83,2.0,0.0,386
45.43,1980.01,6.11,48.45,14481.03,14378.0,76.18,7844.75,23954.65,2.57,55.51,0.0,1683994.84,0.0,22.46,928529.7,103525.72,1114.99,450.79,2.0,0.0,388
47.8,2002.03,4.73,48.56,21157.98,12718.09,75.88,7541.56,23663.66,2.57,55.91,49564.98,1300586.95,0.0,46.37,0.0,77915.21,630.57,394.63,2.1,0.0,388
49.66,1995.47,5.22,48.64,23548.47,9812.15,74.98,7986.77,23504.82,2.61,55.58,57909.0,1036013.88,1.73,52.78,0.0,0.0,159.3,0.0,2.0,0.0,391
39.64,1951.82,5.55,47.87,27086.4,10484.19,75.96,8148.75,23800.5,2.89,55.18,64800.5,1318113.2,0.58,39.54,0.0,0.0,0.0,724.27,2.1,0.0,387
43.57,1944.81,5.3,49.94,37468.98,7391.74,76.04,8201.14,23941.87,2.72,55.15,26380.35,1794537.76,3.15,79.15,0.0,13924.1,1088.28,438.97,2.0,0.0,389
41.89,1999.35,4.06,49.97,33149.86,7764.46,76.47,8166.7,23667.1,2.51,55.32,33004.65,2012452.83,1.1,43.74,0.0,0.0,960.96,34.02,2.1,0.0,386
42.4,1971.44,4.05,48.37,43870.68,6303.6,75.18,8131.4,23773.4,2.56,55.51,39821.34,1209928.75,3.74,56.82,979726.23,6134.97,1425.14,0.0,2.1,0.0,387
40.6,1996.77,5.31,47.26,43264.86,7236.94,75.18,8309.46,23775.32,2.15,55.59,62208.14,61245.44,3.09,28.04,1642962.05,51704.0,863.23,0.0,2.1,0.0,388
41.59,2034.89,7.55,48.66,43588.13,6874.56,73.92,8428.15,23986.68,2.3,55.15,31979.76,154045.16,1.02,7.56,841191.96,43423.24,688.81,0.0,2.1,0.0,388
39.01,2016.92,7.24,48.3,34990.08,7521.94,74.49,8278.61,24100.23,2.36,55.01,60527.16,1469.44,0.32,0.0,1755812.36,90829.74,1222.34,316.7,2.0,0.0,385
45.03,2071.25,7.87,49.68,36832.44,9112.05,74.04,8405.8,24314.19,2.69,55.04,56772.81,16695.82,0.0,26.11,331335.67,21842.0,823.12,0.0,2.1,0.0,386
51.28,2057.53,7.93,50.37,41164.94,6690.26,73.79,8492.76,24349.12,2.43,54.58,64467.95,0.0,0.0,29.47,250589.93,0.0,717.51,0.0,2.2,0.0,391
45.76,2036.32,7.13,48.77,37952.81,7145.99,73.14,8836.81,24315.78,2.71,54.9,92525.06,0.0,3.34,26.73,1615949.7,23027.14,89.01,440.74,2.2,0.0,391
53.13,2038.84,5.53,49.36,40413.33,7927.23,72.99,8890.34,24113.13,2.77,55.23,118790.08,0.0,0.0,8.2,1981191.07,0.0,680.26,176.38,2.1,0.0,392
46.24,2035.74,5.86,47.68,40925.01,8671.6,72.33,8781.03,23913.16,2.59,55.43,92863.86,567388.5,0.0,0.0,2072164.44,24287.47,18.26,551.67,2.2,0.0,391
55.23,2039.92,6.04,49.18,47724.34,7314.26,72.27,8827.09,24221.41,2.3,55.61,68390.31,964518.28,0.0,0.0,681179.13,0.0,0.0,505.64,2.1,0.0,389
54.54,2053.8,5.92,49.2,48968.63,8185.48,71.2,8796.09,24082.77,2.58,55.87,51460.43,970161.4,1.77,0.0,660143.11,0.0,585.27,1007.3,2.1,0.0,388
48.71,2029.6,5.26,48.05,47498.3,9861.22,71.72,8906.32,24189.22,2.47,55.71,41722.71,646856.04,2.85,0.0,657188.04,15337.7,858.58,1249.2,2.1,0.0,388
50.11,1983.86,6.75,47.75,43842.63,8771.4,70.21,9211.02,24262.11,2.21,55.28,28236.59,1086372.9,4.09,21.01,54912.99,10958.94,853.28,1082.72,2.1,0.1,388
47.79,1943.37,6.77,46.67,44210.29,10249.74,72.1,9114.24,24355.41,2.11,54.86,52413.73,1698904.79,2.61,0.0,1009456.28,56009.26,726.01,1300.69,2.1,0.1,384
53.29,1901.04,8.89,48.46,29292.64,13390.62,72.28,9075.89,24041.49,2.12,54.57,23874.77,2228980.82,4.86,24.56,581516.51,27281.1,0.0,1361.14,2.2,0.2,384
54.95,1917.75,9.59,49.89,26746.62,12758.44,72.4,8947.4,24225.35,2.19,54.41,0.0,1241953.97,3.86,50.88,843586.29,47591.43,0.0,821.43,2.2,0.2,385
51.54,1985.79,6.19,49.24,28014.92,12731.95,73.14,8802.48,23913.06,2.24,54.54,24121.76,1957693.85,1.03,89.59,512925.19,26542.03,0.0,114.05,2.1,0.2,386
52.36,1992.5,7.78,47.7,33183.18,13145.08,72.74,8819.62,23980.38,2.1,54.33,9160.88,1409647.45,4.1,74.24,267750.92,67135.8,739.0,0.0,2.0,0.2,385
49.87,2016.33,7.05,49.44,33205.0,13650.49,74.78,8801.74,23871.12,1.92,54.31,14115.32,1796490.55,0.0,66.76,1136804.84,70721.85,1370.27,0.0,2.0,0.2,386
46.49,2020.18,7.46,48.75,35379.32,14320.6,74.23,8687.97,23663.89,1.64,54.48,0.0,1434028.62,1.1,60.74,2466907.83,79641.66,1089.0,233.21,1.9,0.2,384
51.7,2023.05,7.99,47.63,28983.92,12553.15,72.93,8543.79,23627.14,2.07,54.28,57898.79,670378.72,0.0,17.35,2178317.33,60513.08,930.85,367.19,2.0,0.1,384
55.1,1986.13,11.34,49.84,29008.56,11139.07,72.4,8551.29,23854.48,1.68,54.14,53061.0,0.0,0.0,29.35,1821011.17,29542.43,894.53,513.02,2.0,0.1,384
56.59,1990.48,10.62,49.0,27886.07,12828.58,72.65,8621.16,24022.37,1.58,54.19,43822.26,106058.41,1.14,33.09,1650350.16,13885.62,1351.97,586.07,2.0,0.1,384
55.84,1947.12,8.48,49.87,30350.29,12111.11,72.64,8386.17,23945.08,2.02,54.26,59306.69,1118171.67,0.0,0.0,1760307.01,0.0,1208.98,591.0,2.1,0.1,383
57.67,1971.87,9.64,48.19,37144.22,16125.18,73.94,8673.7,23898.33,2.57,54.25,49501.64,723926.94,0.0,3.44,818818.09,0.0,597.47,1031.35,2.2,0.2,383
56.75,1991.76,7.26,46.7,28174.28,17246.61,73.35,8823.52,23852.88,2.59,54.31,47201.61,374132.92,2.75,2.21,1008537.63,8211.12,57.05,1346.57,2.1,0.2,384
49.66,1983.61,7.76,46.18,28050.65,17220.43,73.24,8815.07,23920.54,2.55,54.16,50915.96,0.0,3.03,5.83,402049.01,0.0,318.57,1104.69,2.1,0.1,385
53.71,1977.4,6.17,46.53,27147.93,18219.55,73.45,8281.22,23474.08,2.39,54.41,30423.16,347121.8,0.84,61.28,294246.05,13907.14,0.0,844.45,2.1,0.1,379
55.33,1992.18,7.04,47.55,28754.4,21490.27,73.81,7793.68,23636.72,2.73,54.13,18846.98,1074335.69,0.0,49.58,834529.76,0.0,53.58,446.45,2.1,0.1,382
55.94,1973.82,8.4,47.89,19284.2,21808.8,73.97,7857.52,23978.66,2.67,54.5,49777.35,1002516.85,1.19,63.47,1086136.78,36031.7,0.0,213.66,2.0,0.2,378
60.62,1985.54,6.75,46.13,20953.36,20400.59,74.37,7455.25,23978.74,2.45,54.91,53203.57,599847.11,4.76,46.38,930463.88,44582.92,517.27,224.43,2.1,0.1,377
65.72,1974.8,7.34,46.85,33199.25,19088.76,74.82,7411.79,23917.14,2.28,55.15,69562.12,783074.22,2.01,26.34,408215.42,54931.81,0.0,103.1,2.0,0.1,376
71.57,2001.47,6.92,47.07,35366.52,16925.73,75.76,7519.67,23804.37,2.49,54.83,76513.98,923321.72,0.0,50.43,882157.96,39511.48,330.89,0.0,2.0,0.0,377
71.29,2005.51,8.79,45.95,36904.12,13234.74,75.18,7567.76,24200.59,2.51,55.09,41327.73,637222.24,0.0,21.02,221446.16,15983.79,1369.19,20.34,1.9,0.0,380
65.32,2039.22,9.67,45.65,32775.27,11964.74,75.24,7759.85,24489.48,2.64,54.99,71440.19,1084919.75,0.0,19.31,694151.92,28766.4,715.9,112.48,1.9,0.0,378
59.45,2083.96,8.43,46.82,31972.23,10486.79,74.29,7668.6,24904.8,2.58,55.04,78793.9,1276774.19,2.29,6.55,0.0,0.0,0.0,0.0,1.7,0.0,380
54.12,2030.45,10.04,47.65,30618.21,10064.65,74.36,7454.51,24867.43,2.29,54.4,45651.25,528608.57,6.71,51.97,0.0,731.51,0.0,625.96,1.6,0.0,383
51.37,2021.85,10.76,46.1,34031.12,8325.71,73.13,7755.38,24570.17,2.39,54.18,46306.58,0.0,9.12,68.55,0.0,0.0,0.0,456.64,1.6,0.1,385
53.04,2053.19,6.14,45.66,31886.43,10625.46,73.1,7948.92,24419.78,2.26,54.52,39424.42,236177.04,4.49,79.17,0.0,65423.36,0.0,294.94,1.7,0.1,386
51.47,2059.35,5.91,46.56,37734.31,8745.28,73.6,8381.92,24523.6,2.97,54.34,40415.02,545187.38,2.44,39.27,1490431.69,99949.42,340.37,305.01,1.8,0.1,388
48.44,2048.58,5.32,45.23,33696.86,9993.08,73.51,8370.2,24634.36,3.23,55.14,54778.72,145524.08,4.98,28.82,885931.81,111479.84,1060.57,104.89,1.8,0.1,385
42.88,1999.7,7.06,44.74,30180.36,11215.18,74.7,8109.06,24177.96,3.54,55.26,18419.94,0.0,1.6,44.44,1495328.98,122938.46,1044.77,248.93,1.8,0.1,385
42.92,1995.11,4.6,45.79,24935.54,8419.09,74.11,8087.08,24613.02,3.29,55.27,24215.63,0.0,1.09,34.58,1400719.23,123893.74,1375.89,0.0,1.9,0.0,383
51.34,1943.43,4.01,45.97,22890.54,9611.61,73.12,7725.02,24373.44,3.24,55.19,37451.19,0.0,0.0,31.13,633689.87,114534.77,1087.43,194.5,1.9,0.0,386
42.28,1906.39,4.1,46.2,22771.66,9531.12,73.27,7917.17,24112.45,2.87,54.93,66715.44,275645.67,1.51,70.72,1127363.71,107238.26,1768.35,0.0,1.9,0.1,381
40.26,1936.58,4.43,46.63,14327.69,8990.21,73.98,7779.35,24306.0,2.92,54.63,65920.43,735416.22,2.25,77.42,0.0,175908.69,2982.75,495.31,1.9,0.1,380
45.08,1969.6,3.68,46.42,23351.54,9697.42,74.16,8142.33,24552.85,3.1,54.41,28310.49,235962.34,0.54,74.9,14379.33,148060.37,2464.99,179.82,1.9,0.2,382
46.01,1929.99,2.58,46.21,31545.87,10822.58,74.39,8394.68,24301.87,3.41,54.39,54679.63,1254048.53,0.0,67.24,602062.89,119925.83,2024.45,64.63,1.8,0.2,380
37.27,1963.41,3.65,44.65,37115.35,12468.67,74.42,8301.47,24267.42,3.36,54.28,76038.21,1451142.28,0.0,105.3,390171.58,161513.51,1927.63,335.91,1.8,0.1,381
34.39,1948.11,4.0,44.06,36141.98,13131.54,73.28,8353.83,24133.02,2.98,53.86,23803.61,1299861.72,0.12,106.34,1525904.11,189971.24,2199.31,703.46,1.8,0.1,384
37.74,1957.51,5.78,43.95,34789.72,11228.23,73.1,8271.1,24092.1,3.15,53.76,59567.42,0.0,1.68,114.85,1823489.06,204864.59,1822.37,1037.13,1.8,0.1,388
40.42,1984.3,6.39,44.95,24089.49,12356.49,73.34,8475.34,23947.23,3.39,53.63,38846.83,0.0,0.0,101.37,2517664.32,179685.09,962.11,246.43,1.9,0.1,386
46.42,1978.45,5.82,45.19,32797.84,13122.24,71.82,8271.5,23931.81,3.52,53.51,37052.02,2953.51,2.68,64.24,2324249.85,211731.88,1329.88,439.88,1.9,0.1,385
50.61,1990.9,4.9,47.11,38782.7,12002.18,71.96,8237.2,24150.65,3.18,53.56,54741.65,389531.59,0.0,74.99,1089104.87,161633.01,1006.22,263.04,1.9,0.0,386
43.97,1973.61,6.03,47.28,30652.34,9370.27,71.49,7782.49,24183.99,2.99,53.67,60085.81,906976.05,0.63,61.62,542702.46,129172.89,1019.15,558.17,1.8,0.0,385
36.27,1980.44,7.36,49.56,31229.33,11540.53,71.97,8196.19,24103.82,3.03,54.03,61419.39,360251.22,0.0,82.06,700271.53,116785.75,1374.82,783.38,1.8,0.0,383
40.65,1937.38,7.08,49.74,27630.87,12252.32,72.6,8018.89,24362.77,3.07,53.73,54707.61,1229960.58,0.0,56.69,315100.51,97857.82,617.72,1152.79,1.9,0.1,380
42.7,1970.52,5.53,49.0,22629.0,13950.16,72.72,8036.39,24107.16,3.42,53.94,67461.13,1327777.98,0.0,9.78,218116.53,126957.79,0.0,1641.09,2.0,0.1,380
47.46,1938.14,6.1,48.79,33156.8,13498.21,73.04,8056.71,24018.78,3.7,53.84,17480.77,1326898.02,0.0,18.39,673666.2,117429.89,71.58,775.47,2.0,0.1,384
52.65,1903.74,7.42,46.86,37195.48,15988.46,74.74,8004.56,24201.34,3.82,54.14,0.0,1272502.69,1.51,19.16,87647.18,96950.8,574.05,823.85,2.0,0.1,385
43.67,1912.37,6.59,46.67,30384.38,16393.11,76.24,8060.71,24217.56,4.31,54.02,13147.44,2081295.43,0.26,41.67,258417.93,48370.91,464.73,729.14,2.0,0.0,384
38.56,1935.13,7.15,45.08,31001.19,14027.89,75.7,7950.49,24322.72,3.64,54.42,43625.64,1734648.93,0.0,0.0,1009192.39,116197.98,476.45,287.44,1.9,0.1,384
36.39,2000.77,8.29,45.72,28258.2,16099.53,76.23,7975.29,24540.26,3.78,54.58,6986.17,914042.03,0.0,37.45,0.0,104287.45,0.0,821.06,1.9,0.1,380
42.14,2024.58,7.87,45.6,32915.57,14939.0,76.84,8081.29,24164.37,4.1,54.69,0.0,928120.25,0.0,31.49,589984.07,117481.86,371.49,544.97,1.9,0.1,382
40.41,2010.24,8.02,45.45,38642.03,12848.93,75.35,8339.83,24306.36,3.91,54.65,12509.07,954170.96,0.8,28.61,925630.41,136926.13,830.37,648.28,1.9,0.1,384
41.33,1996.88,8.28,46.24,37088.5,13851.34,74.57,8326.36,24624.24,3.89,54.53,0.0,117430.53,4.96,2.46,0.0,70507.27,792.0,361.06,1.9,0.1,382
38.94,2016.69,8.25,43.2,28433.03,11158.2,74.44,8359.95,24531.08,3.55,54.87,8553.48,0.0,1.99,0.0,0.0,65488.99,940.83,82.98,1.8,0.1,384
47.78,2020.19,6.82,44.19,28153.85,9576.34,74.43,8405.32,24790.11,3.44,54.68,0.0,0.0,0.0,46.19,0.0,56771.5,1413.6,302.01,1.8,0.1,382
49.4,1979.45,6.94,45.47,33134.95,11783.39,76.73,8327.96,24517.77,3.45,54.49,0.0,0.0,5.22,60.45,323308.6,0.0,947.45,753.25,1.8,0.2,383
48.98,1969.62,6.61,43.87,37888.4,12931.71,76.2,8295.08,24647.35,3.87,54.97,5004.75,0.0,0.41,58.09,0.0,9839.54,1011.17,908.25,1.8,0.1,382
50.33,1974.83,9.92,41.64,42629.16,14882.89,75.24,8191.11,24958.05,3.53,54.82,7525.07,359241.75,2.98,79.57,585103.47,0.0,898.18,1023.37,1.9,0.0,380
45.89,1986.22,10.6,42.35,35528.24,15152.09,74.38,8046.96,24773.28,3.2,54.55,47317.51,0.0,0.98,65.69,1373428.56,14815.39,681.21,672.17,2.0,0.0,381
45.92,1996.28,11.94,43.57,34296.68,17745.27,75.66,8319.84,24753.33,2.92,53.99,45901.03,516133.79,0.0,70.03,951991.25,35099.87,328.13,378.49,2.0,0.0,383
46.73,1962.04,10.11,44.48,32369.08,18423.19,74.71,8252.74,24661.73,3.47,53.95,55630.33,773441.92,4.61,97.87,582599.63,0.0,0.0,436.1,2.1,0.1,382
47.52,2000.65,8.35,41.92,38157.08,16043.72,74.46,8350.85,24501.7,3.64,54.81,26141.0,789735.33,3.94,94.76,176747.82,0.0,0.0,262.32,2.1,0.0,382
46.76,1976.98,8.03,42.43,35159.09,15868.82,74.02,8091.72,24876.28,3.37,54.91,90720.44,475234.51,4.57,143.62,0.0,51889.5,171.33,100.66,2.1,0.0,385
47.3,1994.16,6.9,43.18,32686.69,13462.32,75.13,8191.13,24943.96,3.08,55.24,89546.77,546057.4,6.6,117.23,919642.62,24781.31,221.89,0.0,2.0,0.0,384
50.1,1973.45,7.46,43.16,30017.11,14655.51,74.62,8586.87,24930.08,2.66,55.17,59179.83,0.0,8.4,130.86,384073.04,50719.62,689.62,34.98,2.1,0.0,386
45.36,1976.68,7.41,42.23,24854.34,12171.62,74.65,8445.86,24555.2,2.99,55.25,31330.93,173894.35,6.52,74.85,580219.19,105919.65,1356.56,101.77,2.1,0.0,386
45.6,2024.52,6.56,43.74,26616.49,12798.65,73.33,8650.88,24684.85,2.99,55.48,37688.5,0.0,2.99,65.64,0.0,134379.46,1104.06,169.26,2.0,0.0,385
45.02,2053.36,8.15,44.8,28447.16,12281.04,73.29,8522.53,24701.37,2.94,55.41,72732.99,737834.04,0.49,66.96,0.0,140027.85,1969.22,69.18,2.0,0.1,384
47.93,2085.87,6.46,43.76,22583.48,13849.77,72.68,8601.93,24919.26,2.73,55.15,79580.24,707882.12,0.0,99.67,435176.23,109755.77,1521.45,321.46,2.0,0.1,384
44.97,2058.84,6.03,43.17,25354.37,14755.51,74.3,8391.11,25005.62,3.1,55.38,54636.57,468274.76,4.0,83.52,425370.74,80230.55,1742.32,0.0,2.0,0.0,387
46.8,2040.05,5.65,41.99,33230.96,14204.69,74.81,8233.92,24878.75,2.8,55.25,73966.47,513511.76,4.4,76.17,1500649.54,43366.66,1470.95,99.03,1.9,0.0,386
47.87,2032.51,4.69,40.73,33936.86,12879.94,74.7,8080.94,24471.54,2.88,55.4,92043.25,220444.61,3.85,77.03,2016791.37,0.0,570.38,566.58,1.8,0.0,388
51.62,1996.56,3.57,41.36,42544.26,15920.89,74.92,7772.65,24471.62,2.8,55.35,34719.89,385613.53,0.0,4.34,1935766.86,72753.67,123.62,369.62,1.9,0.1,387
48.57,2027.35,2.16,41.39,43921.86,13271.48,75.17,8086.49,24790.76,2.68,55.18,48455.42,9342.71,0.0,15.5,1963366.09,0.0,0.0,0.0,1.8,0.0,386
48.38,1961.92,1.37,40.34,41067.17,12461.43,76.08,8083.94,24580.86,2.61,54.98,76631.61,0.0,1.21,36.94,1312845.84,0.0,0.0,242.56,1.7,0.0,387
54.49,1980.84,2.36,41.29,33496.07,11314.13,74.48,8126.32,24623.21,2.66,55.06,85257.89,0.0,1.2,41.28,885181.33,0.0,0.0,82.87,1.8,0.0,390
57.83,1978.46,2.97,43.28,39910.87,12362.79,75.86,7957.97,24560.26,3.5,55.24,68868.38,114348.01,1.5,81.37,1352084.28,1494.01,0.0,0.0,1.8,0.0,391
55.81,1999.13,1.32,43.02,42226.69,15993.2,75.56,8178.73,24794.38,3.63,55.4,49327.2,1060344.98,0.0,40.33,2442448.34,18473.99,0.0,0.0,1.8,0.1,389
52.92,2037.51,2.26,43.02,46064.7,16756.6,75.89,8134.79,24523.17,3.22,55.37,42238.46,1242823.83,0.0,70.6,1286585.33,34920.2,0.0,0.0,1.8,0.1,386
48.46,2052.62,0.84,44.08,48259.76,17615.21,75.67,7924.27,24155.71,2.83,55.0,43258.05,259629.87,0.0,64.61,971038.5,24332.67,702.1,198.61,1.9,0.1,387
50.06,2045.61,0.98,44.53,56540.37,18144.57,76.85,7577.84,24184.2,3.03,55.1,50446.61,39606.04,3.2,17.55,802928.82,29416.34,367.9,216.76,1.8,0.0,389
51.17,2024.14,2.96,46.16,62054.52,14658.62,77.6,7436.35,24256.75,3.14,55.51,55352.34,252979.69,0.52,0.0,194119.31,79489.91,388.74,753.82,1.8,0.0,388
56.46,2009.99,3.14,47.36,46833.83,14451.42,75.84,7554.5,24166.27,3.23,55.56,39639.06,0.0,0.65,36.95,0.0,18237.11,0.0,189.65,1.8,0.0,386
57.52,1947.78,4.81,48.61,54084.03,16831.02,77.55,7709.61,24347.77,3.09,55.65,37426.38,0.0,0.0,81.24,176318.25,70477.28,0.0,0.0,1.8,0.0,388
57.27,1968.18,4.69,49.71,58237.44,15283.2,77.41,7583.2,24504.22,2.93,55.34,0.0,701423.42,0.51,79.05,767560.61,37028.19,0.0,214.45,1.9,0.0,390
58.63,1981.73,5.9,48.8,47914.3,15238.55,77.55,7504.43,24168.92,2.7,55.64,13167.08,572691.81,0.0,77.8,848323.9,52054.38,1320.23,379.03,1.9,0.0,388
55.56,2001.65,4.97,47.21,48229.91,14192.47,77.56,7440.32,24080.75,2.55,55.65,7513.23,0.0,0.0,61.63,0.0,33770.82,1310.78,0.0,2.0,0.1,389
57.61,2007.86,5.35,47.33,42662.62,14241.75,77.23,7699.16,23770.2,2.63,55.84,0.0,0.0,0.0,57.65,0.0,13265.53,1149.07,0.0,2.0,0.1,388
57.17,1952.79,5.13,44.62,38997.87,17232.99,77.57,7483.29,23726.84,2.59,55.84,22516.08,1029057.64,0.0,58.15,0.0,30198.71,1284.25,45.42,2.0,0.0,384
52.28,1964.96,6.94,43.8,34414.97,17047.99,79.84,7506.28,24007.56,2.56,55.57,0.0,744465.13,2.24,30.76,137965.14,0.0,940.86,0.0,2.1,0.0,383
57.38,1963.19,7.32,45.73,41532.45,14901.36,79.06,7889.25,23815.19,2.51,55.41,13310.47,1166035.31,4.94,31.83,0.0,0.0,326.69,0.0,2.1,0.0,382
60.07,1982.09,5.93,44.7,48101.59,15476.24,77.75,7937.02,24108.46,2.31,55.11,17236.73,232294.37,2.44,19.5,0.0,7268.3,645.58,661.87,2.1,0.0,381
66.36,1992.08,7.26,44.17,44538.76,15263.59,78.0,7896.0,24255.8,2.36,54.77,14687.45,911605.56,2.09,11.74,1003777.07,24390.76,0.0,509.36,2.1,0.0,382
63.36,1983.04,6.99,45.21,39119.63,15077.96,77.68,7838.02,24351.48,2.51,54.26,13489.6,1676719.0,5.73,31.01,1756727.53,19576.33,346.24,524.3,2.1,0.1,384
60.06,2022.56,7.08,45.94,36802.25,16199.37,77.53,8140.59,24229.51,2.79,53.73,0.0,670536.43,5.76,54.52,1562350.76,69310.63,0.0,37.09,2.1,0.1,384
66.19,2027.91,7.35,45.39,29384.51,15565.76,78.33,8199.54,24149.26,2.53,54.06,0.0,836028.15,3.69,43.24,1821958.67,29325.67,62.79,0.0,2.1,0.1,385
68.56,2036.42,6.5,43.41,34790.36,14619.64,76.63,8603.79,24150.73,2.69,54.26,0.0,530579.93,1.61,97.25,673034.97,13779.61,0.0,204.39,2.1,0.1,386
73.89,2004.44,4.21,43.77,38603.99,14304.24,76.82,8437.51,24668.73,2.85,54.25,0.0,665142.1,3.15,52.79,654455.2,42518.49,227.53,412.02,2.2,0.0,386
60.71,1997.93,6.14,43.87,32798.6,15681.09,76.59,8451.54,25059.63,2.43,54.19,10018.52,1348345.0,0.15,37.94,586751.93,35015.26,604.05,373.22,2.2,0.0,386
59.36,2015.82,9.44,45.13,29042.79,16547.5,76.25,8352.26,24825.86,2.32,54.01,0.0,1590894.7,0.0,40.47,6510.26,54724.7,218.69,0.0,2.3,0.0,385
57.28,1999.33,9.49,43.48,20225.87,16461.05,74.62,7937.48,24928.85,2.42,54.21,0.0,2237866.92,2.66,3.22,9717.42,36204.89,222.92,386.39,2.2,0.1,381
53.76,1984.2,8.13,43.79,22754.0,16573.84,75.31,8141.22,24509.63,2.5,54.16,21700.07,2731051.72,4.48,55.05,574574.44,70714.48,0.0,359.51,2.2,0.1,379
49.5,1934.23,8.22,42.9,27525.85,17449.92,75.38,8243.07,24684.42,2.83,53.7,37131.94,2665453.5,4.6,62.46,357716.17,0.0,0.0,0.0,2.1,0.1,378
50.8,1939.56,9.6,43.35,25102.1,19390.57,74.86,8334.34,24723.24,2.49,54.14,67336.33,1637856.78,3.99,90.93,0.0,26727.93,0.0,0.0,2.1,0.0,377
50.49,1980.24,9.61,41.87,28470.25,18764.58,74.32,8231.87,24756.21,2.1,54.1,27177.73,965001.3,4.27,82.11,512921.52,0.0,0.0,4.87,2.0,0.0,378
51.86,1987.71,6.29,41.71,21146.23,18158.42,74.02,8105.14,25346.76,1.92,54.23,35818.52,1086877.66,5.16,82.46,295622.63,4696.56,0.0,0.0,1.9,0.0,381
49.27,1982.86,8.32,43.48,27279.34,18078.09,73.6,8020.59,25230.92,2.15,54.09,63379.79,1819861.49,6.48,112.11,742716.8,18075.54,85.29,0.0,1.9,0.0,381
44.67,1959.69,9.54,45.04,23668.89,18959.24,73.28,7917.43,25376.27,1.94,53.76,36456.07,1237968.45,4.53,54.86,935553.26,87325.64,283.85,0.0,2.0,0.0,381
45.24,1966.81,8.35,43.32,34312.96,19170.7,72.92,8043.62,24968.34,2.16,54.14,58306.52,1445365.37,3.36,76.4,510280.23,89170.08,0.0,112.4,2.1,0.0,383
50.67,1965.29,6.71,41.61,28387.46,18697.8,71.56,8114.2,24963.78,1.83,54.5,38572.73,300001.99,0.0,67.09,564181.68,79570.01,581.57,154.39,2.1,0.0,385
46.06,1970.04,6.78,43.28,29455.41,16599.2,72.17,8288.45,24885.27,2.25,54.23,28748.36,310627.05,2.04,83.6,570481.98,59062.22,648.55,0.0,2.1,0.0,385
44.03,1949.29,5.47,42.8,30544.85,18225.4,73.57,8090.75,24858.62,2.39,54.4,0.0,0.0,2.65,64.79,619087.4,18342.46,364.27,0.0,2.1,0.0,385
43.53,1958.45,7.9,42.61,33227.99,16667.46,73.62,8216.6,24826.12,2.62,54.74,17622.17,603827.77,2.82,40.01,1123591.45,6286.43,718.48,0.0,2.1,0.0,385
42.23,1959.63,7.32,44.14,35403.49,16843.0,73.78,8062.29,24554.09,2.7,54.41,14099.84,629623.81,0.0,36.15,1034263.2,83808.05,674.96,318.53,2.1,0.0,386
37.55,1958.7,7.4,43.28,34610.33,16682.99,73.76,7905.75,24348.75,2.62,54.6,14601.64,706690.21,0.0,12.8,754092.85,45826.81,0.0,305.45,2.1,0.1,387
41.5,1933.92,8.47,43.74,32351.38,15161.14,73.37,7905.64,24116.71,2.64,54.62,30607.87,563235.09,0.0,6.54,0.0,21969.2,0.0,966.17,2.1,0.1,386
41.95,1926.67,7.05,43.25,34166.34,15010.15,74.6,7913.21,24077.61,2.66,54.83,29184.69,1337710.9,6.8,30.08,320377.96,0.0,756.69,1252.23,2.2,0.1,383
39.29,1904.3,6.9,42.8,38182.77,14072.77,74.34,8021.74,24001.83,2.43,54.38,49435.2,636715.52,4.78,19.65,0.0,14537.23,1410.04,1409.87,2.2,0.1,379
44.45,1894.75,7.98,43.22,31063.48,14570.23,74.37,8108.51,23869.18,2.16,54.63,40363.9,936619.78,5.53,38.38,1130831.97,23767.93,756.0,990.32,2.2,0.1,382
44.82,1950.12,9.98,44.01,34376.03,13876.56,75.73,7997.78,24178.68,1.97,54.86,63773.15,1392866.93,3.47,29.3,2039642.7,6459.43,464.67,1361.28,2.2,0.1,386
43.04,1933.69,9.52,44.25,30001.52,15286.68,75.57,8051.6,24187.64,1.8,54.66,12648.29,1918898.5,2.96,53.92,1515142.96,50754.71,0.0,1506.55,2.2,0.0,379
46.27,1965.05,8.98,45.07,32536.17,15299.19,76.18,7772.35,24216.85,2.12,54.6,17600.28,977294.42,2.73,30.97,1025654.45,67842.53,0.0,971.22,2.2,0.0,378
48.81,1936.48,6.88,44.89,31704.76,14048.35,75.73,8127.24,24213.31,1.9,54.66,0.0,1849329.16,0.0,35.17,1052705.89,34114.37,713.69,1521.7,2.1,0.0,376
54.56,1974.67,8.02,43.16,28934.86,13323.64,75.08,8427.91,23836.3,2.12,54.91,0.0,1926699.91,1.17,26.52,1678806.42,13922.36,1214.51,1374.58,2.1,0.0,374
52.5,1944.26,7.97,44.47,31683.54,12416.02,74.8,8461.83,23966.89,2.64,55.09,4011.26,1752208.13,0.09,26.12,1969837.27,0.0,1298.44,1172.65,2.2,0.0,376
48.7,1986.54,8.26,46.08,30747.41,12768.82,73.68,8821.1,24086.31,3.14,54.98,15949.69,2136693.08,0.95,17.26,1439892.24,0.0,2507.6,837.28,2.1,0.0,377
47.71,1967.56,7.45,44.54,39971.1,13458.49,73.91,8959.23,24680.99,2.97,55.07,34791.65,2282595.69,3.2,41.71,1030819.78,46943.91,2134.55,840.37,2.1,0.0,379
50.73,1917.91,9.03,43.77,40125.07,16073.88,74.52,9074.38,24849.38,2.8,54.78,40621.0,2419596.64,5.63,59.0,630598.46,75590.47,815.81,1159.65,2.0,0.0,385
50.97,1918.85,6.91,44.49,42912.04,15325.61,72.83,9295.79,24697.69,2.7,54.81,13433.34,2872517.99,6.71,66.2,2118829.2,43673.32,1395.73,314.45,2.0,0.1,382
57.73,1889.95,9.49,44.12,37450.21,14398.22,73.12,9109.2,24618.62,2.78,54.9,11694.16,2228465.89,6.84,69.45,2090610.66,41364.05,897.04,329.92,2.0,0.0,384
57.76,1901.27,9.58,43.48,43528.9,16363.3,72.42,8849.38,24704.69,2.84,54.91,21633.58,823804.27,3.39,47.21,2349731.77,0.0,913.16,199.15,2.0,0.0,387
51.87,1889.8,9.01,45.3,43987.68,16293.28,73.71,8678.07,24882.04,3.27,54.88,0.0,839594.58,7.22,56.32,1174942.61,49622.11,1236.13,527.54,2.1,0.0,388
49.04,1870.55,7.33,46.06,40056.51,18399.01,74.72,8758.18,25077.14,2.88,55.15,15236.39,2099.24,4.25,47.39,951608.06,45015.16,798.37,959.82,2.0,0.0,385
46.67,1866.53,9.31,45.24,38183.19,15862.1,74.33,8810.98,25095.57,3.11,54.87,0.0,544079.57,3.55,42.31,1268908.53,78122.87,386.39,821.75,2.0,0.0,385
45.06,1881.76,9.59,45.55,32682.99,16022.59,74.47,8610.89,24785.97,3.09,54.52,0.0,0.0,0.0,27.29,1846418.26,92767.37,953.39,542.44,1.9,0.0,387
44.29,1894.27,8.66,46.28,36775.8,13388.84,72.57,8697.06,24659.88,3.2,54.52,13830.26,0.0,0.0,16.62,1534695.2,104962.0,783.48,157.76,2.0,0.0,389
40.75,1898.8,8.42,46.86,26379.13,10662.45,72.35,8747.54,24455.73,3.09,54.6,0.0,930003.86,0.0,0.0,738851.52,63781.15,812.89,244.99,2.0,0.1,388
45.74,1897.61,8.35,46.25,26415.82,11543.77,73.46,8663.88,24412.06,3.12,54.89,0.0,988784.03,0.0,37.05,924101.45,102277.59,0.0,193.33,2.0,0.2,388
44.73,1901.21,6.48,47.71,30534.43,11746.66,74.05,8580.84,24323.37,2.86,54.72,10138.93,1520625.2,0.0,14.79,1481870.96,94058.33,0.0,0.0,2.0,0.1,387
40.49,1900.54,4.83,46.02,26836.95,13581.52,74.46,8965.87,24185.52,3.1,55.25,38176.25,2025558.56,0.33,22.07,733901.97,0.0,162.4,0.0,2.0,0.0,387
41.21,1943.93,3.92,46.11,26591.59,13297.11,74.42,9181.19,24371.95,2.92,55.05,11955.58,1843094.43,0.0,16.82,948151.31,0.0,218.01,123.78,1.9,0.0,385
50.28,1952.91,2.88,44.02,27105.65,15584.39,73.96,9110.12,24508.76,3.07,55.04,0.0,1462947.96,0.0,0.0,1526623.33,16258.88,389.62,0.0,2.0,0.0,385
55.16,1936.29,2.39,45.35,31951.0,16007.63,72.33,9252.94,24340.52,2.86,54.98,0.0,2026157.92,0.46,21.46,867504.65,53322.26,1107.44,0.0,1.9,0.0,386
55.25,1939.45,3.32,47.45,23001.55,15334.47,70.24,9211.56,24555.11,2.76,55.16,0.0,2061274.41,6.86,12.04,1084810.56,28579.59,1089.43,392.81,1.9,0.0,385
49.62,1970.7,4.64,45.77,25205.12,13787.33,70.53,9240.66,24716.98,2.93,55.06,12242.75,1340840.89,7.82,13.34,687496.64,2593.55,1327.08,329.19,1.9,0.0,382
50.48,1978.01,2.73,44.54,17765.73,15840.73,71.62,9327.0,24987.46,3.02,55.04,15660.23,805139.73,4.54,4.16,497645.0,0.0,565.04,0.0,1.8,0.0,381
49.72,1986.74,4.24,45.16,28217.91,15744.96,72.22,9040.23,24476.81,2.99,55.26,0.0,430105.31,6.4,5.86,0.0,0.0,870.21,0.0,1.8,0.0,382
54.15,1974.54,4.95,44.74,31772.96,16381.46,72.27,8475.77,24273.45,3.04,55.45,0.0,1223833.72,9.38,26.41,0.0,29681.8,528.12,0.0,1.9,0.0,383
56.35,1972.21,3.04,47.1,29767.06,15015.55,71.66,8476.18,24276.57,2.95,55.78,17458.37,482048.42,13.44,0.0,0.0,3479.81,694.92,242.18,1.9,0.1,383
61.55,1996.2,2.74,47.99,26763.62,15971.11,72.51,8335.62,23851.46,3.31,55.77,15493.03,473000.68,14.0,59.46,663961.82,20373.75,794.16,361.14,1.9,0.1,380
61.76,1979.69,4.31,48.01,25713.95,14196.24,73.98,8306.89,24276.96,2.89,55.59,0.0,907541.23,14.11,38.64,212661.23,7762.11,613.77,167.3,2.0,0.1,376
59.06,1964.59,2.68,47.82,16779.46,14886.51,74.05,8181.97,24030.57,2.48,55.73,0.0,0.0,11.97,29.43,1177530.45,0.0,1074.29,111.35,1.9,0.1,379
61.56,1973.52,4.43,47.63,19436.63,12544.09,74.29,8512.23,23717.87,2.16,55.54,0.0,462339.02,5.63,45.99,1731129.28,27738.92,982.94,304.3,1.9,0.1,378
63.62,1991.55,3.47,47.67,23283.99,12131.07,74.35,8583.0,23700.57,2.01,55.52,39183.29,353523.09,3.87,22.4,2296746.54,59104.87,821.39,46.21,1.9,0.0,378
59.38,1968.73,5.26,49.05,18985.82,11626.27,73.64,8602.47,23710.49,1.84,55.87,46263.5,0.0,7.26,0.0,2428147.69,140803.35,691.63,0.0,1.9,0.1,382
56.26,1976.79,6.52,48.03,15116.57,13813.77,74.18,8619.1,24023.76,1.67,55.68,108923.63,392404.17,7.83,6.28,938127.4,94801.6,1107.27,0.0,1.9,0.1,380
50.13,1975.29,5.84,47.88,10295.0,13114.46,74.78,9186.77,24081.95,2.0,55.71,100426.62,794532.46,4.14,0.0,1035531.58,50406.44,1218.85,0.0,2.0,0.1,382
54.35,2011.48,6.12,45.61,4514.28,11366.46,75.32,8751.75,24056.92,1.99,55.7,104313.58,784292.41,5.64,0.0,1621166.95,51837.29,1477.96,0.0,1.9,0.1,382
58.78,2016.22,10.01,46.96,7324.06,9374.62,74.52,8481.24,23975.21,2.07,55.68,124972.13,196515.62,1.14,24.82,2322120.86,30865.76,1839.93,285.02,1.8,0.1,381
65.79,2022.53,8.62,45.96,2966.23,11871.09,74.84,8579.39,23744.65,2.36,55.51,87186.47,526732.66,0.0,29.25,1875778.19,68803.06,2072.47,310.31,1.8,0.1,381
60.16,2001.78,6.47,46.87,9308.59,11639.61,74.23,8582.09,23521.84,2.13,55.43,138517.13,771016.05,0.49,0.0,1060939.82,111174.48,1588.56,325.35,1.9,0.1,380
51.63,1964.84,7.1,46.17,16081.08,9606.94,74.92,8526.24,23320.28,2.51,55.0,146226.82,688011.13,0.0,50.84,1241241.88,142139.02,1627.57,246.44,1.9,0.1,381
54.87,1955.11,7.53,47.87,19232.47,7287.69,74.91,8467.16,23432.23,2.12,55.07,110395.36,573554.41,2.5,26.04,1063388.59,117904.55,1359.48,106.78,1.9,0.2,380
55.37,1959.96,7.29,48.02,17871.94,10627.05,74.13,8402.23,23303.99,2.44,54.82,113852.62,698386.41,2.6,54.25,584695.8,156859.58,1021.75,267.66,1.9,0.2,378
55.13,1961.79,7.59,48.06,15553.45,13315.07,74.15,8535.64,23179.32,2.37,55.13,139960.5,900093.56,1.98,22.52,1092164.36,148569.07,0.0,0.0,1.9,0.1,376
54.04,1971.91,9.19,46.77,20201.24,11913.21,73.82,8534.91,23307.92,2.06,55.24,138602.1,2231796.42,2.28,27.16,1201271.64,81916.77,0.0,12.64,1.8,0.0,376
57.72,1978.31,6.55,46.51,24905.59,13472.66,74.76,8746.93,23568.43,2.28,55.27,140111.45,1476636.15,1.4,8.77,1378995.24,64696.83,569.72,66.44,1.9,0.0,375
60.55,1977.45,7.8,46.61,21157.91,16503.82,74.21,8517.59,23842.5,2.11,54.89,98987.34,1798960.14,6.84,11.15,774924.58,103342.02,234.0,0.0,1.9,0.1,376
57.62,2037.32,6.52,45.81,20757.54,17117.03,73.89,8651.97,23891.82,2.11,54.76,83589.37,1849246.23,5.73,19.0,228190.16,66598.93,256.01,77.21,1.9,0.1,377
56.7,2023.88,5.45,46.31,22339.3,15581.61,73.9,8471.19,23945.33,2.58,54.83,76469.73,2477950.33,5.59,30.81,363226.75,47185.33,502.7,648.27,1.8,0.1,376
52.75,2047.87,5.22,46.95,20338.8,14443.08,73.19,8744.82,24153.47,2.32,55.16,58276.34,2430045.09,4.88,0.0,0.0,92714.92,959.69,263.76,1.8,0.1,379
51.6,2015.81,6.23,48.01,24053.0,15398.53,72.46,8403.63,23882.6,2.65,55.03,71411.0,1757632.26,4.12,0.0,0.0,22117.22,715.32,133.57,1.7,0.1,381
48.74,1977.04,8.45,47.89,13049.98,14629.64,72.26,8230.04,24166.96,2.73,55.19,57179.1,2057706.57,2.52,9.53,392977.23,877.84,0.0,0.0,1.9,0.1,383
54.92,1946.21,6.99,46.31,27879.61,13076.06,73.6,8096.51,24196.5,3.06,55.24,45246.77,3161262.78,0.0,0.0,207202.02,42305.52,0.0,348.08,1.8,0.1,385
49.86,1948.72,6.38,46.65,34381.76,12253.01,74.03,8173.6,24229.97,3.39,55.25,6569.91,3181528.1,4.22,7.15,1133153.32,25301.61,268.07,0.0,1.8,0.1,386
51.8,1985.48,4.14,48.06,30336.66,10691.22,74.93,7952.97,24529.95,2.71,55.01,28797.9,3159471.91,0.0,0.0,0.0,30750.39,313.12,0.0,1.8,0.0,384
56.05,1970.11,3.54,48.89,24523.26,13643.69,76.12,7785.85,24681.07,2.14,55.04,0.0,3040568.81,0.84,0.0,0.0,63166.88,309.9,0.0,1.8,0.0,383
56.54,1995.12,5.23,48.12,27770.58,13497.85,76.84,7829.89,24641.01,2.22,55.15,16744.83,3467030.63,3.91,4.68,47036.14,49966.8,830.49,117.37,2.0,0.0,386
61.99,2030.81,4.8,47.61,27533.28,16019.74,76.15,7773.36,24727.67,1.94,55.33,0.0,2752143.22,6.37,0.0,315052.97,89896.43,192.1,194.07,2.0,0.0,383
66.98,1991.35,4.4,45.08,24147.23,17061.18,76.67,8014.43,24647.79,1.77,55.39,0.0,1427021.09,5.5,36.05,1067158.16,122724.86,375.23,0.0,2.0,0.0,382
67.31,2000.03,3.7,44.4,19395.77,17125.38,77.07,7927.47,24362.6,2.04,55.75,52531.81,2173648.23,4.55,11.18,1378589.33,106099.07,278.17,646.01,2.1,0.0,382
64.86,1954.7,5.36,45.95,17339.25,15781.88,77.47,7909.81,24584.11,1.93,55.55,58423.66,1705533.43,2.87,2.75,1700244.99,128840.4,544.02,365.35,2.2,0.0,384
57.42,1987.6,4.85,45.38,21563.07,12391.81,77.31,7904.84,24831.07,2.12,55.21,28670.31,26981.77,8.84,0.0,1167681.1,140263.37,1260.75,925.78,2.2,0.0,383
49.99,1957.28,2.59,45.72,21337.16,12454.52,77.43,8011.07,24882.59,2.68,54.97,0.0,0.0,6.98,14.71,1539960.26,85544.3,520.67,1261.72,2.2,0.0,383
50.72,1953.12,2.04,45.08,33951.34,15655.75,77.73,8035.06,24905.92,2.31,55.24,0.0,61231.49,6.2,11.5,1908323.71,133913.16,933.52,1132.53,2.1,0.0,383
54.13,1938.52,1.32,45.45,38313.35,15766.84,78.02,7800.77,24906.42,2.03,55.9,35426.72,334927.95,1.05,0.0,2933534.35,76828.2,1104.79,1583.99,2.1,0.0,379
55.21,1914.02,1.93,44.27,34251.6,14719.75,77.3,7714.45,24867.08,2.4,55.67,37095.5,0.0,0.0,13.85,3142388.88,1334.09,952.6,1523.46,2.1,0.0,380
58.37,1899.62,4.55,42.93,38453.19,14814.91,76.48,7409.0,25024.42,2.19,55.56,44049.82,1478685.88,0.0,16.65,3016238.86,9589.98,485.95,1808.32,2.1,0.0,380
54.73,1937.63,5.02,40.91,38961.19,13819.45,74.94,7739.02,24746.48,2.34,55.72,31168.07,1459538.87,0.0,45.95,2520376.78,31629.58,1230.46,984.79,2.0,0.0,381
56.68,1974.49,4.05,41.36,43599.99,14498.51,73.54,7442.21,24568.08,2.54,55.75,3079.91,1690536.63,0.67,14.98,1825141.95,0.0,505.81,274.47,1.9,0.1,380
48.46,1984.7,4.64,42.17,37357.74,15525.66,72.83,7732.92,24705.88,2.55,55.25,23867.05,1139059.22,1.3,33.97,1098373.47,80854.96,467.35,58.11,2.0,0.2,376
43.1,1961.92,7.61,42.13,44274.43,15762.45,71.94,7998.36,24703.39,2.34,55.04,0.0,645613.51,2.85,9.34,1063783.14,84226.56,429.3,0.0,2.0,0.1,376
42.35,1962.14,7.4,43.36,40797.27,13692.94,73.2,7953.92,24595.53,2.13,54.81,38104.64,0.0,0.0,0.0,1186858.45,41379.8,0.0,0.0,2.0,0.0,382
51.8,1993.87,7.6,44.07,46183.28,14063.44,72.75,8448.03,24664.02,2.6,55.31,0.0,0.0,0.0,16.38,1681786.45,37221.38,710.37,233.65,2.0,0.0,383
52.92,2015.5,5.47,45.03,35606.18,12823.18,73.51,8244.03,24606.78,2.37,55.43,1360.19,37187.64,2.9,28.16,1826690.1,75502.46,1273.38,0.0,2.0,0.0,386
47.29,1990.33,5.18,46.6,33556.34,13051.93,73.13,8412.46,24694.89,2.28,55.09,21606.11,388716.31,0.73,45.26,2044850.59,112361.85,1568.23,0.0,2.0,0.1,384
40.23,1955.31,2.45,47.74,42578.1,13706.8,72.08,8643.62,24725.42,2.67,55.23,0.0,779065.85,0.0,22.31,2487111.16,134912.8,917.3,0.0,2.0,0.2,385
51.53,1953.03,4.08,47.04,36862.32,12364.8,72.73,8859.72,24584.39,3.05,55.68,22966.1,910199.43,0.0,55.85,1445001.46,140644.04,190.22,0.0,2.0,0.2,387
51.43,1944.43,3.19,47.55,39465.69,13008.41,73.24,9108.06,24747.56,2.62,55.81,56014.84,334235.56,2.5,127.92,1618017.93,115440.75,170.45,80.91,1.9,0.1,387
51.13,1965.58,3.13,47.31,43154.81,9678.15,72.72,8871.35,24638.62,2.26,55.45,66142.39,614925.84,0.0,106.54,1357646.7,69850.34,132.88,233.19,2.0,0.1,388
51.12,1905.91,3.27,45.68,42016.59,10096.54,72.82,8603.92,24495.39,2.41,55.14,39970.5,0.0,0.74,61.5,1247283.54,88875.47,812.49,134.56,2.0,0.1,383
44.93,1937.69,5.15,43.33,42173.76,11224.94,72.44,8386.22,24235.09,1.94,54.84,52427.95,0.0,2.57,4.66,1422067.5,107586.72,0.0,0.0,2.0,0.2,380
51.54,1953.94,3.82,44.71,52360.2,11228.86,72.43,8167.5,24623.79,1.87,54.61,28236.82,0.0,0.67,0.0,816862.68,100862.04,739.03,0.0,1.9,0.2,381
57.79,1993.31,1.89,42.63,52148.87,12613.45,73.93,8264.91,24448.24,2.26,54.39,76972.68,215352.82,0.0,0.0,896750.9,87188.27,618.81,0.0,1.9,0.2,380
57.79,2019.13,3.26,41.73,50722.97,15254.3,74.42,8513.68,24624.14,2.03,54.95,98562.2,65349.77,3.42,0.3,779098.28,46522.63,64.53,86.7,1.9,0.1,381
58.85,2019.49,3.96,42.71,48720.55,15735.77,74.84,8353.09,24300.36,2.21,55.0,95822.36,790097.33,2.82,0.43,1042834.33,7438.45,135.42,80.05,2.0,0.1,381
56.99,1946.4,3.45,43.1,41617.06,15399.97,75.86,8542.91,23898.72,2.49,55.15,79104.61,0.0,4.47,0.0,1099058.17,0.0,0.0,406.07,2.1,0.1,384
54.29,1938.18,1.8,43.98,39132.74,15088.06,75.36,8292.32,24082.36,2.5,55.34,42482.84,195376.33,9.43,0.0,693244.94,0.0,0.0,913.58,2.0,0.0,385
50.74,1942.0,2.29,44.73,38436.7,14428.35,75.35,8250.67,24463.67,2.38,55.43,60285.52,0.0,5.09,52.95,222758.54,4736.11,0.0,803.35,2.0,0.0,383
49.82,1894.13,2.59,45.19,42324.51,16295.54,74.93,8430.01,24188.18,2.29,55.8,56159.54,191674.63,3.87,96.37,610715.09,61308.33,0.0,411.37,2.0,0.0,386
53.06,1928.46,3.23,43.83,51061.29,17118.87,75.29,8589.44,23835.42,2.22,55.84,44031.22,169060.17,6.67,88.49,2145391.91,54959.09,464.75,543.27,2.0,0.0,385
60.65,1924.18,4.25,43.78,49289.09,18573.61,75.28,8411.18,24235.13,2.13,55.89,0.0,966080.73,12.54,78.1,1229425.13,78399.97,500.28,1184.72,2.0,0.0,385
61.58,1910.65,5.72,44.07,45268.91,18866.22,74.94,8234.44,23896.41,2.06,56.42,1058.23,263296.97,14.0,68.75,1310612.64,80729.71,1232.53,621.69,2.1,0.0,385
56.43,1912.9,5.71,46.23,50560.86,17641.37,76.47,8439.47,24047.87,2.08,56.05,15304.03,505949.76,10.88,90.5,1295741.94,87836.9,1647.23,831.45,2.0,0.0,385
53.73,1922.69,5.24,46.24,47626.56,18299.69,74.98,8452.09,24071.27,2.77,55.38,37406.44,741943.76,11.27,69.06,1384813.6,84152.18,3239.89,646.98,2.0,0.1,385
55.41,1959.32,5.36,45.65,45914.62,16443.71,73.77,8246.46,23599.53,2.66,55.19,47807.24,760091.01,9.22,92.39,980125.81,36237.27,1540.9,596.85,2.0,0.2,383
57.82,1895.37,3.59,46.02,47302.6,13572.51,73.26,8258.8,23676.16,2.81,55.4,7080.02,964321.26,5.95,90.68,603761.85,73518.9,1664.69,230.53,1.9,0.2,381
54.27,1925.96,2.46,46.14,45057.25,13625.46,74.4,8358.0,23967.66,2.73,55.15,33493.49,529524.8,5.39,91.48,86315.15,39447.7,1337.75,472.6,1.9,0.1,385
55.32,1921.25,2.68,45.76,41154.55,15641.72,76.31,8236.06,23912.7,2.7,54.77,42487.15,614144.48,4.98,33.95,0.0,24717.47,1529.65,0.0,2.0,0.1,383
54.98,1894.24,0.0,47.01,39488.54,14373.18,75.59,8077.16,23888.07,2.67,54.98,17900.97,0.0,2.83,95.44,177378.64,39571.73,1231.45,592.59,2.0,0.0,383
52.75,1916.28,2.15,45.43,40153.89,13159.28,76.56,8309.05,23522.17,2.38,54.63,13706.45,232775.47,4.5,78.41,41687.79,48081.2,2692.29,58.93,1.9,0.0,381
49.4,1923.86,1.04,44.77,37383.05,12974.7,76.15,8270.98,23460.32,2.36,54.68,37056.21,0.0,3.89,74.44,230815.49,53423.93,1686.86,140.46,1.9,0.0,381
47.38,1957.01,0.03,43.37,30197.83,13793.5,75.34,8246.72,23869.83,2.1,54.28,53465.25,0.0,0.23,64.09,146655.37,18750.66,1776.3,0.0,1.9,0.0,376
48.86,1924.02,0.61,45.76,32799.62,13986.78,75.56,8704.14,23528.52,2.15,54.78,53671.7,774320.34,0.0,26.07,1446461.88,22921.76,1985.21,322.76,2.0,0.0,378
51.21,1913.86,2.75,45.08,38284.25,15362.9,73.67,8808.31,23685.08,2.59,55.27,48651.19,924276.43,0.0,21.42,2384673.26,23799.65,2213.88,306.42,2.0,0.0,372
52.68,1862.89,3.02,44.21,31399.72,17612.03,74.69,8651.83,24270.04,2.87,55.19,0.0,778483.59,0.0,9.96,2371817.66,2118.54,2606.33,130.19,1.9,0.0,373
55.92,1883.31,1.48,44.71,26810.16,17419.19,74.2,8550.58,24275.24,3.03,55.01,0.0,140124.62,0.36,42.26,2286655.71,41627.2,2354.25,219.32,1.9,0.1,378
51.17,1902.09,0.44,46.63,28417.25,16992.64,73.35,8460.3,24254.63,2.7,55.05,0.0,431774.68,0.0,43.51,1892441.24,50438.1,2144.02,255.7,1.9,0.1,379
53.74,1911.46,0.93,45.33,25537.16,15913.62,74.3,8168.84,23970.82,2.68,54.84,0.0,155416.57,0.0,21.04,1075953.15,33992.8,1145.69,449.8,1.9,0.1,378
57.58,1921.15,0.12,48.06,24329.56,14864.83,73.95,8267.18,23705.7,2.72,54.42,0.0,859677.43,0.0,44.16,0.0,11017.48,416.88,1030.77,1.9,0.1,378
56.58,1918.55,0.0,49.12,30991.46,15379.44,74.27,8312.3,23690.24,2.57,54.93,16576.8,0.0,0.0,53.58,315110.14,32502.15,0.0,1017.42,2.0,0.0,382
57.08,1929.01,0.0,47.86,29171.08,13036.97,74.06,8117.28,23917.22,1.79,54.87,0.0,53633.7,6.21,91.93,20106.63,25312.74,0.0,855.65,2.0,0.0,385
59.91,1957.95,1.32,46.5,34718.43,12793.94,72.81,8156.27,23722.03,1.76,55.08,0.0,75158.34,8.36,24.01,825949.15,31080.28,24.69,754.27,2.0,0.1,384
57.98,1975.64,0.0,46.22,36809.41,12313.03,72.44,8140.55,23677.09,1.84,54.94,41244.23,0.0,9.31,8.97,989700.05,53804.81,850.98,805.64,2.0,0.1,388
57.58,1940.2,0.28,45.65,39770.61,10752.71,72.36,8204.27,23703.05,1.99,54.99,40819.17,0.0,10.02,0.0,908806.46,6800.06,802.92,784.55,2.0,0.0,389
58.96,1940.86,0.83,44.8,35381.11,13659.93,72.41,8795.84,23539.85,2.2,55.05,35763.25,0.0,4.91,8.57,179637.52,53218.03,629.22,787.33,2.0,0.0,391
62.21,1949.15,2.42,46.16,31777.66,11371.35,73.17,8978.82,23284.18,2.11,54.98,4633.0,0.0,1.25,2.7,683993.29,0.0,65.16,1155.59,2.0,0.0,390
60.19,1956.03,2.93,47.42,28177.45,11735.2,73.04,9014.33,23592.0,2.3,55.55,18623.7,804558.8,0.0,0.0,1948239.39,0.0,501.47,1432.2,2.1,0.0,388
61.35,1977.52,3.28,46.36,27310.42,11215.69,72.29,8838.97,24079.49,2.28,55.07,6495.01,1772082.83,0.0,3.55,2212335.13,0.0,581.81,964.72,2.0,0.0,391
58.16,1991.54,4.24,46.4,24453.43,10149.76,72.0,8715.28,24015.83,2.04,55.0,0.0,1892265.32,0.0,28.17,2105448.09,0.0,471.77,815.89,2.0,0.0,389
56.07,1991.17,0.39,46.84,20672.16,10388.27,71.85,8805.52,24265.99,2.11,54.98,0.0,1651026.41,2.64,104.5,1752583.13,24584.58,34.21,491.31,1.9,0.1,389
53.68,1993.45,2.17,47.92,24412.75,11193.15,73.3,8491.98,23857.75,2.53,54.86,35326.82,2606386.12,7.14,15.37,2087283.74,7042.71,0.0,575.44,1.9,0.1,391
52.41,1999.24,2.02,48.04,32742.12,12379.87,73.4,8734.13,23829.96,2.46,54.71,0.0,1751741.27,6.22,22.5,1218129.1,0.0,0.0,1226.64,2.0,0.0,390
48.53,2021.68,3.39,46.21,27613.37,12630.68,74.67,8583.95,24167.59,2.58,54.53,0.0,1920197.73,7.51,46.52,1250191.36,20206.69,1195.59,1850.41,2.0,0.0,389
49.35,1980.53,3.85,44.95,30150.76,13894.13,75.07,8744.61,24277.96,2.8,54.94,0.0,1597906.51,5.45,24.06,943209.22,51266.78,1441.84,1070.78,2.1,0.0,388
43.85,1947.58,6.11,46.1,36146.17,13818.21,76.03,8384.14,24012.99,3.05,54.71,0.0,345932.16,0.0,0.0,629752.17,14883.06,1597.44,1272.03,2.1,0.0,388
39.82,1999.87,6.06,45.06,35750.1,14229.1,76.37,7968.5,23900.96,3.13,54.96,86254.02,1172567.46,0.0,48.95,988684.22,65705.72,1652.32,1579.21,2.1,0.0,386
39.64,1970.22,5.84,46.31,38109.83,13087.61,76.86,7765.23,24022.48,3.43,54.66,77919.25,629788.6,4.3,102.71,1277708.22,91484.59,2151.87,1625.64,2.0,0.0,384
34.15,1995.79,4.07,47.07,33438.24,12990.97,76.96,8162.13,24238.93,3.29,54.7,35340.56,969146.1,3.44,67.08,1668795.34,132699.42,1798.8,1241.17,2.0,0.0,381
36.95,1981.08,4.94,47.44,27446.53,14315.35,76.96,8137.47,24148.99,3.09,54.7,5621.52,465443.68,3.47,45.97,2066408.0,112412.99,1349.4,1199.89,2.0,0.0,380
30.59,1927.36,3.75,45.83,31404.39,16376.83,76.86,7757.0,23866.2,3.12,54.7,0.0,0.0,0.13,79.91,2291603.09,89596.8,1321.66,1105.49,2.0,0.1,383
39.92,1942.32,3.53,44.41,26368.14,17740.74,75.51,7795.44,23631.0,3.03,54.46,17600.97,0.0,0.0,47.04,2110260.12,82269.05,904.88,877.08,2.0,0.0,383
35.12,1922.95,4.23,44.29,34969.92,16037.43,75.05,7900.13,23715.13,3.26,54.71,51636.71,0.0,2.08,18.46,2158846.09,65532.72,481.92,1159.47,1.9,0.1,384
38.16,1925.94,3.89,44.96,27364.63,10992.92,75.04,7797.75,23601.46,2.76,55.07,91956.67,21007.74,1.36,30.09,2147171.44,41445.57,1079.81,1386.21,2.0,0.2,385
37.34,1934.48,5.38,43.88,26623.11,9059.8,76.56,7953.71,23823.51,2.35,55.36,86468.0,0.0,2.37,4.14,1937089.31,66387.77,1075.47,628.34,2.0,0.2,384
41.49,1953.69,2.63,45.46,24528.31,8773.69,75.71,8259.74,24197.12,2.53,55.18,150233.58,41274.81,0.3,33.29,1642652.66,135315.38,547.56,515.37,2.1,0.2,383
39.07,1926.06,1.27,46.5,29615.81,10498.9,74.67,8199.26,24272.89,2.89,55.24,131285.01,0.0,2.64,24.75,551836.92,87762.45,869.06,705.77,1.9,0.2,380
42.46,1948.0,0.42,46.34,34197.89,12759.58,73.99,8436.54,24322.91,2.73,55.18,132781.32,521592.26,4.64,7.41,690442.43,70344.25,904.95,477.02,2.0,0.2,380
45.54,1980.36,1.22,45.85,38368.7,15815.76,75.2,8203.53,24473.95,2.71,55.49,161265.49,0.0,3.99,0.0,198363.22,31162.84,603.73,352.05,2.0,0.1,381
50.68,1963.97,0.0,45.88,42784.53,15909.29,74.53,7991.73,24588.24,2.64,55.28,121193.98,183917.48,3.7,4.96,0.0,0.0,245.08,430.91,2.0,0.2,379
53.69,1919.42,1.27,44.16,34866.38,16930.67,74.66,7965.99,24242.88,2.75,55.26,122181.08,0.0,4.79,0.0,265009.17,2064.99,0.0,273.75,2.0,0.1,378
54.91,1904.21,2.64,47.89,33080.68,14108.71,76.31,8084.44,24215.63,2.64,54.95,95048.47,0.0,2.05,18.56,933921.77,0.0,312.24,940.98,2.0,0.0,380
51.26,1900.04,3.21,48.86,33543.38,10860.65,76.33,8160.38,24038.64,2.2,54.85,20242.19,0.0,0.0,0.0,1442413.24,0.0,500.39,905.31,1.9,0.0,380
50.64,1923.0,4.78,48.74,42261.7,12142.36,75.64,8446.71,23812.48,2.42,54.84,0.0,177520.53,0.0,0.0,1421321.45,0.0,546.5,767.92,1.9,0.0,378
51.1,2005.84,5.05,47.75,45135.95,11607.86,75.82,8430.47,24103.1,2.64,54.73,0.0,0.0,0.79,2.25,1301041.44,13370.12,111.77,658.39,1.9,0.0,377
52.67,2018.72,3.99,47.93,39984.41,10695.21,77.15,8318.26,23813.48,2.53,54.7,24152.42,0.0,1.67,32.66,800441.32,26046.11,122.81,670.59,1.9,0.0,377
52.49,2004.08,7.36,48.21,38754.29,10774.7,77.53,8138.53,23607.65,2.2,55.09,53448.37,147862.12,0.0,17.28,2087484.19,23202.17,336.6,468.51,1.9,0.0,382
51.87,2012.42,6.57,47.98,39442.42,11053.09,77.28,8008.12,23809.04,2.29,54.93,42450.64,961708.38,0.0,29.2,2126488.23,44709.8,0.0,106.64,1.9,0.0,383
52.58,2002.73,4.58,46.93,39359.99,11343.52,77.01,7718.6,23871.52,1.8,54.6,10611.36,0.0,0.0,35.47,2643291.13,23201.29,0.0,91.25,1.9,0.0,384
51.09,1980.31,3.92,49.26,42167.24,11323.26,74.72,7441.55,23945.63,1.86,54.35,5655.78,0.0,0.0,29.29,1659131.18,0.0,0.0,0.0,1.8,0.1,386
54.02,1955.3,2.98,47.13,49983.72,13965.59,75.23,7539.63,23908.59,2.12,54.87,21850.98,0.0,0.0,40.44,922031.47,0.0,819.95,0.0,1.7,0.2,388
53.27,1957.16,0.44,46.44,43442.86,14243.01,76.42,7741.23,24386.73,1.84,54.49,51399.88,114407.8,1.24,37.26,986152.96,28845.46,883.72,0.0,1.9,0.2,387
51.47,1967.92,0.84,44.07,40384.79,12612.51,76.35,7813.53,24225.46,2.21,54.54,33874.67,0.0,0.05,48.2,404956.98,31329.08,556.91,0.0,1.9,0.1,387
52.64,2003.04,0.0,45.37,37538.39,10113.32,75.56,7989.17,24210.15,2.64,54.52,28024.61,0.0,0.0,43.81,276365.24,34057.75,562.74,39.56,1.9,0.1,384
49.37,2035.25,2.52,45.65,46997.51,11586.55,76.9,8338.2,24558.18,2.35,54.77,21740.17,0.0,3.53,71.36,215276.03,11212.76,567.05,0.0,1.8,0.1,385
48.81,2010.67,1.82,48.26,39221.03,9177.69,76.09,8436.4,24533.86,2.2,54.86,47802.14,174383.78,3.41,68.25,0.0,29867.63,1066.03,470.88,1.9,0.1,388
49.6,1991.67,1.41,46.95,35524.23,13063.37,75.27,8732.46,24447.12,2.55,54.59,40274.37,0.0,2.96,81.7,705660.64,29526.57,785.19,467.11,1.9,0.1,386
50.72,2026.1,3.76,46.36,30788.88,12163.71,73.99,8815.8,24123.03,1.98,54.85,52400.18,0.0,3.32,39.3,611418.7,42204.51,1076.11,562.6,1.8,0.1,390
52.35,1981.05,3.03,45.65,19022.6,12715.97,73.8,8669.28,24114.95,1.9,55.09,49497.48,0.0,4.0,46.07,0.0,34006.0,886.38,330.32,1.8,0.1,391
49.43,2002.92,3.32,45.79,14675.08,14865.81,75.55,8461.58,24408.99,1.68,55.07,11307.34,278324.7,2.87,41.43,930869.46,77573.07,726.23,673.43,1.9,0.1,390
51.0,1990.36,6.79,46.16,16810.27,15648.9,75.62,8866.74,24379.64,2.04,55.02,0.0,289477.97,4.7,42.26,112174.21,126797.49,77.85,364.57,1.9,0.0,389
53.49,1971.7,7.34,46.88,17365.2,13127.02,76.65,8635.23,23893.61,2.03,55.17,19434.7,0.0,0.0,47.32,507642.92,151964.64,630.75,395.75,1.9,0.0,387
49.3,1999.77,8.43,45.13,17873.97,16634.72,77.26,8619.42,24177.1,2.57,55.17,0.0,567508.75,2.41,18.07,676543.53,105263.92,0.0,445.89,2.0,0.0,387
44.02,2011.7,7.21,44.32,24452.84,14436.21,76.69,8324.45,24124.04,2.01,55.29,10389.06,1839702.99,2.69,0.0,1297025.99,128344.47,717.38,0.0,2.0,0.0,389
48.36,2035.07,5.46,44.62,17232.51,12746.54,76.47,8362.31,24224.93,1.94,55.36,9064.22,2557209.6,1.17,0.0,1579900.13,125377.44,221.27,0.0,2.0,0.0,386
47.89,2048.45,4.94,44.96,18477.01,11100.52,76.1,8253.96,24387.64,2.38,55.54,0.0,1528402.22,0.0,7.9,955466.41,71167.14,1235.31,194.3,2.0,0.0,389
47.63,2052.81,6.23,47.04,20453.79,13604.33,74.43,8701.84,24455.15,2.63,55.12,0.0,963704.2,0.06,3.78,619847.99,57769.24,0.0,340.39,2.0,0.1,387
46.57,2044.4,7.02,48.04,21933.86,14458.74,74.48,8574.46,24018.41,2.69,54.86,23046.7,350617.33,0.0,0.0,949812.66,42588.29,345.64,0.0,2.1,0.0,388
49.26,2051.83,5.65,47.27,25433.46,14513.97,73.77,8648.92,24533.47,2.58,55.01,25703.34,127707.35,2.13,23.84,523833.33,91627.77,358.67,382.52,2.1,0.0,387
52.28,2010.44,6.11,48.41,28981.0,11794.27,72.8,8595.82,24324.24,2.84,54.88,36481.12,1323476.73,1.88,0.0,778570.35,92273.22,490.25,801.07,2.0,0.1,385
57.76,1948.32,9.02,47.65,23210.75,13677.17,73.47,8641.75,24508.1,2.82,54.82,583.66,1108711.29,0.26,3.36,810565.3,144719.31,99.98,674.88,2.0,0.0,391
52.84,1961.15,10.77,45.96,28957.6,11410.62,73.0,8703.58,24411.03,3.19,54.88,14330.8,580772.05,0.0,0.0,154261.11,102520.18,727.03,741.5,1.9,0.0,390
64.65,1962.56,10.57,44.79,33048.99,14098.41,73.12,8767.55,24507.25,3.13,55.24,0.0,22698.26,0.02,0.0,0.0,65352.68,0.0,566.91,2.0,0.0,389
61.93,1969.1,13.62,44.49,32779.81,12835.18,71.83,8748.18,24706.25,3.68,55.16,0.0,632293.35,4.53,0.0,508598.55,125064.93,0.0,151.02,2.0,0.0,390
68.48,1955.91,14.62,45.31,39694.55,12100.67,72.73,8726.8,24471.38,3.44,55.28,0.0,0.0,0.5,0.0,694168.73,92535.76,702.76,0.0,2.0,0.0,389
68.65,1888.49,10.33,45.25,37360.29,10246.43,74.59,8413.46,24325.13,3.63,55.06,0.0,285319.76,0.0,13.67,999831.81,96488.84,1250.41,0.0,2.0,0.0,382
66.85,1891.88,10.09,44.29,43380.27,10598.93,75.25,8284.32,24411.31,3.08,54.48,0.0,282478.78,0.0,7.8,663039.58,110413.12,2020.46,865.36,2.1,0.0,384
68.72,1900.79,10.64,44.84,41553.83,11627.1,74.71,7893.82,23990.63,3.27,54.28,0.0,0.0,0.0,48.97,544038.83,47095.16,2522.87,878.88,2.1,0.0,384
63.07,1896.62,8.16,44.41,44826.38,13527.81,74.55,7914.81,23810.88,3.29,54.03,22019.71,303079.55,0.0,56.33,314998.2,51065.3,2312.11,1158.65,2.1,0.1,385
60.99,1921.04,8.2,44.16,35671.69,12891.12,74.14,8084.4,23862.14,2.98,54.13,10383.75,0.0,3.87,46.69,0.0,0.0,2068.84,1189.34,2.1,0.1,382
58.51,1956.8,7.45,43.64,41929.16,13487.89,73.8,7929.16,23677.35,3.05,54.46,8941.19,0.0,4.85,7.0,124625.24,4916.85,2026.77,1202.91,2.1,0.2,380
55.38,1981.23,6.27,44.01,37677.04,13064.11,72.9,8139.9,23927.35,3.21,54.43,16460.68,1248367.47,4.89,0.0,0.0,0.0,2447.26,1187.43,2.0,0.2,381
55.41,2019.36,5.82,45.7,25500.71,12163.91,73.77,8512.35,23718.26,3.02,54.56,0.0,955281.58,8.33,0.0,0.0,14041.95,2374.0,772.16,2.0,0.2,382
49.85,2045.3,6.09,46.81,23514.97,10628.78,73.14,8622.95,23704.25,2.55,54.67,0.0,686925.51,2.58,0.0,0.0,0.0,1790.77,961.24,1.9,0.1,381
46.01,2028.18,7.37,46.28,26061.86,7584.06,73.42,8880.3,23805.93,2.6,54.8,41412.04,1447676.7,0.0,34.33,972698.84,0.0,1594.8,1023.92,1.8,0.0,380
44.06,2046.82,6.99,46.6,27365.09,12564.72,74.38,8784.36,23816.02,2.43,54.57,3786.83,1871415.63,0.0,49.17,573480.26,0.0,1248.82,1481.63,2.0,0.0,379
49.01,2039.17,5.85,46.94,31934.66,12518.5,74.24,9067.89,23707.27,2.33,54.51,48082.51,457454.98,2.17,44.61,1745473.58,16990.34,37.87,1813.07,2.0,0.0,379
49.42,2001.01,3.69,47.03,25550.13,11237.15,75.36,8877.87,23531.31,2.15,54.69,52095.22,840042.32,3.97,50.02,1955371.44,1775.73,0.0,2013.82,2.0,0.0,378
59.07,1972.38,4.24,46.05,24374.17,10583.75,73.53,8868.21,23776.62,2.06,55.42,51854.91,866363.18,4.4,30.93,1099519.77,0.0,0.0,1929.82,2.0,0.0,376
55.16,1953.11,0.0,45.45,20176.5,11936.38,74.27,8482.74,23795.02,1.82,55.44,26092.91,468202.74,3.18,37.17,1045655.61,18330.84,421.37,1636.86,1.9,0.0,375
55.43,1919.07,2.26,44.29,21329.44,14696.83,74.17,8220.03,23333.46,2.06,55.46,37464.67,517809.3,1.3,15.06,991144.97,55202.87,0.0,1730.14,1.9,0.0,377
54.03,1932.5,0.5,44.15,25471.26,14091.16,73.97,8261.4,23560.89,2.55,55.51,67554.81,433993.1,0.0,5.42,389199.28,48975.51,0.0,1593.76,1.9,0.0,379
53.69,1899.44,2.43,45.0,25429.7,11333.03,74.3,8150.77,23547.58,2.56,55.81,61403.9,354562.43,0.0,8.98,405205.15,67446.04,0.0,1134.37,1.9,0.0,379
53.21,1883.77,2.75,45.8,32866.43,13406.59,74.29,8134.61,23913.98,2.55,55.92,51539.03,0.0,1.76,35.91,205555.91,20342.79,825.56,956.65,1.9,0.0,385
54.84,1901.25,3.23,47.53,35384.5,14978.53,74.57,8267.14,23904.83,2.62,55.6,30539.26,346108.13,0.0,37.44,10049.54,0.0,875.89,1099.84,1.8,0.0,382
59.83,1926.35,1.76,48.13,31701.84,13423.81,75.14,8521.17,24056.09,2.53,55.56,10736.94,241653.32,1.08,0.0,374780.61,0.0,162.73,1182.7,1.8,0.0,381
56.03,1938.84,2.53,46.65,22967.28,13307.48,75.93,8468.93,24011.04,3.01,55.67,0.0,90151.13,1.51,0.0,202626.69,5062.29,85.19,657.63,1.9,0.0,379
58.86,1941.23,4.29,46.34,16741.85,11842.62,76.63,8656.02,23765.89,3.33,55.84,0.0,81850.42,0.0,0.0,109435.94,19640.74,73.63,642.31,1.9,0.0,383
59.46,1946.29,3.44,45.8,12287.58,9999.42,76.26,8714.26,23657.32,3.55,55.57,0.0,688534.61,0.0,19.62,541675.42,0.0,0.0,975.38,2.0,0.0,381
61.74,1942.37,2.0,45.04,14058.07,12434.43,75.37,8443.44,23643.61,3.39,55.66,15136.55,0.0,0.0,23.42,0.0,0.0,373.95,1086.28,2.0,0.0,382
55.57,1917.83,1.97,44.34,13658.96,12636.72,75.18,7877.21,23753.83,3.22,55.62,0.0,0.0,0.0,50.81,0.0,43933.81,869.29,854.29,2.0,0.0,382
52.54,1944.88,1.59,45.43,11605.21,10323.94,73.67,7821.59,23657.2,2.92,55.79,0.0,0.0,1.49,80.93,368554.64,17737.98,884.79,508.61,1.9,0.0,382
51.44,1992.53,2.21,46.46,26014.9,10244.78,73.92,8060.31,23770.95,2.81,56.28,31675.53,0.0,4.85,113.29,1168091.51,46161.32,1592.41,753.22,1.9,0.0,380
45.67,2009.36,3.7,46.25,22494.9,9140.04,73.73,8238.97,24313.58,2.79,56.17,56692.68,13756.47,5.1,120.89,1786823.74,45471.1,1171.09,744.44,1.8,0.0,382
53.45,2027.66,0.46,47.63,31365.85,8531.9,73.54,8546.17,24314.87,2.62,55.79,117693.73,535912.02,3.61,142.86,1535066.12,86172.61,1347.56,563.65,1.9,0.0,384
59.77,2077.12,1.75,45.21,35892.46,9057.82,72.36,8649.6,24396.84,2.42,55.36,136916.51,811056.44,0.99,141.95,1105830.12,96984.97,1363.05,0.0,1.9,0.0,382
53.2,2055.17,1.8,45.94,34523.34,10056.93,72.95,8494.22,24163.98,3.05,55.29,110959.94,1588981.84,5.82,161.2,760472.37,99129.53,1512.39,753.4,1.9,0.0,380
47.65,2077.92,2.8,46.34,39581.82,12113.13,73.76,8593.9,24205.22,3.05,55.49,69711.27,772796.35,5.17,144.41,1194070.18,80631.6,953.39,871.59,2.0,0.0,377
49.26,2010.71,3.12,44.01,36204.42,13321.59,73.66,8786.68,24257.21,2.7,55.65,77520.48,1472722.91,6.27,138.34,442404.16,101851.71,796.16,1037.31,2.1,0.1,378
49.79,1993.45,0.3,44.26,32906.54,14049.87,73.39,8755.07,24517.8,2.74,55.27,44122.4,1718008.84,7.32,98.87,432429.38,123152.9,1602.57,977.07,2.1,0.1,379
55.67,1993.6,1.73,42.88,40866.36,16272.88,73.33,8659.63,24725.25,3.51,54.78,24158.43,1275962.93,8.97,96.67,108485.71,58455.15,1930.83,805.58,2.0,0.0,379
53.7,1962.39,0.87,45.83,41174.49,15399.53,73.82,8634.33,24462.03,2.89,54.68,15839.29,1070899.13,2.81,149.17,1734565.21,69859.44,1713.54,543.38,2.0,0.0,382
57.03,1940.98,0.6,46.81,43300.56,13548.11,73.57,8546.56,24421.6,2.84,54.96,17415.04,1010709.63,0.4,134.65,1530768.54,46563.04,936.71,908.71,2.1,0.0,385
57.04,1908.65,1.72,46.22,43990.7,16216.09,73.32,8586.04,24576.42,3.17,55.23,0.0,241877.24,2.36,108.19,734530.7,86277.79,669.59,1332.11,2.1,0.0,384
59.23,1925.42,4.83,46.28,41246.7,18386.46,73.98,8450.8,24576.85,3.16,55.14,4916.76,0.0,1.08,106.56,354910.86,45830.99,608.19,1020.35,2.0,0.0,385
58.34,1940.23,4.49,44.5,35352.76,17337.51,74.41,8054.54,24039.93,3.47,55.28,0.0,0.0,0.0,101.56,45825.18,2280.06,822.82,1485.78,2.0,0.0,384
53.95,1933.81,5.15,45.92,41094.98,17223.92,74.58,8097.17,24190.87,3.37,55.25,0.0,0.0,0.0,96.03,0.0,98372.47,954.2,1803.6,2.1,0.0,384
49.76,1923.24,6.32,46.13,36406.62,16530.33,74.84,8127.64,24148.67,3.25,54.58,591.64,0.0,0.96,88.63,563288.4,114969.04,1736.34,938.73,2.1,0.0,385
49.22,1917.7,6.53,44.86,45135.45,15882.31,74.86,8121.22,24357.35,2.86,54.86,0.0,0.0,3.14,72.05,954271.44,124590.34,1359.62,911.33,2.1,0.0,386
45.5,1936.99,6.78,43.32,39311.96,14624.98,74.47,7941.44,24538.25,3.11,54.67,0.0,44026.09,6.18,119.9,446242.25,29040.2,466.3,244.39,2.1,0.0,386
50.94,1984.7,7.71,44.42,30645.37,13845.27,75.58,7874.21,24727.08,3.08,54.93,0.0,547044.21,3.58,111.39,435448.53,71515.21,874.77,0.0,2.0,0.0,387
48.87,1953.65,5.49,45.35,20218.21,15653.75,74.41,7838.55,24408.41,2.78,54.88,0.0,0.0,1.98,100.89,750486.36,0.0,561.98,0.0,2.0,0.0,388
53.17,1929.04,5.87,46.07,18127.35,16745.1,74.54,7844.96,24413.64,2.35,54.93,0.0,69310.74,0.62,96.7,1490461.4,8838.46,1040.87,0.0,2.1,0.0,384
51.68,1923.33,3.64,44.73,1814.01,14315.73,74.02,8221.96,24538.45,2.49,55.51,0.0,70343.93,5.9,72.8,802074.68,40975.5,663.96,441.2,2.1,0.0,386
50.57,1933.67,4.69,44.4,14008.36,14496.77,74.34,7951.1,24358.48,2.57,55.67,37327.46,0.0,2.84,34.0,1078856.59,89555.26,544.34,432.69,2.1,0.0,383
54.98,1943.04,4.04,47.82,16648.47,11834.46,74.89,7610.21,24439.52,2.7,55.93,5440.47,0.0,2.24,54.61,1275395.82,98933.54,1135.81,335.86,2.2,0.0,385
52.3,1962.6,5.8,46.27,23728.31,12559.58,76.45,7652.89,24472.05,2.66,55.97,0.0,0.0,3.67,50.67,0.0,65774.38,827.17,169.57,2.2,0.1,380
51.58,1966.56,3.72,47.5,26818.92,14237.54,75.82,7580.64,24317.87,2.64,55.71,23963.65,1650662.7,4.66,0.0,176271.72,17833.44,557.36,171.78,2.2,0.0,381
43.22,1977.1,2.73,47.48,20686.79,14685.54,76.72,7558.05,24176.87,2.76,55.66,0.0,2119253.57,6.1,36.36,581030.65,86812.64,0.0,671.73,2.1,0.0,380
46.46,1996.96,2.49,47.46,36450.1,13641.86,76.09,7963.34,23854.97,2.82,54.92,0.0,1139784.76,2.88,2.58,700094.31,128035.73,1086.08,281.22,2.1,0.1,381
50.03,2004.89,3.54,46.34,25558.63,13262.33,75.25,7950.1,24115.93,3.18,54.97,0.0,787408.87,0.42,8.94,365750.92,145337.3,555.76,975.38,2.0,0.1,378
54.47,2000.74,4.08,45.22,32024.88,14506.69,74.72,7993.91,23947.55,2.85,54.82,0.0,722369.96,0.25,0.0,881113.66,166709.81,991.86,1093.64,1.9,0.0,375
46.59,2026.11,6.57,45.25,34383.31,13980.68,75.62,8093.65,23882.16,2.98,54.8,5263.61,1081780.07,10.12,49.25,921920.94,112478.93,0.0,1378.76,2.0,0.0,376
48.08,2033.19,8.63,43.84,37420.92,14447.19,75.06,8289.34,23913.0,2.91,54.91,0.0,1363932.45,7.57,88.66,1007691.18,76004.48,214.96,1526.98,1.9,0.1,378
48.36,2005.48,8.6,43.11,26407.91,13371.08,74.77,8414.95,23916.56,2.58,54.75,655.72,1598486.1,8.58,44.1,965027.66,96510.47,0.0,1911.89,1.9,0.1,380
45.88,2000.44,9.96,42.86,28107.63,11203.74,75.03,8307.29,24076.07,2.38,54.87,0.0,0.0,7.53,73.31,180216.73,63340.33,726.75,1841.85,1.9,0.1,379
56.82,2019.08,11.59,43.34,22143.91,12536.42,75.95,8574.33,23745.66,2.48,54.47,0.0,403060.19,9.91,71.58,0.0,79525.63,248.87,1511.24,1.9,0.0,381
59.02,2038.65,12.58,43.48,17314.08,11087.09,77.11,8868.36,24102.43,2.36,54.99,0.0,600344.46,10.61,96.67,428152.64,120955.77,277.73,1258.78,1.9,0.0,375
62.09,2022.04,12.5,44.42,20279.95,13134.43,77.58,8577.38,24446.69,2.64,54.76,0.0,0.0,10.68,81.22,0.0,87338.77,103.8,1142.73,1.8,0.0,379
61.16,2029.61,13.55,44.45,21346.36,13927.05,76.43,8384.23,23986.61,3.25,55.02,0.0,665959.35,6.96,74.35,116205.48,62622.18,0.0,1396.32,1.8,0.1,377
57.65,2019.31,13.81,43.73,25816.92,14597.71,77.28,8471.34,23646.73,2.9,54.76,0.0,1412236.08,5.22,67.65,27165.17,76755.68,0.0,1171.41,1.8,0.1,377
51.1,2036.33,12.38,45.2,29148.11,15439.21,77.77,8987.86,24011.04,3.1,54.87,33268.2,804786.36,5.99,93.74,719432.21,66826.56,288.79,929.59,1.8,0.2,377
49.22,2015.15,10.38,44.44,20723.64,12888.2,77.14,8975.67,23692.81,3.09,55.23,15970.87,142881.88,4.94,96.53,321828.74,95100.61,541.26,1382.02,1.7,0.1,377
43.92,2049.68,9.93,44.22,30303.12,13635.17,76.59,8704.42,23892.61,3.17,55.38,34921.07,1043275.73,2.02,142.83,1522791.83,146404.65,415.76,985.71,1.8,0.1,380
44.27,2061.85,8.77,44.44,34203.69,14000.09,75.75,8448.52,24169.78,3.23,55.69,59958.12,769953.66,4.38,133.99,1295420.76,223290.12,1593.99,1084.61,1.8,0.1,379
48.61,2058.04,7.83,46.82,31635.17,17063.12,76.5,8556.76,24016.8,3.57,56.1,57297.16,1454669.06,3.99,155.95,557661.86,229396.77,146.37,587.32,1.8,0.1,378
45.32,2039.96,7.28,45.35,24788.83,15376.52,77.0,9068.71,24358.44,3.35,56.05,48772.63,1202737.29,3.68,143.22,0.0,177196.3,162.51,1299.74,1.9,0.1,378
52.08,2036.8,8.11,45.54,28644.77,14536.06,78.08,8846.72,24141.38,3.29,56.38,23575.86,965766.49,3.81,91.45,0.0,195063.25,235.66,805.17,1.9,0.1,379
52.69,1970.05,9.5,45.59,25844.8,15970.99,76.74,8693.3,23900.44,3.4,56.49,30267.99,759553.65,0.0,69.61,226302.3,149609.76,30.78,365.03,1.9,0.0,380
52.61,1972.38,8.38,44.92,25202.95,15119.43,76.53,9015.35,23912.12,3.14,56.2,12873.68,400081.94,0.0,80.26,705879.76,163664.77,646.55,232.85,1.8,0.1,376
50.92,1934.3,8.47,43.94,31955.68,15436.68,77.43,8924.27,24206.19,2.79,56.28,7498.34,534733.06,2.45,81.68,159429.36,125954.63,76.59,465.39,1.8,0.1,377
49.92,1970.29,9.06,44.94,29798.16,16460.73,77.4,8569.17,24160.01,2.73,56.48,0.0,795816.92,5.52,49.4,392886.91,183876.48,0.0,240.8,1.8,0.1,378
52.3,2003.31,8.58,44.92,33120.1,19354.22,77.45,8742.5,23841.13,2.68,55.94,513.15,1584107.44,1.29,89.99,406060.15,192448.93,577.46,881.02,1.9,0.0,381
41.04,1974.26,7.3,42.7,41505.61,20769.31,77.38,8877.38,23978.76,2.91,56.13,0.0,1947404.69,4.08,64.96,269530.0,140224.18,706.99,912.7,1.9,0.0,384
40.1,1988.03,8.07,41.23,41745.34,21852.83,76.94,8975.01,23875.68,3.15,55.66,0.0,2447805.93,6.58,25.55,164614.39,102105.08,1254.38,791.02,1.9,0.0,381
42.93,1958.57,6.99,41.37,42710.43,19539.7,76.21,8936.85,24222.84,3.2,55.86,0.0,2993237.94,3.34,9.72,1481402.01,97168.07,748.22,516.02,1.8,0.0,380
46.87,2005.41,5.04,42.62,33231.95,19513.66,75.04,8552.39,24763.47,3.69,55.55,50212.82,2572554.12,0.0,28.44,1953482.61,113740.02,0.0,112.55,1.9,0.0,382
45.96,1956.63,3.29,43.52,35565.19,21272.67,74.99,8467.34,25064.33,3.32,55.39,55298.62,1701601.27,1.18,27.86,2476024.37,86070.87,0.0,747.54,2.0,0.1,384
43.9,1933.21,2.31,43.17,41113.68,20258.98,75.67,8610.53,25278.93,3.44,55.39,12907.62,2662433.3,3.82,38.1,2318374.5,13939.66,271.92,505.09,1.9,0.1,384
46.47,1907.54,0.91,43.17,42616.33,18184.82,75.15,8598.43,24950.82,2.8,55.41,0.0,2513064.54,2.67,30.11,1326339.93,4306.87,0.0,1377.88,1.9,0.1,382
48.12,1916.96,1.35,43.28,42243.28,19850.12,74.17,8175.89,24669.83,2.82,55.27,40727.32,3039465.57,1.08,68.68,1476860.17,0.0,0.0,1148.54,1.9,0.1,383
46.87,1917.32,1.66,43.41,45363.08,17784.32,74.41,7870.49,24496.04,2.46,55.66,38256.88,2380236.14,0.0,27.69,1885949.61,16956.06,0.0,556.56,2.0,0.2,383
47.93,1920.64,0.5,44.64,42316.39,18488.59,74.12,8006.22,24357.05,2.51,55.77,18532.57,3286232.58,0.0,30.6,2579675.8,70457.03,294.78,597.96,2.0,0.2,385
52.86,1970.95,1.85,44.3,42518.2,18021.78,74.04,7959.91,24455.51,2.71,55.47,24187.68,3818678.85,0.0,64.59,1697420.18,77081.85,0.0,751.62,2.0,0.1,384
59.84,1985.67,2.52,45.04,46051.99,19944.2,73.89,8130.66,24523.9,2.73,55.35,62919.71,3455624.98,0.0,0.0,2140313.71,54469.3,0.0,808.15,2.1,0.2,383
61.5,1967.3,3.99,44.19,44832.41,19511.66,73.16,8026.86,24023.75,2.63,55.59,106243.31,3883755.0,0.0,3.4,1847927.94,43126.59,550.03,549.83,2.2,0.2,380
59.49,1980.17,5.52,45.19,41248.86,17983.37,74.74,8068.24,23817.92,2.49,54.99,47517.25,3035534.58,0.0,0.0,2148269.65,72145.54,0.0,1110.48,2.2,0.2,379
56.94,2031.93,4.02,45.5,37048.04,14643.76,73.5,8226.5,23518.86,2.19,55.2,58969.05,2667372.79,0.0,0.0,1037538.42,60856.59,382.29,847.48,2.2,0.3,380
50.84,2024.76,6.05,44.79,32888.25,16466.38,72.53,8274.15,23497.51,2.15,55.62,37569.68,2392201.45,2.72,0.0,1502311.12,40042.29,0.0,602.13,2.2,0.3,379
49.93,1979.71,4.98,43.4,32306.1,14890.67,74.47,8353.53,23266.82,2.04,55.71,38488.78,1143348.66,0.25,20.02,1594233.1,58895.25,0.0,277.27,2.1,0.3,384
51.2,2002.75,3.95,43.67,31894.61,15483.25,74.55,8925.48,23581.9,2.48,55.68,0.0,1292694.43,3.1,56.23,1386374.01,3159.45,0.0,0.0,2.2,0.3,383
54.2,2036.38,5.22,46.1,27345.29,16916.23,73.4,9225.54,23834.65,2.42,55.27,0.0,995216.44,3.21,50.93,840269.96,48282.67,0.0,222.11,2.2,0.3,384
50.93,2006.0,4.84,45.41,26789.48,17734.48,73.66,9087.79,23944.79,2.37,55.47,15006.52,901291.37,0.0,80.35,1222813.67,65575.88,914.98,449.93,2.2,0.2,383
52.05,2025.91,6.24,43.9,32247.21,16823.81,73.33,9041.56,24155.65,2.1,55.46,0.0,1292976.13,0.0,76.75,875498.55,39689.84,0.0,0.0,2.2,0.1,382
48.6,2010.05,4.47,43.6,30797.92,16564.7,72.08,8935.94,23934.63,1.83,55.71,19327.15,1481446.93,0.0,53.95,1789411.68,42850.08,0.0,0.0,2.2,0.1,384
49.23,1972.27,7.12,42.75,24695.1,16165.19,72.82,8645.85,24127.6,1.83,56.25,25323.49,660677.91,0.0,62.05,1066381.88,38003.98,1051.18,243.36,2.2,0.2,382
49.39,1963.79,6.0,42.87,23420.26,14918.15,72.85,8450.93,24213.39,1.71,56.33,40753.31,881054.6,0.0,57.44,899966.68,37567.72,278.85,279.27,2.2,0.2,380
44.7,1990.47,3.85,44.82,30702.94,15816.74,71.91,8389.5,24206.93,1.93,56.28,15014.9,1437191.89,1.38,65.45,694355.92,50083.34,0.0,403.39,2.3,0.2,382
48.8,2019.1,3.8,45.98,33188.84,15763.93,73.38,8226.0,24075.6,1.43,55.84,1280.48,1243598.23,2.36,81.74,0.0,50786.7,0.0,0.0,2.3,0.2,383
51.49,1998.88,5.51,44.88,27577.13,16246.42,73.72,8061.28,23925.4,1.72,55.78,0.0,723523.96,0.0,18.84,964944.66,55978.05,642.69,0.0,2.2,0.1,381
49.24,1953.64,4.96,44.33,32654.4,16876.3,73.55,8192.19,23742.4,1.53,55.64,2803.25,582969.53,3.58,37.17,1570403.9,32145.59,773.2,0.0,2.1,0.1,379
46.2,1967.28,3.98,45.53,31418.16,16289.53,73.9,8174.79,23876.65,1.47,54.83,0.0,274511.09,4.34,90.37,1023104.27,8290.54,886.48,109.8,2.1,0.1,375
47.7,1966.29,2.02,46.14,35186.86,16945.73,73.68,8234.94,23742.57,1.29,54.83,0.0,205326.88,3.56,59.48,2210743.37,0.0,919.85,71.37,2.1,0.1,373
49.88,1927.11,1.36,45.46,32252.3,16074.17,73.48,8265.98,23674.54,1.61,54.63,0.0,0.0,1.95,78.97,1936304.5,0.0,821.09,0.0,2.0,0.0,372
59.92,1984.01,4.55,44.12,41129.05,14754.75,74.94,8358.33,23550.84,2.21,55.11,0.0,247291.91,0.0,60.59,1467938.88,0.0,1568.89,0.0,2.0,0.0,371
54.9,2011.13,6.49,43.84,44093.43,17219.57,74.56,8511.2,23565.74,1.93,55.1,0.0,0.0,0.0,49.27,1504647.25,41389.01,1917.02,11.39,2.0,0.1,372
51.81,2009.3,3.84,43.55,39491.58,15606.59,74.87,8701.39,24024.14,1.91,55.01,0.0,374699.37,0.0,35.5,1544200.17,17252.16,1472.99,365.31,2.0,0.1,377
53.85,1995.59,6.21,41.08,30401.92,16700.82,76.78,8779.81,24096.06,1.91,55.15,30615.32,819487.2,0.17,60.18,1586658.01,37163.77,1800.28,51.22,2.0,0.1,375
48.89,1975.12,7.49,41.51,31260.99,16900.89,76.94,8808.25,24132.48,1.99,55.42,13152.97,1564164.78,0.0,47.47,1885799.28,120278.47,614.96,359.07,2.0,0.1,377
44.21,1953.32,7.74,40.99,32098.6,15534.49,76.23,8953.52,23903.72,2.09,55.48,18088.63,1026785.47,0.97,17.59,1360436.62,163290.75,904.12,345.11,2.0,0.0,378
43.33,1940.39,7.21,40.99,32760.34,16080.33,75.77,8249.41,23771.75,1.9,55.51,0.0,624463.57,3.04,0.0,1363816.16,121058.18,590.85,0.0,2.0,0.0,377
41.49,2002.37,7.28,42.01,29405.19,17533.12,76.54,8124.34,24067.78,2.37,54.89,22754.71,124585.44,6.08,0.0,1630283.43,44427.36,1123.35,62.48,2.1,0.0,378
49.16,1996.68,7.57,43.27,21826.42,16297.43,77.14,7714.04,24329.82,2.26,55.44,30960.53,0.0,7.76,40.23,1854960.95,26156.71,1738.46,0.0,2.1,0.0,379
47.09,1956.38,9.0,41.25,30373.22,13648.29,77.59,7632.53,23905.29,2.21,55.53,2766.35,208074.56,8.42,75.95,1693096.46,68126.09,1964.76,9.52,2.1,0.0,379
50.59,1965.43,9.19,43.91,26467.03,14221.35,77.16,7893.56,23860.89,2.13,55.43,14975.77,0.0,0.17,43.78,2436880.15,117399.6,1479.7,621.17,2.1,0.0,379
53.61,1951.08,9.43,44.42,25790.5,15532.82,77.74,7987.64,24042.63,1.84,55.73,0.0,0.0,2.49,30.97,1693636.5,93617.18,705.03,341.92,2.1,0.1,380
50.38,1964.67,6.24,45.83,26322.23,13786.02,78.44,8038.28,23983.04,2.5,55.48,19831.2,467735.26,0.0,26.32,1350321.26,20845.53,0.0,0.0,2.1,0.0,378
48.7,1965.41,5.68,45.0,36987.96,13618.12,78.65,7811.8,24303.54,2.39,56.15,0.0,0.0,0.0,16.87,458010.75,74607.2,748.62,0.0,2.1,0.1,379
46.25,1999.71,7.15,43.69,43425.09,12181.05,78.34,7707.89,24329.19,2.47,56.56,0.0,0.0,0.0,26.32,260923.88,0.0,1066.87,465.31,2.1,0.1,380
41.9,2023.06,7.55,43.36,42085.85,14201.56,78.69,7775.86,24768.73,2.86,56.47,0.0,0.0,0.54,23.13,1406021.94,0.0,1220.95,0.0,2.1,0.1,383
40.78,1996.19,8.61,44.96,39369.46,11192.44,77.24,7829.8,24391.24,3.03,56.05,0.0,708476.27,1.43,72.96,2181965.35,0.0,1395.81,87.85,2.1,0.1,382
44.25,1982.4,7.24,44.9,39489.97,13786.2,76.45,7491.28,24327.65,3.05,55.94,0.0,1223644.94,2.05,81.01,731590.22,0.0,1175.89,651.49,2.1,0.1,380
49.27,1965.1,5.79,45.96,40323.35,13562.89,75.12,7724.19,24489.36,2.74,55.89,0.0,562012.27,0.58,71.22,0.0,24667.78,701.39,378.65,2.1,0.1,380
49.06,1945.27,5.02,45.85,38951.68,14579.14,75.49,8062.16,24135.15,2.98,55.67,17450.38,733262.63,0.0,102.99,571639.71,40279.99,1758.29,49.72,2.1,0.1,378
46.57,1975.08,4.39,46.73,34650.45,17802.5,73.5,8305.19,24204.36,2.53,55.51,0.0,886567.72,0.0,41.25,669080.44,43707.67,2614.79,345.73,2.0,0.1,381
40.48,1953.84,4.53,45.95,42332.35,17639.35,73.69,8106.05,23978.02,2.59,55.41,0.0,945940.0,0.16,30.75,1421680.74,41013.06,2162.23,694.15,2.0,0.1,379
42.28,1980.68,4.08,44.41,45899.54,18871.06,74.28,8150.21,24106.45,2.19,55.2,17906.4,1058943.94,2.52,68.94,477902.57,56416.09,1767.32,486.46,2.1,0.0,379
42.58,1980.18,1.59,43.49,44019.81,16053.11,75.08,8289.63,23792.65,2.21,55.27,0.0,6236.13,0.0,130.9,1195148.02,30543.25,891.58,188.93,2.2,0.1,378
45.09,1971.6,3.88,42.58,47170.83,13745.05,75.75,8106.74,23794.11,2.11,55.74,26292.99,0.0,0.0,148.43,0.0,47359.98,334.39,919.52,2.3,0.1,378
46.22,1954.83,3.01,43.25,48035.54,14111.7,75.8,7997.25,23664.84,1.95,55.83,24558.12,172865.52,0.91,128.26,145865.99,90789.39,734.88,765.57,2.2,0.1,379
45.63,1922.95,5.66,42.34,47038.16,17097.26,75.35,8027.89,23931.62,1.75,55.27,11580.66,247353.03,0.96,148.84,0.0,76346.29,1442.99,601.02,2.3,0.1,378
46.24,1936.69,5.05,43.22,43976.68,18756.69,75.63,8065.79,23911.79,2.1,55.24,0.0,0.0,2.66,118.02,0.0,88935.51,1825.19,739.96,2.3,0.1,379
48.55,1989.63,4.82,42.36,29237.89,21219.86,77.04,7886.95,24232.61,2.47,55.37,13365.87,0.0,2.61,112.79,120609.96,77945.06,2265.6,992.37,2.3,0.1,380
53.7,1954.98,4.99,43.58,32382.55,20846.29,77.4,8247.37,24010.23,2.58,55.12,39656.97,486148.7,0.0,99.27,0.0,104444.12,1715.5,521.58,2.2,0.1,381
51.24,1954.32,4.65,42.83,22756.07,19926.96,77.44,8246.72,24477.21,2.44,55.1,46623.88,729508.25,0.0,86.57,20770.88,117456.93,1167.83,0.0,2.2,0.2,383
44.69,1974.3,5.03,42.8,18594.28,17869.95,76.57,8636.23,24577.12,2.29,54.94,38756.02,412361.03,0.05,73.43,156224.86,32846.64,1455.07,0.0,2.2,0.3,380
46.01,1962.44,5.61,40.89,18732.03,16113.54,77.55,8972.39,24466.88,2.05,54.73,34083.34,0.0,1.42,60.97,440335.62,46293.05,1990.78,241.83,2.2,0.3,376
47.46,1979.55,5.4,43.37,13094.54,14745.07,76.6,8868.3,24297.24,1.82,54.67,55811.69,504256.73,0.0,45.85,0.0,0.0,1966.63,0.0,2.2,0.4,378
50.53,1993.62,4.73,44.07,17480.95,13761.98,74.31,8557.06,24090.76,2.09,54.33,96830.27,1457578.43,2.78,29.5,0.0,33992.46,1354.62,290.54,2.2,0.3,376
51.34,1948.58,5.2,44.77,16247.55,11540.0,75.64,8400.62,24070.08,2.47,54.28,62360.52,2496298.15,0.44,59.76,174926.67,37901.89,955.91,222.24,2.3,0.3,374
47.16,1961.73,6.08,45.7,18174.19,10684.46,74.84,7895.58,24440.39,1.81,54.33,6458.06,1823436.74,1.9,0.0,453803.09,67611.35,661.96,1102.8,2.1,0.2,375
46.53,1965.84,7.23,44.28,13269.98,10202.04,75.61,8121.62,24396.24,1.81,54.39,15137.82,1661294.24,0.0,0.0,292124.19,87634.23,88.1,1106.54,2.0,0.2,374
38.54,1951.92,5.23,44.14,18142.0,11611.43,73.89,8264.36,24460.43,1.83,54.15,2229.43,2430268.93,1.58,28.44,0.0,59792.91,0.0,767.09,2.1,0.1,374
41.36,1939.35,5.37,43.7,21151.05,11486.88,73.11,8486.63,24811.05,2.09,53.88,0.0,2264600.46,0.0,14.04,0.0,18389.24,230.41,675.24,2.0,0.1,374
46.42,1889.17,4.35,45.6,16791.37,10273.09,72.92,8720.79,24810.75,1.9,54.02,0.0,2246646.28,0.0,20.53,0.0,67116.28,233.8,412.94,2.1,0.1,373
30.79,1915.38,3.91,45.61,25064.22,9443.91,72.28,8358.31,25190.04,2.34,54.35,0.0,1107932.33,1.86,31.29,0.0,13113.34,789.5,962.3,2.1,0.0,378
34.49,1966.35,3.63,47.82,23770.75,9199.88,73.28,8328.96,25129.79,2.12,54.18,0.0,1208657.43,0.0,57.51,5131.95,76360.65,200.89,966.32,2.1,0.0,378
40.43,1934.2,4.27,46.37,22004.1,10461.91,74.22,8029.96,25344.78,2.47,54.32,0.0,1996143.38,1.22,64.26,0.0,76136.12,0.0,1248.52,2.2,0.0,377
45.25,1956.58,2.84,45.9,34654.88,11097.65,74.46,8180.12,25061.95,2.71,54.52,29749.21,738212.82,1.98,63.56,0.0,59512.05,257.94,1116.26,2.2,0.0,377
54.36,1967.09,3.64,44.38,32601.34,10814.85,74.45,8125.16,24809.18,2.65,54.31,41075.97,1162212.78,3.0,79.49,587563.05,9066.58,1030.24,1265.41,2.1,0.0,375
55.62,1953.31,3.92,46.41,39840.52,9896.78,74.83,8531.2,24531.66,2.91,54.37,10245.91,1947835.47,1.43,67.31,343060.75,49593.6,1430.31,877.68,2.1,0.0,378
52.38,1992.08,5.24,45.22,41094.58,11403.31,74.23,8581.2,24489.03,2.48,53.62,62793.47,1633281.13,1.51,34.54,0.0,123814.78,2492.59,192.5,2.1,0.1,379
54.96,1984.15,5.95,46.81,42349.73,9989.4,73.79,8696.8,24437.99,2.37,53.54,27231.19,1011513.77,2.49,19.7,191186.3,115169.68,2565.34,0.0,2.2,0.0,379
52.58,1961.08,2.86,47.91,44987.37,11497.03,73.33,8525.55,24338.06,2.35,53.97,10233.03,398093.17,2.51,21.41,566059.0,151743.58,2035.14,336.73,2.2,0.1,382
49.18,2014.4,3.48,46.28,37180.42,14318.33,74.55,8717.58,24209.92,2.31,53.71,1122.42,492724.51,6.09,14.72,338599.17,143608.95,2217.59,821.16,2.1,0.1,382
48.32,1991.25,3.4,44.82,33264.08,12439.72,74.57,8567.25,24100.1,2.37,53.25,0.0,587538.08,7.75,31.66,1191638.58,75229.63,2471.31,832.43,2.1,0.1,389
49.29,1990.03,4.86,44.66,28984.33,15010.43,73.43,8531.07,24108.05,2.2,53.17,0.0,771027.48,9.36,10.76,576335.74,122695.63,1924.58,639.96,2.1,0.0,385
55.26,1971.03,4.2,44.28,27757.7,14250.91,73.71,8755.2,23959.14,2.12,53.45,41505.1,530225.46,5.59,0.0,68652.33,77641.25,1095.47,605.45,2.1,0.1,385
58.75,1966.22,3.18,45.11,22586.62,16160.24,73.25,8837.74,24081.16,1.95,54.0,85974.72,53375.76,3.04,5.33,699430.33,113982.84,810.3,597.68,2.1,0.1,383
51.92,1989.37,3.64,46.81,28162.87,15321.58,72.55,9145.37,23747.7,1.97,54.06,56147.03,0.0,0.0,0.0,636243.3,112094.25,483.96,377.72,2.0,0.1,383
53.32,1972.06,2.65,46.57,31351.98,13839.23,72.36,8755.33,23575.25,1.94,53.98,68919.34,69989.07,3.34,36.19,625835.43,28092.03,671.44,725.5,2.0,0.1,382
48.07,1988.08,2.79,46.73,28407.7,17140.84,72.88,8601.81,23436.13,1.68,54.3,43357.69,0.0,1.42,6.4,417796.92,30192.6,123.45,761.7,1.9,0.1,383
48.42,1941.99,0.0,47.14,32426.21,17478.7,72.95,8499.09,23534.85,1.99,54.37,46816.23,840094.8,0.0,4.27,0.0,15927.47,113.48,405.54,1.8,0.0,384
46.01,1940.28,0.87,47.86,30869.13,17464.13,72.3,8430.15,23435.24,2.06,54.5,33738.1,512350.32,0.72,0.0,0.0,0.0,410.62,370.22,1.8,0.0,389
34.26,1924.61,0.88,48.48,29388.7,17349.85,72.29,8793.92,23639.87,1.98,54.76,22272.88,1582843.09,4.17,11.1,0.0,0.0,852.62,817.4,1.8,0.0,389
40.42,1910.76,2.15,50.46,30225.99,17682.07,72.93,8831.28,23486.61,2.63,54.82,33389.01,1450260.34,6.04,0.17,0.0,110.38,1025.53,623.11,1.8,0.0,386
46.01,1911.27,3.3,48.43,37357.69,17988.53,73.66,8474.45,23442.29,2.69,54.56,11979.08,1737482.14,3.55,13.28,0.0,25832.82,366.9,758.33,1.9,0.0,384
51.43,1921.64,2.01,48.34,37615.46,16508.29,73.27,8626.13,23354.35,2.33,54.42,33091.64,1372094.51,1.53,13.11,393093.9,81014.76,548.04,1309.57,2.0,0.0,386
53.97,1959.35,3.51,48.01,34273.65,16462.98,72.29,8537.69,23239.25,2.51,54.73,36550.48,1120805.28,0.56,45.43,1052734.42,35300.61,653.84,1256.02,2.0,0.0,381
54.2,1916.2,3.07,48.36,36011.84,15268.51,73.34,8607.69,23287.13,2.94,54.9,10642.47,0.0,1.07,29.28,983622.34,25863.1,0.0,1013.33,1.9,0.0,380
53.95,1932.02,4.03,45.3,42621.88,12617.01,73.52,8381.76,23492.95,2.42,55.32,0.0,352162.16,0.0,70.93,16226.54,0.0,745.67,524.72,1.9,0.1,379
54.55,1959.03,4.27,46.72,44585.75,11529.38,74.25,8357.07,23599.39,2.55,55.52,0.0,1134156.91,3.28,47.69,1236025.45,0.0,978.92,337.59,2.0,0.1,380
43.16,1948.1,3.66,44.46,46576.89,11408.35,72.86,8470.1,23925.66,2.54,55.04,0.0,281778.43,0.61,87.84,992598.66,0.0,581.98,667.9,2.0,0.1,380
44.32,1955.34,3.64,44.71,42811.26,10562.63,72.91,8508.96,23820.12,2.67,55.25,9098.34,0.0,0.78,82.16,1048823.02,57461.94,0.0,672.79,2.0,0.0,378
48.91,1920.4,4.3,44.95,36764.57,12517.33,72.23,8356.73,23653.77,2.88,55.53,14393.21,1574640.22,1.84,89.57,1623149.98,29158.12,265.08,302.08,1.9,0.1,377
49.95,1970.67,2.0,45.72,35894.0,12746.32,72.63,8346.73,23852.59,2.57,55.58,0.0,2652028.54,1.3,84.3,2609844.56,1451.14,279.16,0.0,1.9,0.0,379
52.42,1958.9,1.81,46.72,35239.98,11681.59,73.77,8304.73,24054.02,2.61,56.04,0.0,1101908.41,0.51,82.04,2593375.21,34390.05,4.35,538.49,2.0,0.0,378
60.14,1979.62,1.66,48.04,35834.52,14532.31,73.22,8256.6,24373.73,2.45,55.82,0.0,1235817.9,3.48,49.74,2571430.33,14231.92,0.0,392.83,2.0,0.0,378
64.26,1963.34,2.04,47.9,34954.92,13723.96,73.46,8368.48,24543.65,1.93,55.83,0.0,1796829.67,5.42,69.53,1880116.53,0.0,699.44,746.25,1.9,0.1,379
62.78,1942.53,3.91,47.02,32095.4,10507.31,73.04,8144.0,24061.09,2.46,55.67,0.0,1001402.14,3.08,47.42,2195433.18,0.0,703.67,588.78,2.0,0.2,379
57.07,1943.61,0.0,47.11,25098.96,10799.73,73.64,8042.05,23996.15,2.56,55.42,24459.35,1366676.2,4.12,27.76,2315300.72,0.0,613.69,0.0,2.1,0.3,380
49.59,1941.69,0.89,46.86,39062.77,11011.09,73.33,8109.89,24003.26,2.38,54.9,40192.26,695492.68,0.86,6.43,1089558.66,27707.78,844.18,99.69,2.1,0.3,382
57.3,1971.64,1.8,45.62,29811.39,8796.68,74.26,8015.67,24056.09,2.18,55.49,0.0,726327.05,0.0,9.5,792117.69,0.0,214.15,777.97,2.1,0.3,379
47.58,1953.43,3.51,45.61,27338.99,10374.23,73.87,8343.2,24382.98,2.11,55.21,0.0,925248.78,0.0,38.4,921618.18,43129.17,0.0,511.03,2.1,0.3,379
45.91,1958.05,5.72,43.39,27218.1,10864.49,73.12,8298.66,24016.7,2.04,55.11,0.0,1962890.99,0.0,2.34,1505633.69,0.0,0.0,369.38,2.0,0.3,378
39.45,1975.97,6.55,42.61,25128.2,14385.82,73.69,8293.72,24391.63,1.71,54.56,4508.25,2224230.8,0.0,0.0,1872206.92,0.0,0.0,420.03,2.1,0.2,380
36.03,1990.43,5.13,41.52,36658.43,17337.77,73.94,8615.48,24300.86,1.83,54.58,0.0,537017.4,0.0,36.88,1846408.4,33362.63,257.41,125.68,2.1,0.2,378
42.04,1952.84,4.27,44.51,39496.93,17342.17,72.32,8538.12,24046.96,1.94,54.59,0.0,1211525.47,2.52,6.13,2671295.88,0.0,1116.17,78.49,2.1,0.2,378
47.88,1920.99,4.46,45.15,44436.32,18084.58,72.69,8597.02,23923.18,2.21,54.78,0.0,1155582.54,4.18,71.28,3119003.52,12330.14,1151.54,59.34,2.1,0.2,380
47.96,1899.24,4.3,44.27,36320.69,18551.26,73.25,8353.66,23902.93,2.36,54.88,11682.79,577224.28,4.5,62.94,3229752.03,53130.36,2563.39,507.72,2.1,0.2,378
44.62,1916.85,4.87,47.35,31913.21,16672.07,73.64,8234.27,24036.12,2.29,54.82,21356.61,202714.49,2.89,70.59,2850774.97,26639.07,1995.75,803.49,2.1,0.2,380
47.34,1960.36,6.14,48.32,30145.21,14984.29,74.39,8403.58,24045.26,2.08,54.93,28496.48,0.0,3.45,93.0,1641287.19,45825.1,2415.59,1160.44,2.0,0.2,380
46.08,2027.83,6.31,47.46,34459.61,17618.36,74.56,8270.4,24094.31,2.46,54.86,53091.53,0.0,0.0,121.49,1688921.1,80856.89,2264.95,1037.27,2.0,0.2,384
46.66,2066.91,6.98,44.55,28992.69,18536.16,73.83,7983.85,24387.35,2.08,55.08,35671.07,473147.94,0.71,53.82,1305276.45,64319.52,2190.66,1022.43,2.0,0.1,385
50.88,2060.94,6.44,44.27,24714.25,18366.1,74.1,8202.29,24234.6,2.2,54.73,21491.44,117354.13,3.4,92.96,417302.87,91357.35,2264.19,732.75,2.0,0.0,384
49.38,2043.12,5.58,45.31,28360.51,17555.21,73.74,8092.47,24328.48,2.29,54.82,40989.2,119204.0,6.5,31.38,0.0,146535.0,1783.82,756.47,2.1,0.0,386
52.13,2057.89,6.21,46.11,25901.49,17966.37,73.83,8100.07,23961.99,2.24,54.81,75927.71,0.0,6.28,65.42,0.0,115193.13,2018.61,1470.64,2.0,0.0,387
55.4,2103.72,5.2,45.74,18460.09,17691.68,74.35,8565.69,24363.36,2.71,54.66,75879.62,285378.72,6.57,58.09,812794.96,89518.87,1941.17,1753.18,2.1,0.0,387
56.58,2115.64,7.43,45.32,20061.15,17371.44,74.76,8694.88,24266.38,3.2,54.23,33155.05,658971.27,5.16,38.47,1391854.87,109384.16,2338.41,1198.48,2.1,0.0,384
55.87,2119.16,8.94,45.17,16198.14,19404.97,74.76,8232.43,24212.55,3.42,54.02,31381.32,415906.98,4.3,25.12,1586397.35,89336.81,2377.85,940.32,2.1,0.0,381
51.57,2066.14,6.9,43.77,12979.72,18703.37,75.32,7952.36,24047.74,3.52,54.13,0.0,428196.0,4.61,32.96,2888542.67,53367.51,2634.54,830.5,2.1,0.0,380
46.28,2012.9,7.58,43.42,28782.25,17367.21,75.74,8010.94,23692.58,3.05,53.86,38802.23,1194618.82,9.0,0.0,1637192.66,71242.16,1912.43,966.67,2.1,0.0,376
44.57,2016.08,5.9,43.79,23876.59,15756.03,75.01,8147.02,23956.15,3.48,54.24,42676.0,2131731.14,8.38,19.28,2090592.72,71055.42,1650.78,807.51,2.1,0.0,379
40.97,2012.65,5.78,42.47,29330.2,13498.57,74.35,8146.74,24313.3,3.5,54.43,71988.27,1705540.17,12.4,32.84,1939233.28,598.16,1954.03,897.05,2.1,0.0,384
39.15,2015.29,5.76,43.65,19872.07,14754.46,75.65,7763.72,24103.08,3.53,54.48,79204.13,1948069.96,11.14,76.57,2214301.97,0.0,2073.23,791.1,2.1,0.1,387
41.24,2030.43,4.22,43.4,18774.43,16393.33,76.85,8511.0,24305.71,3.7,54.1,20341.12,1186923.02,6.17,81.75,3089609.44,4728.99,1491.62,808.97,2.0,0.1,386
44.27,1977.31,1.63,42.76,23380.85,14152.74,77.96,8653.7,24437.5,3.77,54.35,30754.8,1805643.17,7.89,80.74,3955950.85,11085.73,1098.31,252.96,2.0,0.1,385
47.23,1978.2,0.55,42.84,20371.34,13560.09,76.75,8697.02,24579.68,3.62,53.92,0.0,1974131.88,4.72,52.9,3482653.93,0.0,0.0,0.0,2.0,0.1,386
48.13,1977.29,2.84,41.52,30059.71,16353.72,76.33,8549.51,24812.27,3.41,54.18,7439.39,2023345.67,1.12,59.79,2459984.37,0.0,526.97,0.0,2.0,0.1,388
58.46,2006.13,4.74,42.07,43373.94,16432.35,76.04,8587.53,24782.77,2.96,54.12,16459.58,1298538.36,2.67,55.31,2777120.91,0.0,749.95,0.0,1.9,0.0,388
54.08,2019.74,5.36,42.06,42766.57,15483.57,76.07,8431.67,24785.51,3.28,53.92,0.0,764276.65,3.09,72.01,1301011.7,0.0,711.18,320.68,1.9,0.0,388
60.91,2069.91,6.43,42.27,43612.51,16297.79,76.26,8495.31,24816.84,3.47,54.67,0.0,1481020.08,3.01,44.58,299892.06,15202.29,682.14,0.0,1.9,0.1,390
59.91,2058.05,7.11,44.0,42763.27,16624.46,75.69,8427.59,24596.93,3.08,54.4,0.0,752664.39,3.35,52.92,55688.9,0.0,1722.65,0.0,1.9,0.0,390
66.06,2039.78,6.37,44.51,42674.63,12404.64,76.04,8798.37,24555.78,3.0,54.7,17915.46,795555.88,4.89,69.54,0.0,0.0,873.59,0.0,2.0,0.0,390
70.63,2021.04,5.28,44.77,46860.16,11828.02,77.35,8703.32,24617.12,2.99,54.64,39316.47,0.0,3.27,83.02,0.0,0.0,553.78,0.0,2.0,0.0,389
70.98,2023.31,6.68,44.64,51015.59,10255.54,77.97,8867.77,24228.74,3.07,54.66,30733.55,91615.19,1.16,98.15,77789.06,0.0,511.27,0.0,2.0,0.0,392
68.44,1982.6,6.2,44.22,44060.14,11606.74,79.22,9171.33,24273.46,2.81,54.78,45676.05,251997.27,2.95,98.35,326935.87,0.0,428.46,649.28,2.0,0.1,395
60.92,2049.02,7.39,45.65,38785.72,13228.01,77.89,9066.97,24340.03,2.73,55.12,25243.76,0.0,1.87,119.23,1954937.66,51243.1,960.81,469.98,2.1,0.1,395
61.99,2006.51,7.6,44.03,41945.76,13992.92,76.89,9184.05,24250.12,2.64,55.24,21152.12,191980.17,4.32,86.03,1199954.28,39554.36,844.51,643.57,2.2,0.1,393
57.62,1980.53,8.18,44.27,46776.35,15910.49,77.23,8738.41,24393.19,2.4,54.71,23911.0,1029483.06,5.55,54.15,2919152.34,67060.35,353.56,0.0,2.2,0.0,389
49.57,1958.95,7.02,43.48,56259.19,15446.65,77.88,8787.41,24327.2,2.32,55.11,0.0,551206.44,3.04,51.51,1963649.91,94723.82,901.1,0.0,2.2,0.0,388
54.59,1963.17,6.63,46.25,54415.57,14015.03,76.66,9189.39,24158.68,2.19,55.1,19388.65,0.0,1.85,13.05,1644520.73,114127.68,699.01,667.97,2.1,0.0,390
58.18,2033.65,6.87,45.14,51437.16,12806.01,76.44,9310.71,24318.28,2.24,54.9,25155.56,369688.85,0.0,0.0,1284050.48,53806.0,0.0,277.65,2.1,0.0,388
53.2,2033.67,7.07,46.53,35656.23,10343.62,76.9,9253.7,24503.99,2.08,54.82,0.0,0.0,0.37,39.78,1057258.65,24481.13,0.0,630.75,2.1,0.0,384
49.05,2043.32,6.09,45.64,47875.85,11119.79,76.42,9076.84,24322.13,2.15,55.35,10992.19,0.0,0.0,40.05,0.0,8419.54,0.0,448.63,2.1,0.0,381
48.95,2023.55,5.68,44.71,45208.01,12449.81,75.04,9319.33,24508.84,1.82,55.68,49347.78,0.0,0.55,39.93,0.0,48098.58,0.0,512.78,2.2,0.0,381
53.94,2025.97,6.75,44.06,38379.94,12484.55,75.18,9287.64,24562.81,2.21,55.61,14465.46,0.0,2.47,63.24,1360980.67,131651.37,549.05,591.96,2.1,0.0,381
53.03,2067.6,7.33,44.0,32877.29,13673.82,75.2,9039.17,24370.35,2.43,55.41,3889.54,0.0,9.57,61.36,694999.41,24413.21,0.0,448.64,2.2,0.1,381
54.19,2048.46,7.65,43.94,29856.72,12802.71,75.66,9197.62,24256.73,2.66,55.39,0.0,458691.34,11.69,34.65,455427.65,77382.37,38.07,166.57,2.2,0.1,383
53.5,2036.27,7.23,44.34,37876.81,14245.6,74.68,9117.12,24327.69,2.76,54.94,3964.94,101377.53,6.0,63.95,278127.26,60540.47,535.97,507.67,2.2,0.1,381
49.2,2060.36,7.01,45.55,36107.44,14990.5,73.28,9170.73,24309.04,2.63,55.12,29656.31,0.0,1.96,100.53,170871.41,0.0,302.65,614.13,2.2,0.1,380
47.69,2013.0,4.99,45.91,41729.06,14523.75,74.57,9266.47,24271.51,2.81,55.23,12019.09,0.0,2.04,106.96,0.0,75910.68,836.55,90.73,2.2,0.0,380
50.86,1999.77,4.27,45.93,44104.52,15747.95,75.06,9405.03,24248.33,2.7,55.15,0.0,0.0,3.68,115.73,0.0,102371.57,563.51,0.0,2.2,0.0,380
58.75,1954.39,5.26,46.91,45215.81,18027.38,75.76,9375.47,24466.42,2.96,55.04,16736.55,0.0,0.0,148.92,0.0,130401.59,807.7,0.0,2.1,0.0,381
56.0,1914.91,6.36,43.49,44966.65,19331.34,74.12,9242.67,24352.2,2.97,55.29,0.0,0.0,0.0,80.31,449267.36,173247.31,1083.66,80.49,2.1,0.0,379
57.34,1929.06,6.63,42.84,35293.94,17007.23,73.51,8665.99,24436.11,2.59,54.89,0.0,0.0,0.0,34.31,806321.88,139560.09,218.58,572.42,2.0,0.0,379
56.76,1935.59,4.56,45.66,30872.83,17978.35,73.05,8372.96,24695.83,3.02,55.03,21369.71,0.0,1.74,49.34,1046541.8,181675.29,0.0,468.35,2.1,0.0,381
53.85,1942.94,3.24,48.07,25141.05,17293.67,73.07,8583.2,24642.76,2.55,54.85,0.0,95683.9,6.18,40.41,1186465.43,198049.59,0.0,788.34,2.2,0.0,384
47.27,1926.44,5.09,48.02,23783.37,20447.4,73.04,8766.56,24518.58,2.7,55.01,2228.1,0.0,5.99,23.1,784966.73,193814.93,323.57,467.72,2.2,0.0,382
44.49,1912.17,5.11,47.29,26040.27,18207.93,73.13,8670.8,24546.16,3.08,55.29,45.15,0.0,3.75,46.76,706335.54,124176.48,231.05,286.23,2.2,0.0,383
48.27,1888.07,4.13,46.53,27593.31,16754.45,72.26,8397.76,24698.94,3.57,55.33,28562.88,264265.31,5.03,62.26,1117614.92,122533.01,327.64,152.74,2.2,0.0,381
53.56,1926.32,4.57,47.64,31923.95,15763.52,71.17,7988.31,24896.7,3.43,55.18,7018.54,314806.61,6.69,35.72,1086834.12,203287.47,1251.76,0.0,2.1,0.1,383
53.35,1946.65,4.25,46.57,35620.02,15463.61,72.37,7914.26,24949.02,3.41,54.8,44909.69,0.0,9.2,45.57,1416819.15,159510.06,937.76,40.25,2.0,0.1,382
44.21,1999.71,4.77,46.74,31504.96,15887.07,73.28,7660.56,24970.47,3.02,54.49,15093.86,1311607.32,9.89,41.86,2389812.08,106970.58,339.7,0.0,2.1,0.1,380
42.33,2002.56,3.32,46.34,26464.4,15612.69,74.12,8118.55,24531.68,3.13,54.75,6839.35,811555.36,6.85,0.0,2614550.63,67957.98,0.0,142.13,2.1,0.1,384
43.77,1989.64,3.09,45.87,23484.0,14802.84,73.61,7921.69,24854.49,3.43,54.29,14297.53,702899.53,6.21,0.0,1092487.66,60099.53,0.0,0.0,2.1,0.1,386
40.76,1963.17,3.63,47.13,23625.69,15029.18,72.68,7510.62,25250.37,3.39,54.13,0.0,1516418.39,2.8,0.0,536225.1,60286.1,381.04,0.0,2.0,0.2,384
42.31,1924.52,4.67,48.05,20446.32,12084.22,72.66,8023.38,24964.44,3.96,54.11,0.0,1035177.75,0.0,0.0,780188.52,38959.33,937.74,0.0,1.9,0.2,383
43.48,1897.65,5.13,49.16,15426.17,9470.41,71.73,8053.64,24517.62,3.86,54.34,9789.01,2484379.49,0.0,0.0,1572264.54,56420.34,1434.4,0.0,1.8,0.2,382
50.0,1897.37,4.87,51.08,12555.5,11438.18,70.92,7902.9,24631.97,3.31,54.67,2619.51,1578907.94,0.0,0.0,947449.43,34607.74,577.58,0.0,1.7,0.2,383
46.84,1904.7,6.82,49.54,14064.16,15003.89,71.77,8148.07,24723.4,3.35,54.53,0.0,1798447.51,1.39,9.51,1070806.42,6165.96,0.0,0.0,1.7,0.1,386
53.52,1936.8,8.25,47.5,20375.18,14914.89,71.83,8106.09,24594.55,3.15,54.44,0.0,637980.25,2.24,0.0,2254243.91,0.0,0.0,205.79,1.7,0.0,384
52.74,1970.19,4.22,47.53,30476.84,13607.84,72.83,8271.46,24938.41,3.15,54.71,28170.91,964431.03,0.0,0.0,2165603.01,35252.54,229.74,0.0,1.7,0.0,385
60.62,1983.89,1.73,47.32,30586.68,12946.09,71.48,8371.4,25033.92,2.85,54.52,15695.84,1916791.47,0.0,0.0,1655356.97,54921.99,0.0,0.0,1.7,0.0,383
53.65,2006.21,0.0,48.72,32530.15,14298.54,71.99,8603.78,25028.45,3.17,54.81,42896.85,1252701.01,0.0,3.98,1484433.93,71510.84,0.0,37.02,1.8,0.0,385
61.66,1976.52,2.81,48.47,27885.59,15679.68,73.91,8468.09,24686.11,2.51,54.8,40874.18,2204701.92,4.91,0.0,1863688.32,24025.34,96.22,28.99,1.8,0.0,386
64.56,1971.57,3.07,46.0,29856.77,15125.95,73.94,8336.25,24419.86,2.31,54.65,0.0,2100769.08,5.65,0.05,1774526.9,16536.1,716.4,80.92,1.8,0.0,385
68.25,1953.68,5.75,45.69,26802.23,12595.62,74.72,8248.62,24423.75,2.44,54.58,28384.48,2110436.76,2.57,0.0,2093056.61,9757.16,1019.8,28.08,1.8,0.0,381
72.59,1965.87,2.91,47.1,32585.26,12623.96,75.8,8116.54,24369.36,3.09,54.78,52787.88,2335702.4,0.0,11.22,1989346.15,54902.77,1681.98,474.81,1.8,0.0,382
68.95,1938.64,2.32,46.78,33771.36,12069.47,75.61,8123.5,24408.48,2.78,54.63,80502.71,1882030.56,1.26,0.0,2540800.43,92055.12,1639.67,246.52,1.8,0.1,381
60.3,1927.48,3.32,45.21,30447.31,10199.65,76.59,8127.33,24077.79,2.53,54.51,69146.17,1105156.73,0.12,0.0,1297726.32,49900.29,1064.75,0.0,1.8,0.1,383
58.26,1849.87,4.99,44.48,37977.34,12162.43,76.05,8106.95,23862.34,2.73,55.01,39739.82,629849.29,5.31,5.78,184101.57,0.0,1822.56,190.31,1.8,0.1,381
49.2,1858.64,5.03,42.9,30619.68,10972.77,75.66,8157.83,23615.57,2.57,54.89,0.0,722196.55,6.09,16.46,0.0,25635.69,1557.71,514.56,1.9,0.1,381
53.39,1845.07,3.35,46.25,20865.1,9661.93,76.13,7831.12,23865.03,2.91,55.26,1869.34,0.0,2.77,49.92,0.0,55467.52,574.02,446.0,1.9,0.1,384
50.77,1891.13,2.67,46.4,21841.31,8260.67,74.83,7840.93,23838.93,3.06,54.73,0.0,310167.47,1.71,8.8,309996.12,81729.59,45.09,726.9,1.9,0.1,383
54.96,1898.51,4.12,45.72,25154.84,7520.82,75.58,7839.98,24162.92,2.99,54.8,60336.48,762628.54,1.97,0.0,0.0,101793.1,0.0,590.74,1.9,0.1,383
57.28,1941.69,4.91,44.39,18418.16,9765.39,75.53,8272.81,24180.35,2.49,54.49,31638.28,1744405.26,4.76,0.0,0.0,42218.09,0.0,898.49,2.0,0.1,387
58.09,1951.37,5.27,43.38,25232.45,12022.77,75.57,8036.06,24419.41,2.05,54.37,42288.38,1289949.34,1.45,38.97,814422.82,78235.88,226.7,813.86,2.1,0.2,386
68.2,1950.72,5.8,45.19,28100.46,12019.46,75.73,8069.36,23944.18,2.41,54.3,5751.97,1870998.2,2.23,54.08,684977.89,78804.96,100.8,455.7,2.1,0.2,389
56.35,1984.51,5.2,44.69,31625.11,11030.65,75.2,8224.04,23876.41,2.27,54.22,14242.93,920038.51,3.9,103.64,659531.74,86815.12,278.46,128.16,2.1,0.2,392
56.53,2014.89,5.8,44.23,25586.31,12080.82,75.7,8211.49,23798.18,2.7,54.22,0.0,795082.02,3.52,72.86,576070.84,17615.53,509.57,0.0,2.1,0.1,393
54.42,1985.79,8.57,46.35,30774.12,13374.72,74.85,8448.66,23941.92,2.54,54.37,0.0,0.0,6.6,19.12,1971516.73,11646.16,720.24,209.66,2.0,0.1,391
51.38,2010.6,6.44,46.42,22182.78,13964.42,74.94,8823.15,23857.69,2.52,54.4,44397.26,0.0,6.21,12.32,1651970.01,14601.02,1224.55,681.54,1.9,0.1,392
52.69,2035.55,4.57,46.81,29985.93,13091.74,73.87,8980.09,23826.56,2.39,54.0,24323.64,0.0,0.54,0.0,2252356.47,28920.89,276.18,742.88,2.0,0.1,390
49.13,2036.58,5.48,46.9,39154.59,13021.09,72.94,9225.68,23491.05,2.33,53.9,18101.78,0.0,0.0,30.87,1901743.13,72372.54,0.0,325.64,1.9,0.1,392
48.12,1965.51,6.1,47.39,32757.92,14179.6,73.83,8649.84,23839.18,2.7,53.99,32491.08,1237154.61,0.0,59.5,1851516.68,25154.9,0.0,546.36,1.8,0.1,386
49.13,1957.59,8.26,47.33,35727.93,13589.59,73.8,8813.92,23903.36,2.46,54.44,72133.98,2004745.7,3.41,46.91,1008813.27,0.0,0.0,473.56,1.9,0.0,385
48.05,1928.34,7.47,48.44,36285.21,14760.14,74.76,8813.13,23876.86,2.52,54.24,62932.95,1829193.2,6.37,35.16,721092.23,0.0,385.98,0.0,1.9,0.0,386
50.48,1953.08,8.44,47.28,31168.33,12102.88,74.83,8566.09,24027.02,2.85,54.6,56788.62,1653594.66,5.4,87.8,308187.5,7128.43,296.47,0.0,1.9,0.0,383
57.33,1974.59,9.45,46.82,29650.67,12167.19,74.24,8794.88,24353.89,2.97,55.11,111501.46,2564976.38,3.36,16.34,821593.41,25590.73,366.35,0.0,2.0,0.0,386
63.51,1977.71,9.22,45.31,35087.21,14568.93,74.9,8454.28,23998.29,2.87,55.11,121627.83,2088035.49,5.66,46.34,1082371.71,57059.44,161.43,0.0,2.0,0.0,388
65.16,1922.92,8.88,43.37,29046.12,15916.28,73.49,8138.5,23819.37,2.43,54.72,102017.58,816618.66,4.16,43.19,1485584.6,85958.85,0.0,0.0,1.9,0.0,388
61.54,1898.44,8.55,45.16,36100.98,13418.4,74.49,7844.35,23798.31,2.33,54.83,60422.86,807846.81,0.7,44.68,478634.33,63177.4,61.36,0.0,2.0,0.0,387
56.5,1924.59,8.11,46.37,34252.82,15573.95,74.63,7635.0,23693.78,2.23,54.89,75170.78,1104925.67,2.35,22.47,1057489.35,61712.49,511.72,0.0,2.0,0.0,384
58.31,1919.95,8.41,45.16,44242.97,15267.57,74.25,7938.17,23758.26,3.14,55.21,51538.16,1035747.13,2.18,0.0,1811214.53,41432.23,369.96,108.84,2.0,0.0,383
55.21,1923.04,6.95,43.48,43249.7,11576.94,72.52,7996.68,23792.82,3.14,55.36,0.0,563817.61,0.68,11.56,1763530.37,25069.29,396.2,43.76,2.0,0.0,378
55.56,1967.13,6.23,46.01,44596.87,14362.97,73.13,8153.21,23890.69,2.66,54.78,0.0,169870.69,0.0,0.0,2297208.24,0.0,0.0,88.47,2.1,0.0,377
53.96,2010.61,7.6,46.86,44630.08,14584.62,74.93,8407.85,23969.43,2.86,54.75,0.0,0.0,0.0,0.0,1556100.53,0.0,717.07,699.51,2.2,0.0,380
56.53,2003.39,6.58,46.31,47745.67,15224.23,75.84,8558.15,24314.16,3.0,54.49,0.0,439409.82,1.59,0.0,1559117.92,0.0,420.72,175.86,2.2,0.0,381
48.42,2014.09,5.69,45.0,43093.75,12632.67,75.42,8540.2,24318.96,3.08,54.42,20640.03,585125.3,3.51,46.0,388544.08,0.0,33.06,871.4,2.2,0.0,384
48.82,2019.61,5.02,43.57,45967.43,11438.71,75.89,8727.32,23834.8,3.29,54.57,0.0,0.0,2.8,38.11,1117694.49,6612.33,0.0,283.49,2.2,0.0,386
47.08,2023.05,4.88,40.9,47483.85,11267.32,76.21,8693.7,23687.84,3.16,54.63,4958.85,359230.95,2.47,80.62,1573424.17,45456.89,474.81,304.39,2.2,0.1,386
51.98,1980.64,6.44,40.73,38457.65,11353.94,76.13,8699.99,24043.2,2.94,55.12,47684.96,492662.95,0.0,135.8,2537622.41,49735.87,0.0,495.93,2.1,0.1,386
45.2,1947.82,5.24,43.21,34126.69,8275.32,75.74,8579.74,24408.33,3.31,54.75,51006.61,945544.57,0.0,123.51,2953257.51,57022.12,397.06,909.88,2.1,0.1,384
50.47,1934.63,5.84,43.28,36760.54,7916.77,75.34,8521.5,24157.28,3.06,54.36,53402.03,1331966.47,0.0,78.6,1959982.8,7341.37,598.06,591.47,2.1,0.0,383
54.81,1909.35,5.0,44.05,34376.13,9245.19,75.23,8165.6,24465.11,2.98,54.88,54408.5,1973704.65,2.7,101.81,1595790.3,74302.02,330.23,657.6,2.1,0.2,385
52.03,1925.39,3.22,45.84,18012.13,9803.62,76.86,8340.67,24535.16,2.62,55.24,22274.31,1186324.73,5.8,65.88,476956.11,33064.71,435.44,437.51,2.2,0.2,382
44.12,1955.65,3.94,46.43,17886.48,10794.56,77.46,8330.55,24249.74,2.82,55.12,44494.02,1075674.13,7.21,72.53,1327199.22,66731.62,0.0,0.0,2.2,0.2,380
46.96,1968.28,4.05,45.58,14755.04,15311.12,75.35,8059.74,24796.85,2.53,54.95,55844.56,1254811.42,7.3,103.47,578331.31,67266.38,32.47,0.0,2.2,0.2,382
51.95,1967.34,2.87,44.04,14941.95,13094.57,74.67,7841.57,24575.95,3.03,54.93,88992.61,1369064.18,4.57,88.37,0.0,49666.24,0.0,230.18,2.1,0.2,381
55.48,1944.15,1.94,44.61,23002.62,13871.72,76.39,7708.29,24069.65,3.11,54.9,88176.38,1729236.93,0.0,71.35,457394.43,55633.86,0.0,470.45,2.1,0.1,384
49.73,1963.56,2.0,46.09,27989.39,14940.1,76.29,7678.64,23887.19,2.68,54.75,99086.76,921093.12,3.19,37.99,356680.89,67685.2,576.32,321.82,2.1,0.1,383
45.59,1975.97,2.54,45.63,29132.8,15819.5,74.7,7651.55,23735.45,2.45,54.58,113267.04,1034775.33,0.0,40.62,657618.11,49037.63,0.0,0.0,2.0,0.2,379
41.19,1974.3,0.47,44.33,30105.48,15985.5,75.01,7894.39,23803.25,2.3,54.76,133013.72,1301938.9,0.0,53.8,998854.59,1848.56,0.0,219.98,2.1,0.1,376
44.73,1966.97,1.53,44.69,31103.74,15151.87,75.66,7771.17,23925.28,2.47,54.75,134067.23,879761.82,6.06,55.36,1731867.82,37556.96,776.19,254.14,2.1,0.2,377
42.75,2015.47,2.12,44.88,32574.21,13859.11,75.77,7918.69,23970.97,2.48,54.72,104057.24,1235503.44,5.92,74.44,1207063.0,76462.59,1168.06,177.46,2.0,0.2,374
42.24,2015.75,2.4,43.78,32905.4,12419.58,75.79,7888.22,23982.77,2.3,54.97,84713.66,659672.93,4.72,111.21,1319510.58,107679.66,240.96,126.83,1.9,0.1,374
48.84,2027.63,1.81,43.51,34577.97,14181.91,76.43,8078.63,24404.22,2.47,54.86,50657.76,0.0,0.83,115.36,2234361.3,99567.08,1184.66,155.61,1.9,0.0,377
46.5,2040.71,4.08,44.12,36359.0,14459.7,76.66,8501.33,24382.63,2.55,54.41,54287.97,0.0,0.19,113.83,920232.25,105546.36,1192.9,395.87,1.9,0.1,378
44.21,1993.88,3.53,45.25,37935.5,11117.62,76.08,8492.36,24764.19,2.91,54.45,51028.45,0.0,0.0,90.18,1511637.29,100475.41,696.37,666.92,2.0,0.0,378
42.99,1991.32,3.18,48.31,36391.34,12142.21,75.99,8194.27,24729.06,2.49,55.01,67277.38,0.0,0.0,106.47,1537958.68,30784.11,736.14,952.56,1.9,0.0,377
49.39,1976.04,2.75,48.76,31106.26,12671.19,76.0,8164.07,24381.58,2.29,54.97,7409.03,103274.08,0.0,108.71,1806070.53,0.0,423.74,552.38,1.9,0.0,380
47.14,1998.34,3.49,49.76,29391.96,11702.77,75.9,7840.62,24394.18,2.5,55.27,17105.69,54128.62,5.12,95.73,919789.64,3074.03,0.0,114.5,1.9,0.0,379
42.85,1997.63,2.79,49.68,32043.26,10103.81,76.43,7868.19,24113.65,2.63,55.69,9478.4,0.0,6.79,125.24,152336.01,0.0,77.36,0.0,2.0,0.0,380
45.52,1986.53,2.47,48.01,25977.34,11448.44,77.22,8127.95,24072.29,2.59,56.01,0.0,0.0,6.44,131.83,0.0,18511.71,0.0,0.0,2.0,0.0,377
46.75,1982.74,0.57,46.08,29210.52,12784.18,74.73,7882.32,24080.65,2.72,55.97,15993.74,0.0,5.95,105.55,0.0,0.0,209.21,0.0,1.9,0.0,377
51.7,1971.81,0.53,47.22,27541.5,13528.81,74.58,7965.12,24058.51,2.95,55.84,4957.04,204354.43,0.99,119.19,0.0,0.0,9.5,118.64,2.0,0.1,375
47.9,1934.53,0.0,46.3,34852.83,13329.05,74.49,8058.39,23888.38,2.89,55.78,69096.73,779739.69,5.18,105.62,419819.01,13634.11,0.0,0.0,1.9,0.2,375
51.55,1974.06,0.0,47.76,28446.08,13221.34,73.64,8139.4,23907.63,3.07,55.93,100465.09,1165584.76,6.56,81.89,315882.34,27092.84,0.0,397.76,1.9,0.2,373
49.93,1996.03,1.37,48.3,27212.76,13659.72,73.7,8298.32,24013.06,2.92,55.11,89999.26,36590.77,7.4,94.46,0.0,38017.68,197.91,497.23,1.9,0.2,372
52.91,2003.4,1.51,48.32,23052.04,12945.75,74.75,8530.36,23816.44,2.72,54.95,78246.05,2717.84,9.7,123.09,1251342.16,113659.97,0.0,401.32,1.9,0.1,376
54.32,1956.38,5.6,45.9,22543.33,13360.46,73.83,8606.54,23750.45,2.93,55.06,661.75,0.0,10.48,118.53,469524.19,77035.27,15.26,0.0,2.0,0.0,377
60.69,1953.43,6.0,44.78,21118.37,12112.08,74.95,8414.76,23667.91,2.67,55.15,15990.33,0.0,9.1,112.03,1390729.55,26122.06,0.0,243.91,2.0,0.1,380
60.36,1954.02,5.68,44.83,23016.93,14759.32,73.29,8303.97,23797.49,2.52,55.06,2083.63,833521.11,6.62,80.37,1766355.81,7424.04,0.0,0.0,2.0,0.1,378
58.51,1969.78,2.93,44.2,37359.4,14439.94,74.38,8292.38,23794.95,2.79,55.36,0.0,102321.12,2.03,49.42,2317670.25,11725.81,655.59,0.0,1.9,0.1,379
56.77,1988.05,3.85,44.91,40007.93,16224.3,72.46,8285.73,24039.89,3.44,55.28,0.0,993677.61,0.0,57.36,2396001.91,18770.26,0.0,0.0,1.8,0.1,378
47.09,2003.93,2.35,45.12,35000.28,17380.04,73.43,8332.82,24047.88,3.21,54.92,0.0,1183507.39,5.16,66.93,2578107.0,16410.66,324.45,0.0,1.8,0.1,380
45.4,1964.23,2.7,44.68,39308.29,18102.29,74.83,8556.7,24019.55,3.23,55.47,0.0,1162897.73,4.38,60.89,1696358.58,64932.89,0.0,632.43,1.9,0.1,380
43.0,1966.82,4.56,44.04,45661.99,19224.69,74.71,8680.76,23860.94,3.12,55.98,31562.93,1339281.54,3.91,53.43,1498269.86,31891.04,387.79,910.14,1.9,0.1,379
43.89,1944.86,4.36,44.37,46654.42,17590.62,75.06,8416.94,23985.23,3.64,55.74,0.0,1728081.17,4.08,60.71,2178263.79,6052.88,46.17,986.56,2.0,0.1,379
46.25,1967.8,2.54,43.44,43958.79,18260.4,76.7,8370.33,24075.74,3.33,55.8,0.0,1514051.02,0.98,1.15,3683736.04,38057.25,505.97,1167.88,2.1,0.1,381
44.86,1963.44,0.87,43.95,39414.98,17528.76,77.04,8418.24,24318.04,3.08,55.78,0.0,1233405.74,0.03,0.0,2937022.92,57253.87,28.46,819.67,2.2,0.2,383
52.8,2000.22,1.42,46.32,46220.55,17002.74,76.87,8255.86,24286.77,2.61,55.51,21022.04,486227.18,0.0,17.86,2382713.73,94050.36,686.32,538.39,2.1,0.2,381
59.25,1984.67,3.24,44.55,40097.44,14954.88,75.54,8148.49,24357.8,3.03,55.38,20137.19,668757.33,0.0,18.14,3462156.48,98093.76,1693.78,504.32,2.1,0.2,384
55.92,1991.92,3.47,43.17,32084.28,14605.01,76.3,8345.2,24147.67,2.68,55.09,0.0,91738.71,0.0,0.0,1348239.54,32364.15,2086.46,1619.21,2.2,0.2,382
53.37,1992.19,6.55,42.42,32042.56,14785.92,75.97,7909.97,24104.03,2.33,55.68,15151.24,799457.71,0.0,0.0,2553088.32,68347.98,2045.23,1844.47,2.3,0.2,384
57.71,1980.03,6.63,43.6,33616.7,15580.79,75.65,7387.91,24267.6,2.41,55.61,70964.63,945438.88,0.0,21.17,2301056.54,102215.6,1497.53,1346.55,2.2,0.1,383
63.24,1959.23,4.59,43.29,34454.76,14282.49,75.55,7572.5,24264.44,2.43,55.99,65084.63,381402.23,1.99,20.03,2077621.95,127341.87,2007.77,819.76,2.3,0.1,383
57.2,1980.36,2.77,44.18,42473.06,13860.66,76.26,7693.71,23968.04,2.5,55.79,79045.91,158346.61,3.02,0.0,2121229.28,113391.15,1701.91,745.74,2.2,0.1,382
52.21,1944.52,2.48,44.01,25518.03,14029.88,77.74,7924.85,23973.32,2.32,55.22,90705.88,441709.96,0.0,28.21,2425803.22,76734.1,1359.16,752.69,2.2,0.0,383
52.24,1977.45,3.94,44.28,31126.8,11757.69,76.97,7770.96,23896.91,2.23,54.86,102307.49,877739.6,0.0,0.0,1807572.7,67791.96,1897.95,498.71,2.2,0.0,384
55.36,1991.42,2.85,44.04,34211.44,9714.87,77.24,7589.6,23664.13,2.16,54.7,91862.48,958328.1,0.19,0.0,2400098.95,64229.42,2141.26,0.0,2.2,0.0,385
62.05,1957.29,4.39,43.59,24281.18,11940.53,78.27,8135.82,23814.47,1.86,54.69,75318.34,1523947.45,0.11,0.0,2526455.78,61461.86,2334.65,118.36,2.2,0.0,385
56.55,1968.37,4.28,44.39,19358.3,14578.42,77.92,8322.38,23879.91,2.14,54.14,61299.96,871952.46,0.0,29.42,1179202.87,82936.24,2276.21,548.56,2.1,0.0,385
55.46,2006.5,1.57,44.67,26430.25,12040.73,77.88,8382.4,23485.75,2.52,54.04,93792.53,1137416.12,0.8,54.48,1660782.55,4903.95,1135.92,459.49,2.0,0.1,382
55.14,2016.24,5.45,46.02,23846.0,13281.68,77.94,8495.91,23392.89,3.08,53.86,97751.82,489822.24,1.71,44.87,637192.63,0.0,1470.91,250.96,2.0,0.2,383
42.51,1976.89,2.93,45.02,23641.73,17544.8,78.23,8536.44,23614.09,3.15,53.57,46079.24,741395.34,1.48,49.44,1663825.77,0.0,1123.71,331.15,1.9,0.1,386
42.54,1962.79,3.62,43.25,23285.07,16222.81,77.97,8051.09,23539.78,2.96,53.66,66977.09,210176.83,9.36,64.7,1172015.16,25869.83,1380.45,221.39,2.0,0.0,387
43.34,1971.35,4.18,43.59,34639.29,15082.6,76.84,8064.59,23920.03,2.93,53.84,42406.49,0.0,10.78,56.97,1237409.16,1387.64,1624.0,617.85,2.0,0.0,384
