timestamp,cpu_percent,cpu_freq_current,cpu_user_time_percent,cpu_system_time_percent,cpu_ctx_switches_per_sec,cpu_interrupts_per_sec,memory_percent,memory_available_mb,memory_used_mb,swap_percent,disk_usage_percent,disk_read_bytes_per_sec,disk_write_bytes_per_sec,disk_read_count_per_sec,disk_write_count_per_sec,net_bytes_sent_per_sec,net_bytes_recv_per_sec,net_packets_sent_per_sec,net_packets_recv_per_sec,net_errors_total,net_drops_total,process_count
2026-10-08T02:38:08.466939+00:00,9.0,1969.0,5.4,3.7,23426.8,16347.7,45.1,17833.7,14675.8,1.4,54.3,0.0,171429.3,0.0,20.7,1898.1,2376.7,19.2,25.6,0.0,0.0,328.0
2026-10-08T02:38:09.041475+00:00,6.3,1969.0,3.5,2.6,9869.8,6961.7,45.2,17830.3,14679.2,1.4,54.3,0.0,0.0,0.0,0.0,1136.5,2263.0,11.1,16.1,0.0,0.0,330.0
2026-10-08T02:38:10.053871+00:00,12.4,1969.0,8.6,3.2,41456.7,27273.3,45.2,17806.6,14702.9,1.4,54.3,16170.1,1920205.1,1.0,127.3,1460185.9,47383.4,1143.9,435.2,0.0,0.0,328.0
2026-10-08T02:38:11.047733+00:00,6.0,1969.0,3.3,2.2,9100.2,6809.6,45.2,17826.3,14683.2,1.4,54.3,4113.3,213890.2,1.0,12.1,84.4,200.8,1.0,3.0,0.0,0.0,328.0
2026-10-08T02:38:12.043181+00:00,6.2,1969.0,2.8,2.9,8870.5,6531.5,45.2,17815.4,14694.1,1.4,54.3,0.0,0.0,0.0,0.0,7767.4,1655.2,15.1,18.1,0.0,0.0,330.0
2026-10-08T02:38:13.053602+00:00,10.3,1969.0,4.6,5.4,38961.1,26997.4,45.2,17826.0,14683.5,1.4,54.3,0.0,740880.2,0.0,8.9,800.6,863.9,6.9,7.9,0.0,0.0,328.0
2026-10-08T02:38:14.047178+00:00,4.9,1969.0,3.4,1.4,9887.5,7526.3,45.2,17821.7,14687.9,1.4,54.3,0.0,160776.6,0.0,4.0,1076558.5,5038.4,933.0,34.2,0.0,0.0,328.0
2026-10-08T02:38:15.041037+00:00,7.9,1969.0,4.1,3.3,11901.1,9166.3,45.2,17823.0,14686.6,1.4,54.3,16485.3,366796.8,1.0,25.2,1603126.2,140022.0,1283.9,1336.2,0.0,0.0,330.0
2026-10-08T02:38:16.050240+00:00,15.1,1969.0,8.6,5.8,42549.8,29671.2,45.3,17797.2,14712.3,1.4,54.3,0.0,93256.4,0.0,10.9,1765744.1,84038.5,1420.5,592.0,0.0,0.0,328.0
2026-10-08T02:38:17.041770+00:00,10.5,1969.0,5.6,4.3,10784.5,7654.2,45.2,17799.5,14710.0,1.4,54.3,33014.6,206341.1,2.0,28.2,292337.3,16948.6,270.0,164.2,0.0,0.0,328.0
2026-10-08T02:38:18.051104+00:00,6.7,1969.0,4.0,2.3,9579.2,6827.2,45.2,17808.8,14700.7,1.4,54.3,0.0,999294.9,0.0,11.9,287567.4,16347.9,263.8,157.7,0.0,0.0,330.0
2026-10-08T02:38:19.047593+00:00,9.4,1969.0,4.7,4.1,39593.0,27143.9,45.2,17818.5,14691.0,1.4,54.3,0.0,16491.5,0.0,4.0,314862.9,40548.2,317.1,206.3,0.0,0.0,328.0
2026-10-08T02:38:20.038413+00:00,7.0,1969.0,3.5,2.6,10172.5,7299.2,45.2,17823.1,14686.4,1.4,54.3,0.0,12340.8,0.0,2.0,292157.3,22521.3,262.1,191.8,0.0,0.0,328.0
2026-10-08T02:38:21.052933+00:00,10.8,1969.0,8.3,2.2,10912.6,8072.1,45.3,17789.1,14720.4,1.4,54.3,199200.1,231722.6,6.9,11.9,291448.7,46427.5,300.7,235.2,0.0,0.0,330.0
2026-10-08T02:38:22.043810+00:00,18.3,1969.0,11.9,5.7,42073.2,28141.3,45.3,17793.4,14716.1,1.4,54.3,147772.8,431004.0,4.0,26.1,2721369.2,129551.7,2107.5,1292.8,0.0,0.0,328.0
2026-10-08T02:38:23.052071+00:00,9.8,1969.0,6.3,3.0,9654.9,7155.3,45.2,17799.9,14709.6,1.4,54.3,65056.7,1597956.4,1.0,18.9,288644.7,21717.0,271.0,199.5,0.0,0.0,328.0
2026-10-08T02:38:24.045483+00:00,7.2,1969.0,5.3,1.6,9417.1,6888.4,45.3,17797.4,14712.1,1.4,54.3,0.0,148672.8,0.0,5.0,263206.2,14991.7,243.0,148.2,0.0,0.0,330.0
2026-10-08T02:38:25.038553+00:00,11.5,1969.0,6.6,4.2,40927.7,27299.9,45.3,17782.5,14727.1,1.4,54.3,86573.9,12367.7,4.0,3.0,322912.8,23737.0,295.9,225.5,0.0,0.0,328.0
2026-10-08T02:38:26.050383+00:00,8.2,1969.0,6.9,1.2,9455.6,6904.4,45.3,17780.2,14729.3,1.4,54.3,16239.0,77135.4,1.0,9.9,214871.8,14284.5,190.3,140.7,0.0,0.0,330.0
2026-10-08T02:38:27.044541+00:00,7.2,1969.0,5.3,1.7,9999.3,7039.0,45.3,17767.2,14742.3,1.4,54.3,0.0,0.0,0.0,0.0,362914.2,25238.7,323.2,249.0,0.0,0.0,330.0
2026-10-08T02:38:28.038455+00:00,12.5,1969.0,7.6,3.9,40715.6,27510.8,45.2,17816.2,14693.3,1.4,54.3,0.0,98961.7,0.0,18.1,291071.4,15337.9,258.7,139.9,0.0,0.0,326.0
2026-10-08T02:38:29.047769+00:00,6.9,1969.0,5.5,1.4,8632.3,6535.8,45.2,17816.6,14692.9,1.4,54.3,0.0,170203.4,0.0,18.8,215755.0,17128.0,203.8,165.2,0.0,0.0,326.0
2026-10-08T02:38:30.041179+00:00,9.3,1969.0,6.6,2.5,11180.0,7742.0,45.2,17814.5,14695.0,1.4,54.3,0.0,144367.5,0.0,3.0,365564.1,18095.3,326.3,171.2,0.0,0.0,328.0
2026-10-08T02:38:31.049388+00:00,10.8,1969.0,7.1,3.3,39449.5,26094.9,45.2,17802.8,14706.7,1.4,54.3,20291.0,24349.2,5.0,2.0,286893.2,20298.9,259.6,193.2,0.0,0.0,326.0
2026-10-08T02:38:32.040642+00:00,8.4,1969.0,5.5,2.4,9886.8,6968.0,45.2,17805.0,14704.5,1.4,54.3,16507.1,193959.0,1.0,7.1,219671.8,14730.9,207.5,142.1,0.0,0.0,326.0
2026-10-08T02:38:33.052507+00:00,8.1,1969.0,5.9,1.9,9968.3,7318.2,45.3,17797.7,14711.9,1.4,54.3,24419.8,77329.5,1.0,14.9,328266.7,18216.5,300.1,178.9,0.0,0.0,328.0
2026-10-08T02:38:34.043546+00:00,13.1,1969.0,8.2,4.4,42991.5,28494.8,45.3,17786.7,14722.8,1.4,54.3,32864.7,542267.7,1.0,24.1,252250.3,32801.5,245.7,182.5,0.0,0.0,326.0
2026-10-08T02:38:35.052621+00:00,9.5,1969.0,7.3,2.1,11771.8,8285.9,45.3,17773.7,14735.8,1.4,54.3,2083305.5,14542449.1,20.9,178.8,289175.0,20005.0,260.3,219.5,0.0,0.0,326.0
2026-10-08T02:38:36.046430+00:00,9.4,1969.0,6.0,2.8,10732.1,7846.4,45.3,17772.0,14737.5,1.4,54.3,8251.3,383685.4,1.0,33.2,292701.5,39652.0,272.0,264.9,0.0,0.0,328.0
2026-10-08T02:38:37.036653+00:00,17.6,1969.0,9.3,7.3,40868.4,28226.8,45.4,17757.9,14751.6,1.4,54.3,482304.7,14827776.5,11.1,202.3,292296.2,37912.5,271.7,506.2,0.0,0.0,326.0
2026-10-08T02:38:38.045398+00:00,9.6,1969.0,6.3,2.8,9753.4,7260.7,45.4,17751.9,14757.6,1.4,54.3,325293.2,3431843.4,5.0,80.4,352674.3,31411.5,330.6,319.7,0.0,0.0,326.0
2026-10-08T02:38:39.038799+00:00,10.0,1969.0,6.2,2.9,13967.4,10349.1,45.5,17703.9,14805.6,1.4,54.3,4129.5,4129.5,1.0,1.0,306540.8,21272.8,280.3,212.7,0.0,0.0,328.0
2026-10-08T02:38:40.048665+00:00,16.0,1969.0,8.9,5.4,41797.5,27993.1,45.6,17688.4,14821.1,1.4,54.3,0.0,170431.6,0.0,19.8,100923.3,11251.3,115.9,90.2,0.0,0.0,326.0
2026-10-08T02:38:41.039720+00:00,13.3,1969.0,6.6,4.8,11192.5,8648.4,45.6,17678.8,14830.7,1.4,54.3,0.0,515058.6,0.0,27.2,1263.5,1710.2,13.1,14.1,0.0,0.0,326.0
2026-10-08T02:38:42.056221+00:00,14.9,1969.0,7.5,5.4,11939.2,9188.7,45.7,17664.9,14844.6,1.4,54.3,0.0,0.0,0.0,0.0,6757.7,2285.0,21.8,19.9,0.0,0.0,328.0
2026-10-08T02:38:43.048883+00:00,17.7,1969.0,8.3,8.1,44638.9,29765.6,45.7,17657.3,14852.2,1.4,54.3,0.0,98332.3,0.0,17.0,46755.5,9472.7,68.0,74.0,0.0,0.0,326.0
2026-10-08T02:38:44.040383+00:00,11.1,1969.0,6.9,3.2,13091.1,9775.5,45.7,17658.5,14851.0,1.4,54.3,65964.8,234999.5,1.0,19.1,969.3,1617.5,10.1,18.1,0.0,0.0,326.0
2026-10-08T02:38:45.053311+00:00,13.6,1969.0,7.8,5.0,15947.3,11259.8,45.8,17635.0,14874.5,1.4,54.3,0.0,130168.4,0.0,20.9,2886.0,5187.0,16.9,22.8,0.0,0.0,328.0
2026-10-08T02:38:46.045004+00:00,16.1,1969.0,8.7,6.2,46032.3,31236.7,45.8,17618.4,14891.1,1.4,54.3,0.0,0.0,0.0,0.0,338.2,679.3,4.0,10.0,0.0,0.0,326.0
2026-10-08T02:38:47.036960+00:00,10.5,1969.0,6.3,3.4,14114.2,10314.8,45.8,17611.5,14898.0,1.4,54.3,0.0,90885.9,0.0,16.1,1183.1,1558.3,12.1,16.1,0.0,0.0,326.0
2026-10-08T02:38:48.046342+00:00,7.0,1969.0,5.5,1.4,9845.4,7401.6,45.8,17604.8,14904.7,1.4,54.3,0.0,56895.3,0.0,11.9,1457.5,3143.2,15.9,24.8,0.0,0.0,328.0
2026-10-08T02:38:49.038014+00:00,10.1,1969.0,6.7,3.1,40478.0,27246.7,45.9,17598.3,14911.2,1.4,54.3,0.0,74195.5,0.0,14.1,1397.8,2124.4,11.1,21.1,0.0,0.0,326.0
2026-10-08T02:38:50.049162+00:00,10.0,1969.0,7.6,2.1,17009.9,11002.8,46.0,17563.8,14945.7,1.4,54.3,32492.8,77170.5,1.0,7.9,56910.0,21345.2,80.3,79.3,0.0,0.0,326.0
2026-10-08T02:38:51.052367+00:00,4.3,1969.0,2.0,2.0,11160.7,8019.3,46.0,17565.9,14943.6,1.4,54.3,32950.2,37069.0,2.0,8.0,1961.8,25776.5,18.1,34.2,0.0,0.0,328.0
2026-10-08T02:38:52.044022+00:00,12.6,1969.0,6.4,5.3,38988.9,27577.9,46.0,17556.6,14952.9,1.4,54.3,16325.3,302018.9,1.0,24.9,2209.1,16317.4,21.9,34.9,0.0,0.0,326.0
2026-10-08T02:38:53.036306+00:00,7.6,1969.0,5.3,2.1,8343.9,6064.9,46.0,17545.5,14964.0,1.4,54.3,33072.6,227374.4,1.0,28.3,1142728.7,15323.1,991.1,40.4,0.0,0.0,326.0
2026-10-08T02:38:54.046866+00:00,9.1,1969.0,5.3,3.1,9071.6,7246.6,46.1,17522.3,14987.2,1.4,54.3,44665.1,138055.9,1.0,3.0,1650485.1,121738.7,1350.2,1139.0,0.0,0.0,328.0
2026-10-08T02:38:55.037513+00:00,8.8,1969.0,4.9,3.3,36390.1,25522.1,46.1,17514.5,14995.0,1.4,54.3,497340.7,94731.6,10.1,13.1,296438.3,18642.0,265.5,177.0,0.0,0.0,326.0
2026-10-08T02:38:56.042925+00:00,15.7,1969.0,12.2,3.0,9768.5,7523.6,46.1,17512.9,14996.6,1.4,54.3,785583.3,293067.4,12.9,16.9,382690.3,169322.2,422.3,338.9,0.0,0.0,326.0
2026-10-08T02:38:57.054265+00:00,12.8,1969.0,5.6,5.2,10031.5,7307.8,46.1,17510.0,14999.5,1.4,54.3,0.0,0.0,0.0,0.0,345210.2,32737.5,315.2,218.8,0.0,0.0,328.0
2026-10-08T02:38:58.050444+00:00,11.7,1969.0,5.4,6.0,37684.1,25923.3,45.1,17849.5,14660.0,1.4,54.3,0.0,69916.1,0.0,11.0,289886.1,16728.0,253.0,157.6,0.0,0.0,326.0
2026-10-08T02:38:59.042700+00:00,5.2,1969.0,2.2,2.6,7514.2,5530.9,45.1,17858.7,14650.8,1.4,54.3,0.0,94651.8,0.0,12.1,307471.8,27735.1,302.4,233.1,0.0,0.0,326.0
2026-10-08T02:39:00.053710+00:00,5.1,1969.0,2.2,2.8,9474.5,6609.4,45.1,17860.1,14649.4,1.4,54.3,0.0,288216.1,0.0,6.9,289149.6,24327.5,267.6,188.3,0.0,0.0,328.0
2026-10-08T02:39:01.043667+00:00,16.8,1969.0,11.1,4.9,40616.9,27238.5,45.1,17841.5,14668.0,1.4,54.3,32951.3,1107986.7,2.0,142.8,359966.2,39931.1,349.9,234.3,0.0,0.0,326.0
2026-10-08T02:39:02.034405+00:00,7.5,1969.0,6.0,1.3,7174.5,5160.7,45.1,17842.6,14667.0,1.4,54.3,0.0,82651.7,0.0,8.1,157397.4,15122.9,168.5,141.3,0.0,0.0,326.0
2026-10-08T02:39:03.043958+00:00,4.6,1969.0,3.5,1.0,8714.5,6411.9,45.1,17842.6,14666.9,1.4,54.3,0.0,8141.1,0.0,1.0,46519.2,49920.0,75.5,106.3,0.0,0.0,328.0
2026-10-08T02:39:04.037296+00:00,12.1,1969.0,8.4,3.5,38743.8,26775.8,45.1,17844.2,14665.3,1.4,54.3,37096.5,201970.0,2.0,15.1,2826.7,3715.3,27.2,36.2,0.0,0.0,326.0
2026-10-08T02:39:05.046647+00:00,7.0,1969.0,4.7,1.9,6681.4,5142.3,45.1,17846.0,14663.5,1.4,54.3,0.0,0.0,0.0,0.0,45620.1,12765.6,65.4,78.2,0.0,0.0,326.0
2026-10-08T02:39:06.040843+00:00,5.7,1969.0,3.1,2.2,6003.7,4518.1,45.1,17846.7,14662.8,1.4,54.3,66005.4,12376.0,1.0,2.0,2105.0,4150.5,21.2,40.3,0.0,0.0,328.0
2026-10-08T02:39:07.048700+00:00,6.3,1969.0,1.9,3.9,34192.0,24167.7,45.1,17850.2,14659.3,1.4,54.3,16222.7,56779.4,1.0,5.0,46835.3,5811.2,54.5,49.5,0.0,0.0,326.0
2026-10-08T02:39:08.045748+00:00,4.0,1969.0,1.9,2.0,5500.2,4263.2,45.1,17860.6,14648.9,1.4,54.3,0.0,1007513.1,0.0,126.0,972.8,1769.2,10.1,23.2,0.0,0.0,326.0
2026-10-08T02:39:09.039660+00:00,3.0,1969.0,1.6,1.3,5805.0,4376.5,45.0,17868.6,14640.9,1.4,54.3,0.0,4108.7,0.0,1.0,879.7,1820.6,9.0,23.1,0.0,0.0,328.0
2026-10-08T02:39:10.053095+00:00,11.2,1969.0,4.0,5.4,40112.6,27797.8,45.0,17877.4,14632.2,1.4,54.3,0.0,52703.5,0.0,4.9,3026.7,3217.8,16.8,28.7,0.0,0.0,326.0
2026-10-08T02:39:11.046910+00:00,8.6,1969.0,2.9,4.4,11485.6,8673.6,45.0,17879.9,14629.6,1.4,54.3,24654.5,189018.0,1.0,26.1,264.8,799.5,3.0,12.0,0.0,0.0,327.0
2026-10-08T02:39:12.052126+00:00,3.8,1969.0,0.9,2.3,8478.4,6571.3,45.0,17878.7,14630.8,1.4,54.3,12360.1,0.0,1.0,0.0,738.3,1233.2,7.0,14.1,0.0,0.0,329.0
2026-10-08T02:39:13.046979+00:00,10.4,1969.0,3.8,5.5,43306.7,29168.5,45.0,17872.9,14636.6,1.4,54.3,16310.5,383295.6,1.0,24.9,27678.2,6221.9,42.8,43.8,0.0,0.0,326.0
2026-10-08T02:39:14.041612+00:00,9.2,1969.0,3.3,4.3,10988.4,9138.1,44.9,17900.2,14609.4,1.4,54.3,1124284.7,325044.8,235.1,8.0,57079.5,10399.7,75.3,67.3,0.0,0.0,326.0
2026-10-08T02:39:15.051268+00:00,8.3,1969.0,3.1,4.1,18166.3,11842.3,44.9,17904.6,14604.9,1.4,54.3,85141.2,348673.4,2.0,19.8,266755.1,61010.1,311.8,252.4,0.0,0.0,328.0
2026-10-08T02:39:16.041819+00:00,10.9,1969.0,4.9,5.3,43979.1,29046.7,45.1,17860.1,14649.4,1.4,54.3,0.0,28858.4,0.0,3.0,930.0,2003.9,9.1,16.1,0.0,0.0,326.0
2026-10-08T02:39:17.047772+00:00,8.9,1969.0,4.7,3.3,11489.9,8764.9,45.1,17852.5,14657.0,1.4,54.3,0.0,130164.9,0.0,22.8,712.0,1614.7,7.9,20.9,0.0,0.0,326.0
2026-10-08T02:39:18.041314+00:00,7.2,1969.0,2.2,3.2,8891.8,6910.0,45.1,17848.9,14660.7,1.4,54.3,0.0,62059.9,0.0,7.1,1187.9,1634.3,13.1,21.2,0.0,0.0,328.0
2026-10-08T02:39:19.051603+00:00,6.5,1969.0,2.6,3.3,35898.5,24949.0,45.1,17840.2,14669.3,1.4,54.3,0.0,12168.5,0.0,3.0,16648.5,3381.8,27.7,31.7,0.0,0.0,326.0
2026-10-08T02:39:20.042281+00:00,6.1,1969.0,3.9,1.6,8940.4,7449.8,45.1,17841.2,14668.3,1.4,54.3,0.0,4119.7,0.0,1.0,1941.2,2305.3,6.0,21.1,0.0,0.0,326.0
2026-10-08T02:39:21.057388+00:00,5.6,1969.0,1.8,2.9,6649.6,5430.5,45.1,17832.9,14676.6,1.4,54.3,0.0,195331.9,0.0,4.0,83.5,269.2,1.0,3.0,0.0,0.0,328.0
2026-10-08T02:39:22.049610+00:00,9.0,1969.0,3.6,4.6,35787.9,24527.5,45.1,17840.5,14669.0,1.4,54.3,0.0,393721.5,0.0,46.1,1363.8,1643.1,14.0,18.0,0.0,0.0,326.0
2026-10-08T02:39:23.042944+00:00,1.5,1969.0,1.0,0.5,5011.9,3733.7,45.1,17846.1,14663.4,1.4,54.3,0.0,160895.2,0.0,37.3,48001.4,6496.5,57.4,51.4,0.0,0.0,326.0
2026-10-08T02:39:24.052761+00:00,2.2,1969.0,1.5,0.8,5061.9,3853.2,45.1,17847.0,14662.5,1.4,54.3,0.0,0.0,0.0,0.0,1893.4,2341.2,15.9,22.8,0.0,0.0,328.0
2026-10-08T02:39:25.047312+00:00,6.2,1969.0,2.0,3.5,38544.3,25735.5,45.1,17846.8,14662.7,1.4,54.3,32996.8,338217.3,1.0,21.1,22772.9,24813.1,54.4,62.4,0.0,0.0,326.0
2026-10-08T02:39:26.041990+00:00,5.5,1969.0,1.7,3.3,6429.8,4924.3,44.9,17905.6,14603.9,1.4,54.3,152304.5,214049.5,9.0,15.1,4869.1,13332.9,11.1,22.1,0.0,0.0,326.0
2026-10-08T02:39:27.055539+00:00,9.7,1969.0,4.3,4.2,17025.1,10644.2,45.0,17881.0,14628.5,1.4,54.3,425299.1,56774.1,28.7,7.9,19449.8,16454.8,48.5,57.4,0.0,0.0,329.0
2026-10-08T02:39:28.046184+00:00,16.7,1969.0,8.7,6.6,43343.0,27727.4,45.1,17855.4,14654.1,1.4,54.3,0.0,254515.9,0.0,27.1,2673.9,41671.3,27.1,54.1,0.0,0.0,327.0
2026-10-08T02:39:29.039121+00:00,4.7,1969.0,2.1,1.9,11463.3,8526.0,45.0,17864.6,14644.9,1.4,54.3,0.0,82686.4,0.0,12.1,9425.4,25863.7,56.5,71.7,0.0,0.0,327.0
2026-10-08T02:39:30.047689+00:00,8.8,1969.0,3.7,3.7,16416.2,10992.3,45.1,17861.7,14647.8,1.4,54.3,133929.2,547892.0,8.9,49.5,23181.6,45360.4,56.5,84.2,0.0,0.0,329.0
2026-10-08T02:39:31.042186+00:00,10.9,1969.0,5.1,4.6,42603.6,28754.3,45.1,17855.7,14653.8,1.4,54.3,70135.1,90763.1,3.0,16.1,64515.8,45999.0,86.6,85.6,0.0,0.0,327.0
2026-10-08T02:39:32.059699+00:00,3.7,1969.0,0.7,2.1,9813.3,7432.7,45.0,17866.7,14642.8,1.4,54.3,141903.7,352732.0,5.9,22.8,1105.7,4391.9,11.9,19.8,0.0,0.0,326.0
2026-10-08T02:39:33.040587+00:00,6.2,1969.0,2.4,2.7,9328.4,7364.6,45.0,17864.3,14645.2,1.4,54.3,0.0,74708.2,0.0,2.0,386.1,572.5,5.1,8.1,0.0,0.0,328.0
2026-10-08T02:39:34.047934+00:00,12.3,1969.0,4.7,6.6,40520.8,28800.2,45.1,17856.2,14653.3,1.4,54.3,423793.6,170125.0,36.6,6.9,25630.7,6064.0,47.5,46.5,0.0,0.0,327.0
2026-10-08T02:39:35.043488+00:00,10.7,1969.0,5.0,5.2,13056.7,9110.4,45.2,17811.6,14697.9,1.4,54.3,16519.0,239524.8,1.0,15.1,39085.3,16487.7,69.6,64.5,0.0,0.0,328.0
2026-10-08T02:39:36.068872+00:00,39.7,1969.0,16.0,21.9,93920.4,45726.3,45.5,17706.6,14802.9,1.4,54.3,6837337.7,2361998.6,377.8,135.5,707.2,2232.5,7.9,14.8,0.0,0.0,331.0
2026-10-08T02:39:37.044496+00:00,22.4,1969.0,9.0,12.0,82714.5,37793.4,45.5,17728.6,14780.9,1.4,54.3,3977839.7,1000766.2,142.8,99.5,1514.2,2134.6,16.1,27.1,0.0,0.0,329.0
2026-10-08T02:39:38.039598+00:00,15.8,1969.0,8.3,6.2,55034.4,20951.1,45.5,17720.1,14789.5,1.4,54.3,158623.3,239743.4,5.0,21.2,73856.2,29288.8,119.1,101.9,0.0,0.0,329.0
2026-10-08T02:39:39.050387+00:00,12.5,1969.0,4.2,6.3,7421.1,6244.2,45.4,17736.5,14773.1,1.4,54.3,0.0,12152.2,0.0,3.0,15072.5,2651.4,26.7,25.7,0.0,0.0,331.0
2026-10-08T02:39:40.042584+00:00,9.1,1969.0,3.4,5.0,37353.8,26133.5,45.3,17777.5,14732.1,1.4,54.3,16472.6,111189.8,1.0,20.1,2237.0,2381.8,9.0,19.1,0.0,0.0,329.0
2026-10-08T02:39:41.057088+00:00,9.5,1969.0,4.8,4.2,15938.6,10458.9,45.4,17753.9,14755.6,1.4,54.3,93910.6,439095.7,4.0,26.8,48890.6,18051.4,62.5,66.4,0.0,0.0,329.0
2026-10-08T02:39:42.055760+00:00,12.0,1969.0,5.3,4.8,12407.5,9312.9,45.5,17728.4,14781.1,1.4,54.3,82069.0,611414.2,4.0,27.0,7791.1,7323.3,19.0,26.0,0.0,0.0,331.0
2026-10-08T02:39:43.050121+00:00,17.4,1969.0,9.3,7.0,44358.7,29595.8,45.5,17719.3,14790.2,1.4,54.3,127121.2,188631.5,3.0,20.0,29866.1,34181.1,50.1,61.1,0.0,0.0,329.0
2026-10-08T02:39:44.046895+00:00,4.7,1969.0,2.3,2.0,8019.8,6182.0,45.5,17724.9,14784.6,1.4,54.3,0.0,65887.9,0.0,12.1,3488.6,62941.2,34.2,72.4,0.0,0.0,329.0
2026-10-08T02:39:45.042028+00:00,8.3,1969.0,4.5,3.0,16639.4,11581.5,45.5,17726.0,14783.6,1.4,54.3,513.9,452257.2,1.0,38.1,2032.6,1118.2,8.0,15.1,0.0,0.0,331.0
2026-10-08T02:39:46.048754+00:00,20.8,1969.0,12.5,7.3,47040.7,31902.3,45.5,17710.8,14798.7,1.4,54.3,2722578.9,190453.9,111.8,26.7,714.3,979.4,7.9,10.9,0.0,0.0,329.0
2026-10-08T02:39:47.041384+00:00,12.7,1969.0,5.0,6.2,13760.3,9947.1,45.4,17741.4,14768.1,1.4,54.3,28916.5,272640.9,2.0,29.2,17363.8,86745.3,104.9,129.1,0.0,0.0,329.0
2026-10-08T02:39:48.053992+00:00,13.6,1969.0,6.8,5.7,12593.1,9213.4,45.6,17688.2,14821.3,1.4,54.3,44694.3,235660.9,2.0,29.8,33116.0,26265.4,68.4,84.3,0.0,0.0,331.0
2026-10-08T02:39:49.047435+00:00,18.5,1969.0,10.0,7.3,50812.8,32909.2,45.6,17683.0,14826.5,1.4,54.3,1878104.3,312247.0,34.1,39.1,11141.9,38692.9,51.2,69.2,0.0,0.0,329.0
2026-10-08T02:39:50.044401+00:00,7.7,1969.0,5.3,1.8,10217.1,7923.7,45.6,17679.0,14830.5,1.4,54.3,61882.9,99012.6,1.0,15.1,12364.5,14424.2,31.2,45.3,0.0,0.0,329.0
2026-10-08T02:39:51.038605+00:00,9.9,1969.0,6.2,2.9,11767.4,8874.7,45.6,17678.4,14831.1,1.4,54.3,0.0,114994.6,0.0,15.0,84.2,144.4,1.0,2.0,0.0,0.0,331.0
2026-10-08T02:39:52.045646+00:00,16.6,1969.0,11.1,4.9,43590.1,29770.7,45.7,17658.1,14851.4,1.4,54.3,210983.9,97377.2,8.9,19.8,2844.9,27424.0,27.7,52.5,0.0,0.0,329.0
2026-10-08T02:39:53.053731+00:00,11.4,1969.0,6.5,3.8,15015.3,30446.1,45.7,17646.1,14863.4,1.4,54.3,20653.7,272629.2,1.0,13.1,15582.1,15633.5,55.5,65.6,0.0,0.0,329.0
2026-10-08T02:39:54.050313+00:00,16.6,1969.0,10.0,5.9,14210.6,22600.5,45.7,17639.5,14870.0,1.4,54.3,0.0,247963.8,0.0,2.0,18446.2,49835.7,92.3,109.2,0.0,0.0,331.0
2026-10-08T02:39:55.047406+00:00,13.4,1969.0,6.7,5.6,44037.3,29828.7,45.7,17663.5,14846.0,1.4,54.3,0.0,332843.7,0.0,15.0,2408.7,1628.2,12.0,21.1,0.0,0.0,331.0
2026-10-08T02:39:56.044077+00:00,10.4,1969.0,6.6,3.0,14622.9,10469.5,45.6,17671.1,14838.4,1.4,54.3,0.0,205458.3,0.0,5.0,98143.5,7319.5,91.3,64.2,0.0,0.0,329.0
2026-10-08T02:39:57.040454+00:00,10.1,1969.0,7.1,2.4,11173.9,8669.4,45.6,17678.5,14831.0,1.4,54.3,0.0,0.0,0.0,0.0,9700.0,21023.3,29.1,37.1,0.0,0.0,331.0
2026-10-08T02:39:58.049202+00:00,15.5,1969.0,7.7,6.6,43769.4,29821.7,45.6,17677.7,14831.8,1.4,54.3,0.0,32384.3,0.0,3.0,32176.8,7998.2,51.4,54.4,0.0,0.0,329.0
2026-10-08T02:39:59.040889+00:00,11.0,1969.0,7.1,3.1,14509.4,10754.4,45.6,17680.7,14828.8,1.4,54.3,0.0,32996.3,0.0,5.0,18171.7,4556.5,33.2,40.3,0.0,0.0,329.0
2026-10-08T02:40:00.054801+00:00,12.3,1969.0,7.8,3.7,11228.6,8514.5,45.6,17678.3,14831.2,1.4,54.3,32529.3,288697.9,1.0,7.9,2012.2,1115.8,7.9,14.9,0.0,0.0,331.0
2026-10-08T02:40:01.046707+00:00,14.6,1969.0,8.6,4.9,45701.8,30658.2,45.6,17689.4,14820.2,1.4,54.3,320096.0,8207.6,12.0,2.0,49649.3,4401.4,52.1,44.1,0.0,0.0,329.0
2026-10-08T02:40:02.041364+00:00,9.9,1969.0,5.4,3.5,13916.7,9965.5,45.6,17693.7,14815.8,1.4,54.3,66056.5,57799.4,1.0,6.0,1282.1,2386.8,12.1,18.1,0.0,0.0,329.0
2026-10-08T02:40:03.050876+00:00,9.9,1969.0,8.2,1.3,13593.4,9615.4,45.6,17693.7,14815.8,1.4,54.3,16221.0,210873.4,1.0,8.9,43381.2,4950.3,44.6,39.6,0.0,0.0,331.0
2026-10-08T02:40:04.042269+00:00,14.7,1969.0,8.0,6.0,48060.7,31533.5,45.5,17718.6,14790.9,1.4,54.3,1039060.8,247395.4,63.4,19.1,1856.3,2559.9,17.1,25.2,0.0,0.0,329.0
2026-10-08T02:40:05.048510+00:00,8.6,1969.0,6.0,2.5,9338.9,7218.0,45.3,17773.2,14736.3,1.4,54.3,0.0,105691.2,0.0,3.0,1467.8,563.7,2.0,8.9,0.0,0.0,328.0
2026-10-08T02:40:06.041990+00:00,8.8,1969.0,7.2,1.3,8627.3,6495.4,45.3,17780.4,14729.1,1.4,54.3,161244.4,74420.5,6.1,10.1,676.3,963.0,7.1,12.1,0.0,0.0,330.0
2026-10-08T02:40:07.050367+00:00,11.2,1969.0,7.1,3.6,39231.3,26464.3,45.3,17780.6,14728.9,1.4,54.3,16229.0,52744.3,2.0,11.9,50914.7,6404.8,69.3,58.4,0.0,0.0,327.0
2026-10-08T02:40:08.042269+00:00,8.1,1969.0,5.9,2.1,9459.3,7113.9,45.3,17784.0,14725.5,1.4,54.3,0.0,346789.3,0.0,50.4,1689.3,1750.8,18.1,19.2,0.0,0.0,327.0
2026-10-08T02:40:09.051413+00:00,6.3,1969.0,4.8,1.2,8532.6,6504.1,45.3,17787.8,14721.8,1.4,54.3,0.0,0.0,0.0,0.0,2484.8,2890.5,23.8,29.8,0.0,0.0,329.0
2026-10-08T02:40:10.043555+00:00,10.7,1969.0,6.8,3.3,39965.6,26945.5,45.3,17790.9,14718.6,1.4,54.3,0.0,90733.2,0.0,10.1,2021.8,1210.3,7.0,15.1,0.0,0.0,327.0
2026-10-08T02:40:11.051124+00:00,6.6,1969.0,4.4,1.7,8888.7,6601.1,45.3,17798.8,14710.7,1.4,54.3,0.0,8130.5,0.0,1.0,83.4,420.8,1.0,6.9,0.0,0.0,327.0
2026-10-08T02:40:12.051678+00:00,7.2,1969.0,4.6,1.9,8691.8,6462.9,45.3,17793.9,14715.6,1.4,54.3,0.0,41310.8,0.0,7.1,995.5,1741.8,10.1,21.2,0.0,0.0,329.0
2026-10-08T02:40:13.043674+00:00,11.8,1969.0,7.0,4.2,39264.8,26596.6,45.2,17800.7,14708.8,1.4,54.3,0.0,245415.2,0.0,14.0,5824.8,1423.0,13.0,16.0,0.0,0.0,327.0
2026-10-08T02:40:14.061806+00:00,21.1,1969.0,12.5,7.5,23933.1,15552.2,45.3,17784.6,14725.0,1.4,54.3,11896089.2,125997.4,526.9,11.9,587.4,815.7,6.9,9.9,0.0,0.0,333.0
2026-10-08T02:40:15.039802+00:00,11.0,1969.0,6.8,4.0,17259.4,11462.0,45.3,17785.6,14723.9,1.4,54.3,862610.0,759844.2,39.5,41.6,14799.1,30285.6,68.9,75.0,0.0,0.0,332.0
2026-10-08T02:40:16.047838+00:00,14.3,1969.0,7.6,5.7,41376.7,27655.8,45.3,17798.9,14710.6,1.4,54.3,1047274.2,239377.0,41.6,15.8,7221.0,15195.8,45.6,49.5,0.0,0.0,329.0
2026-10-08T02:40:17.038590+00:00,9.7,1969.0,6.1,3.5,9794.1,7192.9,45.3,17792.2,14717.3,1.4,54.3,16512.3,177506.9,1.0,20.2,4275.2,13198.5,31.2,45.4,0.0,0.0,329.0
2026-10-08T02:40:18.048968+00:00,12.0,1969.0,7.8,3.8,10570.1,7993.9,45.2,17819.5,14690.0,1.4,54.3,29158572.7,105766.8,118.2,19.9,4026.2,13320.2,37.7,45.7,0.0,0.0,331.0
2026-10-08T02:40:19.045922+00:00,14.7,1969.0,8.2,5.7,40177.2,27759.7,45.2,17816.0,14693.6,1.4,54.3,141145.7,78299.8,3.0,16.1,20365.8,6302.3,47.3,45.3,0.0,0.0,330.0
2026-10-08T02:40:20.038361+00:00,10.4,1969.0,6.8,3.4,11047.3,8088.5,45.2,17807.8,14701.7,1.4,54.3,101645.6,0.0,10.0,0.0,2630.0,2540.7,13.0,20.1,0.0,0.0,330.0
2026-10-08T02:40:21.050305+00:00,7.8,1969.0,5.7,2.0,9603.2,7093.0,45.2,17804.1,14705.4,1.4,54.3,195068.8,451096.5,1.0,16.9,10229.3,13893.4,44.6,51.6,0.0,0.0,332.0
2026-10-08T02:40:22.041076+00:00,16.4,1969.0,10.3,5.5,40164.0,26577.5,45.2,17809.3,14700.2,1.4,54.3,1028.2,69917.5,1.0,13.1,8435.4,15788.5,53.2,60.2,0.0,0.0,330.0
2026-10-08T02:40:23.048196+00:00,8.0,1969.0,5.8,2.1,10224.9,7706.4,45.2,17815.4,14694.1,1.4,54.3,2034.6,227879.6,1.0,18.9,19303.2,38420.7,102.3,114.2,0.0,0.0,330.0
2026-10-08T02:40:24.043833+00:00,10.2,1969.0,5.9,4.1,9452.5,7280.5,45.2,17810.6,14698.9,1.4,54.3,0.0,0.0,0.0,0.0,12520.0,15481.5,60.5,59.5,0.0,0.0,332.0
2026-10-08T02:40:25.049915+00:00,11.7,1969.0,6.7,4.5,39608.4,26737.9,45.2,17810.6,14698.9,1.4,54.3,18736.5,178250.1,2.0,22.7,6462.4,14624.1,43.5,49.5,0.0,0.0,330.0
2026-10-08T02:40:26.050676+00:00,13.8,1969.0,8.0,5.2,10540.3,8059.4,45.2,17809.0,14700.5,1.4,54.3,0.0,186038.0,0.0,17.2,21045.4,41128.8,110.0,119.1,0.0,0.0,330.0
2026-10-08T02:40:27.045612+00:00,7.0,1969.0,5.5,1.2,8771.0,6524.0,45.2,17811.0,14698.5,1.4,54.3,0.0,0.0,0.0,0.0,3771.3,11782.6,27.0,32.0,0.0,0.0,332.0
2026-10-08T02:40:28.039974+00:00,11.8,1969.0,6.6,4.6,40702.4,27419.3,45.2,17808.7,14700.8,1.4,54.3,0.0,32929.3,0.0,7.0,11680.2,16043.6,53.3,56.3,0.0,0.0,330.0
2026-10-08T02:40:29.049983+00:00,12.8,1969.0,7.3,5.1,11443.4,8557.1,45.2,17816.3,14693.2,1.4,54.3,41557.0,44597.7,7.9,8.9,11912.6,26759.0,73.2,83.1,0.0,0.0,330.0
2026-10-08T02:40:30.048608+00:00,10.8,1969.0,7.4,3.1,10003.7,7433.3,45.2,17806.3,14703.2,1.4,54.3,0.0,222601.9,0.0,17.1,17996.6,27246.5,76.5,83.5,0.0,0.0,332.0
2026-10-08T02:40:31.040106+00:00,17.7,1969.0,9.4,7.6,41059.7,26665.3,45.2,17807.1,14702.4,1.4,54.3,0.0,241838.6,0.0,6.0,11573.4,14321.3,47.0,47.0,0.0,0.0,330.0
2026-10-08T02:40:32.048965+00:00,9.7,1969.0,7.6,1.9,9882.1,7393.7,45.2,17812.1,14697.4,1.4,54.3,0.0,8134.5,0.0,2.0,17261.9,25416.2,67.5,74.5,0.0,0.0,330.0
2026-10-08T02:40:33.041634+00:00,8.6,1969.0,5.1,3.0,8660.5,6617.6,45.2,17813.8,14695.8,1.4,54.3,2063.1,276460.3,1.0,3.0,8438.9,12386.9,33.2,30.2,0.0,0.0,332.0
2026-10-08T02:40:34.047537+00:00,15.6,1969.0,8.8,6.2,41101.6,27843.2,45.2,17813.7,14695.8,1.4,54.3,131969.1,1059813.5,4.0,70.4,9213.6,16975.0,59.5,70.4,0.0,0.0,329.0
2026-10-08T02:40:35.037829+00:00,15.1,1969.0,9.4,4.6,8929.9,6803.7,45.2,17820.9,14688.6,1.4,54.3,0.0,0.0,0.0,0.0,2729.0,1938.4,13.1,21.2,0.0,0.0,329.0
2026-10-08T02:40:36.049007+00:00,9.7,1969.0,6.2,3.1,8688.9,6531.8,45.2,17821.0,14688.5,1.4,54.3,6107.4,364405.4,5.0,12.9,914.5,1332.0,8.9,15.9,0.0,0.0,330.0
2026-10-08T02:40:37.040564+00:00,10.7,1969.0,6.2,4.1,38940.2,26516.2,45.2,17820.6,14688.9,1.4,54.3,45249.2,115179.7,2.0,21.1,1685.2,2207.4,17.1,25.1,0.0,0.0,328.0
2026-10-08T02:40:38.049967+00:00,12.4,1969.0,8.6,3.2,9074.4,6871.1,45.2,17809.2,14700.3,1.4,54.3,16268.3,219621.6,1.0,19.9,64988.7,9178.7,70.5,61.6,0.0,0.0,330.0
2026-10-08T02:40:39.042173+00:00,8.7,1969.0,6.6,1.8,9589.5,7191.9,45.2,17820.0,14689.5,1.4,54.3,0.0,0.0,0.0,0.0,37283.6,51822.5,110.8,129.9,0.0,0.0,330.0
2026-10-08T02:40:40.049678+00:00,10.2,1969.0,7.0,2.9,39160.6,27173.4,45.2,17816.9,14692.6,1.4,54.3,0.0,8123.7,0.0,1.0,14996.9,17229.1,60.5,73.4,0.0,0.0,328.0
2026-10-08T02:40:41.045428+00:00,6.0,1969.0,4.7,1.0,7937.4,5988.4,45.2,17823.4,14686.1,1.4,54.3,148756.6,363627.2,1.0,6.1,340.0,513.5,4.0,7.1,0.0,0.0,328.0
2026-10-08T02:40:42.047909+00:00,7.8,1969.0,6.5,1.2,9251.4,7027.4,45.2,17823.0,14686.5,1.4,54.3,0.0,0.0,0.0,0.0,777.5,1332.0,8.0,16.1,0.0,0.0,330.0
2026-10-08T02:40:43.040185+00:00,12.1,1969.0,7.7,3.8,39554.0,26530.9,45.2,17819.5,14690.0,1.4,54.3,0.0,147017.6,0.0,5.0,6484.7,1933.2,20.9,21.9,0.0,0.0,328.0
2026-10-08T02:40:44.048367+00:00,5.5,1969.0,4.6,0.6,7927.2,6078.8,45.2,17823.7,14685.8,1.4,54.3,0.0,4063.8,0.0,1.0,587.3,835.4,6.9,10.9,0.0,0.0,328.0
2026-10-08T02:40:45.041942+00:00,7.2,1969.0,5.7,1.3,9325.2,7059.4,45.2,17824.6,14684.9,1.4,54.3,0.0,16506.4,0.0,2.0,2375.6,4393.6,11.1,13.1,0.0,0.0,330.0
2026-10-08T02:40:46.049258+00:00,10.5,1969.0,6.1,3.8,38524.3,26101.4,45.2,17822.5,14687.1,1.4,54.3,0.0,117627.6,0.0,3.0,955.6,1203.2,9.9,13.9,0.0,0.0,328.0
2026-10-08T02:40:47.040136+00:00,8.1,1969.0,6.9,1.2,9234.2,6855.5,45.2,17827.7,14681.8,1.4,54.3,16534.8,86808.0,1.0,12.1,7445.9,2394.8,19.2,27.2,0.0,0.0,328.0
2026-10-08T02:40:48.049772+00:00,7.8,1969.0,5.6,1.8,9212.4,7008.8,45.2,17828.6,14680.9,1.4,54.3,0.0,215483.3,0.0,13.9,1460.1,6225.6,15.9,24.8,0.0,0.0,330.0
2026-10-08T02:40:49.044083+00:00,11.5,1969.0,6.8,4.0,40476.0,26476.1,45.2,17828.0,14681.5,1.4,54.3,0.0,86578.6,0.0,14.1,1271.3,1678.9,10.1,16.1,0.0,0.0,328.0
2026-10-08T02:40:50.034565+00:00,8.0,1969.0,5.4,1.9,8388.9,6539.9,45.2,17829.4,14680.1,1.4,54.3,0.0,78289.3,0.0,8.0,3892.1,1773.5,13.1,19.1,0.0,0.0,328.0
2026-10-08T02:40:51.045571+00:00,14.8,1969.0,8.1,5.5,9392.7,7054.7,45.2,17818.6,14690.9,1.4,54.3,0.0,16279.4,0.0,3.0,2005.1,19662.7,20.9,27.8,0.0,0.0,330.0
2026-10-08T02:40:52.037381+00:00,10.2,1969.0,6.4,3.4,39336.3,26225.9,45.2,17827.7,14681.8,1.4,54.3,0.0,32942.5,0.0,5.0,1264.7,1403.4,13.1,15.1,0.0,0.0,328.0
2026-10-08T02:40:53.048540+00:00,7.5,1969.0,5.5,1.6,8516.1,6634.8,45.2,17831.4,14678.1,1.4,54.3,0.0,142325.9,0.0,2.0,15757.5,11718.9,57.6,64.5,0.0,0.0,328.0
2026-10-08T02:40:54.045583+00:00,8.2,1969.0,5.8,2.2,9078.2,7195.5,45.2,17830.8,14678.8,1.4,54.3,0.0,0.0,0.0,0.0,2451.0,3366.8,23.1,35.1,0.0,0.0,330.0
2026-10-08T02:40:55.037209+00:00,14.4,1969.0,9.2,4.6,39118.2,24720.1,45.2,17828.8,14680.7,1.4,54.3,180626.8,467987.6,1.0,16.0,2888.4,1999.5,16.0,25.1,0.0,0.0,327.0
2026-10-08T02:40:56.044838+00:00,7.6,1969.0,6.0,1.5,8175.8,6178.1,45.2,17831.1,14678.5,1.4,54.3,0.0,317385.4,0.0,6.0,374.5,692.4,4.0,8.9,0.0,0.0,327.0
2026-10-08T02:40:57.037546+00:00,7.8,1969.0,5.0,2.2,8714.2,6566.4,45.1,17833.8,14675.7,1.4,54.3,0.0,0.0,0.0,0.0,339.8,783.5,4.0,11.1,0.0,0.0,329.0
2026-10-08T02:40:58.049038+00:00,10.0,1969.0,6.4,3.1,38505.1,25961.6,45.1,17832.3,14677.2,1.4,54.3,0.0,4058.0,0.0,1.0,584.5,790.6,6.9,9.9,0.0,0.0,327.0
2026-10-08T02:40:59.041328+00:00,8.0,1969.0,6.8,1.3,8306.4,6341.1,45.1,17833.7,14675.8,1.4,54.3,0.0,12352.5,0.0,3.0,14399.1,2035.6,18.1,21.1,0.0,0.0,327.0
2026-10-08T02:41:00.050023+00:00,8.0,1969.0,5.7,2.1,9829.3,7571.1,45.2,17829.6,14679.9,1.4,54.3,0.0,28435.6,0.0,3.0,2495.3,5530.0,11.9,50.6,0.0,0.0,329.0
2026-10-08T02:41:01.042242+00:00,11.7,1969.0,6.7,4.4,39689.8,26896.1,45.1,17838.8,14670.7,1.4,54.3,0.0,107222.1,0.0,7.0,84.6,1370.3,1.0,17.1,0.0,0.0,326.0
2026-10-08T02:41:02.050189+00:00,5.5,1969.0,4.9,0.3,8104.7,6151.7,45.1,17840.3,14669.2,1.4,54.3,0.0,178848.3,0.0,2.0,50199.9,5455.0,59.5,53.6,0.0,0.0,326.0
2026-10-08T02:41:03.043676+00:00,8.1,1969.0,7.3,0.8,9753.6,7398.9,45.1,17840.5,14669.0,1.4,54.3,0.0,165222.7,0.0,4.0,13717.8,19029.2,51.4,62.5,0.0,0.0,328.0
2026-10-08T02:41:04.051215+00:00,13.7,1969.0,7.5,5.5,40819.4,27134.1,45.2,17807.4,14702.1,1.4,54.3,0.0,105427.8,0.0,12.9,1161.2,1511.7,9.9,12.9,0.0,0.0,327.0
2026-10-08T02:41:05.046151+00:00,8.8,1969.0,5.4,2.8,7916.8,6054.9,45.2,17815.9,14693.6,1.4,54.3,0.0,0.0,0.0,0.0,1913.4,973.3,7.1,14.1,0.0,0.0,327.0
2026-10-08T02:41:06.039006+00:00,7.0,1969.0,5.2,1.8,9076.6,6877.3,45.2,17815.8,14693.7,1.4,54.3,0.0,189387.6,0.0,13.1,970.0,1434.4,10.1,17.1,0.0,0.0,329.0
2026-10-08T02:41:07.047642+00:00,12.0,1969.0,8.0,3.2,39197.1,26794.3,45.2,17814.1,14695.4,1.4,54.3,0.0,8121.8,0.0,1.0,45165.5,6542.4,60.5,52.5,0.0,0.0,327.0
2026-10-08T02:41:08.038637+00:00,11.2,1969.0,6.5,3.7,8549.8,6524.9,45.2,17814.4,14695.2,1.4,54.3,16505.1,239324.6,1.0,27.2,2066.2,2837.8,20.1,30.2,0.0,0.0,327.0
2026-10-08T02:41:09.047903+00:00,6.5,1969.0,4.8,1.5,9457.1,7201.3,45.2,17816.1,14693.4,1.4,54.3,0.0,0.0,0.0,0.0,1175.1,1322.0,11.9,13.9,0.0,0.0,329.0
2026-10-08T02:41:10.040042+00:00,13.0,1969.0,7.6,4.9,38714.3,26444.7,45.2,17816.3,14693.2,1.4,54.3,0.0,4125.1,0.0,1.0,2041.4,1125.9,8.1,14.1,0.0,0.0,327.0
2026-10-08T02:41:11.048375+00:00,8.9,1969.0,6.8,1.7,8630.7,6600.9,45.2,17816.0,14693.6,1.4,54.3,0.0,129968.4,0.0,19.8,803.2,1088.8,6.9,11.9,0.0,0.0,327.0
2026-10-08T02:41:12.042862+00:00,8.0,1969.0,5.7,1.9,9337.1,6922.2,45.2,17805.8,14703.8,1.4,54.3,22705.7,231185.6,3.0,7.1,1153.0,1810.2,11.1,19.1,0.0,0.0,329.0
2026-10-08T02:41:13.049011+00:00,12.2,1969.0,7.4,4.3,39423.5,26728.3,45.2,17817.9,14691.7,1.4,54.3,0.0,8112.3,0.0,2.0,5486.1,1041.8,9.9,10.9,0.0,0.0,327.0
2026-10-08T02:41:14.043162+00:00,6.8,1969.0,5.4,1.1,8995.7,7092.4,45.1,17836.1,14673.4,1.4,54.3,0.0,103338.3,0.0,16.1,1524.8,4974.2,16.1,19.2,0.0,0.0,327.0
2026-10-08T02:41:15.051972+00:00,9.3,1969.0,7.5,1.6,11014.2,8368.6,45.1,17838.2,14671.3,1.4,54.3,0.0,320505.7,0.0,7.9,3042.8,14170.9,13.9,31.7,0.0,0.0,328.0
2026-10-08T02:41:16.045531+00:00,10.0,1969.0,7.1,2.8,39712.5,26736.1,45.1,17834.8,14674.7,1.4,54.3,0.0,185598.3,0.0,4.0,6993.2,4946.1,27.2,34.2,0.0,0.0,326.0
2026-10-08T02:41:17.036329+00:00,8.1,1969.0,6.5,1.5,8874.0,6682.2,45.2,17830.1,14679.4,1.4,54.3,0.0,86601.7,0.0,14.1,926.3,1441.8,9.1,17.1,0.0,0.0,326.0
2026-10-08T02:41:18.044829+00:00,7.4,1969.0,5.1,1.8,9036.5,6781.3,45.1,17841.9,14667.6,1.4,54.3,0.0,69176.3,0.0,2.0,1762.4,1995.9,17.9,22.8,0.0,0.0,328.0
2026-10-08T02:41:19.036564+00:00,12.4,1969.0,8.6,3.5,40078.7,26489.8,45.1,17838.4,14671.1,1.4,54.3,0.0,251706.6,0.0,8.1,15223.9,1704.5,23.2,15.1,0.0,0.0,326.0
2026-10-08T02:41:20.044367+00:00,6.9,1969.0,5.0,1.4,7979.7,6350.4,45.1,17840.3,14669.3,1.4,54.3,0.0,0.0,0.0,0.0,2458.8,3771.6,11.9,30.8,0.0,0.0,326.0
2026-10-08T02:41:21.040229+00:00,6.5,1969.0,5.6,0.9,9130.4,6812.5,45.1,17841.8,14667.7,1.4,54.3,0.0,227130.0,0.0,6.0,801.5,1055.6,8.1,12.1,0.0,0.0,328.0
2026-10-08T02:41:22.048168+00:00,11.2,1969.0,7.0,3.5,39514.6,26658.6,45.1,17836.2,14673.3,1.4,54.3,0.0,24283.3,0.0,3.0,1342.8,1887.2,12.8,20.7,0.0,0.0,326.0
2026-10-08T02:41:23.040791+00:00,7.2,1969.0,5.7,1.2,9108.9,6661.3,45.1,17849.2,14660.3,1.4,54.3,0.0,309677.2,0.0,26.2,2112.9,2641.1,21.2,28.2,0.0,0.0,326.0
2026-10-08T02:41:24.051291+00:00,8.1,1969.0,5.9,2.0,8917.1,6723.5,45.1,17850.1,14659.4,1.4,54.3,0.0,32494.9,0.0,6.9,1576.7,1912.9,15.9,22.8,0.0,0.0,330.0
2026-10-08T02:41:25.048410+00:00,10.5,1969.0,6.5,3.4,39526.5,26160.0,45.1,17849.7,14659.8,1.4,54.3,0.0,8235.4,0.0,2.0,3007.9,1891.0,18.1,20.1,0.0,0.0,326.0
2026-10-08T02:41:26.039670+00:00,6.9,1969.0,5.1,1.7,8098.7,6135.2,45.1,17849.8,14659.7,1.4,54.3,0.0,152052.5,0.0,7.0,84.3,481.6,1.0,8.0,0.0,0.0,326.0
2026-10-08T02:41:27.048154+00:00,7.8,1969.0,6.1,1.3,8770.3,6665.4,45.1,17849.8,14659.7,1.4,54.3,0.0,0.0,0.0,0.0,589.8,846.9,7.0,11.9,0.0,0.0,328.0
2026-10-08T02:41:28.043870+00:00,11.6,1969.0,6.7,4.2,39440.3,25936.0,45.1,17850.8,14658.7,1.4,54.3,0.0,0.0,0.0,0.0,760.5,1225.9,8.1,16.1,0.0,0.0,326.0
2026-10-08T02:41:29.035605+00:00,9.9,1969.0,6.8,2.8,11256.2,8402.0,45.3,17787.4,14722.1,1.4,54.3,0.0,37022.5,0.0,3.0,26964.4,26345.8,89.4,99.4,0.0,0.0,328.0
2026-10-08T02:41:30.045479+00:00,9.3,1969.0,7.1,2.0,9468.4,7176.4,45.3,17784.4,14725.1,1.4,54.3,0.0,89407.4,0.0,14.9,4409.3,7551.5,22.8,75.4,0.0,0.0,330.0
2026-10-08T02:41:31.036826+00:00,13.5,1969.0,9.2,3.9,41633.0,27533.4,45.3,17778.2,14731.3,1.4,54.3,0.0,4119.2,0.0,1.0,1240.0,11275.6,11.1,125.7,0.0,0.0,328.0
2026-10-08T02:41:32.045376+00:00,5.9,1969.0,5.0,0.7,8722.5,6477.3,45.3,17782.3,14727.2,1.4,54.3,0.0,61009.9,0.0,4.0,928.5,11136.5,7.9,192.6,0.0,0.0,328.0
2026-10-08T02:41:33.039236+00:00,7.0,1969.0,5.7,1.3,8489.1,6458.6,45.3,17780.8,14728.7,1.4,54.3,0.0,185833.0,0.0,5.0,2224.1,12220.5,21.2,190.6,0.0,0.0,330.0
2026-10-08T02:41:34.048351+00:00,11.2,1969.0,7.0,3.8,41800.8,28009.1,45.3,17796.1,14713.4,1.4,54.3,0.0,332513.3,0.0,24.7,1074.1,4051.1,8.9,59.4,0.0,0.0,327.0
2026-10-08T02:41:35.040691+00:00,6.7,1969.0,5.4,1.0,8207.4,6289.6,45.2,17802.4,14707.1,1.4,54.3,0.0,0.0,0.0,0.0,1488.1,515.2,2.0,8.0,0.0,0.0,327.0
2026-10-08T02:41:36.050067+00:00,8.1,1969.0,6.7,1.1,8892.5,6782.9,45.2,17801.6,14707.9,1.4,54.3,194996.0,593112.8,2.0,15.9,912.5,1809.0,8.9,23.8,0.0,0.0,329.0
2026-10-08T02:41:37.047607+00:00,11.0,1969.0,7.3,3.3,40489.9,27167.8,45.2,17799.9,14709.6,1.4,54.3,123781.4,33008.4,5.0,5.0,2522.4,2318.9,16.1,25.2,0.0,0.0,327.0
2026-10-08T02:41:38.039839+00:00,7.3,1969.0,5.9,1.4,8859.2,6742.3,45.2,17799.8,14709.7,1.4,54.3,45138.7,201072.3,5.0,16.0,65237.5,9344.1,67.1,64.1,0.0,0.0,327.0
2026-10-08T02:41:39.049897+00:00,8.7,1969.0,7.3,1.2,8623.5,6623.7,45.2,17801.3,14708.2,1.4,54.3,0.0,0.0,0.0,0.0,16569.6,4840.0,39.7,44.6,0.0,0.0,329.0
2026-10-08T02:41:40.045635+00:00,12.2,1969.0,7.7,4.2,40403.7,26619.3,45.3,17797.6,14712.0,1.4,54.3,16480.2,119481.2,1.0,7.0,2236.0,2397.0,9.1,15.1,0.0,0.0,327.0
2026-10-08T02:41:41.036528+00:00,6.9,1969.0,5.6,1.1,8286.7,6399.5,45.2,17805.3,14704.2,1.4,54.3,181114.4,395158.8,1.0,6.0,814.0,1047.1,7.0,11.1,0.0,0.0,327.0
2026-10-08T02:41:42.046599+00:00,6.2,1969.0,4.9,1.3,8445.7,6321.3,45.3,17796.8,14712.8,1.4,54.3,0.0,138243.6,0.0,2.0,517.2,962.9,5.0,11.9,0.0,0.0,329.0
2026-10-08T02:41:43.036665+00:00,13.9,1969.0,8.0,5.1,40731.8,26758.7,45.2,17802.4,14707.1,1.4,54.3,0.0,8244.6,0.0,2.0,5320.9,1448.2,7.0,20.1,0.0,0.0,327.0
2026-10-08T02:41:44.045625+00:00,6.9,1969.0,5.2,1.6,8275.5,6283.1,45.2,17805.1,14704.5,1.4,54.3,0.0,268631.3,0.0,4.0,1512.4,4100.0,16.9,36.8,0.0,0.0,327.0
2026-10-08T02:41:45.042087+00:00,5.9,1969.0,4.8,1.1,8279.9,6313.8,45.2,17804.9,14704.6,1.4,54.3,0.0,70096.4,0.0,15.1,2285.1,3962.3,10.1,32.2,0.0,0.0,329.0
2026-10-08T02:41:46.051165+00:00,14.3,1969.0,8.8,4.8,39536.8,26790.6,45.2,17802.3,14707.2,1.4,54.3,0.0,0.0,0.0,0.0,372.4,708.3,4.0,9.9,0.0,0.0,327.0
2026-10-08T02:41:47.042235+00:00,10.5,1969.0,6.4,3.3,8531.1,6374.2,45.3,17796.8,14712.7,1.4,54.3,0.0,181481.6,0.0,13.1,379.6,609.2,4.0,8.1,0.0,0.0,327.0
2026-10-08T02:41:48.052022+00:00,6.9,1969.0,5.5,1.0,8637.2,6512.6,45.2,17805.6,14703.9,1.4,54.3,16265.6,48796.9,1.0,4.0,540.1,748.6,6.0,8.9,0.0,0.0,329.0
2026-10-08T02:41:49.045925+00:00,10.9,1969.0,6.2,4.2,40042.0,26369.0,45.2,17805.5,14704.0,1.4,54.3,0.0,4126.2,0.0,1.0,1232.0,1349.9,10.1,11.1,0.0,0.0,327.0
2026-10-08T02:41:50.039178+00:00,6.5,1969.0,5.2,1.1,7939.8,6140.8,45.2,17806.2,14703.3,1.4,54.3,0.0,24699.9,0.0,3.0,3762.9,2072.4,12.1,26.1,0.0,0.0,327.0
2026-10-08T02:41:51.051644+00:00,10.7,1969.0,6.9,3.1,8595.4,6525.9,45.2,17800.5,14709.0,1.4,54.3,0.0,105555.5,0.0,18.8,1368.8,19171.2,13.9,25.8,0.0,0.0,329.0
2026-10-08T02:41:52.043897+00:00,19.2,1969.0,11.3,7.1,40006.0,25289.6,45.2,17806.8,14702.7,1.4,54.3,0.0,172670.8,0.0,35.1,1809.7,2082.7,18.1,22.1,0.0,0.0,327.0
2026-10-08T02:41:53.035952+00:00,10.9,1969.0,6.8,3.6,7897.8,6204.2,45.2,17809.6,14699.9,1.4,54.3,0.0,272364.2,0.0,33.2,1393.4,1782.3,14.1,20.2,0.0,0.0,327.0
2026-10-08T02:41:54.049125+00:00,22.7,1969.0,14.6,7.4,29378.8,17044.3,45.4,17762.3,14747.2,1.4,54.3,12199.5,1504599.0,3.0,25.8,23833.0,22376.6,111.2,99.3,0.0,0.0,331.0
2026-10-08T02:41:55.043553+00:00,32.2,1969.0,21.6,9.9,64285.9,36310.1,45.4,17762.4,14747.1,1.4,54.3,49260.7,2988484.4,3.0,108.2,17047.6,22558.8,60.1,58.1,0.0,0.0,329.0
2026-10-08T02:41:56.053709+00:00,27.1,1969.0,20.1,6.6,28553.5,17586.9,45.3,17768.6,14740.9,1.4,54.3,105434.4,3722644.2,7.9,234.6,12185.3,16018.7,45.5,48.5,0.0,0.0,329.0
2026-10-08T02:41:57.069330+00:00,27.2,1969.0,19.4,7.1,27034.3,17074.1,45.3,17767.3,14742.2,1.4,54.3,49435.9,3769487.4,3.0,284.6,4997.7,8989.6,19.1,27.2,0.0,0.0,331.0
2026-10-08T02:41:58.056127+00:00,34.9,1969.0,22.3,11.7,51375.6,30219.3,45.4,17763.2,14746.3,1.4,54.3,0.0,2263838.0,0.0,77.0,1993.9,3112.3,10.0,19.0,0.0,0.0,329.0
2026-10-08T02:41:59.050214+00:00,28.8,1969.0,21.6,6.5,27890.8,18086.8,45.2,17827.8,14681.7,1.4,54.3,53150.4,5715709.5,4.0,481.1,18910.3,7167.8,32.9,25.0,0.0,0.0,327.0
2026-10-08T02:42:00.050142+00:00,26.7,1969.0,19.4,6.7,20558.2,14060.2,45.2,17824.3,14685.2,1.4,54.3,160660.1,3501566.0,11.1,214.2,4334.7,5879.5,20.1,35.2,0.0,0.0,329.0
2026-10-08T02:42:01.041605+00:00,20.2,1969.0,13.2,6.3,41634.6,25912.2,45.2,17822.4,14687.1,1.4,54.3,65566.8,430282.3,3.0,40.0,6500.1,8821.1,24.0,22.0,0.0,0.0,327.0
2026-10-08T02:42:02.048871+00:00,10.2,1969.0,8.6,1.5,13757.1,8695.5,45.2,17830.2,14679.3,1.4,54.3,0.0,369570.0,0.0,24.8,843.8,1257.2,7.9,13.9,0.0,0.0,327.0
2026-10-08T02:42:03.045045+00:00,9.9,1969.0,7.3,2.3,12410.4,7778.1,45.2,17830.3,14679.2,1.4,54.3,66140.4,901162.5,1.0,29.3,382.5,578.3,4.0,7.1,0.0,0.0,329.0
2026-10-08T02:42:04.036896+00:00,15.4,1969.0,9.4,5.0,40267.4,26414.1,45.2,17828.7,14680.8,1.4,54.3,0.0,423300.6,0.0,39.1,2058.9,2258.5,19.1,21.1,0.0,0.0,327.0
2026-10-08T02:42:05.043898+00:00,8.1,1969.0,5.7,1.9,8948.6,6750.5,45.1,17832.1,14677.4,1.4,54.3,0.0,20333.8,0.0,4.0,27557.8,25997.0,61.6,65.5,0.0,0.0,327.0
2026-10-08T02:42:06.040921+00:00,7.5,1969.0,5.7,1.7,8510.6,6426.6,45.1,17838.1,14671.4,1.4,54.3,0.0,86807.4,0.0,17.2,10954.9,9978.0,51.5,40.4,0.0,0.0,329.0
2026-10-08T02:42:07.050147+00:00,10.6,1969.0,6.5,3.4,38915.4,25270.6,45.1,17835.0,14674.5,1.4,54.3,0.0,68709.2,0.0,14.8,5301.8,9262.6,27.6,42.4,0.0,0.0,329.0
2026-10-08T02:42:08.043076+00:00,10.5,1969.0,7.6,2.3,9329.5,7147.1,45.2,17826.1,14683.4,1.4,54.3,0.0,288621.3,0.0,34.2,1853.2,2075.7,18.1,20.1,0.0,0.0,327.0
2026-10-08T02:42:09.051068+00:00,8.2,1969.0,5.6,2.2,8187.6,6347.3,45.1,17837.8,14671.7,1.4,54.3,0.0,0.0,0.0,0.0,812.5,1248.0,7.9,15.9,0.0,0.0,329.0
2026-10-08T02:42:10.042590+00:00,11.5,1969.0,7.0,4.2,39380.9,26532.0,45.1,17833.7,14675.8,1.4,54.3,0.0,152691.6,0.0,22.2,2335.4,1514.3,11.1,18.1,0.0,0.0,327.0
2026-10-08T02:42:11.048700+00:00,11.1,1969.0,6.6,3.6,8484.7,6513.2,45.1,17835.1,14674.4,1.4,54.3,0.0,187129.5,0.0,23.8,170.8,603.8,2.0,9.9,0.0,0.0,327.0
2026-10-08T02:42:12.047560+00:00,8.1,1969.0,6.3,1.6,8678.5,6611.0,45.1,17836.3,14673.2,1.4,54.3,0.0,281166.8,0.0,13.1,412.9,586.5,4.0,7.1,0.0,0.0,329.0
2026-10-08T02:42:13.040691+00:00,12.9,1969.0,7.5,4.4,39419.3,26205.8,45.1,17834.6,14674.9,1.4,54.3,0.0,282870.2,0.0,6.0,5963.2,2360.1,14.0,31.0,0.0,0.0,327.0
2026-10-08T02:42:14.047896+00:00,7.2,1969.0,5.7,1.3,9248.6,6889.1,45.1,17836.3,14673.2,1.4,54.3,0.0,44667.7,0.0,9.9,788.1,8366.3,7.9,142.8,0.0,0.0,327.0
2026-10-08T02:42:15.041309+00:00,7.5,1969.0,4.9,2.2,10470.9,8582.7,45.1,17857.6,14651.9,1.4,54.3,0.0,334650.1,0.0,22.2,2711.3,15641.3,14.1,209.8,0.0,0.0,328.0
2026-10-08T02:42:16.049288+00:00,10.6,1969.0,6.8,3.2,39451.2,25978.2,45.1,17859.1,14650.4,1.4,54.3,0.0,52746.8,0.0,9.9,665.7,9622.6,6.9,166.4,0.0,0.0,326.0
2026-10-08T02:42:17.041148+00:00,8.4,1969.0,5.9,2.5,9927.8,7190.5,45.1,17849.1,14660.5,1.4,54.3,0.0,57814.7,0.0,11.1,380.1,5451.4,4.0,94.8,0.0,0.0,326.0
2026-10-08T02:42:18.054345+00:00,7.2,1969.0,5.7,1.1,8955.9,6746.0,45.1,17859.3,14650.2,1.4,54.3,0.0,4064.7,0.0,1.0,334.4,8118.4,4.0,142.9,0.0,0.0,328.0
2026-10-08T02:42:19.046380+00:00,10.3,1969.0,6.4,3.3,38797.4,26046.1,45.1,17856.8,14652.7,1.4,54.3,0.0,61596.2,0.0,6.0,9192.3,11427.0,13.0,192.5,0.0,0.0,326.0
2026-10-08T02:42:20.037821+00:00,8.4,1969.0,7.2,1.1,8905.7,6956.1,45.1,17860.6,14648.9,1.4,54.3,0.0,0.0,0.0,0.0,8284.4,10187.6,20.2,145.2,0.0,0.0,326.0
2026-10-08T02:42:21.049719+00:00,7.6,1969.0,5.9,1.3,8634.9,6580.1,45.1,17856.2,14653.3,1.4,54.3,471415.4,272283.0,17.9,6.0,1168.8,2250.2,11.9,31.7,0.0,0.0,328.0
2026-10-08T02:42:22.042916+00:00,11.1,1969.0,7.0,3.6,38708.7,25253.4,45.1,17859.9,14649.6,1.4,54.3,0.0,123350.7,0.0,6.0,1621.2,2041.8,16.1,22.1,0.0,0.0,326.0
2026-10-08T02:42:23.049608+00:00,7.4,1969.0,5.3,1.6,8749.8,6584.7,45.1,17861.9,14647.6,1.4,54.3,0.0,134001.3,0.0,2.0,699.9,1233.3,7.9,12.9,0.0,0.0,326.0
2026-10-08T02:42:24.043505+00:00,8.8,1969.0,6.6,1.5,9478.1,7133.5,45.1,17862.4,14647.1,1.4,54.3,0.0,0.0,0.0,0.0,15866.1,20436.2,61.5,72.6,0.0,0.0,328.0
2026-10-08T02:42:25.050107+00:00,9.6,1969.0,6.1,3.2,38170.3,25263.9,45.1,17863.4,14646.1,1.4,54.3,0.0,8116.8,0.0,2.0,2155.0,1362.4,6.9,13.9,0.0,0.0,326.0
2026-10-08T02:42:26.041249+00:00,8.8,1969.0,5.7,2.7,9265.5,6931.5,45.1,17862.7,14646.9,1.4,54.3,33051.7,152864.2,2.0,16.1,84.7,540.6,1.0,9.1,0.0,0.0,326.0
2026-10-08T02:42:27.050089+00:00,6.5,1969.0,4.8,1.5,8198.6,6239.1,45.1,17863.1,14646.4,1.4,54.3,0.0,44769.9,0.0,8.9,713.4,1333.5,7.9,18.9,0.0,0.0,328.0
2026-10-08T02:42:28.052451+00:00,9.9,1969.0,6.2,3.5,38650.8,25996.0,45.1,17860.5,14649.0,1.4,54.3,0.0,0.0,0.0,0.0,379.5,778.0,4.0,11.1,0.0,0.0,326.0
2026-10-08T02:42:29.044245+00:00,9.7,1969.0,7.4,1.9,9008.4,7026.7,45.0,17865.9,14643.6,1.4,54.3,0.0,49045.2,0.0,9.0,1085.6,1460.8,11.0,17.0,0.0,0.0,326.0
2026-10-08T02:42:30.037322+00:00,7.4,1969.0,5.4,1.8,8770.3,6550.7,45.0,17865.9,14643.6,1.4,54.3,0.0,4132.4,0.0,1.0,2085.4,1301.5,8.1,17.2,0.0,0.0,328.0
2026-10-08T02:42:31.046583+00:00,14.8,1969.0,9.2,5.3,47222.1,30185.9,45.1,17845.1,14664.4,1.4,54.3,16228.0,336731.5,1.0,74.3,373.4,876.6,4.0,12.9,0.0,0.0,332.0
2026-10-08T02:42:32.040476+00:00,7.2,1969.0,5.6,1.3,9244.2,6948.3,45.1,17847.4,14662.1,1.4,54.3,0.0,259853.6,0.0,21.1,84.6,1442.0,1.0,25.2,0.0,0.0,332.0
2026-10-08T02:42:33.050095+00:00,7.9,1969.0,6.9,0.9,8343.8,6371.7,45.1,17848.1,14661.4,1.4,54.3,0.0,296019.6,0.0,5.9,868.2,1720.6,8.9,25.7,0.0,0.0,334.0
2026-10-08T02:42:34.042911+00:00,11.5,1969.0,6.7,4.5,40534.9,26618.5,45.1,17847.6,14662.0,1.4,54.3,0.0,37121.3,0.0,6.0,1308.1,2555.7,11.1,30.2,0.0,0.0,330.0
2026-10-08T02:42:35.051942+00:00,6.4,1969.0,5.4,1.1,8747.8,6969.3,45.1,17850.1,14659.4,1.4,54.3,4058.3,178566.3,1.0,20.8,2475.0,2575.1,10.9,35.7,0.0,0.0,330.0
2026-10-08T02:42:36.044655+00:00,7.1,1969.0,5.1,1.6,8631.6,6515.2,45.1,17851.0,14658.5,1.4,54.3,0.0,371158.5,0.0,22.2,674.6,1129.7,7.0,15.1,0.0,0.0,332.0
2026-10-08T02:42:37.036037+00:00,13.2,1969.0,8.2,4.2,39418.7,25202.6,45.1,17848.6,14660.9,1.4,54.3,0.0,8260.0,0.0,2.0,1270.5,1431.8,13.1,15.1,0.0,0.0,330.0
2026-10-08T02:42:38.042104+00:00,10.6,1969.0,6.5,3.4,8925.7,6732.5,45.1,17847.4,14662.1,1.4,54.3,0.0,89388.3,0.0,6.9,64806.3,9455.4,68.4,66.5,0.0,0.0,330.0
2026-10-08T02:42:39.052915+00:00,7.6,1969.0,5.8,1.4,8616.8,6587.8,45.1,17848.0,14661.5,1.4,54.3,0.0,0.0,0.0,0.0,14682.0,947.9,21.9,11.9,0.0,0.0,332.0
2026-10-08T02:42:40.044586+00:00,13.0,1969.0,7.8,4.5,39877.5,27510.3,45.1,17846.6,14662.9,1.4,54.3,0.0,12349.2,0.0,2.0,2621.0,5095.2,13.1,49.2,0.0,0.0,330.0
2026-10-08T02:42:41.038273+00:00,9.5,1969.0,6.2,2.5,8818.2,6657.2,45.1,17849.0,14660.5,1.4,54.3,0.0,351073.3,0.0,16.1,380.2,1239.3,4.0,18.2,0.0,0.0,330.0
2026-10-08T02:42:42.050080+00:00,7.7,1969.0,5.6,1.7,9031.0,6774.2,45.1,17836.8,14672.8,1.4,54.3,0.0,255754.4,0.0,5.0,6214.3,2429.2,16.8,23.8,0.0,0.0,332.0
2026-10-08T02:42:43.043318+00:00,14.5,1969.0,7.7,5.7,40121.8,26795.0,45.1,17840.7,14668.8,1.4,54.3,0.0,16446.6,0.0,3.0,1115.2,1872.1,10.0,22.1,0.0,0.0,330.0
2026-10-08T02:42:44.051866+00:00,11.1,1969.0,6.4,4.3,12004.0,8712.8,45.2,17818.3,14691.2,1.4,54.3,0.0,1295292.1,0.0,18.8,15817.6,21340.3,57.5,72.4,0.0,0.0,327.0
2026-10-08T02:42:45.046250+00:00,8.5,1969.0,6.3,2.0,9128.9,6916.5,45.2,17815.5,14694.0,1.4,54.3,0.0,33028.1,0.0,4.0,1490.7,346.7,2.0,5.0,0.0,0.0,328.0
2026-10-08T02:42:46.037376+00:00,11.1,1969.0,6.9,3.7,39049.7,26266.7,45.2,17813.5,14696.0,1.4,54.3,0.0,16471.6,0.0,1.0,84.4,313.7,1.0,5.0,0.0,0.0,326.0
2026-10-08T02:42:47.044627+00:00,8.7,1969.0,5.4,3.0,9404.1,7007.5,45.2,17809.5,14700.0,1.4,54.3,0.0,40649.4,0.0,8.9,83.4,818.7,1.0,9.9,0.0,0.0,326.0
2026-10-08T02:42:48.038472+00:00,7.0,1969.0,5.1,1.5,8196.1,6324.1,45.2,17822.2,14687.3,1.4,54.3,0.0,8262.7,0.0,1.0,339.9,648.5,4.0,9.1,0.0,0.0,328.0
2026-10-08T02:42:49.047966+00:00,11.3,1969.0,7.1,3.7,38972.2,25277.9,45.2,17818.2,14691.3,1.4,54.3,0.0,8118.1,0.0,1.0,1252.6,1941.3,9.9,18.8,0.0,0.0,326.0
2026-10-08T02:42:50.039732+00:00,7.1,1969.0,4.8,2.1,8965.7,6965.2,45.2,17823.5,14686.0,1.4,54.3,0.0,123717.9,0.0,16.1,3771.5,1480.0,12.1,15.1,0.0,0.0,326.0
2026-10-08T02:42:51.052069+00:00,6.0,1969.0,5.1,0.7,8514.4,6550.5,45.2,17819.9,14689.6,1.4,54.3,0.0,56905.5,0.0,10.9,2126.6,20042.5,21.8,30.8,0.0,0.0,328.0
2026-10-08T02:42:52.043915+00:00,11.1,1969.0,6.5,4.3,38813.8,25302.7,45.2,17821.3,14688.2,1.4,54.3,0.0,164279.4,0.0,6.0,924.5,1203.2,9.0,12.0,0.0,0.0,326.0
2026-10-08T02:42:53.035816+00:00,10.3,1969.0,7.9,2.2,8235.6,6448.0,45.2,17825.2,14684.3,1.4,54.3,0.0,148748.6,0.0,4.0,1485.9,1707.8,15.1,18.2,0.0,0.0,328.0
2026-10-08T02:42:54.045245+00:00,7.2,1969.0,5.6,1.2,8973.2,6768.8,45.2,17824.7,14684.8,1.4,54.3,0.0,8123.4,0.0,2.0,1080.9,1463.6,10.9,16.9,0.0,0.0,328.0
2026-10-08T02:42:55.038780+00:00,10.3,1969.0,6.6,3.3,38927.2,25817.6,45.2,17821.9,14687.6,1.4,54.3,0.0,45341.6,0.0,4.0,2421.2,1550.8,12.1,18.1,0.0,0.0,326.0
2026-10-08T02:42:56.045665+00:00,7.9,1969.0,5.6,2.2,8349.9,6347.7,45.2,17825.0,14684.6,1.4,54.3,0.0,219238.8,0.0,5.9,953.5,1455.1,9.9,17.8,0.0,0.0,326.0
2026-10-08T02:42:57.038949+00:00,9.5,1969.0,6.9,2.3,8973.7,6764.3,45.2,17825.2,14684.3,1.4,54.3,0.0,4134.1,0.0,1.0,1528.1,1790.5,16.1,22.2,0.0,0.0,328.0
2026-10-08T02:42:58.046322+00:00,10.7,1969.0,7.0,3.3,38502.1,25505.6,45.2,17823.3,14686.2,1.4,54.3,0.0,81161.3,0.0,3.0,621.2,950.1,5.9,10.9,0.0,0.0,326.0
2026-10-08T02:42:59.038077+00:00,7.5,1969.0,4.8,2.1,7892.6,6075.1,45.2,17826.6,14682.9,1.4,54.3,0.0,16534.0,0.0,3.0,1113.1,1405.8,10.1,14.1,0.0,0.0,326.0
2026-10-08T02:43:00.048907+00:00,9.0,1969.0,5.8,2.7,9887.1,7560.2,45.2,17824.8,14684.7,1.4,54.3,0.0,174699.2,0.0,5.0,17036.7,4985.2,30.7,33.7,0.0,0.0,328.0
2026-10-08T02:43:01.041793+00:00,12.5,1969.0,7.6,4.0,39166.9,26358.2,45.2,17829.3,14680.2,1.4,54.3,0.0,0.0,0.0,0.0,381.0,463.4,4.0,5.0,0.0,0.0,326.0
2026-10-08T02:43:02.049489+00:00,5.7,1969.0,3.8,1.2,8033.3,6129.0,45.2,17829.3,14680.2,1.4,54.3,0.0,385724.2,0.0,20.8,516.5,1108.2,5.0,13.9,0.0,0.0,326.0
2026-10-08T02:43:03.041512+00:00,9.3,1969.0,6.0,2.7,8903.8,6735.3,45.2,17829.0,14680.5,1.4,54.3,0.0,144524.8,0.0,2.0,84.7,322.6,1.0,5.0,0.0,0.0,328.0
2026-10-08T02:43:04.050391+00:00,10.7,1969.0,6.6,3.7,39241.4,25885.5,45.2,17826.6,14683.0,1.4,54.3,0.0,16248.7,0.0,3.0,873.7,1213.9,6.9,10.9,0.0,0.0,326.0
2026-10-08T02:43:05.042462+00:00,8.6,1969.0,6.8,1.6,8633.4,6335.6,45.1,17831.6,14678.0,1.4,54.3,0.0,0.0,0.0,0.0,2375.5,1457.7,11.1,18.1,0.0,0.0,326.0
2026-10-08T02:43:06.050479+00:00,7.0,1969.0,5.2,1.4,9376.0,7142.9,45.2,17828.5,14681.0,1.4,54.3,65043.7,12195.7,1.0,3.0,791.0,1229.7,7.9,14.9,0.0,0.0,328.0
2026-10-08T02:43:07.040867+00:00,11.0,1969.0,6.8,3.5,38973.0,25735.7,45.2,17826.6,14682.9,1.4,54.3,0.0,8257.7,0.0,2.0,45529.2,8050.0,57.5,65.5,0.0,0.0,326.0
2026-10-08T02:43:08.047176+00:00,7.4,1969.0,6.1,1.0,8817.3,6615.7,45.2,17827.7,14681.9,1.4,54.3,16277.4,317409.8,1.0,26.8,1172.3,1434.6,11.9,15.9,0.0,0.0,326.0
2026-10-08T02:43:09.044502+00:00,10.3,1969.0,7.7,2.3,9286.8,7131.9,45.2,17830.2,14679.3,1.4,54.3,0.0,0.0,0.0,0.0,2126.6,2433.5,20.2,24.2,0.0,0.0,328.0
2026-10-08T02:43:10.035891+00:00,10.2,1969.0,6.3,3.2,38504.2,25595.9,45.2,17826.4,14683.1,1.4,54.3,0.0,4110.1,0.0,1.0,2867.8,2148.4,16.1,24.1,0.0,0.0,326.0
2026-10-08T02:43:11.044743+00:00,7.9,1969.0,5.6,1.9,8151.1,6174.5,45.2,17830.1,14679.4,1.4,54.3,0.0,85305.1,0.0,10.9,1239.7,1719.7,11.9,18.8,0.0,0.0,326.0
2026-10-08T02:43:12.039170+00:00,7.8,1969.0,6.0,1.6,9414.2,6948.5,45.2,17827.3,14682.2,1.4,54.3,0.0,255886.6,0.0,5.0,412.1,529.0,4.0,6.0,0.0,0.0,328.0
2026-10-08T02:43:13.047820+00:00,12.3,1969.0,8.1,3.7,38864.1,26034.8,45.2,17827.9,14681.6,1.4,54.3,0.0,36475.6,0.0,8.9,5231.3,1036.0,6.9,12.9,0.0,0.0,326.0
2026-10-08T02:43:14.040879+00:00,7.4,1969.0,6.0,1.1,9057.3,6914.2,45.0,17875.6,14633.9,1.4,54.3,0.0,222962.9,0.0,21.2,472.8,872.0,5.0,12.1,0.0,0.0,325.0
2026-10-08T02:43:15.050224+00:00,6.8,1969.0,5.4,1.4,10477.6,8210.0,45.0,17875.4,14634.1,1.4,54.3,64895.5,571891.4,1.0,27.7,2335.0,4516.4,10.9,15.8,0.0,0.0,327.0
2026-10-08T02:43:16.043527+00:00,10.3,1969.0,6.0,3.9,39080.0,25539.6,45.0,17871.8,14637.7,1.4,54.3,0.0,24741.3,0.0,1.0,505.4,1077.2,5.0,14.1,0.0,0.0,325.0
2026-10-08T02:43:17.051060+00:00,8.9,1969.0,6.6,2.0,8986.4,6705.9,45.0,17878.5,14631.1,1.4,54.3,0.0,28429.8,0.0,5.9,373.8,599.9,4.0,7.9,0.0,0.0,325.0
2026-10-08T02:43:18.043726+00:00,7.0,1969.0,4.8,2.0,9091.7,6739.1,45.0,17879.1,14630.4,1.4,54.3,16521.5,173475.7,1.0,4.0,382.2,513.3,5.0,7.1,0.0,0.0,327.0
2026-10-08T02:43:19.052855+00:00,10.0,1969.0,5.7,3.5,39019.4,25652.9,45.0,17875.2,14634.3,1.4,54.3,0.0,12185.4,0.0,2.0,1633.2,2064.6,12.9,17.8,0.0,0.0,325.0
2026-10-08T02:43:20.045300+00:00,7.5,1969.0,5.2,1.6,8507.2,6641.3,45.0,17876.8,14632.7,1.4,54.3,0.0,0.0,0.0,0.0,16655.1,4455.4,27.2,29.2,0.0,0.0,325.0
2026-10-08T02:43:21.040570+00:00,8.6,1969.0,6.3,1.7,9010.5,6756.1,45.0,17869.0,14640.5,1.4,54.3,0.0,264182.6,0.0,4.0,675.2,735.7,7.1,8.1,0.0,0.0,327.0
2026-10-08T02:43:22.047485+00:00,11.9,1969.0,7.1,4.4,38914.5,25607.5,45.0,17872.4,14637.1,1.4,54.3,0.0,117451.6,0.0,5.9,1676.0,2197.1,16.8,24.7,0.0,0.0,325.0
2026-10-08T02:43:23.038513+00:00,8.5,1969.0,6.1,2.2,7981.0,6116.4,45.0,17876.1,14633.4,1.4,54.3,0.0,173577.1,0.0,5.0,1789.9,1583.1,17.2,17.2,0.0,0.0,325.0
2026-10-08T02:43:24.055935+00:00,26.8,1969.0,18.2,7.8,36869.6,20846.6,45.2,17824.3,14685.2,1.4,54.3,206989.6,1993610.0,7.9,20.9,32627.2,36611.4,148.0,142.0,0.0,0.0,329.0
2026-10-08T02:43:25.056754+00:00,33.2,1969.0,22.6,9.8,61925.7,33341.1,45.1,17834.4,14675.1,1.4,54.3,32702.4,3388782.7,2.0,157.7,15506.9,19684.5,49.9,49.9,0.0,0.0,327.0
2026-10-08T02:43:26.055034+00:00,30.1,1969.0,21.5,7.6,34760.8,20502.7,45.1,17833.4,14676.1,1.4,54.3,0.0,3636492.0,0.0,154.0,9264.1,13239.2,31.0,37.0,0.0,0.0,327.0
2026-10-08T02:43:27.069064+00:00,32.0,1969.0,23.7,7.6,29573.4,18217.9,45.2,17829.6,14679.9,1.4,54.3,0.0,4308887.1,0.0,227.2,2853.6,3123.9,8.0,22.0,0.0,0.0,329.0
2026-10-08T02:43:28.050254+00:00,32.9,1969.0,23.4,8.8,54365.5,32311.5,45.2,17821.4,14688.1,1.4,54.3,36930.9,2535922.4,2.0,119.2,4596.3,6623.0,15.0,18.0,0.0,0.0,327.0
2026-10-08T02:43:29.043943+00:00,19.7,1969.0,15.3,4.3,15872.4,10851.5,45.2,17828.3,14681.2,1.4,54.3,12331.8,2770541.5,1.0,193.7,6814.2,10848.5,27.1,25.1,0.0,0.0,327.0
2026-10-08T02:43:30.039544+00:00,16.1,1969.0,12.2,3.8,15634.8,10099.1,45.2,17831.2,14678.3,1.4,54.3,16493.5,618506.6,1.0,55.4,1785.9,609.0,5.0,7.0,0.0,0.0,329.0
2026-10-08T02:43:31.052524+00:00,15.9,1969.0,11.0,3.9,40863.1,25192.1,45.2,17828.9,14680.6,1.4,54.3,0.0,0.0,0.0,0.0,83.0,197.7,1.0,3.0,0.0,0.0,327.0
2026-10-08T02:43:32.044189+00:00,12.6,1969.0,9.8,2.4,13393.3,8201.8,45.1,17835.9,14673.6,1.4,54.3,0.0,509133.5,0.0,56.1,812.0,932.3,7.0,9.0,0.0,0.0,327.0
2026-10-08T02:43:33.038558+00:00,7.2,1969.0,6.2,1.4,9763.1,7014.0,45.1,17841.6,14667.9,1.4,54.3,0.0,987955.3,0.0,51.5,380.5,759.9,4.0,10.1,0.0,0.0,329.0
2026-10-08T02:43:34.044863+00:00,15.6,1969.0,10.3,4.5,39895.6,25392.5,45.1,17833.8,14675.7,1.4,54.3,0.0,190490.3,0.0,40.6,1161.7,1445.7,9.9,12.9,0.0,0.0,327.0
2026-10-08T02:43:35.037510+00:00,10.0,1969.0,6.5,3.4,16925.0,8431.7,45.1,17840.4,14669.1,1.4,54.3,177851.1,529417.3,8.1,4.0,2522.4,1267.3,11.1,12.1,0.0,0.0,326.0
2026-10-08T02:43:36.049945+00:00,7.9,1969.0,5.3,2.3,9774.4,6828.3,45.1,17843.7,14665.9,1.4,54.3,0.0,353007.8,0.0,31.7,1623.6,1899.0,16.8,21.8,0.0,0.0,330.0
2026-10-08T02:43:37.042331+00:00,12.4,1969.0,6.4,5.2,39076.5,25363.8,45.1,17838.9,14670.6,1.4,54.3,0.0,94599.0,0.0,21.1,925.8,1538.4,9.0,18.1,0.0,0.0,326.0
2026-10-08T02:43:38.049981+00:00,9.5,1969.0,6.6,2.6,10012.8,7174.3,45.2,17826.1,14683.4,1.4,54.3,0.0,207113.7,0.0,29.7,64824.2,9368.4,69.4,64.4,0.0,0.0,326.0
2026-10-08T02:43:39.045516+00:00,7.0,1969.0,5.0,1.5,8239.1,6163.2,45.1,17838.5,14671.0,1.4,54.3,0.0,0.0,0.0,0.0,973.4,1205.4,10.1,13.1,0.0,0.0,328.0
2026-10-08T02:43:40.037994+00:00,12.8,1969.0,7.0,4.7,40699.7,27696.3,45.1,17834.8,14674.7,1.4,54.3,0.0,82277.2,0.0,16.1,17209.7,4490.5,33.1,37.2,0.0,0.0,326.0
2026-10-08T02:43:41.046748+00:00,8.7,1969.0,5.6,2.9,8207.1,6223.2,45.1,17839.7,14669.8,1.4,54.3,0.0,263958.4,0.0,16.9,375.8,568.1,4.0,6.9,0.0,0.0,326.0
2026-10-08T02:43:42.041521+00:00,8.5,1969.0,6.0,2.1,8478.3,6314.9,45.1,17838.9,14670.6,1.4,54.3,0.0,198016.0,0.0,15.1,819.8,1211.6,8.1,12.1,0.0,0.0,328.0
2026-10-08T02:43:43.049607+00:00,14.6,1969.0,8.6,5.0,39902.8,25670.6,45.1,17833.7,14675.9,1.4,54.3,0.0,141926.0,0.0,4.0,6124.1,2084.9,14.8,17.8,0.0,0.0,326.0
2026-10-08T02:43:44.040507+00:00,10.1,1969.0,6.3,3.3,8581.3,6439.7,45.1,17863.4,14646.1,1.4,54.3,0.0,185667.7,0.0,36.3,505.7,1021.4,5.0,13.1,0.0,0.0,325.0
2026-10-08T02:43:45.051120+00:00,7.6,1969.0,5.5,2.1,8393.2,6394.2,45.0,17867.5,14642.0,1.4,54.3,0.0,56945.1,0.0,11.9,1468.7,286.0,2.0,4.0,0.0,0.0,327.0
2026-10-08T02:43:46.042546+00:00,13.1,1969.0,9.2,3.6,39763.0,25206.4,45.1,17862.5,14647.0,1.4,54.3,0.0,4121.1,0.0,1.0,674.1,4129.1,7.0,10.1,0.0,0.0,325.0
2026-10-08T02:43:47.050002+00:00,7.7,1969.0,5.5,2.1,8647.2,6362.8,45.0,17864.4,14645.1,1.4,54.3,0.0,77262.8,0.0,15.9,374.3,636.4,4.0,7.9,0.0,0.0,325.0
2026-10-08T02:43:48.042060+00:00,6.6,1969.0,5.6,0.9,8278.7,6229.5,45.0,17866.0,14643.5,1.4,54.3,16515.1,239469.4,1.0,15.1,339.7,549.4,4.0,7.1,0.0,0.0,327.0
2026-10-08T02:43:49.048529+00:00,11.4,1969.0,6.7,3.9,39307.8,26091.1,45.0,17865.5,14644.0,1.4,54.3,0.0,4063.0,0.0,1.0,1706.1,1936.3,13.9,16.9,0.0,0.0,325.0
2026-10-08T02:43:50.040975+00:00,7.7,1969.0,6.5,1.0,8251.1,6420.5,45.0,17868.0,14641.5,1.4,54.3,0.0,45491.9,0.0,8.1,3446.0,1194.4,9.1,14.1,0.0,0.0,325.0
2026-10-08T02:43:51.053012+00:00,6.5,1969.0,5.2,1.1,8902.7,6667.4,45.1,17858.5,14651.0,1.4,54.3,178812.0,174748.1,7.9,7.9,3259.3,20547.7,31.7,39.7,0.0,0.0,326.0
2026-10-08T02:43:52.044942+00:00,11.7,1969.0,7.8,3.6,39790.7,26156.2,45.0,17867.4,14642.2,1.4,54.3,0.0,20553.2,0.0,3.0,766.7,1049.7,8.0,12.0,0.0,0.0,324.0
2026-10-08T02:43:53.039052+00:00,6.0,1969.0,4.8,0.9,7726.7,5887.0,45.0,17872.5,14637.0,1.4,54.3,0.0,264255.4,0.0,4.0,1565.5,2061.5,16.1,22.2,0.0,0.0,324.0
2026-10-08T02:43:54.047358+00:00,8.0,1969.0,6.4,1.3,8677.7,6631.9,45.0,17870.2,14639.3,1.4,54.3,0.0,109565.3,0.0,2.0,1996.3,2000.3,19.8,20.8,0.0,0.0,326.0
2026-10-08T02:43:55.039523+00:00,10.0,1969.0,6.7,2.9,39696.8,26971.8,45.0,17866.6,14642.9,1.4,54.3,0.0,20627.5,0.0,2.0,1784.8,734.2,5.0,9.1,0.0,0.0,324.0
2026-10-08T02:43:56.049339+00:00,12.1,1969.0,7.6,3.3,13334.4,9533.8,45.1,17861.4,14648.2,1.4,54.3,48762.3,418543.2,2.0,14.9,83.3,142.9,1.0,2.0,0.0,0.0,325.0
2026-10-08T02:43:57.043324+00:00,9.5,1969.0,6.2,2.8,9657.4,7268.2,45.2,17830.0,14679.6,1.4,54.3,0.0,61833.0,0.0,4.0,1619.3,1744.1,15.1,17.1,0.0,0.0,327.0
2026-10-08T02:43:58.054379+00:00,12.5,1969.0,6.2,5.3,38915.0,26312.5,45.2,17827.9,14681.6,1.4,54.3,0.0,4053.4,0.0,1.0,496.8,635.3,4.9,6.9,0.0,0.0,325.0
2026-10-08T02:43:59.045988+00:00,7.6,1969.0,5.5,1.6,8000.9,6080.1,45.1,17834.1,14675.4,1.4,54.3,0.0,8238.2,0.0,2.0,84.5,201.1,1.0,3.0,0.0,0.0,325.0
2026-10-08T02:44:00.039029+00:00,9.7,1969.0,7.4,2.2,9453.4,7283.7,45.1,17832.1,14677.4,1.4,54.3,0.0,8259.7,0.0,2.0,17167.6,4578.5,30.2,31.3,0.0,0.0,327.0
2026-10-08T02:44:01.052087+00:00,12.2,1969.0,6.6,4.9,38872.7,25594.2,45.1,17834.0,14675.5,1.4,54.3,0.0,0.0,0.0,0.0,1094.3,1211.2,9.9,11.9,0.0,0.0,325.0
2026-10-08T02:44:02.042850+00:00,10.0,1969.0,6.3,3.1,9517.7,6658.8,45.1,17838.1,14671.4,1.4,54.3,0.0,250716.1,0.0,12.0,522.8,840.9,5.0,9.0,0.0,0.0,325.0
2026-10-08T02:44:03.051046+00:00,7.1,1969.0,4.9,2.1,8438.6,6204.6,45.1,17839.2,14670.3,1.4,54.3,0.0,423158.3,0.0,7.0,125.2,254.3,2.0,4.0,0.0,0.0,327.0
2026-10-08T02:44:04.042119+00:00,17.3,1969.0,10.2,6.4,40174.2,26217.5,45.1,17843.5,14666.0,1.4,54.3,0.0,12383.6,0.0,3.0,1013.8,1359.5,8.1,11.1,0.0,0.0,325.0
2026-10-08T02:44:05.051021+00:00,9.6,1969.0,6.5,2.6,8315.9,6248.9,45.1,17845.4,14664.1,1.4,54.3,0.0,0.0,0.0,0.0,1468.4,230.3,2.0,3.0,0.0,0.0,325.0
2026-10-08T02:44:06.045036+00:00,6.5,1969.0,5.1,1.3,8144.9,6089.5,45.1,17846.1,14663.5,1.4,54.3,0.0,20624.1,0.0,4.0,1097.7,1768.4,11.1,22.2,0.0,0.0,327.0
2026-10-08T02:44:07.035646+00:00,11.0,1969.0,7.7,3.1,39557.1,25945.2,45.1,17845.1,14664.4,1.4,54.3,0.0,98957.1,0.0,11.1,969.4,1368.0,10.1,17.1,0.0,0.0,325.0
2026-10-08T02:44:08.043992+00:00,9.5,1969.0,7.3,1.5,8687.4,6599.2,45.1,17845.0,14664.5,1.4,54.3,0.0,105746.6,0.0,8.9,1373.3,1645.3,13.9,17.9,0.0,0.0,325.0
2026-10-08T02:44:09.036007+00:00,6.1,1969.0,4.8,0.9,7839.9,5946.4,45.1,17845.4,14664.1,1.4,54.3,0.0,0.0,0.0,0.0,380.1,835.8,4.0,12.1,0.0,0.0,327.0
2026-10-08T02:44:10.045025+00:00,11.2,1969.0,6.6,3.7,39445.9,26281.4,45.1,17846.9,14662.6,1.4,54.3,0.0,85287.1,0.0,8.9,1557.7,872.5,3.0,13.9,0.0,0.0,325.0
2026-10-08T02:44:11.037038+00:00,7.9,1969.0,6.0,1.6,8275.8,6240.6,45.1,17847.8,14661.7,1.4,54.3,0.0,808465.0,0.0,78.5,379.7,1116.8,4.0,17.1,0.0,0.0,325.0
2026-10-08T02:44:12.047777+00:00,8.3,1969.0,6.6,1.5,8845.6,6532.3,45.1,17839.0,14670.5,1.4,54.3,0.0,0.0,0.0,0.0,6306.2,2019.8,16.9,24.8,0.0,0.0,327.0
2026-10-08T02:44:13.038872+00:00,13.4,1969.0,7.9,4.8,39862.1,26572.4,45.1,17847.8,14661.7,1.4,54.3,0.0,148300.8,0.0,5.0,261.5,1278.3,3.0,17.1,0.0,0.0,325.0
2026-10-08T02:44:14.046415+00:00,7.1,1969.0,5.1,1.8,9243.8,6673.0,45.1,17851.7,14657.9,1.4,54.3,89442.1,4065.6,2.0,1.0,8849.7,5508.7,27.8,24.8,0.0,0.0,324.0
2026-10-08T02:44:15.043147+00:00,18.2,1969.0,7.5,10.2,17318.5,12333.5,45.2,17830.6,14678.9,1.4,54.3,1780751.2,578434.3,50.4,25.2,53007.7,54927.2,118.0,128.1,0.0,0.0,327.0
2026-10-08T02:44:16.051502+00:00,15.2,1969.0,9.3,5.4,41330.3,26260.2,45.1,17831.6,14677.9,1.4,54.3,32358.0,222460.9,3.9,21.7,10152.3,21199.4,36.5,42.5,0.0,0.0,325.0
2026-10-08T02:44:17.042009+00:00,7.8,1969.0,5.3,1.9,9212.5,6654.5,45.2,17825.5,14684.0,1.4,54.3,0.0,78407.3,0.0,13.1,594.4,5274.2,7.1,10.1,0.0,0.0,325.0
2026-10-08T02:44:18.050576+00:00,6.1,1969.0,5.2,0.7,9143.0,6725.8,45.1,17837.9,14671.6,1.4,54.3,44762.2,268572.9,1.0,22.8,625.9,510.6,7.0,6.0,0.0,0.0,327.0
2026-10-08T02:44:19.043543+00:00,10.9,1969.0,6.3,4.2,39706.6,26496.3,45.1,17832.0,14677.5,1.4,54.3,0.0,53684.1,0.0,12.1,1365.1,2318.8,10.1,21.2,0.0,0.0,325.0
2026-10-08T02:44:20.051235+00:00,9.1,1969.0,6.4,2.4,9195.3,7147.6,45.1,17836.9,14672.6,1.4,54.3,8115.5,348965.8,2.0,14.9,18023.1,4041.9,30.7,29.7,0.0,0.0,325.0
2026-10-08T02:44:21.046933+00:00,7.1,1969.0,5.4,1.5,8569.7,6427.3,45.1,17835.6,14673.9,1.4,54.3,198313.2,561887.3,1.0,17.1,973.4,1460.6,10.1,14.1,0.0,0.0,327.0
2026-10-08T02:44:22.040734+00:00,14.2,1969.0,8.2,5.3,39296.7,25604.6,45.1,17833.6,14675.9,1.4,54.3,0.0,65776.5,0.0,15.1,1405.1,1723.3,14.1,18.1,0.0,0.0,326.0
2026-10-08T02:44:23.048767+00:00,8.4,1969.0,5.7,2.2,8979.7,6877.2,45.1,17836.3,14673.2,1.4,54.3,0.0,300317.1,0.0,16.8,1660.6,2087.6,16.8,19.8,0.0,0.0,325.0
2026-10-08T02:44:24.045854+00:00,8.4,1969.0,7.3,0.9,8375.1,6288.6,45.1,17836.1,14673.4,1.4,54.3,0.0,0.0,0.0,0.0,382.0,690.4,4.0,9.1,0.0,0.0,327.0
2026-10-08T02:44:25.041748+00:00,12.4,1969.0,7.1,4.2,39568.0,26050.4,45.1,17836.4,14673.1,1.4,54.3,32854.3,451746.9,1.0,35.1,2368.2,1635.3,11.0,21.1,0.0,0.0,325.0
2026-10-08T02:44:26.056132+00:00,8.3,1969.0,6.8,1.3,9232.5,6770.9,45.1,17835.2,14674.3,1.4,54.3,0.0,52640.6,0.0,6.9,1469.0,2099.8,13.8,23.7,0.0,0.0,325.0
2026-10-08T02:44:27.053871+00:00,6.8,1969.0,5.5,1.2,9015.7,6596.9,45.1,17858.9,14650.6,1.4,54.3,0.0,90329.8,0.0,18.0,503.2,965.3,5.0,9.0,0.0,0.0,326.0
2026-10-08T02:44:28.044952+00:00,11.3,1969.0,7.8,3.1,38546.3,25575.6,45.1,17856.5,14653.0,1.4,54.3,0.0,176491.3,0.0,14.0,543.1,835.7,6.0,8.0,0.0,0.0,324.0
2026-10-08T02:44:29.035846+00:00,8.1,1969.0,5.9,2.0,9140.1,6849.3,45.1,17859.0,14650.5,1.4,54.3,0.0,24779.7,0.0,5.0,637.2,1002.2,7.1,13.1,0.0,0.0,324.0
2026-10-08T02:44:30.045198+00:00,7.1,1969.0,5.4,1.6,8424.1,6284.3,45.1,17859.9,14649.6,1.4,54.3,0.0,40670.8,0.0,7.9,2052.4,1577.8,7.9,15.9,0.0,0.0,326.0
2026-10-08T02:44:31.039916+00:00,13.6,1969.0,7.5,5.8,41244.5,28046.7,45.2,17813.7,14695.8,1.4,54.3,0.0,0.0,0.0,0.0,16708.8,17601.4,44.3,64.5,0.0,0.0,325.0
2026-10-08T02:44:32.046863+00:00,8.3,1969.0,5.3,2.5,9152.7,6861.1,45.2,17812.8,14696.7,1.4,54.3,0.0,24307.0,0.0,3.0,83.1,630.0,1.0,6.9,0.0,0.0,325.0
2026-10-08T02:44:33.039931+00:00,9.1,1969.0,6.5,2.1,8145.5,6104.4,45.2,17813.9,14695.6,1.4,54.3,0.0,367819.0,0.0,11.1,469.2,590.3,5.0,7.1,0.0,0.0,327.0
2026-10-08T02:44:34.048235+00:00,11.7,1969.0,6.8,4.0,38764.5,25210.4,45.2,17810.4,14699.1,1.4,54.3,0.0,52765.4,0.0,12.9,1287.2,2083.9,10.9,18.8,0.0,0.0,325.0
2026-10-08T02:44:35.038763+00:00,6.5,1969.0,5.0,1.0,8808.7,6929.6,45.2,17814.0,14695.5,1.4,54.3,0.0,0.0,0.0,0.0,2081.7,994.0,8.1,12.1,0.0,0.0,325.0
2026-10-08T02:44:36.047612+00:00,7.0,1969.0,4.2,1.8,8473.1,6309.8,45.2,17816.3,14693.2,1.4,54.3,0.0,248275.4,0.0,7.9,498.8,896.3,5.0,11.9,0.0,0.0,327.0
2026-10-08T02:44:37.039450+00:00,11.8,1969.0,7.9,3.6,38992.2,25877.7,45.2,17814.5,14695.0,1.4,54.3,0.0,8246.4,0.0,1.0,676.5,815.4,7.0,9.1,0.0,0.0,325.0
2026-10-08T02:44:38.048907+00:00,8.9,1969.0,6.4,1.9,9150.1,6974.6,45.2,17813.1,14696.4,1.4,54.3,0.0,280358.4,0.0,40.7,64552.3,9636.1,66.5,62.5,0.0,0.0,325.0
2026-10-08T02:44:39.041372+00:00,6.4,1969.0,4.9,1.3,8496.0,6356.9,45.2,17816.7,14692.8,1.4,54.3,0.0,0.0,0.0,0.0,2063.6,2547.0,20.1,24.2,0.0,0.0,327.0
2026-10-08T02:44:40.050450+00:00,12.5,1969.0,7.5,4.1,39621.1,26875.8,45.2,17814.5,14695.0,1.4,54.3,0.0,4061.1,0.0,1.0,27930.7,14569.7,62.5,67.4,0.0,0.0,325.0
2026-10-08T02:44:41.042261+00:00,11.4,1969.0,6.8,3.9,8750.0,6544.1,45.2,17816.1,14693.4,1.4,54.3,0.0,214537.2,0.0,3.0,84.6,483.5,1.0,8.1,0.0,0.0,325.0
2026-10-08T02:44:42.050996+00:00,7.1,1969.0,5.8,1.2,8775.0,6643.5,45.2,17806.9,14702.6,1.4,54.3,0.0,138192.6,0.0,2.0,517.0,887.1,5.0,9.9,0.0,0.0,327.0
2026-10-08T02:44:43.042820+00:00,11.0,1969.0,7.1,3.5,39170.9,26040.7,45.2,17815.3,14694.2,1.4,54.3,0.0,160922.7,0.0,5.0,7169.5,2712.9,23.2,26.2,0.0,0.0,325.0
2026-10-08T02:44:44.052460+00:00,8.9,1969.0,7.4,1.4,9536.8,6970.1,45.2,17821.8,14687.7,1.4,54.3,0.0,8127.9,0.0,1.0,336.3,917.8,4.0,13.9,0.0,0.0,325.0
2026-10-08T02:44:45.046097+00:00,6.4,1969.0,5.6,0.7,9046.7,6742.2,45.2,17821.9,14687.6,1.4,54.3,0.0,37112.9,0.0,6.0,2717.2,4939.1,15.1,20.1,0.0,0.0,327.0
2026-10-08T02:44:46.036746+00:00,10.2,1969.0,6.3,3.1,38747.7,25922.7,45.2,17821.5,14688.0,1.4,54.3,0.0,37092.5,0.0,8.0,381.3,1089.7,4.0,14.1,0.0,0.0,325.0
2026-10-08T02:44:47.047632+00:00,8.2,1969.0,5.5,2.6,9211.6,6876.4,45.2,17816.2,14693.4,1.4,54.3,0.0,44733.3,0.0,10.9,83.4,547.1,1.0,7.9,0.0,0.0,325.0
2026-10-08T02:44:48.041166+00:00,8.6,1969.0,6.3,1.8,8965.8,6679.6,45.2,17824.7,14684.8,1.4,54.3,0.0,8235.9,0.0,2.0,338.8,624.3,4.0,9.0,0.0,0.0,327.0
2026-10-08T02:44:49.048728+00:00,9.4,1969.0,6.3,2.6,38919.2,26349.5,45.2,17825.3,14684.2,1.4,54.3,0.0,4059.4,0.0,1.0,1376.6,1940.5,10.9,18.8,0.0,0.0,325.0
2026-10-08T02:44:50.039709+00:00,6.5,1969.0,5.4,0.9,8813.5,6770.4,45.2,17825.8,14683.7,1.4,54.3,0.0,127984.5,0.0,16.1,3478.4,1480.7,9.1,17.1,0.0,0.0,325.0
2026-10-08T02:44:51.051646+00:00,6.4,1969.0,5.5,0.6,8580.8,6423.2,45.2,17820.4,14689.1,1.4,54.3,0.0,12206.6,0.0,2.0,374.5,601.0,4.0,7.9,0.0,0.0,327.0
2026-10-08T02:44:52.058537+00:00,10.9,1969.0,6.7,3.9,39271.6,25523.6,45.2,17825.8,14683.7,1.4,54.3,0.0,28791.2,0.0,3.0,9987.3,34323.1,42.2,55.2,0.0,0.0,325.0
2026-10-08T02:44:53.049209+00:00,8.9,1969.0,6.6,1.9,9538.6,7304.1,45.2,17826.8,14682.7,1.4,54.3,0.0,260330.4,0.0,6.0,5838.3,4760.8,31.8,40.7,0.0,0.0,325.0
2026-10-08T02:44:54.042872+00:00,10.5,1969.0,6.3,3.3,8429.1,6364.5,45.2,17826.3,14683.2,1.4,54.3,0.0,0.0,0.0,0.0,3950.8,60931.3,40.3,68.6,0.0,0.0,327.0
2026-10-08T02:44:55.051484+00:00,10.4,1969.0,5.8,4.2,38544.3,25215.6,45.2,17824.9,14684.6,1.4,54.3,0.0,219172.9,0.0,5.9,1903.5,5536.2,5.9,14.9,0.0,0.0,325.0
2026-10-08T02:44:56.043124+00:00,7.7,1969.0,6.1,1.5,9040.3,6752.3,45.2,17827.1,14682.4,1.4,54.3,0.0,222943.2,0.0,5.0,380.0,698.5,4.0,9.1,0.0,0.0,325.0
2026-10-08T02:44:57.053266+00:00,10.4,1969.0,7.5,2.8,10134.6,7644.3,45.3,17795.7,14713.8,1.4,54.3,0.0,129989.2,0.0,19.8,664.5,946.1,6.9,11.9,0.0,0.0,328.0
2026-10-08T02:44:58.045170+00:00,11.1,1969.0,6.0,3.9,39256.4,25884.2,45.3,17795.0,14714.5,1.4,54.3,0.0,4121.7,0.0,1.0,339.1,568.5,4.0,8.1,0.0,0.0,326.0
2026-10-08T02:44:59.035946+00:00,7.6,1969.0,5.8,1.5,8563.7,6410.2,45.2,17802.2,14707.3,1.4,54.3,0.0,16510.7,0.0,3.0,891.8,974.5,10.1,11.1,0.0,0.0,326.0
2026-10-08T02:45:00.047141+00:00,12.4,1969.0,7.6,4.4,10944.9,8358.9,45.4,17751.2,14758.3,1.4,54.3,0.0,77314.6,0.0,3.0,40452.5,24516.5,93.4,91.4,0.0,0.0,330.0
2026-10-08T02:45:01.038826+00:00,15.9,1969.0,10.3,5.1,41811.3,25840.6,45.3,17774.2,14735.3,1.4,54.3,0.0,493862.4,0.0,34.2,3751.8,7985.9,26.1,41.2,0.0,0.0,327.0
2026-10-08T02:45:02.046838+00:00,7.2,1969.0,5.2,1.7,8833.6,6621.5,45.3,17784.6,14725.0,1.4,54.3,0.0,0.0,0.0,0.0,1324.9,1778.4,11.9,18.9,0.0,0.0,327.0
2026-10-08T02:45:03.040382+00:00,6.4,1969.0,5.3,0.8,8725.2,6639.5,45.3,17784.1,14725.4,1.4,54.3,0.0,264392.2,0.0,6.1,506.3,1016.6,5.0,11.1,0.0,0.0,329.0
2026-10-08T02:45:04.048766+00:00,12.1,1969.0,7.0,4.7,39110.3,25261.9,45.3,17787.8,14721.7,1.4,54.3,0.0,40574.4,0.0,6.9,1716.7,1860.3,13.9,14.9,0.0,0.0,327.0
2026-10-08T02:45:05.042403+00:00,8.4,1969.0,7.3,1.0,8433.4,6487.8,45.3,17787.5,14722.0,1.4,54.3,0.0,0.0,0.0,0.0,1785.4,698.2,5.0,9.1,0.0,0.0,329.0
2026-10-08T02:45:06.051218+00:00,7.0,1969.0,5.5,1.1,8882.8,6758.7,45.3,17788.5,14721.0,1.4,54.3,0.0,16231.9,0.0,3.0,375.5,512.2,4.0,5.9,0.0,0.0,329.0
2026-10-08T02:45:07.048538+00:00,9.3,1969.0,6.2,2.8,38874.0,25279.1,45.3,17787.5,14722.0,1.4,54.3,0.0,4123.6,0.0,1.0,45557.7,6892.1,58.4,55.4,0.0,0.0,327.0
2026-10-08T02:45:08.043461+00:00,8.8,1969.0,6.0,2.2,8434.9,6482.6,45.3,17786.5,14723.0,1.4,54.3,82142.9,221785.9,2.0,12.0,799.2,937.5,8.0,10.0,0.0,0.0,327.0
2026-10-08T02:45:09.053595+00:00,7.3,1969.0,5.6,1.5,9725.9,7249.2,45.3,17787.3,14722.2,1.4,54.3,0.0,0.0,0.0,0.0,9060.3,19059.2,46.5,54.4,0.0,0.0,329.0
2026-10-08T02:45:10.046380+00:00,9.7,1969.0,5.9,3.2,39089.3,26130.3,45.3,17788.5,14721.0,1.4,54.3,0.0,4120.5,0.0,1.0,17293.8,35595.5,69.4,83.5,0.0,0.0,327.0
2026-10-08T02:45:11.037506+00:00,8.0,1969.0,5.3,2.2,8384.9,6252.1,45.3,17792.6,14716.9,1.4,54.3,33011.5,181563.4,1.0,15.1,381.8,1319.7,4.0,16.1,0.0,0.0,327.0
2026-10-08T02:45:12.050615+00:00,6.6,1969.0,5.3,1.2,9190.0,6750.6,45.3,17782.2,14727.3,1.4,54.3,0.0,142276.1,0.0,3.0,405.9,910.1,4.0,12.9,0.0,0.0,329.0
2026-10-08T02:45:13.043775+00:00,13.9,1969.0,9.5,4.0,39339.3,25245.5,45.3,17790.6,14718.9,1.4,54.3,0.0,151916.0,0.0,5.0,5847.0,1520.6,13.0,17.0,0.0,0.0,327.0
2026-10-08T02:45:14.053395+00:00,9.7,1969.0,6.4,3.0,8557.0,6561.3,45.3,17793.9,14715.6,1.4,54.3,0.0,8121.8,0.0,1.0,877.4,1232.3,9.9,13.9,0.0,0.0,327.0
2026-10-08T02:45:15.049279+00:00,12.3,1969.0,6.9,4.6,10293.4,8002.8,45.3,17792.0,14717.5,1.4,54.3,0.0,90732.8,0.0,13.1,1489.2,402.8,2.0,6.0,0.0,0.0,329.0
2026-10-08T02:45:16.040587+00:00,12.0,1969.0,7.1,4.2,38761.1,25736.0,45.3,17790.4,14719.1,1.4,54.3,65799.3,226185.2,1.0,6.0,672.7,676.7,7.0,7.0,0.0,0.0,327.0
2026-10-08T02:45:17.048941+00:00,8.1,1969.0,5.9,2.0,8748.1,6527.8,45.3,17791.5,14718.0,1.4,54.3,0.0,28470.6,0.0,5.0,956.2,4552.8,9.9,16.9,0.0,0.0,327.0
2026-10-08T02:45:18.041604+00:00,7.9,1969.0,6.2,1.6,9665.6,7124.8,45.3,17794.8,14714.7,1.4,54.3,0.0,20624.2,0.0,5.0,634.4,1001.0,7.0,14.1,0.0,0.0,329.0
2026-10-08T02:45:19.051222+00:00,10.2,1969.0,6.1,3.6,38990.1,25556.0,45.3,17791.2,14718.4,1.4,54.3,0.0,12179.3,0.0,2.0,623.4,795.9,4.0,5.0,0.0,0.0,327.0
2026-10-08T02:45:20.042651+00:00,6.2,1969.0,5.6,0.5,8209.5,6479.8,45.3,17792.8,14716.7,1.4,54.3,0.0,0.0,0.0,0.0,17794.2,5241.6,37.3,39.3,0.0,0.0,327.0
2026-10-08T02:45:21.054030+00:00,9.1,1969.0,7.3,1.7,9751.5,7192.6,45.3,17781.5,14728.0,1.4,54.3,0.0,235718.4,0.0,4.0,461.4,524.9,5.0,6.0,0.0,0.0,329.0
2026-10-08T02:45:22.046235+00:00,11.4,1969.0,7.1,4.1,38967.8,25517.6,45.3,17789.0,14720.5,1.4,54.3,0.0,193334.7,0.0,15.1,1111.7,1337.7,11.0,14.1,0.0,0.0,327.0
2026-10-08T02:45:23.038909+00:00,8.3,1969.0,5.8,2.0,7998.7,6116.9,45.3,17794.5,14715.0,1.4,54.3,0.0,284855.3,0.0,20.2,1746.7,1960.4,17.1,20.2,0.0,0.0,327.0
2026-10-08T02:45:24.048547+00:00,7.2,1969.0,5.5,1.4,9138.1,6755.0,45.3,17794.7,14714.8,1.4,54.3,0.0,0.0,0.0,0.0,1080.6,1376.0,10.9,15.9,0.0,0.0,329.0
2026-10-08T02:45:25.039408+00:00,13.0,1969.0,8.3,4.0,39267.8,25356.9,45.3,17795.7,14713.9,1.4,54.3,0.0,8248.9,0.0,2.0,2517.4,1231.5,11.1,11.1,0.0,0.0,327.0
2026-10-08T02:45:26.048464+00:00,8.7,1969.0,5.7,2.6,8227.6,6105.7,45.3,17793.4,14716.1,1.4,54.3,0.0,69107.7,0.0,6.0,83.4,87.3,1.0,1.0,0.0,0.0,327.0
2026-10-08T02:45:27.043833+00:00,12.5,1969.0,10.1,2.1,10373.8,7663.7,45.2,17810.9,14698.6,1.4,54.3,0.0,49518.4,0.0,9.1,84.6,201.5,1.0,3.0,0.0,0.0,328.0
2026-10-08T02:45:28.050694+00:00,12.8,1969.0,7.6,4.8,38288.6,25683.3,45.2,17809.1,14700.4,1.4,54.3,0.0,4050.8,0.0,1.0,873.3,1023.6,9.9,11.9,0.0,0.0,326.0
2026-10-08T02:45:29.042846+00:00,10.3,1969.0,6.9,2.8,8165.6,6190.3,45.2,17810.3,14699.2,1.4,54.3,0.0,24805.6,0.0,3.0,342.2,1329.3,4.0,21.2,0.0,0.0,326.0
2026-10-08T02:45:30.054573+00:00,10.6,1969.0,6.4,3.4,10190.2,7660.5,45.1,17848.9,14660.7,1.4,54.3,16253.5,199106.0,1.0,26.8,1467.2,1896.8,2.0,32.7,0.0,0.0,327.0
2026-10-08T02:45:31.045985+00:00,10.5,1969.0,6.3,3.3,39542.6,26162.8,45.0,17878.4,14631.1,1.4,54.3,399124.4,139899.3,19.1,25.1,378.7,1395.3,4.0,22.1,0.0,0.0,323.0
2026-10-08T02:45:32.037998+00:00,7.0,1969.0,5.2,1.6,7914.1,6073.6,45.0,17880.5,14629.0,1.4,54.3,0.0,61894.1,0.0,6.0,677.0,1662.2,7.1,24.2,0.0,0.0,323.0
2026-10-08T02:45:33.049054+00:00,8.7,1969.0,6.0,1.9,9774.9,7278.6,45.0,17881.7,14627.8,1.4,54.3,0.0,418927.5,0.0,6.0,83.4,1477.6,1.0,25.8,0.0,0.0,325.0
2026-10-08T02:45:34.040509+00:00,9.9,1969.0,5.6,3.9,38786.9,24941.8,45.0,17878.2,14631.3,1.4,54.3,0.0,16459.1,0.0,3.0,2807.8,2810.8,25.1,28.1,0.0,0.0,323.0
2026-10-08T02:45:35.047905+00:00,6.5,1969.0,5.1,1.2,8442.1,6631.4,44.9,17896.5,14613.0,1.4,54.3,0.0,0.0,0.0,0.0,1758.1,798.7,5.0,10.9,0.0,0.0,323.0
2026-10-08T02:45:36.039575+00:00,6.9,1969.0,4.5,2.0,9043.7,6713.9,44.9,17897.8,14611.8,1.4,54.3,0.0,260370.7,0.0,8.1,676.0,1075.6,7.1,14.1,0.0,0.0,325.0
2026-10-08T02:45:37.046956+00:00,11.9,1969.0,7.6,3.7,38460.1,25757.5,45.0,17895.4,14614.1,1.4,54.3,0.0,4064.5,0.0,1.0,374.1,711.5,4.0,9.9,0.0,0.0,323.0
2026-10-08T02:45:38.039094+00:00,8.4,1969.0,6.3,1.7,8596.3,6562.7,45.0,17896.3,14613.2,1.4,54.3,33053.7,161136.7,1.0,14.1,66545.1,10832.6,76.7,75.7,0.0,0.0,323.0
2026-10-08T02:45:39.047941+00:00,7.9,1969.0,5.1,2.4,9269.6,6849.5,44.9,17896.8,14612.7,1.4,54.3,0.0,0.0,0.0,0.0,1677.9,1818.8,15.9,17.9,0.0,0.0,325.0
2026-10-08T02:45:40.040053+00:00,10.9,1969.0,6.8,3.9,38822.1,25352.8,44.9,17896.7,14612.8,1.4,54.3,0.0,49491.3,0.0,10.1,30203.0,16826.3,57.4,60.4,0.0,0.0,323.0
2026-10-08T02:45:41.048926+00:00,7.4,1969.0,5.9,1.2,8741.0,6620.5,44.9,17897.1,14612.4,1.4,54.3,0.0,260120.5,0.0,6.0,934.7,1843.7,8.9,13.9,0.0,0.0,323.0
2026-10-08T02:45:42.041741+00:00,6.8,1969.0,5.8,0.9,9027.6,6705.9,45.0,17889.7,14619.8,1.4,54.3,0.0,140329.6,0.0,2.0,1075.2,1696.9,11.1,21.2,0.0,0.0,325.0
2026-10-08T02:45:43.049517+00:00,10.3,1969.0,6.5,3.4,38250.5,24621.5,45.0,17894.7,14614.8,1.4,54.3,0.0,137928.1,0.0,5.0,5275.9,1010.2,7.9,11.9,0.0,0.0,323.0
2026-10-08T02:45:44.041263+00:00,7.3,1969.0,5.4,1.6,8010.5,6043.4,44.9,17899.1,14610.4,1.4,54.3,0.0,4129.8,0.0,1.0,647.3,714.8,7.1,9.1,0.0,0.0,323.0
2026-10-08T02:45:45.052723+00:00,8.9,1969.0,7.5,1.3,9656.1,7186.5,44.9,17900.9,14608.7,1.4,54.3,0.0,28448.5,0.0,3.0,2090.6,4179.2,8.9,11.9,0.0,0.0,325.0
2026-10-08T02:45:46.045616+00:00,9.9,1969.0,5.8,3.6,38207.7,25427.9,44.9,17897.4,14612.1,1.4,54.3,0.0,12349.6,0.0,3.0,1108.5,1454.3,10.1,16.1,0.0,0.0,323.0
2026-10-08T02:45:47.037105+00:00,6.8,1969.0,5.4,1.2,8108.7,6083.3,45.0,17889.2,14620.3,1.4,54.3,0.0,12382.2,0.0,2.0,84.6,201.5,1.0,3.0,0.0,0.0,323.0
2026-10-08T02:45:48.045832+00:00,10.6,1969.0,6.5,3.6,9410.7,7058.5,44.9,17900.3,14609.2,1.4,54.3,0.0,8130.4,0.0,2.0,458.5,573.7,5.0,6.9,0.0,0.0,325.0
2026-10-08T02:45:49.037208+00:00,11.9,1969.0,7.5,3.9,39001.4,25768.1,44.9,17897.9,14611.6,1.4,54.3,0.0,8245.1,0.0,1.0,977.3,1151.4,7.0,9.1,0.0,0.0,323.0
2026-10-08T02:45:50.045200+00:00,6.7,1969.0,4.9,1.3,7604.3,5912.3,44.9,17902.0,14607.5,1.4,54.3,0.0,0.0,0.0,0.0,3719.7,1659.1,11.9,18.9,0.0,0.0,323.0
2026-10-08T02:45:51.042427+00:00,9.4,1969.0,5.8,2.9,8926.9,6592.5,45.0,17894.0,14615.5,1.4,54.3,0.0,8250.1,0.0,2.0,1223.6,19801.5,12.1,29.2,0.0,0.0,327.0
2026-10-08T02:45:52.050073+00:00,11.4,1969.0,6.6,4.2,39757.4,25826.0,44.9,17902.2,14607.3,1.4,54.3,0.0,153743.0,0.0,4.9,1242.6,1347.3,12.8,14.8,0.0,0.0,323.0
2026-10-08T02:45:53.042325+00:00,13.6,1969.0,8.4,4.5,8328.4,6324.9,44.9,17904.8,14604.7,1.4,54.3,0.0,111507.4,0.0,4.0,1394.4,1614.3,14.1,17.1,0.0,0.0,323.0
2026-10-08T02:45:54.050813+00:00,8.9,1969.0,6.3,2.3,8409.4,6372.2,44.9,17904.5,14605.0,1.4,54.3,0.0,0.0,0.0,0.0,1083.0,1463.9,10.9,16.9,0.0,0.0,325.0
2026-10-08T02:45:55.041430+00:00,14.3,1969.0,7.4,5.4,39193.2,25958.8,44.9,17900.7,14608.8,1.4,54.3,0.0,12382.8,0.0,2.0,2085.0,1493.4,8.1,20.2,0.0,0.0,323.0
2026-10-08T02:45:56.049539+00:00,7.7,1969.0,5.8,1.6,8375.0,6249.7,44.9,17902.7,14606.8,1.4,54.3,0.0,223729.8,0.0,4.0,1219.6,1529.4,10.9,15.9,0.0,0.0,323.0
2026-10-08T02:45:57.041996+00:00,8.5,1969.0,6.7,1.3,10705.1,8489.3,44.9,17903.5,14606.0,1.4,54.3,297443.8,4073327.3,18.2,645.5,339.9,852.3,4.0,13.1,0.0,0.0,325.0
2026-10-08T02:45:58.050239+00:00,9.7,1969.0,6.2,3.4,38777.7,25782.1,44.9,17899.5,14610.0,1.4,54.3,0.0,105526.5,0.0,3.0,83.2,586.6,1.0,9.9,0.0,0.0,323.0
2026-10-08T02:45:59.042020+00:00,13.1,1969.0,6.9,5.2,9055.0,6923.1,44.9,17901.3,14608.2,1.4,54.3,0.0,24784.0,0.0,4.0,16573.1,46231.0,73.6,111.9,0.0,0.0,323.0
2026-10-08T02:46:00.053412+00:00,10.8,1969.0,6.9,3.6,9358.0,7346.2,44.9,17898.6,14610.9,1.4,54.3,0.0,12183.8,0.0,2.0,17722.4,10160.1,38.7,60.5,0.0,0.0,325.0
2026-10-08T02:46:01.045991+00:00,13.0,1969.0,7.4,5.1,39691.7,25395.8,45.0,17890.1,14619.4,1.4,54.3,0.0,242954.0,0.0,9.0,84.4,538.9,1.0,9.0,0.0,0.0,323.0
2026-10-08T02:46:02.037186+00:00,6.7,1969.0,5.2,1.3,8523.6,6243.1,44.9,17899.4,14610.1,1.4,54.3,0.0,0.0,0.0,0.0,524.8,1859.4,5.0,27.2,0.0,0.0,323.0
2026-10-08T02:46:03.046197+00:00,6.8,1969.0,5.4,1.2,9156.5,6920.7,44.9,17899.4,14610.1,1.4,54.3,0.0,150524.2,0.0,3.0,56268.8,20224.9,77.5,82.4,0.0,0.0,325.0
2026-10-08T02:46:04.038698+00:00,12.2,1969.0,7.5,4.6,40519.5,26788.3,45.0,17894.9,14614.6,1.4,54.3,0.0,57715.1,0.0,8.1,1617.4,2360.2,13.1,22.1,0.0,0.0,323.0
2026-10-08T02:46:05.046748+00:00,6.9,1969.0,5.9,0.8,8506.6,6563.5,44.9,17899.1,14610.5,1.4,54.3,60942.9,0.0,4.0,0.0,1845.0,1202.2,6.0,13.9,0.0,0.0,323.0
2026-10-08T02:46:06.040436+00:00,8.4,1969.0,5.7,2.2,8094.2,6238.6,44.9,17902.9,14606.6,1.4,54.3,0.0,16504.6,0.0,3.0,586.3,867.3,6.0,12.1,0.0,0.0,325.0
2026-10-08T02:46:07.048756+00:00,12.2,1969.0,7.5,3.9,39316.2,26159.3,44.9,17900.3,14609.2,1.4,54.3,0.0,4055.0,0.0,1.0,750.4,980.1,7.9,11.9,0.0,0.0,323.0
2026-10-08T02:46:08.040981+00:00,7.8,1969.0,5.5,2.0,8529.7,6476.1,44.9,17901.1,14608.4,1.4,54.3,33033.9,260142.0,2.0,15.1,719.8,1155.3,8.1,15.1,0.0,0.0,323.0
2026-10-08T02:46:09.051106+00:00,9.3,1969.0,6.8,1.9,8577.4,6572.7,44.9,17901.0,14608.5,1.4,54.3,0.0,0.0,0.0,0.0,1372.5,1922.3,13.9,22.8,0.0,0.0,325.0
2026-10-08T02:46:10.043423+00:00,12.9,1969.0,7.5,4.6,39931.1,26816.9,44.9,17899.9,14609.7,1.4,54.3,0.0,115358.5,0.0,12.1,1782.4,697.1,5.0,9.1,0.0,0.0,323.0
2026-10-08T02:46:11.050131+00:00,8.3,1969.0,6.1,1.9,8211.4,6235.4,44.9,17902.2,14607.3,1.4,54.3,0.0,77198.0,0.0,9.9,915.6,1519.7,9.9,16.9,0.0,0.0,323.0
2026-10-08T02:46:12.044202+00:00,9.5,1969.0,6.2,3.0,8376.5,6400.9,45.0,17892.7,14616.8,1.4,54.3,0.0,148779.1,0.0,2.0,899.0,2017.9,8.1,20.2,0.0,0.0,325.0
2026-10-08T02:46:13.035427+00:00,14.9,1969.0,9.3,4.9,39556.0,24653.7,44.9,17898.5,14611.0,1.4,54.3,0.0,20595.0,0.0,3.0,5696.8,1400.8,11.1,17.1,0.0,0.0,323.0
2026-10-08T02:46:14.045616+00:00,14.5,1969.0,8.5,5.2,8467.1,6434.3,44.9,17898.6,14610.9,1.4,54.3,0.0,227791.7,0.0,49.7,2087.5,5558.3,21.8,26.8,0.0,0.0,323.0
2026-10-08T02:46:15.039334+00:00,9.5,1969.0,6.4,2.9,10595.2,8678.6,44.9,17909.2,14600.3,1.4,54.3,0.0,65935.8,0.0,8.0,1782.8,733.4,5.0,9.1,0.0,0.0,325.0
2026-10-08T02:46:16.047395+00:00,12.5,1969.0,7.0,4.9,39562.5,25918.8,44.9,17907.3,14602.2,1.4,54.3,0.0,332622.5,0.0,14.9,373.4,745.7,4.0,9.9,0.0,0.0,323.0
2026-10-08T02:46:17.040093+00:00,9.1,1969.0,7.3,1.6,8512.9,6452.5,44.9,17910.9,14598.6,1.4,54.3,0.0,8254.0,0.0,2.0,1111.3,1607.1,10.1,18.1,0.0,0.0,323.0
2026-10-08T02:46:18.049059+00:00,6.7,1969.0,5.9,0.7,9342.8,6940.8,44.9,17911.2,14598.3,1.4,54.3,0.0,81274.1,0.0,4.0,334.3,762.9,4.0,10.9,0.0,0.0,325.0
2026-10-08T02:46:19.040962+00:00,10.5,1969.0,6.4,3.9,39470.4,26558.5,44.9,17908.5,14601.0,1.4,54.3,0.0,8246.2,0.0,2.0,927.1,5190.1,7.0,78.5,0.0,0.0,323.0
2026-10-08T02:46:20.049000+00:00,6.9,1969.0,4.9,1.5,8329.9,6591.7,44.9,17911.3,14598.3,1.4,54.3,0.0,24367.9,0.0,3.0,17513.5,12415.0,36.7,167.6,0.0,0.0,323.0
2026-10-08T02:46:21.042529+00:00,8.1,1969.0,6.9,1.2,9020.0,6690.1,44.9,17900.2,14609.3,1.4,54.3,0.0,235588.2,0.0,4.0,380.4,14208.6,4.0,250.2,0.0,0.0,325.0
2026-10-08T02:46:22.051250+00:00,10.2,1969.0,6.5,3.2,38676.2,24814.1,44.9,17905.6,14603.9,1.4,54.3,0.0,20272.5,0.0,3.0,1525.4,15752.8,15.8,270.2,0.0,0.0,323.0
2026-10-08T02:46:23.045521+00:00,8.1,1969.0,5.6,2.0,8363.9,6376.6,44.9,17909.4,14600.1,1.4,54.3,0.0,152811.6,0.0,5.0,2550.0,6434.0,24.2,91.8,0.0,0.0,323.0
2026-10-08T02:46:24.041608+00:00,7.0,1969.0,5.8,1.0,8268.5,6294.3,44.9,17910.6,14598.9,1.4,54.3,0.0,0.0,0.0,0.0,381.0,913.7,4.0,13.1,0.0,0.0,325.0
2026-10-08T02:46:25.047889+00:00,15.7,1969.0,9.1,5.8,43112.2,28323.3,45.0,17875.3,14634.3,1.4,54.3,0.0,121377.2,0.0,8.9,2729.2,1541.9,12.8,12.8,0.0,0.0,325.0
2026-10-08T02:46:26.043284+00:00,7.9,1969.0,5.3,2.3,8545.9,6428.9,45.0,17880.9,14628.6,1.4,54.3,0.0,28946.1,0.0,6.1,84.8,201.9,1.0,3.0,0.0,0.0,325.0
2026-10-08T02:46:27.051952+00:00,6.0,1969.0,4.7,1.0,8490.5,6411.6,45.0,17883.6,14625.9,1.4,54.3,52686.2,0.0,3.0,0.0,83.1,253.3,1.0,4.0,0.0,0.0,327.0
2026-10-08T02:46:28.046045+00:00,13.1,1969.0,7.5,4.9,39363.8,25797.4,45.0,17882.6,14627.0,1.4,54.3,0.0,115500.1,0.0,3.0,969.8,1255.8,10.1,15.1,0.0,0.0,325.0
2026-10-08T02:46:29.037328+00:00,11.6,1969.0,7.8,2.7,12893.2,9312.1,45.1,17840.1,14669.4,1.4,54.3,329525.3,12357.2,10.1,2.0,677.8,895.0,7.0,10.1,0.0,0.0,325.0
2026-10-08T02:46:30.045677+00:00,13.1,1969.0,7.0,5.3,14102.1,10346.7,45.2,17805.6,14703.9,1.4,54.3,451329.4,317150.4,13.9,67.5,1802.7,989.7,6.0,13.9,0.0,0.0,328.0
2026-10-08T02:46:31.037754+00:00,15.3,1969.0,9.3,4.7,42619.6,28331.8,45.2,17800.4,14709.1,1.4,54.3,235364.0,16516.8,8.1,2.0,84.7,427.4,1.0,7.1,0.0,0.0,326.0
2026-10-08T02:46:32.044759+00:00,9.9,1969.0,7.8,1.8,10235.5,7710.9,45.3,17782.7,14726.8,1.4,54.3,32506.0,40632.5,1.0,2.0,498.0,2228.0,5.0,18.8,0.0,0.0,326.0
2026-10-08T02:46:33.038788+00:00,9.4,1969.0,6.3,2.4,11227.8,8389.1,45.3,17776.6,14732.9,1.4,54.3,0.0,417631.7,0.0,16.2,382.6,910.6,4.0,12.1,0.0,0.0,328.0
2026-10-08T02:46:34.048961+00:00,14.1,1969.0,6.7,6.4,41673.5,27623.1,45.3,17772.7,14736.8,1.4,54.3,0.0,16203.4,0.0,4.0,1161.1,1710.9,9.9,14.8,0.0,0.0,328.0
2026-10-08T02:46:35.045054+00:00,9.0,1969.0,5.4,2.9,12728.2,9661.6,45.3,17784.5,14725.0,1.4,54.3,0.0,0.0,0.0,0.0,1964.5,910.8,7.0,13.1,0.0,0.0,326.0
2026-10-08T02:46:36.041158+00:00,7.2,1969.0,5.0,1.9,11143.5,8579.7,45.3,17790.1,14719.4,1.4,54.3,65840.5,275707.0,1.0,8.0,378.8,5769.7,4.0,129.6,0.0,0.0,328.0
2026-10-08T02:46:37.048530+00:00,13.1,1969.0,8.5,4.2,42453.2,27828.1,45.2,17803.6,14705.9,1.4,54.3,0.0,4045.1,0.0,1.0,1199.9,9167.7,11.9,196.5,0.0,0.0,326.0
2026-10-08T02:46:38.041776+00:00,9.7,1969.0,6.4,2.8,11570.9,8613.4,45.2,17804.9,14704.6,1.4,54.3,16521.0,198251.9,1.0,15.1,65239.0,16221.5,63.5,226.9,0.0,0.0,326.0
2026-10-08T02:46:39.050072+00:00,11.3,1969.0,7.1,3.1,18640.9,12688.3,45.2,17807.0,14702.5,1.4,54.3,0.0,0.0,0.0,0.0,1496.8,6337.2,14.9,128.9,0.0,0.0,328.0
2026-10-08T02:46:40.046727+00:00,11.9,1969.0,7.4,3.8,41374.9,27855.1,45.2,17805.6,14703.9,1.4,54.3,0.0,65993.5,0.0,11.1,17644.3,5112.4,35.2,41.3,0.0,0.0,326.0
2026-10-08T02:46:41.037340+00:00,8.8,1969.0,7.6,1.0,9832.8,7415.6,45.2,17807.2,14702.3,1.4,54.3,0.0,283831.6,0.0,4.0,813.5,1046.5,7.0,11.0,0.0,0.0,326.0
2026-10-08T02:46:42.048981+00:00,9.1,1969.0,6.9,1.8,12410.1,9040.7,45.3,17798.4,14711.1,1.4,54.3,0.0,154565.9,0.0,4.0,517.4,1348.6,5.0,13.9,0.0,0.0,328.0
2026-10-08T02:46:43.044343+00:00,13.9,1969.0,7.7,5.3,45108.8,29370.7,45.2,17807.1,14702.4,1.4,54.3,0.0,78137.2,0.0,5.0,5308.3,1458.8,7.0,13.1,0.0,0.0,326.0
2026-10-08T02:46:44.035501+00:00,11.7,1969.0,7.6,3.3,18490.5,12726.6,45.2,17810.4,14699.1,1.4,54.3,0.0,4115.9,0.0,1.0,970.7,1745.4,10.0,15.1,0.0,0.0,326.0
2026-10-08T02:46:45.045132+00:00,7.9,1969.0,5.3,1.9,12109.6,9056.4,45.2,17819.1,14690.4,1.4,54.3,0.0,162679.8,0.0,26.8,2341.3,4536.6,10.9,15.9,0.0,0.0,328.0
2026-10-08T02:46:46.035997+00:00,11.5,1969.0,6.6,4.1,45175.6,29333.1,45.2,17816.6,14692.9,1.4,54.3,325773.0,346391.5,12.1,75.5,84.6,755.1,1.0,5.0,0.0,0.0,326.0
2026-10-08T02:46:47.044236+00:00,11.6,1969.0,8.2,3.2,12212.8,8888.5,45.3,17787.7,14721.8,1.4,54.3,500237.1,16267.9,17.9,2.0,374.3,378.3,4.0,4.0,0.0,0.0,326.0
2026-10-08T02:46:48.039054+00:00,11.4,1969.0,7.6,3.3,14676.9,10337.4,45.3,17776.0,14733.5,1.4,54.3,16507.6,144441.6,1.0,8.1,99069.9,8278.0,96.7,73.6,0.0,0.0,328.0
2026-10-08T02:46:49.046293+00:00,17.9,1969.0,8.1,7.8,40950.0,27650.4,45.3,17769.5,14740.0,1.4,54.3,16218.8,40547.1,1.0,4.0,961.2,1142.4,6.9,9.9,0.0,0.0,326.0
2026-10-08T02:46:50.044691+00:00,13.9,1969.0,6.5,5.6,13637.8,10119.2,45.3,17767.3,14742.2,1.4,54.3,0.0,260239.0,0.0,17.1,3480.3,1468.4,9.1,17.1,0.0,0.0,326.0
2026-10-08T02:46:51.038964+00:00,10.1,1969.0,6.8,3.0,10098.1,7426.8,45.4,17757.2,14752.3,1.4,54.3,0.0,8208.4,0.0,2.0,1010.0,19364.6,10.0,25.0,0.0,0.0,328.0
2026-10-08T02:46:52.046459+00:00,15.0,1969.0,8.9,4.9,43467.6,28662.4,45.4,17734.4,14775.1,1.4,54.3,162133.9,85120.3,4.9,11.9,865.9,1247.9,8.9,15.8,0.0,0.0,326.0
2026-10-08T02:46:53.038548+00:00,7.6,1969.0,5.6,1.9,11098.5,8619.8,45.5,17730.4,14779.1,1.4,54.3,0.0,194129.7,0.0,13.1,99022.2,6367.1,95.8,65.5,0.0,0.0,326.0
2026-10-08T02:46:54.046401+00:00,6.9,1969.0,5.8,0.9,8200.0,6147.0,45.5,17721.2,14788.3,1.4,54.3,0.0,0.0,0.0,0.0,3027.4,4054.3,29.8,34.7,0.0,0.0,328.0
2026-10-08T02:46:55.039090+00:00,12.6,1969.0,8.0,3.8,47728.0,31239.2,45.5,17714.5,14795.0,1.4,54.3,0.0,8256.0,0.0,2.0,1785.8,867.7,5.0,12.1,0.0,0.0,326.0
2026-10-08T02:46:56.047033+00:00,11.8,1969.0,6.4,4.6,16939.3,11918.6,45.5,17705.6,14803.9,1.4,54.3,0.0,231522.2,0.0,5.0,666.4,835.0,6.9,9.9,0.0,0.0,326.0
2026-10-08T02:46:57.043237+00:00,10.3,1969.0,6.7,2.9,17440.2,11711.9,45.6,17695.8,14813.7,1.4,54.3,0.0,0.0,0.0,0.0,84.7,484.0,1.0,8.1,0.0,0.0,328.0
2026-10-08T02:46:58.050215+00:00,11.6,1969.0,7.0,4.2,43855.1,28937.9,45.6,17695.8,14813.7,1.4,54.3,0.0,109195.5,0.0,3.0,372.2,707.9,3.9,9.9,0.0,0.0,326.0
2026-10-08T02:46:59.042476+00:00,9.7,1969.0,6.6,2.0,13747.4,10011.7,45.5,17710.8,14798.7,1.4,54.3,0.0,33084.2,0.0,7.1,678.5,854.2,7.1,9.1,0.0,0.0,326.0
2026-10-08T02:47:00.052860+00:00,11.3,1969.0,6.7,3.8,11422.7,8710.3,45.6,17701.3,14808.2,1.4,54.3,0.0,60931.7,0.0,10.9,29617.0,14511.0,64.5,70.4,0.0,0.0,327.0
2026-10-08T02:47:01.044082+00:00,16.2,1969.0,9.5,6.1,43151.7,28667.6,45.6,17686.3,14823.2,1.4,54.3,0.0,259428.7,0.0,5.0,12148.7,16564.2,36.2,46.2,0.0,0.0,325.0
2026-10-08T02:47:02.035955+00:00,11.4,1969.0,6.9,3.9,8662.3,6718.5,45.6,17697.2,14812.3,1.4,54.3,0.0,4133.8,0.0,1.0,525.8,958.8,5.0,11.1,0.0,0.0,325.0
2026-10-08T02:47:03.045669+00:00,6.9,1969.0,4.9,1.5,9021.6,6774.2,45.6,17699.2,14810.3,1.4,54.3,0.0,556564.1,0.0,70.4,83.3,420.5,1.0,6.9,0.0,0.0,327.0
2026-10-08T02:47:04.038050+00:00,12.9,1969.0,8.1,4.5,39968.4,27100.0,45.6,17696.7,14812.8,1.4,54.3,0.0,16483.2,0.0,3.0,100442.2,16477.1,107.6,194.2,0.0,0.0,325.0
2026-10-08T02:47:05.045738+00:00,8.8,1969.0,5.7,2.3,8851.1,6763.7,45.5,17703.4,14806.1,1.4,54.3,154498.0,4065.7,8.9,1.0,2479.5,14900.1,10.9,255.1,0.0,0.0,324.0
2026-10-08T02:47:06.039731+00:00,7.7,1969.0,5.4,1.8,8216.4,6333.5,45.5,17708.5,14801.0,1.4,54.3,0.0,20631.6,0.0,4.0,802.9,10294.6,8.1,177.3,0.0,0.0,326.0
2026-10-08T02:47:07.046758+00:00,13.3,1969.0,8.2,4.4,38795.2,26549.9,45.5,17710.5,14799.0,1.4,54.3,0.0,4057.0,0.0,1.0,44590.5,7456.3,55.5,71.3,0.0,0.0,324.0
2026-10-08T02:47:08.038883+00:00,13.5,1969.0,7.8,4.7,11755.1,8530.3,45.6,17700.9,14808.7,1.4,54.3,0.0,132254.7,0.0,9.1,1945.4,2554.8,19.2,27.2,0.0,0.0,324.0
2026-10-08T02:47:09.048064+00:00,15.0,1969.0,7.5,6.0,10343.6,7757.2,45.6,17699.9,14809.6,1.4,54.3,0.0,0.0,0.0,0.0,96910.0,8407.0,88.3,80.4,0.0,0.0,326.0
2026-10-08T02:47:10.044333+00:00,15.6,1969.0,10.1,4.9,41857.2,28905.9,45.6,17691.1,14818.4,1.4,54.3,0.0,16490.1,0.0,2.0,2245.4,1883.1,9.1,15.1,0.0,0.0,324.0
2026-10-08T02:47:11.035765+00:00,10.4,1969.0,6.6,3.0,14328.5,10173.6,45.6,17695.1,14814.4,1.4,54.3,0.0,82215.7,0.0,11.0,176.6,457.6,2.0,7.0,0.0,0.0,324.0
2026-10-08T02:47:12.046304+00:00,8.7,1969.0,6.4,2.0,10420.9,7857.6,45.6,17683.6,14825.9,1.4,54.3,0.0,146387.2,0.0,3.0,728.7,955.0,6.9,8.9,0.0,0.0,326.0
2026-10-08T02:47:13.039414+00:00,16.7,1969.0,9.9,5.7,42905.3,28562.6,45.6,17686.6,14822.9,1.4,54.3,0.0,144170.8,0.0,6.0,5316.9,827.7,7.0,9.1,0.0,0.0,324.0
2026-10-08T02:47:14.045840+00:00,10.3,1969.0,7.0,2.7,11289.7,8402.8,45.6,17701.2,14808.3,1.4,54.3,40620.8,52807.0,3.0,8.9,1371.5,5079.6,13.9,19.8,0.0,0.0,324.0
2026-10-08T02:47:15.041334+00:00,10.3,1969.0,6.5,3.0,11801.9,9766.5,45.6,17693.0,14816.5,1.4,54.3,0.0,70232.3,0.0,6.1,198428.1,15945.3,179.5,142.2,0.0,0.0,326.0
2026-10-08T02:47:16.047639+00:00,11.0,1969.0,7.2,3.3,41232.7,28072.8,45.6,17688.0,14821.5,1.4,54.3,0.0,239082.2,0.0,4.9,990.3,1705.6,9.9,18.8,0.0,0.0,324.0
2026-10-08T02:47:17.040811+00:00,11.6,1969.0,7.6,2.9,11175.8,8804.5,45.6,17686.0,14823.5,1.4,54.3,0.0,12404.3,0.0,2.0,84.8,371.5,1.0,6.1,0.0,0.0,326.0
2026-10-08T02:47:18.051068+00:00,8.8,1969.0,5.5,2.3,11394.6,8573.2,45.6,17700.8,14808.7,1.4,54.3,0.0,16231.1,0.0,3.0,624.1,1198.7,6.9,15.9,0.0,0.0,326.0
2026-10-08T02:47:19.042059+00:00,16.1,1969.0,9.7,5.2,44587.5,29742.1,45.6,17691.8,14817.8,1.4,54.3,0.0,230765.5,0.0,51.3,631.8,1257.6,4.0,13.1,0.0,0.0,324.0
2026-10-08T02:47:20.054720+00:00,9.5,1969.0,6.6,2.2,13486.1,10136.7,45.6,17688.7,14820.8,1.4,54.3,109819.5,24404.3,5.0,3.0,65881.6,8196.3,79.4,65.5,0.0,0.0,324.0
2026-10-08T02:47:21.048279+00:00,9.9,1969.0,6.5,2.6,13598.2,9804.3,45.6,17678.4,14831.1,1.4,54.3,0.0,263172.7,0.0,7.0,378.5,587.3,4.0,7.0,0.0,0.0,326.0
2026-10-08T02:47:22.039454+00:00,15.2,1969.0,7.8,6.2,48182.7,31185.0,45.6,17690.1,14819.4,1.4,54.3,370947.3,107162.6,12.1,9.1,1660.3,1923.0,16.1,19.1,0.0,0.0,324.0
2026-10-08T02:47:23.048154+00:00,11.0,1969.0,8.4,2.2,10805.6,7930.9,45.6,17682.2,14827.3,1.4,54.3,150487.6,203361.6,5.0,6.0,958.2,1131.0,9.9,11.9,0.0,0.0,324.0
2026-10-08T02:47:24.041672+00:00,9.3,1969.0,6.2,2.3,11928.0,8435.7,45.6,17681.4,14828.1,1.4,54.3,0.0,0.0,0.0,0.0,381.7,633.4,4.0,8.1,0.0,0.0,326.0
2026-10-08T02:47:25.049074+00:00,9.6,1969.0,6.6,2.8,38322.0,24676.1,45.5,17705.7,14803.9,1.4,54.3,16238.7,64954.6,1.0,6.9,50877.6,5835.8,56.5,60.5,0.0,0.0,323.0
2026-10-08T02:47:26.041243+00:00,7.7,1969.0,5.6,1.6,9552.0,6785.5,45.5,17709.7,14799.8,1.4,54.3,0.0,33048.2,0.0,6.1,931.9,2653.5,9.1,23.2,0.0,0.0,323.0
2026-10-08T02:47:27.054254+00:00,7.2,1969.0,5.4,1.4,8853.7,6598.1,45.5,17712.5,14797.1,1.4,54.3,0.0,0.0,0.0,0.0,83.3,587.2,1.0,9.9,0.0,0.0,325.0
2026-10-08T02:47:28.050417+00:00,10.3,1969.0,7.4,2.7,38370.1,24990.7,45.5,17709.8,14799.7,1.4,54.3,0.0,4107.8,0.0,1.0,503.4,1037.0,5.0,14.0,0.0,0.0,323.0
2026-10-08T02:47:29.042280+00:00,6.8,1969.0,5.1,1.6,7762.3,5776.8,45.5,17714.1,14795.5,1.4,54.3,0.0,20557.6,0.0,4.0,1176.4,1874.1,12.0,25.1,0.0,0.0,323.0
2026-10-08T02:47:30.052600+00:00,9.7,1969.0,6.2,3.0,9790.6,7228.6,45.5,17715.4,14794.1,1.4,54.3,0.0,191020.6,0.0,20.8,2511.4,1861.5,11.9,22.8,0.0,0.0,325.0
2026-10-08T02:47:31.044230+00:00,11.3,1969.0,6.3,4.5,38074.8,25133.1,45.4,17734.3,14775.2,1.4,54.3,0.0,4119.8,0.0,1.0,84.5,482.8,1.0,8.0,0.0,0.0,323.0
2026-10-08T02:47:32.037171+00:00,7.1,1969.0,5.2,1.7,7951.3,5901.0,45.4,17738.6,14770.9,1.4,54.3,0.0,0.0,0.0,0.0,84.6,652.9,1.0,11.1,0.0,0.0,323.0
2026-10-08T02:47:33.046724+00:00,6.7,1969.0,5.3,1.2,9380.8,6853.4,45.4,17740.4,14769.2,1.4,54.3,0.0,219308.1,0.0,5.0,373.8,1488.3,4.0,23.8,0.0,0.0,325.0
2026-10-08T02:47:34.038268+00:00,12.0,1969.0,6.4,4.7,39181.0,25738.7,45.4,17749.6,14759.9,1.4,54.3,0.0,16498.5,0.0,3.0,2411.7,3173.0,20.1,30.2,0.0,0.0,323.0
2026-10-08T02:47:35.045914+00:00,7.2,1969.0,5.8,1.4,8005.5,6294.7,45.3,17778.1,14731.4,1.4,54.3,0.0,0.0,0.0,0.0,1758.5,1076.7,5.0,15.9,0.0,0.0,323.0
2026-10-08T02:47:36.040693+00:00,6.8,1969.0,5.4,1.3,9517.5,6955.3,45.3,17778.8,14730.7,1.4,54.3,0.0,487346.2,0.0,60.5,380.1,1118.2,4.0,17.1,0.0,0.0,325.0
2026-10-08T02:47:37.047644+00:00,11.5,1969.0,6.8,4.1,37381.0,25009.0,45.3,17779.0,14730.5,1.4,54.3,0.0,8104.2,0.0,1.0,786.5,1265.3,7.9,15.8,0.0,0.0,323.0
2026-10-08T02:47:38.038433+00:00,7.9,1969.0,5.7,2.0,8941.1,6681.1,45.4,17761.1,14748.5,1.4,54.3,16530.2,264482.9,1.0,16.1,64684.0,7786.9,57.5,43.4,0.0,0.0,323.0
2026-10-08T02:47:39.050739+00:00,7.5,1969.0,5.3,1.9,8885.0,6553.2,45.4,17752.3,14757.2,1.4,54.3,0.0,0.0,0.0,0.0,1415.8,1868.8,14.9,21.9,0.0,0.0,325.0
2026-10-08T02:47:40.041081+00:00,13.0,1969.0,7.6,4.6,38239.0,25145.9,45.4,17740.6,14768.9,1.4,54.3,0.0,4113.0,0.0,1.0,17790.5,5351.1,37.2,38.2,0.0,0.0,323.0
2026-10-08T02:47:41.049393+00:00,9.2,1969.0,5.8,2.8,8318.1,6171.3,45.4,17737.2,14772.3,1.4,54.3,0.0,219629.0,0.0,3.0,376.3,545.1,4.0,7.0,0.0,0.0,323.0
2026-10-08T02:47:42.043164+00:00,7.6,1969.0,5.7,1.8,9262.3,6730.9,45.5,17722.4,14787.1,1.4,54.3,0.0,152844.3,0.0,2.0,525.4,808.8,5.0,9.1,0.0,0.0,325.0
2026-10-08T02:47:43.052108+00:00,12.1,1969.0,7.5,4.2,38718.7,25853.4,45.5,17711.7,14797.8,1.4,54.3,0.0,12163.5,0.0,3.0,5523.5,970.1,9.9,9.9,0.0,0.0,323.0
2026-10-08T02:47:44.045415+00:00,7.1,1969.0,5.6,1.2,8443.5,6224.4,45.5,17711.6,14797.9,1.4,54.3,0.0,45386.8,0.0,5.0,674.9,1299.5,7.1,18.1,0.0,0.0,323.0
2026-10-08T02:47:45.040622+00:00,7.4,1969.0,5.3,1.8,8970.7,6616.8,45.5,17711.1,14798.5,1.4,54.3,0.0,37115.2,0.0,4.0,2968.1,5174.0,17.1,21.1,0.0,0.0,325.0
2026-10-08T02:47:46.047378+00:00,9.7,1969.0,5.9,3.6,38212.9,25659.5,45.6,17694.7,14814.8,1.4,54.3,0.0,24298.0,0.0,5.9,83.0,474.6,1.0,7.9,0.0,0.0,323.0
2026-10-08T02:47:47.039751+00:00,7.2,1969.0,5.5,1.7,8122.6,5952.5,45.6,17681.0,14828.5,1.4,54.3,0.0,8264.9,0.0,2.0,84.7,258.3,1.0,4.0,0.0,0.0,323.0
2026-10-08T02:47:48.052228+00:00,8.2,1969.0,5.5,2.3,9523.3,6858.1,45.6,17682.9,14826.6,1.4,54.3,0.0,4062.9,0.0,1.0,915.5,1308.3,9.9,16.9,0.0,0.0,325.0
2026-10-08T02:47:49.043714+00:00,12.2,1969.0,7.7,4.0,38732.5,25966.8,45.7,17668.2,14841.3,1.4,54.3,0.0,82207.5,0.0,4.0,1600.6,2008.0,13.0,18.1,0.0,0.0,323.0
2026-10-08T02:47:50.052391+00:00,7.2,1969.0,4.5,1.9,7775.9,5912.8,45.7,17665.5,14844.0,1.4,54.3,0.0,44721.8,0.0,7.9,3009.5,632.3,5.0,7.9,0.0,0.0,323.0
2026-10-08T02:47:51.045448+00:00,7.6,1969.0,5.6,1.6,9185.3,6762.8,45.7,17643.0,14866.5,1.4,54.3,0.0,8251.6,0.0,2.0,1428.3,19326.5,14.1,25.2,0.0,0.0,325.0
2026-10-08T02:47:52.039423+00:00,10.9,1969.0,6.4,4.2,39434.3,26328.5,45.7,17638.6,14870.9,1.4,54.3,0.0,173245.7,0.0,37.3,676.7,1154.1,7.0,15.1,0.0,0.0,323.0
2026-10-08T02:47:53.046913+00:00,5.7,1969.0,5.0,0.7,7983.8,5976.4,45.7,17638.5,14871.0,1.4,54.3,0.0,162330.7,0.0,5.0,2091.6,2309.5,19.8,22.8,0.0,0.0,323.0
2026-10-08T02:47:54.042175+00:00,6.7,1969.0,5.6,0.9,9129.6,6705.0,45.8,17625.3,14884.2,1.4,54.3,0.0,78456.3,0.0,3.0,884.1,1135.1,9.1,13.1,0.0,0.0,325.0
2026-10-08T02:47:55.049861+00:00,9.0,1969.0,6.3,2.5,38082.9,25722.9,45.8,17610.1,14899.5,1.4,54.3,129635.2,12153.3,2.0,3.0,1839.6,998.9,5.9,11.9,0.0,0.0,322.0
2026-10-08T02:47:56.043043+00:00,7.4,1969.0,5.4,1.9,8997.5,6432.0,45.8,17607.6,14901.9,1.4,54.3,16509.7,330194.8,1.0,8.1,677.2,872.6,7.1,10.1,0.0,0.0,322.0
2026-10-08T02:47:57.052327+00:00,6.9,1969.0,5.1,1.6,8975.5,6686.2,45.9,17599.8,14909.7,1.4,54.3,0.0,0.0,0.0,0.0,83.3,531.6,1.0,8.9,0.0,0.0,324.0
2026-10-08T02:47:58.043367+00:00,9.9,1969.0,6.3,3.1,37943.6,25114.2,45.9,17585.0,14924.5,1.4,54.3,0.0,0.0,0.0,0.0,84.5,370.4,1.0,6.0,0.0,0.0,322.0
2026-10-08T02:47:59.053174+00:00,6.1,1969.0,4.6,1.0,7902.2,5876.6,45.9,17580.7,14928.8,1.4,54.3,0.0,20326.3,0.0,4.0,789.0,1297.2,7.9,15.9,0.0,0.0,322.0
2026-10-08T02:48:00.048023+00:00,8.2,1969.0,5.3,2.7,9777.8,7453.6,46.0,17563.2,14946.3,1.4,54.3,0.0,57720.4,0.0,5.0,16697.9,4998.6,27.2,38.2,0.0,0.0,324.0
2026-10-08T02:48:01.038913+00:00,14.3,1969.0,9.2,4.5,39048.3,25551.5,46.0,17540.1,14969.4,1.4,54.3,0.0,230517.2,0.0,4.0,126.6,538.7,2.0,9.0,0.0,0.0,322.0
2026-10-08T02:48:02.047050+00:00,7.8,1969.0,5.3,2.2,7998.7,5984.6,46.0,17543.9,14965.6,1.4,54.3,4069.9,0.0,1.0,0.0,1239.0,1522.2,10.9,14.9,0.0,0.0,322.0
2026-10-08T02:48:03.040038+00:00,6.8,1969.0,5.3,1.2,8467.3,6260.5,46.0,17550.9,14958.6,1.4,54.3,0.0,264148.4,0.0,3.0,84.6,258.0,1.0,4.0,0.0,0.0,324.0
2026-10-08T02:48:04.048085+00:00,11.8,1969.0,6.7,4.6,38987.2,25291.3,46.0,17547.6,14961.9,1.4,54.3,0.0,101466.3,0.0,5.9,873.0,1169.2,6.9,8.9,0.0,0.0,322.0
2026-10-08T02:48:05.039879+00:00,6.9,1969.0,5.2,1.4,8362.1,6107.5,46.0,17554.4,14955.1,1.4,54.3,0.0,0.0,0.0,0.0,2082.2,881.3,8.1,10.1,0.0,0.0,322.0
2026-10-08T02:48:06.053739+00:00,9.6,1969.0,6.4,2.7,8360.4,6186.2,46.0,17556.0,14953.5,1.4,54.3,0.0,16258.4,0.0,3.0,666.8,1248.4,6.9,16.9,0.0,0.0,324.0
2026-10-08T02:48:07.046116+00:00,10.5,1969.0,6.2,4.1,38540.6,25205.1,46.0,17555.6,14953.9,1.4,54.3,0.0,4101.4,0.0,1.0,1171.5,1760.3,11.0,20.0,0.0,0.0,322.0
2026-10-08T02:48:08.038079+00:00,10.5,1969.0,7.9,2.3,9412.7,6994.3,46.0,17545.1,14964.4,1.4,54.3,0.0,289045.8,0.0,49.4,382.1,634.1,4.0,8.1,0.0,0.0,322.0
2026-10-08T02:48:09.045664+00:00,6.4,1969.0,5.2,1.0,8245.3,6139.3,46.0,17570.1,14939.4,1.4,54.3,0.0,77236.4,0.0,3.0,374.2,711.6,4.0,9.9,0.0,0.0,324.0
2026-10-08T02:48:10.037578+00:00,10.8,1969.0,6.5,3.9,39980.1,26720.6,46.0,17570.1,14939.5,1.4,54.3,0.0,78442.2,0.0,9.1,2975.4,2033.0,17.1,22.2,0.0,0.0,322.0
2026-10-08T02:48:11.045875+00:00,6.2,1969.0,5.0,1.0,8048.0,6106.9,45.9,17581.4,14928.1,1.4,54.3,4062.7,199072.0,1.0,13.9,83.3,365.0,1.0,6.0,0.0,0.0,322.0
2026-10-08T02:48:12.041278+00:00,8.4,1969.0,5.6,2.4,8467.1,6172.1,46.0,17571.2,14938.3,1.4,54.3,0.0,152817.3,0.0,3.0,1144.5,1152.5,10.1,10.1,0.0,0.0,324.0
2026-10-08T02:48:13.048215+00:00,11.1,1969.0,7.3,3.3,39723.8,26935.9,45.9,17584.1,14925.4,1.4,54.3,0.0,28361.3,0.0,2.0,5519.5,1080.2,9.9,11.9,0.0,0.0,322.0
2026-10-08T02:48:14.038746+00:00,6.3,1969.0,5.2,1.1,8086.7,6011.8,45.9,17582.5,14927.0,1.4,54.3,0.0,12394.8,0.0,2.0,971.4,1540.3,10.1,20.2,0.0,0.0,322.0
2026-10-08T02:48:15.047254+00:00,6.7,1969.0,5.5,1.1,10325.4,8327.7,45.9,17589.0,14920.5,1.4,54.3,65072.4,223686.3,2.0,14.9,2634.2,5034.1,13.9,22.8,0.0,0.0,324.0
2026-10-08T02:48:16.038806+00:00,16.1,1969.0,10.6,5.0,44205.8,29568.3,46.1,17507.2,15002.3,1.4,54.3,0.0,466338.1,0.0,19.1,1365319.0,57870.1,1043.8,526.9,0.0,0.0,322.0
2026-10-08T02:48:17.050538+00:00,8.7,1969.0,6.6,1.9,9201.5,6913.8,46.1,17508.2,15001.3,1.4,54.3,0.0,12195.9,0.0,2.0,131466.4,36802.1,118.1,361.3,0.0,0.0,322.0
2026-10-08T02:48:18.043886+00:00,6.8,1969.0,5.6,0.9,9453.1,6875.5,46.1,17518.0,14991.5,1.4,54.3,0.0,201688.0,0.0,3.0,338.7,792.9,4.0,12.1,0.0,0.0,324.0
2026-10-08T02:48:19.036447+00:00,10.8,1969.0,7.3,3.2,40693.8,27170.5,46.1,17517.9,14991.6,1.4,54.3,0.0,82489.1,0.0,5.0,674.7,752.2,5.0,4.0,0.0,0.0,322.0
2026-10-08T02:48:20.046009+00:00,6.7,1969.0,5.3,1.2,8978.6,7038.6,46.1,17522.9,14986.6,1.4,54.3,0.0,0.0,0.0,0.0,31311.0,17655.9,71.3,72.3,0.0,0.0,322.0
2026-10-08T02:48:21.038479+00:00,13.3,1969.0,8.9,3.5,10474.1,8127.0,46.2,17487.1,15022.4,1.4,54.3,0.0,218675.9,0.0,4.0,1810497.5,109595.8,1451.5,985.2,0.0,0.0,324.0
2026-10-08T02:48:22.045151+00:00,12.4,1969.0,8.0,3.6,40201.2,27103.2,46.2,17502.7,15006.8,1.4,54.3,0.0,1010183.4,0.0,12.9,1764.0,2863.4,16.8,24.8,0.0,0.0,322.0
2026-10-08T02:48:23.037874+00:00,9.0,1969.0,6.0,2.3,8085.8,6246.9,46.1,17514.9,14994.6,1.4,54.3,0.0,190269.5,0.0,11.1,382.7,643.3,4.0,8.1,0.0,0.0,322.0
2026-10-08T02:48:24.051271+00:00,13.3,1969.0,8.2,4.4,10830.8,7852.2,46.2,17488.3,15021.2,1.4,54.3,4059.9,44659.2,1.0,4.0,1286.6,1415.4,13.9,15.9,0.0,0.0,325.0
2026-10-08T02:48:25.041478+00:00,12.8,1969.0,6.8,5.8,40266.4,27208.5,46.2,17490.9,15018.6,1.4,54.3,41095.2,435608.8,4.0,91.3,1779.9,775.6,5.0,10.0,0.0,0.0,323.0
2026-10-08T02:48:26.049857+00:00,16.6,1969.0,11.7,4.2,13931.7,9734.8,46.3,17469.1,15040.4,1.4,54.3,158681.7,1070084.0,3.0,17.9,1495084.7,67011.4,1187.1,600.0,0.0,0.0,323.0
2026-10-08T02:48:27.044981+00:00,8.3,1969.0,6.4,1.8,9653.1,7233.5,46.3,17473.5,15036.0,1.4,54.3,0.0,132086.3,0.0,4.0,2418889.0,139002.4,1954.0,1268.7,0.0,0.0,325.0
2026-10-08T02:48:28.037234+00:00,14.0,1969.0,8.8,4.7,40246.2,26748.1,46.3,17472.2,15037.3,1.4,54.3,0.0,0.0,0.0,0.0,330247.5,36431.5,298.5,353.7,0.0,0.0,323.0
2026-10-08T02:48:29.046196+00:00,11.5,1969.0,8.2,2.8,10116.5,7846.5,46.3,17447.6,15061.9,1.4,54.3,16248.3,93427.5,1.0,5.0,2201170.1,93997.8,1759.3,823.1,0.0,0.0,323.0
2026-10-08T02:48:30.037445+00:00,12.2,1969.0,9.1,2.7,10822.4,7668.2,46.3,17449.7,15059.8,1.4,54.3,0.0,1085914.0,0.0,18.1,221908.9,34965.0,215.7,325.6,0.0,0.0,325.0
2026-10-08T02:48:31.045407+00:00,14.4,1969.0,8.1,5.3,41489.7,27555.6,46.4,17412.5,15097.0,1.4,54.3,0.0,162546.0,0.0,5.0,303630.9,31527.0,317.5,210.3,0.0,0.0,324.0
2026-10-08T02:48:32.040496+00:00,9.3,1969.0,8.0,1.1,10450.2,7738.9,46.5,17394.6,15114.9,1.4,54.3,0.0,0.0,0.0,0.0,304991.2,35492.3,301.4,263.1,0.0,0.0,325.0
2026-10-08T02:48:33.052604+00:00,7.6,1969.0,5.6,1.7,9442.7,7053.0,46.5,17398.4,15111.1,1.4,54.3,20264.6,174276.0,1.0,6.9,215360.4,19126.7,197.9,163.3,0.0,0.0,327.0
2026-10-08T02:48:34.043091+00:00,11.8,1969.0,8.6,3.0,40667.3,27761.9,46.5,17394.9,15114.6,1.4,54.3,0.0,74034.3,0.0,7.0,293055.5,24559.6,282.2,223.9,0.0,0.0,325.0
2026-10-08T02:48:35.050521+00:00,6.8,1969.0,5.6,1.0,8378.6,6550.9,46.5,17400.5,15109.1,1.4,54.3,0.0,0.0,0.0,0.0,216555.9,16502.0,189.7,151.0,0.0,0.0,325.0
2026-10-08T02:48:36.044136+00:00,7.2,1969.0,5.1,1.8,8903.6,6697.6,46.5,17401.0,15108.5,1.4,54.3,0.0,317985.4,0.0,7.1,247872.5,21732.2,223.8,204.7,0.0,0.0,327.0
2026-10-08T02:48:37.035266+00:00,10.4,1969.0,6.7,3.6,39507.0,26922.7,46.4,17416.7,15092.8,1.4,54.3,0.0,4124.3,0.0,1.0,1768.1,2382.3,18.1,21.1,0.0,0.0,325.0
2026-10-08T02:48:38.042596+00:00,8.4,1969.0,5.7,2.0,8805.2,6738.4,46.4,17415.8,15093.7,1.4,54.3,16264.4,126048.8,1.0,8.9,65697.7,10734.0,77.4,70.5,0.0,0.0,325.0
2026-10-08T02:48:39.052221+00:00,11.1,1969.0,5.9,4.0,8384.7,6343.2,46.4,17416.1,15093.4,1.4,54.3,0.0,69143.2,0.0,3.0,1450.7,5183.4,14.9,77.5,0.0,0.0,327.0
2026-10-08T02:48:40.042783+00:00,15.2,1969.0,8.1,6.1,40025.9,27194.0,46.4,17421.2,15088.3,1.4,54.3,0.0,28842.7,0.0,4.0,17866.8,12250.5,39.2,166.0,0.0,0.0,325.0
2026-10-08T02:48:41.051185+00:00,8.0,1969.0,5.1,2.1,8601.6,6511.3,46.4,17424.3,15085.2,1.4,54.3,0.0,569706.6,0.0,79.5,374.5,7038.9,4.0,121.2,0.0,0.0,325.0
2026-10-08T02:48:42.043691+00:00,11.2,1969.0,6.9,3.5,8838.2,6484.8,46.4,17414.9,15094.6,1.4,54.3,0.0,202288.0,0.0,5.0,5975.8,3135.6,13.1,48.4,0.0,0.0,327.0
2026-10-08T02:48:43.052504+00:00,12.7,1969.0,8.0,4.3,40033.7,26804.2,46.4,17423.6,15086.0,1.4,54.3,0.0,8123.0,0.0,2.0,850.8,1706.5,7.9,14.9,0.0,0.0,325.0
2026-10-08T02:48:44.042761+00:00,9.4,1969.0,5.8,2.8,8354.5,6210.4,46.4,17426.2,15083.3,1.4,54.3,0.0,152693.9,0.0,6.0,586.4,945.1,6.0,10.1,0.0,0.0,325.0
2026-10-08T02:48:45.051976+00:00,7.8,1969.0,6.2,1.8,8462.0,6357.4,46.4,17425.2,15084.3,1.4,54.3,0.0,44749.3,0.0,5.0,2431.3,4694.8,11.9,17.9,0.0,0.0,327.0
2026-10-08T02:48:46.044863+00:00,10.5,1969.0,7.1,2.7,39301.6,26882.4,46.4,17423.5,15086.0,1.4,54.3,0.0,4126.0,0.0,1.0,1048.6,1982.4,10.1,15.1,0.0,0.0,327.0
2026-10-08T02:48:47.036274+00:00,8.1,1969.0,6.8,1.0,8690.9,6440.1,46.4,17413.3,15096.2,1.4,54.3,0.0,8253.6,0.0,2.0,126.9,209.6,2.0,3.0,0.0,0.0,325.0
2026-10-08T02:48:48.048256+00:00,7.2,1969.0,5.8,1.2,8693.2,6506.0,46.4,17423.6,15085.9,1.4,54.3,16251.6,48754.9,1.0,4.0,748.9,943.3,7.9,10.9,0.0,0.0,327.0
2026-10-08T02:48:49.040315+00:00,11.6,1969.0,6.6,4.1,39321.4,26846.1,46.4,17423.1,15086.4,1.4,54.3,0.0,12336.8,0.0,2.0,1269.0,1362.4,10.0,11.0,0.0,0.0,325.0
2026-10-08T02:48:50.047382+00:00,7.2,1969.0,5.4,1.5,8627.7,6591.2,46.4,17422.6,15086.9,1.4,54.3,0.0,170740.7,0.0,19.8,3425.1,1255.5,8.9,13.9,0.0,0.0,325.0
2026-10-08T02:48:51.042633+00:00,7.2,1969.0,6.1,0.9,9167.5,7032.9,46.5,17408.6,15100.9,1.4,54.3,0.0,0.0,0.0,0.0,2405521.7,148031.2,2020.6,1225.1,0.0,0.0,327.0
2026-10-08T02:48:52.049036+00:00,11.0,1969.0,7.1,3.7,39704.9,26848.6,46.4,17416.8,15092.8,1.4,54.3,0.0,24322.9,0.0,3.0,4013.2,5002.0,40.6,43.5,0.0,0.0,325.0
2026-10-08T02:48:53.039695+00:00,6.6,1969.0,5.7,0.9,8280.7,6304.6,46.4,17418.8,15090.7,1.4,54.3,0.0,148815.8,0.0,4.0,678.2,914.4,7.1,9.1,0.0,0.0,325.0
2026-10-08T02:48:54.052554+00:00,7.2,1969.0,6.1,0.8,8908.7,6751.8,46.4,17437.4,15072.2,1.4,54.3,0.0,122135.0,0.0,10.9,2080.3,3345.6,19.9,31.8,0.0,0.0,326.0
2026-10-08T02:48:55.044809+00:00,9.8,1969.0,6.9,2.6,38740.3,26538.1,46.4,17435.2,15074.3,1.4,54.3,0.0,16428.7,0.0,2.0,2462.7,1298.5,12.0,14.0,0.0,0.0,324.0
2026-10-08T02:48:56.035774+00:00,8.4,1969.0,5.9,2.3,9311.8,6919.6,46.4,17435.9,15073.6,1.4,54.3,0.0,260137.1,0.0,9.1,506.1,703.7,5.0,8.1,0.0,0.0,324.0
2026-10-08T02:48:57.044859+00:00,6.4,1969.0,5.5,0.6,8580.7,6454.9,46.4,17436.9,15072.6,1.4,54.3,0.0,239838.9,0.0,54.6,83.4,309.6,1.0,5.0,0.0,0.0,326.0
2026-10-08T02:48:58.037055+00:00,18.9,1969.0,11.8,5.7,45868.3,30368.0,46.5,17397.0,15112.5,1.4,54.3,66018.6,41261.6,1.0,3.0,84.6,539.9,1.0,9.1,0.0,0.0,325.0
2026-10-08T02:48:59.044429+00:00,8.7,1969.0,6.5,1.5,13088.8,9680.4,46.5,17391.5,15118.0,1.4,54.3,0.0,154395.0,0.0,9.9,374.0,1135.8,4.0,16.9,0.0,0.0,325.0
2026-10-08T02:49:00.038664+00:00,9.9,1969.0,6.2,3.2,11710.5,8613.6,46.5,17390.2,15119.3,1.4,54.3,0.0,37186.2,0.0,6.1,17718.5,5173.8,35.3,34.3,0.0,0.0,327.0
2026-10-08T02:49:01.045358+00:00,19.6,1969.0,13.4,5.4,47058.4,30560.8,46.7,17328.5,15181.0,1.4,54.3,0.0,417500.2,0.0,26.7,83.1,87.1,1.0,1.0,0.0,0.0,325.0
2026-10-08T02:49:02.036019+00:00,9.4,1969.0,6.1,2.9,14140.6,10196.8,46.5,17389.8,15119.7,1.4,54.3,0.0,49627.9,0.0,8.1,526.0,696.7,5.0,7.1,0.0,0.0,323.0
2026-10-08T02:49:03.049757+00:00,11.5,1969.0,7.3,3.3,16525.1,11383.4,46.5,17390.4,15119.1,1.4,54.3,0.0,142352.6,0.0,2.0,956.2,1394.1,9.9,12.9,0.0,0.0,325.0
2026-10-08T02:49:04.041752+00:00,15.2,1969.0,9.5,4.9,41948.0,28157.1,46.5,17379.1,15130.5,1.4,54.3,0.0,28738.5,0.0,6.0,99456.1,9637.3,101.2,85.2,0.0,0.0,323.0
2026-10-08T02:49:05.048223+00:00,8.1,1969.0,7.0,0.9,9857.8,7486.3,46.5,17380.9,15128.6,1.4,54.3,0.0,93475.5,0.0,5.0,2050.9,1168.8,7.9,14.9,0.0,0.0,323.0
2026-10-08T02:49:06.042145+00:00,7.5,1969.0,6.2,1.1,8774.5,6581.9,46.5,17381.4,15128.1,1.4,54.3,0.0,0.0,0.0,0.0,804.6,1343.6,8.1,16.2,0.0,0.0,325.0
2026-10-08T02:49:07.054143+00:00,10.0,1969.0,6.9,2.9,38240.8,25936.4,46.5,17381.8,15127.7,1.4,54.3,0.0,4052.6,0.0,1.0,496.7,726.2,4.9,7.9,0.0,0.0,323.0
2026-10-08T02:49:08.045888+00:00,9.7,1969.0,6.8,2.4,10499.6,7522.1,46.5,17385.4,15124.1,1.4,54.3,65878.3,918178.7,1.0,118.6,381.0,632.3,4.0,8.0,0.0,0.0,323.0
2026-10-08T02:49:09.044298+00:00,7.2,1969.0,5.4,1.7,8676.5,6493.0,46.5,17395.6,15113.9,1.4,54.3,0.0,94924.7,0.0,3.0,50166.8,7070.4,55.4,70.5,0.0,0.0,325.0
2026-10-08T02:49:10.035732+00:00,11.4,1969.0,7.2,3.6,39666.3,26502.6,46.5,17396.1,15113.4,1.4,54.3,0.0,8207.4,0.0,1.0,2440.6,9837.4,11.0,165.3,0.0,0.0,323.0
2026-10-08T02:49:11.044949+00:00,9.0,1969.0,6.6,2.2,10050.3,7198.8,46.5,17404.0,15105.5,1.4,54.3,0.0,117895.6,0.0,15.9,83.4,12481.9,1.0,222.3,0.0,0.0,323.0
2026-10-08T02:49:12.041567+00:00,8.0,1969.0,5.9,2.1,9980.6,6866.2,46.4,17424.2,15085.3,1.4,54.3,0.0,152646.8,0.0,3.0,412.0,8707.5,4.0,152.1,0.0,0.0,325.0
2026-10-08T02:49:13.048620+00:00,11.6,1969.0,6.9,4.3,38845.4,26368.1,46.3,17442.4,15067.1,1.4,54.3,0.0,12129.8,0.0,2.0,5218.9,2889.3,6.9,45.4,0.0,0.0,323.0
2026-10-08T02:49:14.039468+00:00,8.3,1969.0,5.5,2.4,10354.1,7735.1,46.3,17445.2,15064.3,1.4,54.3,0.0,508479.8,0.0,98.9,21972.9,24033.8,66.6,74.7,0.0,0.0,323.0
2026-10-08T02:49:15.048462+00:00,16.8,1969.0,11.0,5.3,18990.2,13608.1,46.5,17388.9,15120.6,1.4,54.3,10133277.9,25738149.7,152.9,298.9,15110.5,22584.9,48.7,62.6,0.0,0.0,327.0
2026-10-08T02:49:16.039637+00:00,14.2,1969.0,8.9,4.5,42035.6,27373.9,46.4,17412.0,15097.5,1.4,54.3,109294.4,1455883.4,10.1,56.4,1058.3,9119.6,11.1,20.1,0.0,0.0,325.0
2026-10-08T02:49:17.047904+00:00,9.7,1969.0,6.4,2.8,9539.2,6685.5,46.4,17412.6,15096.9,1.4,54.3,0.0,12201.3,0.0,2.0,374.3,711.9,4.0,9.9,0.0,0.0,325.0
2026-10-08T02:49:18.043148+00:00,10.8,1969.0,6.5,3.6,9410.2,6946.6,46.4,17415.0,15094.5,1.4,54.3,16509.0,177471.5,1.0,32.2,634.8,808.1,7.1,10.1,0.0,0.0,327.0
2026-10-08T02:49:19.050705+00:00,12.7,1969.0,8.5,4.0,41266.9,27410.7,46.4,17411.3,15098.2,1.4,54.3,194435.4,1199018.2,4.9,67.2,1684.2,2773.0,12.9,17.8,0.0,0.0,325.0
2026-10-08T02:49:20.042817+00:00,8.8,1969.0,5.8,2.5,9241.3,7134.2,46.4,17413.1,15096.4,1.4,54.3,0.0,95023.3,0.0,17.1,117225.8,12341.9,125.1,102.9,0.0,0.0,325.0
2026-10-08T02:49:21.051489+00:00,7.4,1969.0,5.3,1.6,9275.1,6905.2,46.5,17401.7,15107.8,1.4,54.3,0.0,695105.8,0.0,57.6,374.1,656.0,4.0,8.9,0.0,0.0,327.0
2026-10-08T02:49:22.043709+00:00,11.4,1969.0,7.7,3.5,39284.8,26488.5,46.4,17412.6,15096.9,1.4,54.3,0.0,457706.5,0.0,26.2,1116.4,1642.9,11.1,17.1,0.0,0.0,325.0
2026-10-08T02:49:23.035088+00:00,7.7,1969.0,5.6,2.0,8622.9,6570.5,46.4,17415.7,15093.8,1.4,54.3,0.0,66033.2,0.0,12.1,1688.7,2101.8,17.1,24.2,0.0,0.0,325.0
2026-10-08T02:49:24.044757+00:00,6.6,1969.0,5.5,1.0,8666.0,6506.2,46.4,17414.2,15095.3,1.4,54.3,0.0,126145.9,0.0,10.9,83.5,532.5,1.0,8.9,0.0,0.0,327.0
2026-10-08T02:49:25.036851+00:00,10.6,1969.0,7.0,2.9,38729.7,26224.4,46.4,17414.3,15095.2,1.4,54.3,0.0,226736.2,0.0,44.3,1783.5,1144.3,5.0,15.1,0.0,0.0,325.0
2026-10-08T02:49:26.048248+00:00,7.9,1969.0,6.2,1.4,9473.2,7113.3,46.4,17416.5,15093.1,1.4,54.3,0.0,109610.6,0.0,15.9,83.3,198.2,1.0,3.0,0.0,0.0,325.0
2026-10-08T02:49:27.040910+00:00,6.7,1969.0,5.1,1.3,8644.8,6479.1,46.4,17415.8,15093.8,1.4,54.3,0.0,127667.6,0.0,21.1,84.5,313.7,1.0,5.0,0.0,0.0,327.0
2026-10-08T02:49:28.049896+00:00,15.3,1969.0,10.1,4.6,39517.1,26292.8,46.4,17435.7,15073.9,1.4,54.3,97480.3,9215953.3,1.0,110.1,944.0,1240.5,8.9,10.9,0.0,0.0,324.0
2026-10-08T02:49:29.040892+00:00,7.3,1969.0,6.1,1.1,9093.0,6953.4,46.4,17440.3,15069.2,1.4,54.3,65985.6,573250.0,1.0,34.2,1059.2,1413.6,11.1,16.1,0.0,0.0,324.0
2026-10-08T02:49:30.049801+00:00,10.3,1969.0,7.1,3.1,9401.2,7003.8,46.3,17441.4,15068.1,1.4,54.3,0.0,182904.0,0.0,28.8,1760.4,624.2,5.0,7.9,0.0,0.0,326.0
2026-10-08T02:49:31.042049+00:00,12.1,1969.0,7.4,4.3,40723.9,27058.3,46.3,17448.5,15061.0,1.4,54.3,16503.1,259923.9,1.0,34.2,2009.5,2445.7,15.1,16.1,0.0,0.0,324.0
2026-10-08T02:49:32.052024+00:00,9.4,1969.0,6.3,2.9,8734.6,6618.7,46.3,17449.7,15059.8,1.4,54.3,0.0,32506.2,0.0,6.9,1586.2,3650.6,14.9,23.8,0.0,0.0,325.0
2026-10-08T02:49:33.045416+00:00,11.2,1969.0,8.3,2.9,11160.4,8412.8,46.3,17457.6,15051.9,1.4,54.3,164775.9,14974010.1,4.0,169.0,5890.5,21159.2,30.2,36.2,0.0,0.0,326.0
2026-10-08T02:49:34.036657+00:00,12.3,1969.0,8.5,3.2,40543.3,27047.3,46.3,17446.2,15063.3,1.4,54.3,16503.8,2054722.5,1.0,58.4,2523.3,4308.3,23.2,28.2,0.0,0.0,324.0
2026-10-08T02:49:35.044303+00:00,6.2,1969.0,5.0,0.8,8147.8,6519.2,46.3,17450.1,15059.4,1.4,54.3,0.0,386171.3,0.0,26.8,1467.8,230.2,2.0,3.0,0.0,0.0,324.0
2026-10-08T02:49:36.039227+00:00,7.8,1969.0,5.9,1.4,9236.0,7119.9,46.3,17471.8,15037.7,1.4,54.3,66101.7,0.0,1.0,0.0,380.3,723.2,4.0,10.1,0.0,0.0,326.0
2026-10-08T02:49:37.046748+00:00,14.7,1969.0,8.6,5.2,40189.2,27291.7,46.3,17468.6,15040.9,1.4,54.3,648297.1,12925423.5,8.9,160.3,662.8,1647.1,6.9,14.8,0.0,0.0,324.0
2026-10-08T02:49:38.036964+00:00,13.3,1969.0,7.8,4.4,8925.6,6828.4,46.3,17466.6,15042.9,1.4,54.3,49583.0,417323.4,1.0,45.4,65393.4,10540.6,64.6,69.6,0.0,0.0,324.0
2026-10-08T02:49:39.046772+00:00,13.6,1969.0,8.1,4.5,9347.9,7205.2,46.2,17478.2,15031.4,1.4,54.3,659450.2,4070.7,21.9,1.0,1731.2,2315.6,16.9,24.8,0.0,0.0,326.0
2026-10-08T02:49:40.037999+00:00,12.8,1969.0,7.8,4.6,41839.7,28360.1,46.2,17480.2,15029.3,1.4,54.3,544315.1,688504.5,24.1,81.5,38817.3,55443.9,113.7,129.7,0.0,0.0,324.0
2026-10-08T02:49:41.046127+00:00,8.2,1969.0,6.0,1.8,8126.1,6280.0,46.2,17495.3,15014.2,1.4,54.3,109822.7,374210.8,5.0,27.8,83.4,4336.6,1.0,81.4,0.0,0.0,323.0
2026-10-08T02:49:42.039383+00:00,9.0,1969.0,6.0,2.6,9718.2,7314.1,46.2,17489.1,15020.4,1.4,54.3,0.0,226989.9,0.0,20.2,613.6,16911.4,6.0,326.5,0.0,0.0,325.0
2026-10-08T02:49:43.046152+00:00,13.1,1969.0,8.3,4.3,39183.5,26643.2,46.2,17498.7,15010.8,1.4,54.3,0.0,8122.2,0.0,2.0,5492.8,14681.9,9.9,297.4,0.0,0.0,323.0
2026-10-08T02:49:44.038302+00:00,6.4,1969.0,5.3,0.9,8168.5,6295.9,46.2,17500.4,15009.1,1.4,54.3,0.0,198369.1,0.0,24.2,637.7,12416.2,7.1,266.4,0.0,0.0,323.0
2026-10-08T02:49:45.046197+00:00,7.9,1969.0,6.7,1.2,10591.9,7986.6,46.0,17557.3,14952.2,1.4,54.3,0.0,199123.8,0.0,35.7,2341.4,9368.7,10.9,128.0,0.0,0.0,323.0
2026-10-08T02:49:46.037626+00:00,10.8,1969.0,7.1,3.1,38912.5,26441.1,46.0,17556.4,14953.1,1.4,54.3,0.0,82538.4,0.0,13.1,675.1,5037.7,7.1,109.8,0.0,0.0,321.0
2026-10-08T02:49:47.045172+00:00,8.6,1969.0,7.2,1.3,8330.8,6386.6,46.0,17551.9,14957.6,1.4,54.3,0.0,24402.4,0.0,4.0,83.4,3695.7,1.0,85.4,0.0,0.0,321.0
2026-10-08T02:49:48.039802+00:00,8.2,1969.0,6.6,1.3,9749.7,7311.3,46.0,17564.0,14945.5,1.4,54.3,0.0,90873.9,0.0,13.1,1142.6,2112.7,12.1,34.3,0.0,0.0,323.0
2026-10-08T02:49:49.049612+00:00,10.1,1969.0,7.5,2.5,38246.7,25924.2,46.0,17566.6,14942.9,1.4,54.3,24312.7,44573.2,1.0,10.9,960.6,1076.3,6.9,7.9,0.0,0.0,321.0
2026-10-08T02:49:50.042289+00:00,8.3,1969.0,7.3,0.9,8385.7,6584.7,46.0,17565.2,14944.3,1.4,54.3,0.0,98960.8,0.0,9.1,4363.0,1948.9,18.1,19.1,0.0,0.0,321.0
2026-10-08T02:49:51.050880+00:00,7.4,1969.0,5.7,1.6,9978.2,7488.1,46.0,17555.1,14954.4,1.4,54.3,0.0,0.0,0.0,0.0,22809.5,41750.4,61.5,79.3,0.0,0.0,323.0
2026-10-08T02:49:52.049293+00:00,13.5,1969.0,8.0,4.7,38587.2,25799.4,46.0,17565.0,14944.5,1.4,54.3,0.0,198030.8,0.0,13.1,1111.0,1550.1,10.1,17.1,0.0,0.0,321.0
2026-10-08T02:49:53.040913+00:00,6.6,1969.0,5.3,1.2,9211.7,7315.9,46.0,17567.5,14942.0,1.4,54.3,0.0,16408.4,0.0,3.0,27126.3,20521.5,79.1,81.1,0.0,0.0,321.0
2026-10-08T02:49:54.050515+00:00,10.4,1969.0,7.2,2.9,12833.9,9433.8,46.2,17500.8,15008.7,1.4,54.3,33556.5,0.0,3.0,0.0,1536.2,2427.0,13.9,23.8,0.0,0.0,325.0
2026-10-08T02:49:55.041549+00:00,11.3,1969.0,6.9,3.8,40374.1,27008.6,46.2,17494.5,15015.0,1.4,54.3,0.0,387385.5,0.0,19.1,1488.1,515.1,2.0,8.0,0.0,0.0,323.0
2026-10-08T02:49:56.048732+00:00,8.0,1969.0,5.8,1.8,8710.1,6620.4,46.2,17499.7,15009.8,1.4,54.3,0.0,349691.2,0.0,11.9,461.6,803.1,5.0,10.9,0.0,0.0,323.0
2026-10-08T02:49:57.041778+00:00,7.0,1969.0,5.5,1.3,8583.8,6569.3,46.2,17500.7,15008.8,1.4,54.3,0.0,0.0,0.0,0.0,84.8,258.4,1.0,4.0,0.0,0.0,325.0
2026-10-08T02:49:58.048975+00:00,13.0,1969.0,8.5,3.7,39140.9,26640.0,46.2,17497.3,15012.2,1.4,54.3,0.0,36513.1,0.0,6.9,333.8,401.1,4.0,5.0,0.0,0.0,323.0
2026-10-08T02:49:59.039895+00:00,7.1,1969.0,5.2,1.5,8047.0,6327.2,46.2,17504.4,15005.1,1.4,54.3,0.0,12402.1,0.0,3.0,1323.2,1430.2,13.1,15.1,0.0,0.0,323.0
2026-10-08T02:50:00.052576+00:00,9.2,1969.0,6.9,2.2,10095.2,7875.7,46.2,17500.7,15008.8,1.4,54.3,0.0,60988.4,0.0,6.9,27679.0,13691.6,56.6,55.6,0.0,0.0,325.0
2026-10-08T02:50:01.043475+00:00,11.6,1969.0,7.5,3.8,39694.1,26718.6,46.2,17502.3,15007.2,1.4,54.3,0.0,485064.2,0.0,22.1,851.0,1460.2,8.0,11.0,0.0,0.0,323.0
2026-10-08T02:50:02.049931+00:00,9.3,1969.0,6.5,2.5,12621.5,8417.3,46.2,17500.1,15009.4,1.4,54.3,0.0,0.0,0.0,0.0,768.9,1028.2,7.9,10.9,0.0,0.0,324.0
2026-10-08T02:50:03.046402+00:00,7.3,1969.0,6.2,1.1,9345.2,7056.1,46.2,17498.5,15011.0,1.4,54.3,0.0,177767.9,0.0,3.0,84.8,371.4,1.0,6.1,0.0,0.0,326.0
2026-10-08T02:50:04.037688+00:00,11.4,1969.0,7.2,3.5,39673.8,26858.5,46.2,17490.4,15019.1,1.4,54.3,0.0,49314.6,0.0,11.0,1266.2,1558.1,11.0,14.0,0.0,0.0,324.0
2026-10-08T02:50:05.045229+00:00,8.1,1969.0,5.6,2.2,9112.0,6987.1,46.3,17471.6,15037.9,1.4,54.3,0.0,73205.5,0.0,7.0,2050.4,1348.4,7.9,17.9,0.0,0.0,325.0
2026-10-08T02:50:06.039169+00:00,7.6,1969.0,5.8,1.8,8928.2,6950.3,46.3,17473.3,15036.2,1.4,54.3,0.0,0.0,0.0,0.0,382.3,1255.7,4.0,19.2,0.0,0.0,327.0
2026-10-08T02:50:07.046846+00:00,10.7,1969.0,8.4,2.0,38595.8,26151.1,46.3,17469.2,15040.3,1.4,54.3,0.0,8113.5,0.0,2.0,1079.6,1541.1,10.9,18.8,0.0,0.0,325.0
2026-10-08T02:50:08.038346+00:00,8.7,1969.0,6.6,1.9,8528.4,6586.5,46.3,17466.9,15042.6,1.4,54.3,0.0,119702.5,0.0,10.1,1224.4,2032.6,12.1,25.2,0.0,0.0,325.0
2026-10-08T02:50:09.049480+00:00,7.3,1969.0,5.7,1.2,9793.2,7389.6,46.3,17472.5,15037.0,1.4,54.3,0.0,0.0,0.0,0.0,585.8,2006.5,6.0,18.9,0.0,0.0,327.0
2026-10-08T02:50:10.041618+00:00,10.8,1969.0,7.0,3.3,40023.6,27074.6,46.3,17469.1,15040.4,1.4,54.3,32925.6,279867.6,1.0,23.1,1983.5,1090.2,5.0,16.1,0.0,0.0,325.0
2026-10-08T02:50:11.048644+00:00,6.3,1969.0,5.4,0.9,8265.9,6408.6,46.3,17472.6,15036.9,1.4,54.3,0.0,146215.6,0.0,14.9,894.4,1120.5,7.9,11.9,0.0,0.0,325.0
2026-10-08T02:50:12.041536+00:00,9.2,1969.0,6.3,2.5,9470.6,7095.9,46.3,17464.0,15045.5,1.4,54.3,0.0,219184.5,0.0,11.1,505.8,505.8,5.0,5.0,0.0,0.0,327.0
2026-10-08T02:50:13.048957+00:00,12.6,1969.0,8.3,4.1,40449.2,26861.1,46.3,17469.6,15039.9,1.4,54.3,0.0,12179.7,0.0,2.0,22969.7,88771.3,94.2,119.9,0.0,0.0,325.0
2026-10-08T02:50:14.039449+00:00,7.2,1969.0,5.4,1.5,8302.9,6430.3,46.2,17474.6,15034.9,1.4,54.3,0.0,28929.6,0.0,3.0,763.8,927.3,8.1,10.1,0.0,0.0,325.0
2026-10-08T02:50:15.051362+00:00,8.4,1969.0,6.6,1.5,11332.4,9165.6,46.3,17472.9,15036.6,1.4,54.3,0.0,183034.7,0.0,14.9,3701.0,10504.2,23.8,26.8,0.0,0.0,329.0
2026-10-08T02:50:16.042694+00:00,13.8,1969.0,9.1,3.9,40145.7,26099.8,46.3,17470.9,15038.6,1.4,54.3,0.0,415524.4,0.0,40.2,1724.6,2056.0,15.1,16.1,0.0,0.0,325.0
2026-10-08T02:50:17.049448+00:00,7.6,1969.0,5.6,1.6,8859.5,6623.3,46.2,17474.3,15035.2,1.4,54.3,0.0,16261.9,0.0,3.0,125.1,254.1,2.0,4.0,0.0,0.0,325.0
2026-10-08T02:50:18.046089+00:00,7.1,1969.0,5.4,1.3,8887.9,6640.4,46.3,17472.8,15036.7,1.4,54.3,16534.4,115741.0,1.0,5.0,466.2,720.6,5.0,9.1,0.0,0.0,327.0
2026-10-08T02:50:19.037853+00:00,11.2,1969.0,7.9,3.2,40644.9,27372.2,46.2,17474.0,15035.5,1.4,54.3,0.0,20546.2,0.0,4.0,630.0,918.0,4.0,7.0,0.0,0.0,325.0
2026-10-08T02:50:20.044514+00:00,7.0,1969.0,5.9,0.8,8300.3,6599.1,46.2,17477.6,15031.9,1.4,54.3,0.0,8135.4,0.0,2.0,17457.6,5026.0,35.8,34.8,0.0,0.0,325.0
2026-10-08T02:50:21.038119+00:00,9.5,1969.0,7.2,2.0,11202.3,7851.2,46.3,17465.0,15044.5,1.4,54.3,214858.4,384265.9,3.0,26.2,1848.1,2843.7,15.1,20.2,0.0,0.0,327.0
2026-10-08T02:50:22.045160+00:00,14.7,1969.0,9.3,4.9,41269.4,27435.7,46.3,17471.2,15038.3,1.4,54.3,0.0,401664.0,0.0,16.8,24176.9,16218.9,66.4,62.4,0.0,0.0,325.0
2026-10-08T02:50:23.037353+00:00,6.4,1969.0,5.7,0.6,8150.2,6244.0,46.3,17473.1,15036.4,1.4,54.3,0.0,301421.1,0.0,16.1,1135.1,1536.3,11.1,16.1,0.0,0.0,325.0
2026-10-08T02:50:24.047358+00:00,7.0,1969.0,5.7,1.1,8478.0,6506.2,46.2,17483.5,15026.0,1.4,54.3,0.0,32534.0,0.0,7.0,802.2,1753.4,7.0,16.9,0.0,0.0,327.0
2026-10-08T02:50:25.038041+00:00,17.0,1969.0,12.1,4.6,42865.7,27751.3,46.3,17462.3,15047.2,1.4,54.3,0.0,8244.1,0.0,2.0,3081.5,2109.3,16.1,20.1,0.0,0.0,327.0
2026-10-08T02:50:26.047996+00:00,12.7,1969.0,8.7,3.6,10539.0,7822.3,46.3,17469.7,15039.8,1.4,54.3,606218.9,77303.1,32.8,9.9,83.4,438.0,1.0,6.0,0.0,0.0,325.0
2026-10-08T02:50:27.044098+00:00,7.6,1969.0,6.4,1.2,8475.5,6444.0,46.2,17479.6,15029.9,1.4,54.3,0.0,16486.2,0.0,1.0,84.5,248.5,1.0,3.0,0.0,0.0,327.0
2026-10-08T02:50:28.034834+00:00,11.0,1969.0,7.0,3.8,40308.5,27392.3,46.2,17477.2,15032.3,1.4,54.3,0.0,0.0,0.0,0.0,1657.2,2144.0,16.1,22.1,0.0,0.0,325.0
2026-10-08T02:50:29.042103+00:00,7.7,1969.0,5.3,1.7,7880.3,6081.6,46.2,17480.3,15029.2,1.4,54.3,0.0,12204.9,0.0,2.0,918.7,1278.3,9.9,15.9,0.0,0.0,325.0
2026-10-08T02:50:30.053536+00:00,8.0,1969.0,5.9,1.6,8851.0,6711.7,46.2,17478.3,15031.2,1.4,54.3,0.0,73223.4,0.0,3.0,2052.9,1044.8,7.9,12.9,0.0,0.0,327.0
2026-10-08T02:50:31.045253+00:00,10.2,1969.0,6.9,3.0,39950.5,27014.7,46.2,17477.6,15031.9,1.4,54.3,0.0,53483.0,0.0,9.0,338.5,886.9,4.0,12.1,0.0,0.0,325.0
2026-10-08T02:50:32.036244+00:00,5.9,1969.0,5.0,0.8,7722.9,5927.9,46.2,17481.7,15027.9,1.4,54.3,0.0,53699.6,0.0,3.0,84.7,362.0,1.0,5.0,0.0,0.0,325.0
2026-10-08T02:50:33.049559+00:00,7.2,1969.0,5.9,1.0,9199.0,6975.4,46.2,17479.9,15029.6,1.4,54.3,0.0,166632.0,0.0,10.9,83.3,509.0,1.0,7.9,0.0,0.0,327.0
2026-10-08T02:50:34.041936+00:00,12.5,1969.0,8.3,3.9,40182.1,26967.4,46.3,17471.1,15038.4,1.4,54.3,263153.1,768900.5,13.1,63.2,1472.6,2177.3,13.1,20.1,0.0,0.0,325.0
2026-10-08T02:50:35.048059+00:00,6.5,1969.0,5.3,0.9,10542.4,7852.8,46.2,17503.0,15006.5,1.4,54.3,48728.7,466983.1,3.0,31.7,2532.0,2357.5,10.9,15.9,0.0,0.0,324.0
2026-10-08T02:50:36.043021+00:00,10.1,1969.0,8.7,1.2,9586.8,7269.1,46.2,17505.6,15003.9,1.4,54.3,0.0,0.0,0.0,0.0,632.9,1160.9,6.1,14.1,0.0,0.0,326.0
2026-10-08T02:50:37.050677+00:00,12.3,1969.0,7.5,4.1,38703.1,25959.7,46.2,17499.4,15010.1,1.4,54.3,0.0,141785.2,0.0,5.9,372.9,746.7,4.0,8.9,0.0,0.0,324.0
2026-10-08T02:50:38.040897+00:00,9.6,1969.0,6.9,2.2,9120.5,7005.8,46.2,17503.6,15006.0,1.4,54.3,0.0,318200.0,0.0,35.3,65484.9,9071.0,65.6,54.5,0.0,0.0,324.0
2026-10-08T02:50:39.051208+00:00,9.3,1969.0,6.4,2.4,8639.1,6607.2,46.2,17502.2,15007.4,1.4,54.3,0.0,0.0,0.0,0.0,1289.6,1612.6,13.9,17.9,0.0,0.0,326.0
2026-10-08T02:50:40.043118+00:00,13.5,1969.0,8.6,4.5,39803.3,25991.1,46.2,17500.0,15009.5,1.4,54.3,0.0,4119.6,0.0,1.0,16790.3,3378.4,27.2,24.1,0.0,0.0,324.0
2026-10-08T02:50:41.049928+00:00,8.4,1969.0,6.3,1.7,8716.2,6705.6,46.2,17503.4,15006.2,1.4,54.3,0.0,219500.9,0.0,3.0,2455.2,962.6,6.9,9.9,0.0,0.0,324.0
2026-10-08T02:50:42.044448+00:00,8.2,1969.0,6.3,1.6,8402.1,6377.2,46.2,17497.8,15011.8,1.4,54.3,0.0,152900.1,0.0,4.0,525.6,732.5,5.0,7.1,0.0,0.0,326.0
2026-10-08T02:50:43.042540+00:00,12.6,1969.0,7.8,4.4,40114.1,26148.9,46.2,17500.9,15008.6,1.4,54.3,0.0,12354.6,0.0,2.0,6249.7,1594.6,17.1,16.1,0.0,0.0,324.0
2026-10-08T02:50:44.051444+00:00,8.9,1969.0,6.8,1.8,8472.6,6526.4,46.1,17509.5,15000.0,1.4,54.3,0.0,12127.1,0.0,2.0,1115.2,4520.0,11.8,14.8,0.0,0.0,324.0
2026-10-08T02:50:45.046519+00:00,9.4,1969.0,6.2,2.6,8279.6,6321.7,46.1,17511.3,14998.2,1.4,54.3,0.0,16484.8,0.0,1.0,2334.3,1893.6,11.1,17.1,0.0,0.0,326.0
2026-10-08T02:50:46.036376+00:00,14.2,1969.0,8.1,5.4,39659.6,26586.8,46.1,17511.1,14998.4,1.4,54.3,0.0,82365.6,0.0,18.1,84.5,936.1,1.0,7.0,0.0,0.0,324.0
2026-10-08T02:50:47.046781+00:00,10.6,1969.0,7.4,2.7,8225.2,6304.3,46.1,17509.4,15000.1,1.4,54.3,0.0,8140.7,0.0,2.0,83.5,666.8,1.0,10.9,0.0,0.0,324.0
2026-10-08T02:50:48.039873+00:00,8.5,1969.0,6.1,2.0,8553.8,6554.4,46.1,17510.6,14999.0,1.4,54.3,16478.0,53553.6,1.0,4.0,633.6,1313.5,7.0,19.1,0.0,0.0,326.0
2026-10-08T02:50:49.047570+00:00,15.1,1969.0,9.2,4.9,39977.0,26952.1,46.1,17507.0,15002.5,1.4,54.3,0.0,8122.1,0.0,1.0,1378.1,2113.8,10.9,21.8,0.0,0.0,324.0
2026-10-08T02:50:50.038581+00:00,8.8,1969.0,5.9,2.3,7782.4,6124.2,46.1,17509.6,14999.9,1.4,54.3,0.0,99149.8,0.0,10.1,4030.4,1835.7,14.1,23.2,0.0,0.0,324.0
2026-10-08T02:50:51.047890+00:00,9.3,1969.0,5.8,2.9,8671.4,6731.0,46.2,17504.6,15004.9,1.4,54.3,0.0,60978.3,0.0,7.9,746.3,19603.6,6.9,31.8,0.0,0.0,326.0
2026-10-08T02:50:52.038493+00:00,13.5,1969.0,8.2,4.3,40116.0,26857.4,46.1,17509.9,14999.6,1.4,54.3,0.0,140190.1,0.0,3.0,1561.3,2168.3,16.1,26.2,0.0,0.0,324.0
2026-10-08T02:50:53.046934+00:00,7.1,1969.0,5.3,1.4,8158.6,6318.7,46.1,17511.7,14997.8,1.4,54.3,0.0,256371.4,0.0,20.9,1549.9,1945.3,13.9,19.9,0.0,0.0,324.0
2026-10-08T02:50:54.044327+00:00,7.2,1969.0,5.2,1.7,8595.9,6653.1,46.1,17513.2,14996.4,1.4,54.3,0.0,86720.8,0.0,4.0,675.5,828.7,7.1,9.1,0.0,0.0,326.0
2026-10-08T02:50:55.034970+00:00,11.8,1969.0,6.9,4.2,39550.7,26545.6,46.1,17512.1,14997.4,1.4,54.3,0.0,20532.3,0.0,3.0,1776.5,470.2,5.0,5.0,0.0,0.0,324.0
2026-10-08T02:50:56.041380+00:00,7.7,1969.0,5.9,1.7,8143.1,6251.1,46.1,17510.8,14998.7,1.4,54.3,0.0,301038.3,0.0,7.0,374.4,545.3,4.0,7.0,0.0,0.0,324.0
2026-10-08T02:50:57.050534+00:00,7.8,1969.0,5.9,1.6,8782.6,6737.4,46.1,17511.8,14997.7,1.4,54.3,0.0,0.0,0.0,0.0,374.5,600.9,4.0,7.9,0.0,0.0,326.0
2026-10-08T02:50:58.046124+00:00,12.7,1969.0,9.1,3.3,39261.7,26379.4,46.1,17512.7,14996.8,1.4,54.3,0.0,0.0,0.0,0.0,636.1,831.3,7.0,10.1,0.0,0.0,324.0
2026-10-08T02:50:59.036233+00:00,7.1,1969.0,5.8,1.1,8253.2,6393.0,46.1,17518.3,14991.2,1.4,54.3,0.0,28829.9,0.0,4.0,1273.0,1575.6,14.1,18.1,0.0,0.0,324.0
2026-10-08T02:51:00.044884+00:00,8.5,1969.0,6.0,2.3,9779.8,7658.9,46.1,17509.8,14999.7,1.4,54.3,0.0,12212.9,0.0,2.0,85268.4,34933.1,126.2,121.3,0.0,0.0,326.0
2026-10-08T02:51:01.041663+00:00,11.1,1969.0,6.7,3.6,38920.9,26117.0,46.1,17509.6,14999.9,1.4,54.3,0.0,350455.2,0.0,6.0,607.0,1355.9,6.0,11.1,0.0,0.0,326.0
2026-10-08T02:51:02.051381+00:00,7.0,1969.0,5.5,1.3,8791.3,6778.7,46.1,17515.9,14993.6,1.4,54.3,0.0,101172.3,0.0,4.9,643.2,938.6,6.9,10.9,0.0,0.0,323.0
2026-10-08T02:51:03.044969+00:00,8.8,1969.0,6.1,2.3,8723.1,6647.0,46.1,17516.0,14993.5,1.4,54.3,0.0,144271.1,0.0,4.0,84.5,356.2,1.0,6.0,0.0,0.0,325.0
2026-10-08T02:51:04.036647+00:00,12.0,1969.0,7.2,4.2,39757.4,26077.3,46.1,17511.3,14998.2,1.4,54.3,0.0,16473.3,0.0,3.0,885.8,1318.1,7.0,11.1,0.0,0.0,323.0
2026-10-08T02:51:05.048136+00:00,6.9,1969.0,5.5,1.3,9332.1,7299.4,46.0,17548.1,14961.4,1.4,54.3,0.0,52874.5,0.0,11.9,1759.6,545.1,5.0,7.0,0.0,0.0,321.0
2026-10-08T02:51:06.041077+00:00,6.4,1969.0,5.1,1.1,8415.9,6521.8,46.0,17564.8,14944.7,1.4,54.3,0.0,28794.7,0.0,3.0,674.9,1207.1,7.0,16.1,0.0,0.0,323.0
2026-10-08T02:51:07.048016+00:00,11.7,1969.0,8.1,3.0,39088.0,25511.8,46.0,17568.9,14940.6,1.4,54.3,0.0,16243.1,0.0,2.0,1798.4,2163.2,16.9,22.8,0.0,0.0,321.0
2026-10-08T02:51:08.040017+00:00,10.3,1969.0,6.7,3.1,9658.5,7345.5,46.0,17560.9,14948.6,1.4,54.3,66134.9,111602.6,1.0,9.1,1226.1,1446.1,12.1,15.1,0.0,0.0,321.0
2026-10-08T02:51:09.049321+00:00,5.8,1969.0,4.9,0.8,8166.4,6232.6,46.0,17562.9,14946.6,1.4,54.3,0.0,0.0,0.0,0.0,83.4,198.6,1.0,3.0,0.0,0.0,323.0
2026-10-08T02:51:10.041562+00:00,10.2,1969.0,7.2,2.6,38999.3,25767.3,46.0,17562.0,14947.5,1.4,54.3,0.0,1021130.0,0.0,220.1,2376.4,1189.2,11.1,12.1,0.0,0.0,321.0
2026-10-08T02:51:11.048832+00:00,8.5,1969.0,6.2,2.1,8836.7,6848.7,46.0,17567.7,14941.8,1.4,54.3,0.0,73212.1,0.0,10.9,83.4,198.6,1.0,3.0,0.0,0.0,321.0
2026-10-08T02:51:12.042605+00:00,7.4,1969.0,5.9,1.5,8476.8,6391.1,46.0,17556.2,14953.3,1.4,54.3,0.0,152773.7,0.0,2.0,946.6,776.2,9.1,7.1,0.0,0.0,323.0
2026-10-08T02:51:13.050346+00:00,12.0,1969.0,7.5,3.9,39152.1,25967.4,46.0,17564.9,14944.6,1.4,54.3,0.0,20282.7,0.0,2.0,6156.1,1967.9,16.8,20.8,0.0,0.0,321.0
2026-10-08T02:51:14.043417+00:00,9.6,1969.0,6.8,2.6,8644.8,6650.8,46.0,17567.2,14942.4,1.4,54.3,0.0,119807.3,0.0,4.0,1986.0,5467.7,21.2,24.2,0.0,0.0,321.0
2026-10-08T02:51:15.052012+00:00,7.7,1969.0,6.5,1.2,10203.9,8053.7,46.0,17566.2,14943.3,1.4,54.3,0.0,56820.1,0.0,5.9,2272.1,1044.4,8.9,9.9,0.0,0.0,323.0
2026-10-08T02:51:16.042149+00:00,10.1,1969.0,6.8,2.9,38948.0,26193.6,46.0,17564.4,14945.2,1.4,54.3,0.0,251958.5,0.0,7.1,380.2,384.2,4.0,4.0,0.0,0.0,321.0
2026-10-08T02:51:17.049300+00:00,8.2,1969.0,6.2,2.0,8834.9,6748.5,46.0,17565.4,14944.1,1.4,54.3,0.0,8131.1,0.0,2.0,83.4,198.5,1.0,3.0,0.0,0.0,321.0
2026-10-08T02:51:18.045736+00:00,7.7,1969.0,6.4,1.0,9136.4,6866.2,46.0,17566.9,14942.6,1.4,54.3,0.0,4132.8,0.0,1.0,1072.6,1193.6,10.1,12.1,0.0,0.0,323.0
2026-10-08T02:51:19.036969+00:00,10.3,1969.0,6.8,3.0,38440.1,25363.7,46.0,17565.8,14943.7,1.4,54.3,0.0,24674.9,0.0,4.0,630.5,967.9,4.0,6.0,0.0,0.0,321.0
2026-10-08T02:51:20.044147+00:00,7.9,1969.0,5.6,1.9,8489.0,6728.7,46.0,17565.7,14943.8,1.4,54.3,0.0,12200.3,0.0,2.0,17119.0,4197.8,32.8,33.8,0.0,0.0,321.0
2026-10-08T02:51:21.042078+00:00,8.8,1969.0,7.7,1.0,9017.6,6869.4,46.0,17553.7,14955.8,1.4,54.3,0.0,0.0,0.0,0.0,506.5,567.1,5.0,6.1,0.0,0.0,323.0
2026-10-08T02:51:22.049583+00:00,11.4,1969.0,7.9,3.0,37877.5,25249.3,46.0,17564.4,14945.1,1.4,54.3,0.0,222255.0,0.0,3.9,1504.5,1875.5,15.8,21.7,0.0,0.0,321.0
2026-10-08T02:51:23.040803+00:00,7.1,1969.0,5.7,1.3,8765.0,6707.1,45.9,17574.2,14935.3,1.4,54.3,0.0,148745.0,0.0,3.0,977.5,1217.6,10.1,13.1,0.0,0.0,321.0
2026-10-08T02:51:24.055040+00:00,6.4,1969.0,5.6,0.7,8755.0,6720.3,46.0,17567.2,14942.3,1.4,54.3,0.0,134156.7,0.0,9.9,997.5,1329.0,10.9,15.9,0.0,0.0,323.0
2026-10-08T02:51:25.046712+00:00,9.9,1969.0,6.4,2.8,37885.5,25121.5,46.0,17566.4,14943.1,1.4,54.3,0.0,90225.0,0.0,3.0,1480.9,232.3,2.0,3.0,0.0,0.0,321.0
2026-10-08T02:51:26.038051+00:00,8.7,1969.0,6.2,2.2,9576.3,7167.1,46.0,17566.8,14942.7,1.4,54.3,0.0,363495.1,0.0,52.4,84.7,201.7,1.0,3.0,0.0,0.0,321.0
2026-10-08T02:51:27.050157+00:00,6.6,1969.0,6.0,0.5,8492.0,6424.1,46.0,17570.1,14939.5,1.4,54.3,0.0,0.0,0.0,0.0,83.4,365.3,1.0,6.0,0.0,0.0,323.0
2026-10-08T02:51:28.041099+00:00,13.3,1969.0,7.5,5.4,40718.4,27661.4,46.1,17522.8,14986.7,1.4,54.3,0.0,0.0,0.0,0.0,15175.7,16843.4,50.2,64.3,0.0,0.0,322.0
2026-10-08T02:51:29.054187+00:00,11.3,1969.0,6.2,4.1,8951.3,6818.5,46.1,17525.1,14984.4,1.4,54.3,0.0,113878.1,0.0,9.9,1044.6,1505.3,10.9,17.9,0.0,0.0,322.0
2026-10-08T02:51:30.047702+00:00,9.4,1969.0,6.1,2.9,8620.0,6566.9,46.1,17523.3,14986.2,1.4,54.3,0.0,332934.8,0.0,22.1,2074.2,1238.3,8.0,16.1,0.0,0.0,324.0
2026-10-08T02:51:31.039442+00:00,13.5,1969.0,8.2,4.7,38900.9,25762.5,46.1,17527.9,14981.6,1.4,54.3,0.0,4121.8,0.0,1.0,84.5,314.0,1.0,5.0,0.0,0.0,322.0
2026-10-08T02:51:32.047874+00:00,8.1,1969.0,5.6,2.1,8717.4,6697.3,46.1,17525.7,14983.8,1.4,54.3,0.0,0.0,0.0,0.0,83.3,142.9,1.0,2.0,0.0,0.0,322.0
2026-10-08T02:51:33.041430+00:00,11.0,1969.0,6.9,3.6,9397.9,6663.4,46.1,17523.8,14985.7,1.4,54.3,0.0,136239.4,0.0,2.0,380.0,476.7,4.0,5.0,0.0,0.0,324.0
2026-10-08T02:51:34.047663+00:00,11.7,1969.0,7.9,3.4,39057.0,26135.4,46.1,17522.4,14987.1,1.4,54.3,0.0,28409.4,0.0,4.0,1163.2,1843.0,9.9,20.8,0.0,0.0,322.0
2026-10-08T02:51:35.038277+00:00,8.3,1969.0,5.7,1.9,10864.2,8568.2,46.1,17513.6,14995.9,1.4,54.3,0.0,256291.2,0.0,9.1,1877.1,4706.0,6.1,103.9,0.0,0.0,322.0
2026-10-08T02:51:36.049466+00:00,15.1,1969.0,8.3,5.9,17587.5,13778.9,46.2,17474.4,15035.1,1.4,54.3,20616188.9,122064.5,853.3,12.9,17001.4,54874.4,78.5,238.4,0.0,0.0,326.0
2026-10-08T02:51:37.042806+00:00,21.1,1969.0,11.9,7.3,47688.2,32790.7,46.6,17363.7,15145.8,1.4,54.3,31755705.7,98791.2,723.6,8.0,2351.6,12955.9,24.1,275.4,0.0,0.0,325.0
2026-10-08T02:51:38.053838+00:00,26.4,1969.0,19.2,6.1,16086.9,12785.9,47.0,17219.4,15290.1,1.4,54.3,4911063.9,194778.8,271.5,13.9,63966.3,17118.2,60.4,267.5,0.0,0.0,327.0
2026-10-08T02:51:39.047643+00:00,20.2,1969.0,14.1,4.8,15359.4,11669.8,46.8,17287.5,15222.0,1.4,54.3,4783668.2,102918.9,229.2,3.0,84.4,3251.4,1.0,71.4,0.0,0.0,329.0
2026-10-08T02:51:40.064145+00:00,23.1,1969.0,15.8,6.6,45185.1,29290.9,46.9,17257.8,15251.8,1.4,54.3,3407433.6,534338.2,164.6,24.1,210600.4,15296.2,188.7,154.5,0.0,0.0,327.0
2026-10-08T02:51:41.060845+00:00,51.8,1969.0,32.9,17.3,54443.8,31114.3,47.8,16963.2,15546.3,1.4,54.3,25930252.6,537393.3,747.1,19.0,837.3,1974.0,8.0,13.0,0.0,0.0,339.0
2026-10-08T02:51:42.042866+00:00,65.8,1969.0,48.2,15.5,65893.7,37440.1,49.1,16563.5,15946.0,1.4,54.3,17951398.1,735603.6,484.6,72.2,40525.3,104902.0,104.3,152.5,0.0,0.0,341.0
2026-10-08T02:51:43.055490+00:00,51.1,1969.0,32.2,16.9,84827.7,43169.6,49.2,16500.9,16008.6,1.4,54.3,22608440.7,662710.8,912.6,51.3,15214.6,22683.8,68.1,67.1,0.0,0.0,340.0
2026-10-08T02:51:44.053880+00:00,53.0,1969.0,30.8,19.3,54666.9,35266.6,47.9,16937.4,15572.2,1.4,54.3,62932087.9,3682606.5,2386.2,131.4,2342.0,6817.3,21.1,42.1,0.0,0.0,333.0
2026-10-08T02:51:45.053500+00:00,29.3,1969.0,18.0,9.6,32206.3,25237.2,48.3,16822.5,15687.0,1.4,54.3,150023042.6,1264484.2,2451.7,85.2,18539.8,53254.8,71.2,108.2,0.0,0.0,333.0
2026-10-08T02:51:46.049459+00:00,38.0,1969.0,23.6,12.4,61443.3,38344.3,48.7,16679.2,15830.3,1.4,54.3,161537364.4,901667.8,1480.9,85.1,153002.9,255297.1,359.2,394.2,0.0,0.0,334.0
2026-10-08T02:51:47.045044+00:00,31.1,1969.0,24.0,6.0,22562.9,17846.1,48.9,16628.3,15881.2,1.4,54.3,60708680.1,324879.0,1099.4,44.2,8752.9,83939.6,67.3,105.4,0.0,0.0,335.0
2026-10-08T02:51:48.053706+00:00,52.8,1969.0,37.3,14.3,49018.2,33538.2,49.8,16329.6,16179.9,1.4,54.3,22578709.0,1886654.2,1050.7,102.4,20625.0,65349.3,101.4,129.5,0.0,0.0,342.0
2026-10-08T02:51:49.048488+00:00,72.5,1969.0,53.6,16.8,78747.4,44872.9,50.2,16201.5,16308.0,1.4,54.3,19850338.4,3583115.6,681.4,168.6,157910.4,160478.2,302.5,368.0,0.0,0.0,340.0
2026-10-08T02:51:50.058107+00:00,59.0,1969.0,43.5,14.2,59929.9,37813.9,50.6,16065.7,16443.8,1.4,54.3,43990360.9,11203514.5,1574.6,548.7,79411.2,591809.2,341.7,756.7,0.0,0.0,340.0
2026-10-08T02:51:51.059607+00:00,42.0,1969.0,33.0,8.0,29231.1,21606.1,50.8,16007.3,16502.2,1.4,54.3,22988901.4,5628030.4,635.0,496.3,46269.3,275098.4,266.5,537.9,0.0,0.0,342.0
2026-10-08T02:51:52.047330+00:00,37.1,1969.0,26.6,9.8,51061.2,32193.7,50.7,16037.4,16472.1,1.4,54.3,5104040.5,16997902.4,305.0,228.0,11984.5,154381.6,109.4,288.8,0.0,0.0,340.0
2026-10-08T02:51:53.047669+00:00,34.6,1969.0,25.1,8.4,23282.7,17429.6,50.6,16059.4,16450.1,1.4,54.3,6030368.6,17752849.2,373.2,680.6,194495.7,113010.3,307.4,356.3,0.0,0.0,340.0
2026-10-08T02:51:54.049208+00:00,30.5,1969.0,24.4,5.4,18051.1,13517.8,50.9,15977.9,16531.7,1.4,54.3,2787076.2,192353.3,237.8,3.0,48289.2,55941.8,108.9,220.8,0.0,0.0,342.0
2026-10-08T02:51:55.049237+00:00,35.1,1969.0,26.1,7.9,49292.9,29392.3,50.9,15952.7,16556.8,1.4,54.3,5185262.6,1933678.3,183.6,108.8,26315.2,134418.7,121.8,196.6,0.0,0.0,340.0
2026-10-08T02:51:56.050010+00:00,34.2,1969.0,26.6,6.9,21410.9,15457.3,51.1,15906.3,16603.2,1.4,54.3,2543103.2,2352524.2,196.1,118.1,91343.1,67532.8,184.1,228.1,0.0,0.0,341.0
2026-10-08T02:51:57.053762+00:00,30.4,1969.0,24.6,4.7,20812.1,15467.0,51.2,15879.6,16629.9,1.4,54.3,3386742.4,1755255.2,202.8,101.9,37353.0,34565.0,103.9,170.8,0.0,0.0,343.0
2026-10-08T02:51:58.053790+00:00,45.9,1969.0,33.3,11.4,57356.0,32924.4,51.0,15921.4,16588.1,1.4,54.3,3130440.4,538307.3,219.0,42.8,22891.4,43161.4,100.6,142.4,0.0,0.0,343.0
2026-10-08T02:51:59.059690+00:00,62.2,1969.0,40.7,20.4,58265.9,34646.5,51.0,15924.2,16585.3,1.4,54.3,2307944.2,3955890.1,157.1,211.2,97489.1,339498.9,417.3,503.4,0.0,0.0,341.0
2026-10-08T02:52:00.050681+00:00,34.3,1969.0,24.5,8.9,25805.0,18275.1,50.2,16187.5,16322.0,1.4,54.3,5029803.3,2691104.9,208.9,160.5,35945.7,83706.5,114.0,142.3,0.0,0.0,343.0
2026-10-08T02:52:01.042871+00:00,59.6,1969.0,38.0,20.8,75349.0,40844.5,50.6,16059.9,16449.6,1.4,54.3,3016826.3,2062057.2,192.6,159.9,1140.9,2102.1,11.9,18.9,0.0,0.0,345.0
2026-10-08T02:52:02.061056+00:00,39.6,1969.0,31.1,7.8,22764.7,16676.0,51.5,15782.8,16726.7,1.4,54.3,1418864.3,97642.3,151.0,4.0,29097.8,12667.2,57.6,65.6,0.0,0.0,345.0
2026-10-08T02:52:03.052261+00:00,57.1,1969.0,36.5,18.7,56199.3,33380.5,52.3,15513.1,16996.5,1.4,54.3,4591878.0,3410072.2,231.9,248.1,311168.4,106945.6,424.4,275.5,0.0,0.0,349.0
2026-10-08T02:52:04.061004+00:00,73.1,1969.0,52.0,19.6,86572.5,46159.3,51.2,15869.7,16639.9,1.4,54.3,8816255.5,2109629.4,1042.0,169.0,162912.7,1473681.6,652.3,1377.1,0.0,0.0,349.0
2026-10-08T02:52:05.049834+00:00,63.0,1969.0,40.0,21.1,49528.7,33826.6,51.8,15676.6,16832.9,1.4,54.3,12358217.5,6040559.1,398.4,540.2,82311.1,311352.5,385.3,443.6,0.0,0.0,358.0
2026-10-08T02:52:06.051837+00:00,45.4,1969.0,31.2,13.0,32784.7,24968.4,51.9,15648.5,16861.0,1.4,54.3,5194891.8,11501154.0,305.7,1044.5,63461.5,107602.3,164.3,195.2,0.0,0.0,358.0
2026-10-08T02:52:07.056727+00:00,47.7,1969.0,29.9,16.2,60155.8,35296.1,52.2,15537.5,16972.0,1.4,54.3,8115069.6,654193.8,242.6,50.9,16076.3,12274.1,56.9,64.9,0.0,0.0,358.0
2026-10-08T02:52:08.062778+00:00,38.6,1969.0,22.3,13.4,29488.7,20784.6,52.3,15500.7,17008.8,1.4,54.3,2169400.8,859814.2,208.9,66.7,43195.8,89073.8,149.2,184.0,0.0,0.0,358.0
2026-10-08T02:52:09.057630+00:00,55.7,1969.0,33.9,20.2,71706.5,40069.8,53.2,15210.5,17299.0,1.4,54.3,6175917.6,814838.5,529.1,26.3,49249.1,28865.8,99.0,100.0,0.0,0.0,368.0
2026-10-08T02:52:10.055791+00:00,58.1,1969.0,32.0,24.6,90206.0,48996.4,52.8,15334.2,17175.3,1.4,54.3,2489608.1,4731877.3,231.6,495.0,25102.5,51346.5,106.9,125.7,0.0,0.0,355.0
2026-10-08T02:52:11.060703+00:00,29.2,1969.0,14.2,13.4,33864.8,26685.8,51.7,15717.1,16792.4,1.4,54.3,7918220.6,25895164.7,502.6,2415.7,3701.1,5181.8,35.0,41.0,0.0,0.0,351.0
2026-10-08T02:52:12.047382+00:00,23.0,1969.0,12.0,9.9,18938.0,15184.8,51.6,15718.8,16790.7,1.4,54.3,93154972.0,819795.6,180.9,52.6,1845.8,2221.8,18.2,21.2,0.0,0.0,353.0
2026-10-08T02:52:13.046275+00:00,27.4,1969.0,13.4,12.8,45244.7,29327.2,51.4,15794.0,16715.5,1.4,54.3,4090.7,188173.6,1.0,18.0,7089.9,2609.6,26.0,27.0,0.0,0.0,351.0
2026-10-08T02:52:14.042574+00:00,46.6,1969.0,25.0,20.5,54678.9,33602.2,46.4,17413.3,15096.2,1.4,54.3,2336637.6,7073951.2,162.1,510.3,39355.7,30799.5,146.1,115.1,0.0,0.0,332.0
2026-10-08T02:52:15.053272+00:00,41.4,1969.0,20.3,19.9,50100.0,33575.2,46.1,17507.5,15002.1,1.4,54.3,602998.0,10663755.9,37.5,1222.2,5929.2,3078.7,23.7,27.7,0.0,0.0,331.0
2026-10-08T02:52:16.047268+00:00,30.3,1969.0,17.8,11.9,51107.2,32163.7,45.9,17587.5,14922.0,1.4,54.3,181089.3,7943233.9,8.0,577.8,1006.8,1332.4,10.0,17.1,0.0,0.0,326.0
2026-10-08T02:52:17.040382+00:00,20.7,1969.0,10.4,9.2,10218.9,8943.6,45.9,17593.5,14916.0,1.4,54.3,0.0,107198.0,0.0,5.0,84.6,314.1,1.0,5.0,0.0,0.0,326.0
2026-10-08T02:52:18.050905+00:00,20.2,1969.0,9.5,9.5,15448.3,11999.9,45.8,17613.3,14896.2,1.4,54.3,28404.2,523448.7,1.0,37.6,333.9,595.4,4.0,7.9,0.0,0.0,327.0
2026-10-08T02:52:19.043292+00:00,19.6,1969.0,8.1,9.8,42269.5,27280.6,45.8,17613.8,14895.7,1.4,54.3,65904.7,354237.8,1.0,23.1,1182.6,1323.4,10.1,10.1,0.0,0.0,325.0
2026-10-08T02:52:20.050789+00:00,12.2,1969.0,5.7,6.2,9461.9,8478.1,45.7,17658.2,14851.3,1.4,54.3,146233.8,2652519.5,9.9,100.2,16742.1,4413.1,29.8,29.8,0.0,0.0,325.0
2026-10-08T02:52:21.058146+00:00,14.1,1969.0,6.2,7.2,10091.8,8606.3,45.7,17664.3,14845.2,1.4,54.3,0.0,0.0,0.0,0.0,677.7,816.9,7.1,9.1,0.0,0.0,327.0
2026-10-08T02:52:22.051180+00:00,17.1,1969.0,7.7,8.9,37683.4,25196.7,45.7,17664.2,14845.3,1.4,54.3,16262.5,451283.9,1.0,40.7,3431.4,78938.2,29.8,84.4,0.0,0.0,325.0
2026-10-08T02:52:23.043486+00:00,12.3,1969.0,5.1,6.5,8729.8,7737.4,45.7,17665.5,14844.0,1.4,54.3,0.0,437020.9,0.0,41.3,1223.0,1466.5,12.1,15.1,0.0,0.0,325.0
2026-10-08T02:52:24.063825+00:00,12.7,1969.0,5.2,6.8,9428.8,8229.6,45.7,17658.6,14850.9,1.4,54.3,0.0,0.0,0.0,0.0,12537.3,15733.2,32.7,37.7,0.0,0.0,329.0
2026-10-08T02:52:25.041795+00:00,19.2,1969.0,6.9,10.6,38084.5,24553.0,45.7,17652.2,14857.3,1.4,54.3,0.0,273375.6,0.0,29.3,2349.1,1229.7,11.1,14.2,0.0,0.0,325.0
2026-10-08T02:52:26.049036+00:00,13.5,1969.0,6.4,5.6,8626.1,7155.8,45.7,17644.9,14864.6,1.4,54.3,0.0,247703.8,0.0,16.9,83.3,142.8,1.0,2.0,0.0,0.0,325.0
2026-10-08T02:52:27.045430+00:00,7.1,1969.0,5.5,1.4,8551.9,6453.1,45.7,17639.3,14870.2,1.4,54.3,0.0,90930.1,0.0,18.2,84.8,597.4,1.0,10.1,0.0,0.0,327.0
2026-10-08T02:52:28.036161+00:00,12.7,1969.0,7.2,4.8,40217.2,27300.7,45.8,17622.1,14887.4,1.4,54.3,0.0,0.0,0.0,0.0,1400.5,2062.6,13.0,24.1,0.0,0.0,325.0
2026-10-08T02:52:29.043728+00:00,7.3,1969.0,5.3,1.8,7980.9,6195.1,45.8,17622.8,14886.7,1.4,54.3,0.0,101646.7,0.0,16.9,959.9,1341.1,9.9,15.9,0.0,0.0,325.0
2026-10-08T02:52:30.052812+00:00,13.0,1969.0,6.9,4.9,8655.0,6793.4,45.8,17609.2,14900.3,1.4,54.3,0.0,113872.7,0.0,21.8,1468.5,730.8,2.0,11.9,0.0,0.0,327.0
2026-10-08T02:52:31.043669+00:00,10.8,1969.0,7.9,2.4,39981.8,27116.8,45.9,17595.2,14914.3,1.4,54.3,0.0,123755.5,0.0,16.1,379.7,758.4,4.0,10.1,0.0,0.0,325.0
2026-10-08T02:52:32.050304+00:00,6.3,1969.0,4.7,1.2,7750.8,6050.7,45.9,17592.1,14917.4,1.4,54.3,0.0,0.0,0.0,0.0,125.1,421.1,2.0,7.0,0.0,0.0,325.0
2026-10-08T02:52:33.042554+00:00,8.6,1969.0,5.7,2.3,9497.5,7269.2,45.7,17638.1,14871.4,1.4,54.3,0.0,281088.9,0.0,25.2,84.8,710.5,1.0,12.1,0.0,0.0,325.0
2026-10-08T02:52:34.050272+00:00,11.5,1969.0,7.8,3.3,40496.6,27325.0,45.8,17617.0,14892.5,1.4,54.3,0.0,227469.4,0.0,15.9,1412.2,2145.0,11.9,21.8,0.0,0.0,323.0
2026-10-08T02:52:35.041060+00:00,6.8,1969.0,5.2,1.2,8393.4,6820.9,45.8,17616.6,14892.9,1.4,54.3,280952.3,586694.5,2.0,15.1,2083.0,881.6,8.1,10.1,0.0,0.0,323.0
2026-10-08T02:52:36.050228+00:00,6.7,1969.0,5.3,1.3,8352.1,6644.9,45.8,17611.3,14898.2,1.4,54.3,0.0,32542.4,0.0,7.0,1388.4,1759.8,12.9,18.9,0.0,0.0,325.0
2026-10-08T02:52:37.040859+00:00,14.0,1969.0,8.8,4.7,40886.3,27372.0,45.9,17593.3,14916.2,1.4,54.3,0.0,49493.7,0.0,7.0,1392.6,1612.1,14.1,17.1,0.0,0.0,323.0
2026-10-08T02:52:38.049278+00:00,10.1,1969.0,6.4,2.9,8274.4,6527.3,45.9,17588.9,14920.7,1.4,54.3,0.0,138317.7,0.0,9.9,64345.8,8856.4,63.6,53.6,0.0,0.0,323.0
2026-10-08T02:52:39.048314+00:00,9.4,1969.0,5.8,3.0,8445.2,6482.6,45.9,17587.3,14922.2,1.4,54.3,0.0,12386.6,0.0,2.0,380.0,440.5,4.0,5.0,0.0,0.0,325.0
2026-10-08T02:52:40.042084+00:00,12.4,1969.0,7.2,4.3,40474.1,27492.0,46.0,17567.4,14942.1,1.4,54.3,0.0,32808.6,0.0,3.0,18352.7,6080.5,44.1,47.1,0.0,0.0,323.0
2026-10-08T02:52:41.049244+00:00,5.9,1969.0,4.9,0.9,8327.9,6517.9,46.0,17565.4,14944.1,1.4,54.3,0.0,271720.0,0.0,11.9,83.2,475.3,1.0,7.9,0.0,0.0,323.0
2026-10-08T02:52:42.043714+00:00,8.3,1969.0,6.0,1.9,8433.0,6523.3,46.0,17558.6,14950.9,1.4,54.3,0.0,136429.5,0.0,2.0,821.6,1141.6,8.1,12.1,0.0,0.0,325.0
2026-10-08T02:52:43.052315+00:00,15.2,1969.0,8.5,5.8,39746.4,25969.4,46.1,17535.2,14974.3,1.4,54.3,0.0,16195.9,0.0,3.0,5805.6,1479.8,12.9,15.8,0.0,0.0,323.0
2026-10-08T02:52:44.044697+00:00,6.4,1969.0,4.9,1.1,8196.1,6331.7,46.1,17534.1,14975.5,1.4,54.3,0.0,37149.9,0.0,7.1,972.5,4473.4,10.1,14.1,0.0,0.0,323.0
2026-10-08T02:52:45.039637+00:00,6.9,1969.0,4.9,1.6,8454.1,6517.6,46.1,17529.4,14980.1,1.4,54.3,16525.0,268531.3,1.0,20.2,2084.8,905.7,8.1,10.1,0.0,0.0,325.0
2026-10-08T02:52:46.047068+00:00,11.8,1969.0,7.4,3.9,39470.4,26646.4,46.1,17508.1,15001.4,1.4,54.3,0.0,194379.1,0.0,16.8,96150.4,7621.6,85.0,72.2,0.0,0.0,323.0
2026-10-08T02:52:47.038536+00:00,12.2,1969.0,6.5,4.9,8273.7,6401.7,46.2,17494.1,15015.4,1.4,54.3,0.0,8262.7,0.0,2.0,843.2,2664.8,8.1,19.2,0.0,0.0,323.0
2026-10-08T02:52:48.049484+00:00,8.1,1969.0,5.5,2.2,8698.8,6713.6,46.2,17494.4,15015.1,1.4,54.3,0.0,8127.3,0.0,1.0,749.0,2384.0,7.9,26.8,0.0,0.0,325.0
2026-10-08T02:52:49.040268+00:00,16.3,1969.0,9.0,6.4,39705.4,26749.8,46.2,17502.4,15007.2,1.4,54.3,16472.5,65890.1,1.0,6.0,976.2,1223.6,7.0,10.1,0.0,0.0,323.0
2026-10-08T02:52:50.046969+00:00,8.6,1969.0,6.6,1.7,8169.1,6396.5,46.1,17509.9,14999.6,1.4,54.3,0.0,105810.3,0.0,11.9,3428.8,1583.7,8.9,18.9,0.0,0.0,323.0
2026-10-08T02:52:51.042604+00:00,8.1,1969.0,5.6,2.2,8462.2,6689.2,46.1,17510.6,14998.9,1.4,54.3,0.0,0.0,0.0,0.0,2797.2,25681.3,28.3,160.4,0.0,0.0,325.0
2026-10-08T02:52:52.050138+00:00,15.2,1969.0,8.8,5.7,41720.3,27817.8,46.3,17461.0,15048.5,1.4,54.3,0.0,93112.9,0.0,16.8,14405.6,25033.6,44.5,266.9,0.0,0.0,324.0
2026-10-08T02:52:53.041319+00:00,6.4,1969.0,5.5,0.7,8158.5,6382.2,46.3,17461.4,15048.1,1.4,54.3,0.0,235507.7,0.0,13.1,808.0,5365.4,8.1,114.0,0.0,0.0,324.0
2026-10-08T02:52:54.051243+00:00,6.4,1969.0,5.6,0.6,8551.2,6722.8,46.3,17463.6,15045.9,1.4,54.3,0.0,4065.7,0.0,1.0,1623.9,11456.5,17.9,249.1,0.0,0.0,326.0
2026-10-08T02:52:55.041836+00:00,12.0,1969.0,7.7,3.6,39526.3,27344.3,46.3,17461.9,15047.7,1.4,54.3,0.0,0.0,0.0,0.0,1784.2,4997.0,5.0,111.8,0.0,0.0,324.0
2026-10-08T02:52:56.048562+00:00,10.4,1969.0,7.5,2.6,8530.8,6615.2,46.3,17461.4,15048.1,1.4,54.3,0.0,227901.1,0.0,6.0,1095.9,2202.7,9.9,34.8,0.0,0.0,324.0
2026-10-08T02:52:57.041170+00:00,6.9,1969.0,5.4,1.4,8297.9,6481.3,46.3,17468.5,15041.0,1.4,54.3,0.0,0.0,0.0,0.0,84.8,371.4,1.0,6.1,0.0,0.0,326.0
2026-10-08T02:52:58.048992+00:00,13.1,1969.0,7.2,4.8,38644.0,25668.2,46.3,17466.9,15042.6,1.4,54.3,0.0,12179.0,0.0,2.0,373.7,488.6,4.0,5.9,0.0,0.0,324.0
2026-10-08T02:52:59.039389+00:00,6.4,1969.0,5.2,1.0,7831.5,6254.5,46.3,17467.7,15041.9,1.4,54.3,0.0,20650.1,0.0,4.0,382.1,860.1,4.0,12.1,0.0,0.0,324.0
2026-10-08T02:53:00.052122+00:00,8.1,1969.0,5.7,2.1,9062.0,7217.0,46.3,17462.7,15046.8,1.4,54.3,16278.1,113946.5,1.0,7.9,16304.9,3806.2,24.8,30.8,0.0,0.0,326.0
2026-10-08T02:53:01.043354+00:00,12.6,1969.0,7.6,4.7,39460.1,26855.1,46.3,17468.0,15041.5,1.4,54.3,0.0,291718.3,0.0,5.0,378.2,382.2,4.0,4.0,0.0,0.0,324.0
2026-10-08T02:53:02.051751+00:00,7.1,1969.0,4.9,1.7,7957.6,6321.4,46.3,17466.7,15042.8,1.4,54.3,20333.2,0.0,1.0,0.0,808.2,1031.6,7.9,10.9,0.0,0.0,324.0
2026-10-08T02:53:03.043895+00:00,6.3,1969.0,5.3,1.0,8479.1,6562.6,46.3,17466.5,15043.0,1.4,54.3,0.0,169395.7,0.0,9.1,380.3,727.3,4.0,10.1,0.0,0.0,326.0
2026-10-08T02:53:04.035523+00:00,12.4,1969.0,6.7,5.3,40082.8,27011.4,46.3,17464.2,15045.3,1.4,54.3,0.0,45401.3,0.0,11.1,887.8,1326.1,7.1,12.1,0.0,0.0,324.0
2026-10-08T02:53:05.041421+00:00,9.7,1969.0,7.4,1.5,8197.6,6487.4,46.3,17467.6,15041.9,1.4,54.3,0.0,32524.4,0.0,5.0,2340.5,1213.9,10.9,13.9,0.0,0.0,324.0
2026-10-08T02:53:06.050986+00:00,7.1,1969.0,5.4,1.6,8428.4,6567.3,46.3,17472.9,15036.6,1.4,54.3,0.0,0.0,0.0,0.0,1333.7,1354.6,12.9,14.9,0.0,0.0,326.0
2026-10-08T02:53:07.044059+00:00,11.3,1969.0,6.4,4.7,39534.8,26520.9,46.3,17470.1,15039.4,1.4,54.3,0.0,45358.6,0.0,4.0,1097.3,1292.6,11.1,13.1,0.0,0.0,325.0
2026-10-08T02:53:08.034659+00:00,13.0,1969.0,9.8,2.8,9883.4,7523.8,46.3,17464.3,15045.2,1.4,54.3,0.0,288863.9,0.0,32.2,972.2,1079.0,10.1,12.1,0.0,0.0,324.0
2026-10-08T02:53:09.044051+00:00,7.1,1969.0,5.6,1.4,8280.6,6470.1,46.3,17473.1,15036.4,1.4,54.3,0.0,0.0,0.0,0.0,1467.1,1661.7,13.9,16.9,0.0,0.0,326.0
2026-10-08T02:53:10.035913+00:00,10.9,1969.0,7.3,3.2,38929.4,26155.1,46.3,17469.4,15040.1,1.4,54.3,0.0,4125.5,0.0,1.0,1578.3,548.9,3.0,7.1,0.0,0.0,324.0
2026-10-08T02:53:11.043700+00:00,7.4,1969.0,5.7,1.2,8526.6,6821.7,46.3,17471.7,15037.8,1.4,54.3,0.0,170622.6,0.0,17.9,286.6,289.6,3.0,4.0,0.0,0.0,324.0
2026-10-08T02:53:12.054940+00:00,6.5,1969.0,5.6,0.9,8783.4,6748.1,46.3,17465.3,15044.3,1.4,54.3,0.0,142328.9,0.0,2.0,728.7,1074.2,6.9,11.9,0.0,0.0,326.0
2026-10-08T02:53:13.046279+00:00,10.8,1969.0,7.4,2.8,39299.7,26558.9,46.3,17469.3,15040.2,1.4,54.3,0.0,8231.9,0.0,1.0,5607.2,1435.0,10.0,17.1,0.0,0.0,324.0
2026-10-08T02:53:14.038192+00:00,6.3,1969.0,5.1,1.0,8977.4,6948.4,46.3,17472.3,15037.2,1.4,54.3,0.0,8261.4,0.0,1.0,1564.1,5126.1,16.1,21.2,0.0,0.0,324.0
2026-10-08T02:53:15.046386+00:00,10.5,1969.0,8.0,2.2,9930.3,8204.5,46.3,17469.8,15039.7,1.4,54.3,0.0,101564.8,0.0,12.9,2048.2,1235.8,7.9,15.9,0.0,0.0,326.0
2026-10-08T02:53:16.036803+00:00,12.6,1969.0,6.3,5.1,40128.0,26941.9,46.3,17467.5,15042.0,1.4,54.3,0.0,309856.0,0.0,18.2,1502.9,2378.4,13.1,22.2,0.0,0.0,324.0
2026-10-08T02:53:17.043856+00:00,7.7,1969.0,5.8,1.9,8981.9,6806.2,46.3,17467.5,15042.1,1.4,54.3,0.0,142360.2,0.0,3.0,1000.0,1484.6,10.9,18.9,0.0,0.0,324.0
2026-10-08T02:53:18.037103+00:00,6.5,1969.0,5.5,1.1,8723.2,6617.3,46.3,17472.1,15037.4,1.4,54.3,0.0,41330.6,0.0,8.1,340.0,513.6,4.0,7.1,0.0,0.0,326.0
2026-10-08T02:53:19.044174+00:00,11.8,1969.0,7.3,3.8,39123.4,26310.8,46.2,17475.3,15034.2,1.4,54.3,0.0,73052.8,0.0,4.0,622.2,795.6,4.0,5.0,0.0,0.0,324.0
2026-10-08T02:53:20.036785+00:00,9.9,1969.0,5.9,3.7,10710.7,8303.4,46.4,17441.0,15068.6,1.4,54.3,0.0,148771.3,0.0,15.1,31183.7,17128.4,66.6,70.6,0.0,0.0,325.0
2026-10-08T02:53:21.044859+00:00,7.8,1969.0,5.4,2.0,8561.4,6655.8,46.4,17435.9,15073.6,1.4,54.3,0.0,0.0,0.0,0.0,1376.2,1910.6,12.9,17.8,0.0,0.0,327.0
2026-10-08T02:53:22.041972+00:00,11.7,1969.0,7.5,3.7,39933.7,26987.9,46.2,17486.6,15022.9,1.4,54.3,0.0,326096.6,0.0,20.2,1834.1,2389.4,18.1,26.2,0.0,0.0,324.0
2026-10-08T02:53:23.048859+00:00,10.1,1969.0,6.2,3.0,8536.3,6680.5,46.2,17491.5,15018.0,1.4,54.3,20227.3,262954.6,1.0,21.7,955.1,1648.4,9.9,20.7,0.0,0.0,324.0
2026-10-08T02:53:24.042681+00:00,6.7,1969.0,5.1,1.3,8302.6,6392.8,46.2,17491.3,15018.2,1.4,54.3,0.0,0.0,0.0,0.0,84.7,258.1,1.0,4.0,0.0,0.0,326.0
2026-10-08T02:53:25.051706+00:00,14.2,1969.0,8.2,5.1,38935.2,25779.8,46.2,17489.5,15020.0,1.4,54.3,0.0,16232.7,0.0,3.0,2342.2,1195.9,10.9,12.9,0.0,0.0,324.0
2026-10-08T02:53:26.042892+00:00,14.8,1969.0,8.9,5.0,9272.3,7285.1,46.2,17492.8,15016.7,1.4,54.3,0.0,33004.0,0.0,6.0,84.6,314.2,1.0,5.0,0.0,0.0,324.0
2026-10-08T02:53:27.050532+00:00,9.9,1969.0,6.5,3.0,8248.5,6401.3,46.2,17495.4,15014.1,1.4,54.3,0.0,0.0,0.0,0.0,83.4,143.0,1.0,2.0,0.0,0.0,326.0
2026-10-08T02:53:28.042014+00:00,10.8,1969.0,6.4,3.8,38696.8,26250.7,46.2,17493.1,15016.4,1.4,54.3,0.0,0.0,0.0,0.0,675.2,735.6,7.1,8.1,0.0,0.0,324.0
2026-10-08T02:53:29.050195+00:00,7.8,1969.0,5.1,2.2,8495.7,6583.3,46.2,17494.8,15014.7,1.4,54.3,0.0,12201.5,0.0,2.0,669.3,939.3,7.0,10.9,0.0,0.0,324.0
2026-10-08T02:53:30.042680+00:00,14.1,1969.0,7.1,5.2,9784.6,7950.0,46.2,17493.8,15015.7,1.4,54.3,0.0,132119.4,0.0,17.1,1912.2,735.8,6.0,8.1,0.0,0.0,326.0
2026-10-08T02:53:31.053248+00:00,11.4,1969.0,6.3,4.0,39705.1,27156.1,46.2,17493.7,15015.8,1.4,54.3,0.0,4060.7,0.0,1.0,954.7,1236.3,9.9,14.9,0.0,0.0,324.0
2026-10-08T02:53:32.048174+00:00,10.6,1969.0,5.8,3.8,9789.5,8167.2,46.2,17494.8,15014.7,1.4,54.3,0.0,0.0,0.0,0.0,675.9,573.3,8.0,7.0,0.0,0.0,324.0
2026-10-08T02:53:33.045476+00:00,9.9,1969.0,6.0,3.2,9732.6,8127.1,46.2,17495.0,15014.5,1.4,54.3,0.0,267494.0,0.0,3.0,584.7,640.0,6.0,8.0,0.0,0.0,326.0
2026-10-08T02:53:34.036045+00:00,15.1,1969.0,7.4,6.8,42082.0,28928.5,46.2,17490.6,15018.9,1.4,54.3,0.0,160261.9,0.0,11.0,972.1,1264.1,8.0,11.0,0.0,0.0,324.0
2026-10-08T02:53:35.042931+00:00,11.4,1969.0,7.4,3.0,10668.7,8946.2,46.2,17494.9,15014.6,1.4,54.3,0.0,268390.5,0.0,13.9,2007.4,983.9,6.9,10.9,0.0,0.0,324.0
2026-10-08T02:53:36.051637+00:00,8.4,1969.0,5.5,1.8,9740.4,8211.9,46.2,17493.1,15016.4,1.4,54.3,0.0,0.0,0.0,0.0,913.8,1442.1,8.9,17.9,0.0,0.0,326.0
2026-10-08T02:53:37.042944+00:00,11.1,1969.0,6.2,4.1,39791.9,27279.4,46.2,17493.5,15016.0,1.4,54.3,0.0,4126.2,0.0,1.0,676.9,759.6,7.1,8.1,0.0,0.0,324.0
2026-10-08T02:53:38.051246+00:00,10.4,1969.0,5.5,4.0,10964.5,9212.1,46.2,17499.8,15009.7,1.4,54.3,32535.1,183009.9,1.0,11.9,64075.3,7983.8,60.6,48.7,0.0,0.0,324.0
2026-10-08T02:53:39.046130+00:00,7.7,1969.0,4.6,2.4,10217.5,8598.6,46.2,17503.1,15006.4,1.4,54.3,16506.0,1118282.0,1.0,205.5,1486.0,2015.9,14.1,22.2,0.0,0.0,326.0
2026-10-08T02:53:40.038905+00:00,12.7,1969.0,7.1,4.6,41591.7,28308.8,46.1,17506.4,15003.1,1.4,54.3,0.0,164781.6,0.0,6.0,16387.6,3073.6,24.1,23.1,0.0,0.0,324.0
2026-10-08T02:53:41.046376+00:00,8.8,1969.0,5.1,2.4,9918.4,8318.2,46.1,17513.1,14996.4,1.4,54.3,0.0,219291.8,0.0,3.0,83.3,309.3,1.0,5.0,0.0,0.0,324.0
2026-10-08T02:53:42.039840+00:00,12.6,1969.0,7.8,4.1,14372.5,10655.0,46.1,17518.4,14991.1,1.4,54.3,513411.3,293377.9,27.2,6.1,525.6,865.6,5.0,10.1,0.0,0.0,326.0
2026-10-08T02:53:43.047904+00:00,22.1,1969.0,13.4,7.3,41310.3,26562.9,46.2,17503.8,15005.8,1.4,54.3,12158.9,28370.7,3.0,2.0,6752.3,2936.8,19.8,26.7,0.0,0.0,324.0
2026-10-08T02:53:44.038380+00:00,13.3,1969.0,9.0,3.3,12645.4,10016.4,46.1,17506.8,15002.7,1.4,54.3,0.0,8264.1,0.0,1.0,766.7,2521.0,8.1,12.1,0.0,0.0,324.0
2026-10-08T02:53:45.049926+00:00,13.1,1969.0,8.8,3.6,12399.1,9894.7,46.1,17508.6,15000.9,1.4,54.3,0.0,48809.9,0.0,5.0,2887.8,3465.7,14.9,16.9,0.0,0.0,326.0
2026-10-08T02:53:46.041446+00:00,16.9,1969.0,10.0,5.7,46016.1,29341.7,46.2,17501.3,15008.2,1.4,54.3,3833674.2,90543.0,137.7,10.0,378.8,382.8,4.0,4.0,0.0,0.0,324.0
2026-10-08T02:53:47.054511+00:00,13.9,1969.0,8.8,4.3,14757.5,11383.9,46.3,17468.5,15041.0,1.4,54.3,51139654.9,73219.4,307.9,3.0,376.4,735.9,4.0,9.9,0.0,0.0,324.0
2026-10-08T02:53:48.049489+00:00,14.3,1969.0,9.5,3.9,12826.0,10368.7,46.2,17500.8,15008.7,1.4,54.3,58591773.3,398492.7,206.6,9.0,338.0,1184.5,4.0,19.1,0.0,0.0,326.0
2026-10-08T02:53:49.041631+00:00,15.8,1969.0,9.3,5.6,43559.9,28108.2,46.2,17491.3,15018.2,1.4,54.3,37127726.1,415679.9,389.9,17.1,1819.7,2448.7,15.1,24.1,0.0,0.0,324.0
2026-10-08T02:53:50.048886+00:00,13.4,1969.0,8.1,4.1,14184.8,11054.5,46.2,17502.5,15007.0,1.4,54.3,63109412.7,345209.7,266.7,33.7,3006.3,687.1,5.0,8.9,0.0,0.0,324.0
2026-10-08T02:53:51.061232+00:00,14.2,1969.0,9.7,3.5,12212.3,10209.4,46.2,17497.8,15011.7,1.4,54.3,96614867.5,0.0,205.7,0.0,1134.6,19747.1,11.1,27.2,0.0,0.0,326.0
2026-10-08T02:53:52.037096+00:00,19.1,1969.0,10.9,7.0,41545.4,27798.9,46.2,17496.4,15013.1,1.4,54.3,112594287.4,143866.8,219.8,21.1,1093.9,1593.6,11.0,19.1,0.0,0.0,324.0
2026-10-08T02:53:53.046023+00:00,14.1,1969.0,9.9,3.3,12550.2,10393.5,46.2,17502.1,15007.5,1.4,54.3,107193455.0,247982.4,213.4,14.9,1081.8,1719.0,10.9,21.8,0.0,0.0,326.0
2026-10-08T02:53:54.040855+00:00,13.0,1969.0,7.7,4.2,16328.3,11428.6,46.2,17502.6,15006.9,1.4,54.3,17126974.1,420686.0,141.0,41.3,379.6,689.7,4.0,10.1,0.0,0.0,326.0
2026-10-08T02:53:55.053556+00:00,17.3,1969.0,9.1,7.1,41545.7,26720.7,46.2,17494.6,15015.0,1.4,54.3,150606447.5,20253.1,297.7,4.0,1462.6,656.6,2.0,9.9,0.0,0.0,324.0
2026-10-08T02:53:56.045217+00:00,15.6,1969.0,8.3,6.0,16649.1,13041.2,46.2,17498.4,15011.1,1.4,54.3,239320812.1,361841.0,457.8,14.1,378.5,663.6,4.0,9.0,0.0,0.0,324.0
2026-10-08T02:53:57.038949+00:00,14.4,1969.0,7.5,5.7,16053.5,11297.9,46.2,17500.0,15009.5,1.4,54.3,15929504.3,70246.8,70.6,10.1,84.7,653.7,1.0,11.1,0.0,0.0,326.0
2026-10-08T02:53:58.053118+00:00,33.9,1969.0,8.8,21.8,92440.0,44785.4,46.2,17483.8,15025.7,1.4,54.3,162207083.7,0.0,605.9,0.0,663.3,1091.0,6.9,13.9,0.0,0.0,324.0
2026-10-08T02:53:59.048454+00:00,18.4,1969.0,8.0,8.7,30771.6,15796.6,46.2,17499.9,15009.6,1.4,54.3,55762908.6,114895.8,249.5,15.0,673.2,959.7,7.0,11.0,0.0,0.0,324.0
2026-10-08T02:54:00.043823+00:00,15.7,1969.0,9.4,5.1,14826.0,12184.0,46.1,17524.3,14985.2,1.4,54.3,4815509.5,2955474.6,341.7,204.0,18288.0,6055.8,42.2,48.2,0.0,0.0,325.0
2026-10-08T02:54:01.059531+00:00,14.7,1969.0,9.0,4.8,39155.6,26172.6,46.1,17532.7,14976.8,1.4,54.3,745280.8,2689491.7,105.8,53.4,372.8,487.5,4.0,5.9,0.0,0.0,323.0
2026-10-08T02:54:02.036894+00:00,9.1,1969.0,6.0,2.2,9339.6,7961.7,46.1,17538.5,14971.0,1.4,54.3,0.0,4159.1,0.0,1.0,571.7,1075.3,6.1,11.2,0.0,0.0,323.0
2026-10-08T02:54:03.046090+00:00,12.5,1969.0,6.8,4.3,11736.2,8917.2,46.0,17540.6,14969.0,1.4,54.3,0.0,190888.4,0.0,19.8,373.8,711.0,4.0,9.9,0.0,0.0,325.0
2026-10-08T02:54:04.038454+00:00,13.7,1969.0,7.2,5.6,40570.5,27673.7,46.1,17537.5,14972.0,1.4,54.3,0.0,98939.3,0.0,18.1,886.7,1155.4,7.0,9.1,0.0,0.0,323.0
2026-10-08T02:54:05.045879+00:00,7.0,1969.0,5.0,1.4,8988.8,7712.0,46.0,17543.0,14966.5,1.4,54.3,0.0,81276.7,0.0,17.9,2050.8,890.9,7.9,9.9,0.0,0.0,323.0
2026-10-08T02:54:06.040461+00:00,12.1,1969.0,6.8,4.0,10045.2,8389.2,46.0,17543.5,14966.0,1.4,54.3,0.0,0.0,0.0,0.0,767.0,966.8,8.1,11.1,0.0,0.0,325.0
2026-10-08T02:54:07.048140+00:00,11.1,1969.0,6.3,3.8,39238.3,27140.6,46.0,17541.5,14968.0,1.4,54.3,0.0,48628.1,0.0,11.9,1999.5,2250.8,18.8,21.8,0.0,0.0,323.0
2026-10-08T02:54:08.039702+00:00,11.0,1969.0,7.0,3.0,10878.5,8719.1,46.1,17534.0,14975.5,1.4,54.3,49527.7,400348.6,1.0,46.4,803.1,1079.2,8.1,12.1,0.0,0.0,323.0
2026-10-08T02:54:09.050092+00:00,9.9,1969.0,7.3,1.8,10660.1,8818.2,46.0,17546.3,14963.2,1.4,54.3,0.0,183017.6,0.0,12.9,83.4,143.0,1.0,2.0,0.0,0.0,325.0
2026-10-08T02:54:10.040954+00:00,14.1,1969.0,8.1,4.4,41470.9,28270.2,46.0,17547.7,14961.8,1.4,54.3,0.0,201862.1,0.0,11.1,26085.7,54192.9,113.7,125.7,0.0,0.0,323.0
2026-10-08T02:54:11.048719+00:00,7.8,1969.0,5.5,1.6,9171.4,7879.1,46.0,17546.8,14962.8,1.4,54.3,0.0,158678.8,0.0,27.8,83.4,309.9,1.0,5.0,0.0,0.0,323.0
2026-10-08T02:54:12.043436+00:00,8.6,1969.0,5.4,2.2,10414.1,8517.6,46.0,17545.7,14963.8,1.4,54.3,0.0,181516.0,0.0,9.1,411.9,754.4,4.0,10.1,0.0,0.0,325.0
2026-10-08T02:54:13.052518+00:00,13.0,1969.0,7.4,4.2,40077.1,26806.9,46.0,17543.4,14966.2,1.4,54.3,0.0,4055.1,0.0,1.0,6653.0,2245.4,20.8,23.8,0.0,0.0,323.0
2026-10-08T02:54:14.047911+00:00,7.9,1969.0,5.1,1.9,9915.6,8181.1,46.0,17547.8,14961.7,1.4,54.3,49509.6,4125.8,2.0,1.0,8825.8,5551.1,26.2,24.2,0.0,0.0,323.0
2026-10-08T02:54:15.043985+00:00,11.4,1969.0,5.8,4.7,12971.9,10833.7,46.0,17545.4,14964.1,1.4,54.3,0.0,90501.9,0.0,7.0,2368.2,4355.8,11.0,12.1,0.0,0.0,325.0
2026-10-08T02:54:16.036449+00:00,11.4,1969.0,6.4,4.4,40808.8,28504.9,46.0,17542.0,14967.6,1.4,54.3,213981.9,551414.9,1.0,21.1,673.1,1123.2,7.0,13.1,0.0,0.0,323.0
2026-10-08T02:54:17.046259+00:00,9.3,1969.0,6.0,2.3,10415.6,8253.6,46.1,17535.9,14973.6,1.4,54.3,90300.0,68993.2,13.9,11.9,748.1,875.9,6.9,10.9,0.0,0.0,323.0
2026-10-08T02:54:18.041236+00:00,9.5,1969.0,5.4,2.9,11152.1,8794.1,46.0,17546.6,14962.9,1.4,54.3,214359.6,49467.6,29.2,9.1,339.2,952.1,4.0,10.1,0.0,0.0,325.0
2026-10-08T02:54:19.050430+00:00,11.4,1969.0,6.8,3.5,40640.1,27817.6,46.0,17540.0,14969.5,1.4,54.3,0.0,36455.9,0.0,4.9,1076.0,1218.4,8.9,10.9,0.0,0.0,323.0
2026-10-08T02:54:20.040738+00:00,9.3,1969.0,6.6,1.7,9795.3,8464.4,46.0,17541.8,14967.7,1.4,54.3,0.0,169202.5,0.0,6.0,27481.7,13280.4,55.4,60.5,0.0,0.0,323.0
2026-10-08T02:54:21.053301+00:00,9.0,1969.0,5.5,2.7,10791.8,8927.6,46.0,17542.1,14967.4,1.4,54.3,0.0,691562.2,0.0,61.6,2135.3,2590.2,20.9,23.8,0.0,0.0,325.0
2026-10-08T02:54:22.043537+00:00,14.3,1969.0,8.4,5.2,40567.1,27293.0,46.0,17547.5,14962.0,1.4,54.3,0.0,226167.0,0.0,6.0,1407.5,1715.7,14.1,18.1,0.0,0.0,323.0
2026-10-08T02:54:23.050640+00:00,11.7,1969.0,6.6,3.8,9127.3,7803.1,46.0,17550.6,14958.9,1.4,54.3,0.0,52896.4,0.0,10.9,1540.8,1447.4,15.9,14.9,0.0,0.0,323.0
2026-10-08T02:54:24.043248+00:00,8.9,1969.0,5.1,3.1,10138.5,8372.9,46.0,17550.5,14959.1,1.4,54.3,0.0,12397.5,0.0,3.0,1102.7,1350.9,12.1,16.1,0.0,0.0,325.0
2026-10-08T02:54:25.052086+00:00,14.4,1969.0,8.4,5.0,40854.1,27387.8,46.1,17536.8,14972.7,1.4,54.3,0.0,0.0,0.0,0.0,5028.9,3931.1,17.9,22.8,0.0,0.0,324.0
2026-10-08T02:54:26.043402+00:00,12.4,1969.0,8.1,3.4,11509.1,8845.9,46.1,17536.8,14972.7,1.4,54.3,113974.9,276427.9,10.1,10.1,815.9,1049.6,7.1,11.1,0.0,0.0,323.0
2026-10-08T02:54:27.053202+00:00,10.0,1969.0,5.8,3.7,10362.7,8570.7,46.0,17540.4,14969.1,1.4,54.3,0.0,48797.2,0.0,8.9,374.3,545.0,4.0,6.9,0.0,0.0,325.0
2026-10-08T02:54:28.043242+00:00,14.9,1969.0,7.9,4.8,40692.3,27897.4,46.1,17536.6,14972.9,1.4,54.3,0.0,0.0,0.0,0.0,633.8,782.6,7.0,7.0,0.0,0.0,323.0
2026-10-08T02:54:29.050897+00:00,8.9,1969.0,5.6,2.2,9139.9,7730.0,46.0,17541.2,14968.3,1.4,54.3,0.0,20348.4,0.0,5.0,627.9,864.4,7.0,9.9,0.0,0.0,323.0
2026-10-08T02:54:30.043624+00:00,9.8,1969.0,5.5,3.4,10966.3,8806.5,46.0,17547.0,14962.5,1.4,54.3,0.0,95077.3,0.0,18.2,1790.4,554.1,5.0,6.1,0.0,0.0,325.0
2026-10-08T02:54:31.053032+00:00,12.1,1969.0,6.8,4.0,39710.7,27608.5,46.0,17543.0,14966.6,1.4,54.3,0.0,40578.5,0.0,5.9,83.2,198.1,1.0,3.0,0.0,0.0,323.0
2026-10-08T02:54:32.044455+00:00,6.6,1969.0,4.4,1.6,9200.0,7767.9,46.0,17545.6,14964.0,1.4,54.3,0.0,103128.9,0.0,3.0,84.6,652.6,1.0,11.1,0.0,0.0,323.0
2026-10-08T02:54:33.042026+00:00,10.1,1969.0,4.9,4.0,10177.4,8422.5,46.0,17547.7,14961.8,1.4,54.3,0.0,222945.0,0.0,19.2,84.7,766.1,1.0,13.1,0.0,0.0,325.0
2026-10-08T02:54:34.049925+00:00,12.8,1969.0,6.9,4.8,40520.0,27650.3,46.0,17544.6,14964.9,1.4,54.3,0.0,20224.9,0.0,3.0,870.0,1430.0,6.9,14.8,0.0,0.0,323.0
2026-10-08T02:54:35.040779+00:00,8.7,1969.0,5.1,2.6,9341.6,8165.2,46.0,17545.0,14964.5,1.4,54.3,0.0,20644.8,0.0,4.0,1786.3,924.4,5.0,13.1,0.0,0.0,323.0
2026-10-08T02:54:36.053632+00:00,8.9,1969.0,6.4,1.6,10242.7,8528.5,46.0,17543.6,14965.9,1.4,54.3,0.0,0.0,0.0,0.0,665.0,1725.1,6.9,25.8,0.0,0.0,327.0
2026-10-08T02:54:37.044651+00:00,11.9,1969.0,6.5,4.1,41016.6,27643.7,46.0,17541.6,14968.0,1.4,54.3,12330.3,304146.2,3.0,4.0,674.3,1374.7,7.0,19.1,0.0,0.0,323.0
2026-10-08T02:54:38.037931+00:00,8.7,1969.0,5.7,2.1,9767.6,8303.1,46.0,17545.2,14964.3,1.4,54.3,0.0,483371.2,0.0,31.3,64845.3,8568.4,59.5,51.4,0.0,0.0,323.0
2026-10-08T02:54:39.050806+00:00,7.5,1969.0,5.1,1.9,9731.1,8046.8,46.0,17544.3,14965.2,1.4,54.3,0.0,146179.9,0.0,30.7,912.0,1308.6,8.9,14.9,0.0,0.0,325.0
2026-10-08T02:54:40.043058+00:00,12.7,1969.0,7.0,4.7,41156.6,28155.1,46.0,17541.2,14968.3,1.4,54.3,0.0,16431.3,0.0,3.0,17490.4,5034.5,34.1,42.1,0.0,0.0,323.0
2026-10-08T02:54:41.050959+00:00,8.8,1969.0,5.5,2.5,9621.0,8098.7,46.0,17545.0,14964.5,1.4,54.3,0.0,361538.4,0.0,32.7,83.3,365.0,1.0,6.0,0.0,0.0,323.0
2026-10-08T02:54:42.046412+00:00,10.5,1969.0,5.8,3.5,9847.8,8202.4,46.0,17546.1,14963.4,1.4,54.3,0.0,243637.5,0.0,30.2,731.9,1535.4,7.1,19.2,0.0,0.0,325.0
2026-10-08T02:54:43.036910+00:00,15.8,1969.0,7.8,6.6,41274.6,27290.2,46.0,17539.6,14969.9,1.4,54.3,0.0,8235.8,0.0,1.0,5864.2,1408.5,13.1,16.1,0.0,0.0,323.0
2026-10-08T02:54:44.042892+00:00,9.7,1969.0,6.7,2.2,9565.4,8059.3,46.0,17543.0,14966.5,1.4,54.3,0.0,97664.8,0.0,22.9,627.9,4932.7,7.0,23.8,0.0,0.0,323.0
2026-10-08T02:54:45.053153+00:00,8.6,1969.0,6.0,2.1,10170.7,8313.2,46.0,17542.7,14966.8,1.4,54.3,0.0,122060.5,0.0,24.8,1469.1,453.0,2.0,7.0,0.0,0.0,325.0
2026-10-08T02:54:46.044174+00:00,13.1,1969.0,7.2,4.6,40826.0,28228.6,46.0,17545.7,14963.8,1.4,54.3,65925.2,115369.0,1.0,24.1,84.5,651.8,1.0,11.1,0.0,0.0,323.0
2026-10-08T02:54:47.036827+00:00,8.7,1969.0,5.8,2.3,9542.6,7982.7,46.1,17536.6,14972.9,1.4,54.3,16530.5,20663.1,1.0,3.0,127.1,484.3,2.0,8.1,0.0,0.0,323.0
2026-10-08T02:54:48.047639+00:00,7.7,1969.0,4.9,2.0,9950.8,8259.6,46.0,17546.8,14962.8,1.4,54.3,16251.3,170639.0,1.0,29.8,1054.4,1215.1,9.9,12.9,0.0,0.0,325.0
2026-10-08T02:54:49.039902+00:00,13.2,1969.0,7.8,4.3,41352.1,28297.8,46.0,17544.9,14964.7,1.4,54.3,0.0,82300.3,0.0,18.1,1358.3,1335.2,11.1,10.0,0.0,0.0,323.0
2026-10-08T02:54:50.048230+00:00,7.6,1969.0,5.5,1.3,9216.7,7886.0,46.0,17549.0,14960.5,1.4,54.3,0.0,146324.5,0.0,20.8,3424.5,1310.9,8.9,14.9,0.0,0.0,323.0
2026-10-08T02:54:51.047120+00:00,7.9,1969.0,5.1,1.8,9522.9,8036.9,46.0,17546.0,14963.5,1.4,54.3,0.0,0.0,0.0,0.0,1222.1,19531.5,12.1,25.2,0.0,0.0,325.0
2026-10-08T02:54:52.038891+00:00,15.3,1969.0,7.8,5.8,41187.0,27762.1,46.0,17544.9,14964.6,1.4,54.3,0.0,69725.1,0.0,15.0,672.9,867.2,7.0,10.0,0.0,0.0,323.0
2026-10-08T02:54:53.047544+00:00,10.0,1969.0,6.7,2.6,9882.4,8538.6,46.0,17545.6,14963.9,1.4,54.3,0.0,195135.5,0.0,12.9,13387.0,10273.5,43.7,50.6,0.0,0.0,323.0
2026-10-08T02:54:54.043007+00:00,8.3,1969.0,5.7,2.0,9687.5,8125.7,46.0,17546.0,14963.6,1.4,54.3,28870.0,243333.2,4.0,8.1,969.7,1235.5,10.1,14.1,0.0,0.0,325.0
2026-10-08T02:54:55.050331+00:00,12.6,1969.0,6.7,4.9,40684.9,28209.0,46.0,17545.7,14963.8,1.4,54.3,0.0,0.0,0.0,0.0,2337.6,1225.1,10.9,12.9,0.0,0.0,323.0
2026-10-08T02:54:56.041739+00:00,10.4,1969.0,6.1,3.1,9473.2,7930.6,46.0,17546.1,14963.4,1.4,54.3,0.0,231407.9,0.0,6.1,506.4,684.0,5.0,7.1,0.0,0.0,323.0
2026-10-08T02:54:57.051993+00:00,7.6,1969.0,4.7,1.9,9472.8,8012.1,46.0,17553.2,14956.3,1.4,54.3,0.0,0.0,0.0,0.0,83.4,142.9,1.0,2.0,0.0,0.0,325.0
2026-10-08T02:54:58.044119+00:00,13.1,1969.0,6.8,5.1,40891.0,28134.2,46.0,17549.4,14960.1,1.4,54.3,0.0,0.0,0.0,0.0,338.9,511.9,4.0,7.0,0.0,0.0,323.0
2026-10-08T02:54:59.035015+00:00,8.1,1969.0,4.9,2.2,9043.3,7725.5,46.0,17552.4,14957.2,1.4,54.3,0.0,107378.0,0.0,9.1,341.8,537.4,4.0,7.1,0.0,0.0,323.0
2026-10-08T02:55:00.048625+00:00,9.5,1969.0,5.7,3.0,10457.7,8862.2,46.0,17551.9,14957.6,1.4,54.3,0.0,81334.4,0.0,11.9,17476.2,5300.8,35.7,38.7,0.0,0.0,325.0
2026-10-08T02:55:01.040042+00:00,15.0,1969.0,8.7,5.2,41205.1,27863.2,46.0,17545.7,14963.8,1.4,54.3,0.0,221663.2,0.0,3.0,84.2,256.6,1.0,4.0,0.0,0.0,323.0
2026-10-08T02:55:02.047959+00:00,7.6,1969.0,5.1,1.8,9105.7,7690.5,46.0,17548.1,14961.5,1.4,54.3,0.0,0.0,0.0,0.0,517.4,943.4,5.0,10.9,0.0,0.0,323.0
2026-10-08T02:55:03.042473+00:00,7.8,1969.0,5.1,1.9,9134.5,7788.8,46.0,17553.4,14956.1,1.4,54.3,0.0,272497.6,0.0,3.0,675.4,1110.8,7.1,14.1,0.0,0.0,325.0
2026-10-08T02:55:04.049688+00:00,15.4,1969.0,8.1,6.1,41835.9,28570.3,46.0,17549.2,14960.3,1.4,54.3,0.0,12163.0,0.0,3.0,1590.6,1965.8,12.9,16.8,0.0,0.0,323.0
2026-10-08T02:55:05.041320+00:00,7.6,1969.0,4.9,1.7,8891.6,7580.9,46.0,17553.7,14955.8,1.4,54.3,0.0,16518.9,0.0,3.0,2223.2,969.9,8.1,9.1,0.0,0.0,323.0
2026-10-08T02:55:06.054554+00:00,8.4,1969.0,5.6,1.9,9742.5,8193.0,46.0,17553.4,14956.2,1.4,54.3,0.0,0.0,0.0,0.0,1250.7,1576.3,12.9,17.9,0.0,0.0,325.0
2026-10-08T02:55:07.053438+00:00,12.1,1969.0,6.4,4.5,40145.9,27917.2,46.0,17552.5,14957.0,1.4,54.3,0.0,36968.9,0.0,4.0,967.7,1050.0,10.0,11.0,0.0,0.0,323.0
2026-10-08T02:55:08.046517+00:00,12.0,1969.0,6.8,3.8,9780.6,8328.8,46.0,17550.5,14959.0,1.4,54.3,16405.2,356813.3,1.0,40.1,672.9,987.3,7.0,12.0,0.0,0.0,323.0
2026-10-08T02:55:09.040029+00:00,11.9,1969.0,6.9,3.6,9987.8,8293.8,46.0,17552.7,14956.8,1.4,54.3,0.0,12375.7,0.0,2.0,1012.2,1368.7,11.1,17.1,0.0,0.0,325.0
2026-10-08T02:55:10.048273+00:00,14.0,1969.0,6.8,6.0,40083.8,27496.6,46.0,17548.2,14961.3,1.4,54.3,0.0,0.0,0.0,0.0,1756.3,908.9,5.0,12.9,0.0,0.0,323.0
2026-10-08T02:55:11.043135+00:00,8.2,1969.0,5.1,2.0,9116.9,7833.2,46.0,17552.7,14956.8,1.4,54.3,0.0,78416.3,0.0,12.1,84.6,878.6,1.0,15.1,0.0,0.0,323.0
2026-10-08T02:55:12.050857+00:00,7.4,1969.0,4.4,2.0,9922.4,8217.4,46.0,17554.1,14955.4,1.4,54.3,0.0,145829.9,0.0,3.0,404.5,1357.9,4.0,20.8,0.0,0.0,325.0
2026-10-08T02:55:13.042246+00:00,13.7,1969.0,7.2,5.1,41462.8,27946.8,46.0,17552.6,14956.9,1.4,54.3,0.0,16509.7,0.0,2.0,5327.6,861.6,7.1,10.1,0.0,0.0,323.0
2026-10-08T02:55:14.049020+00:00,7.0,1969.0,4.3,1.9,9493.1,7915.7,46.0,17555.4,14954.1,1.4,54.3,0.0,4068.6,0.0,1.0,1461.2,5060.9,15.9,21.9,0.0,0.0,323.0
2026-10-08T02:55:15.043557+00:00,8.0,1969.0,5.5,1.6,10724.1,9307.9,46.0,17553.0,14956.5,1.4,54.3,0.0,119813.0,0.0,16.1,1491.8,572.9,2.0,9.1,0.0,0.0,325.0
2026-10-08T02:55:16.050617+00:00,12.4,1969.0,7.0,4.5,40039.2,27562.9,46.0,17550.3,14959.2,1.4,54.3,210834.1,445995.3,1.0,5.9,373.2,543.4,4.0,6.9,0.0,0.0,323.0
2026-10-08T02:55:17.042948+00:00,8.6,1969.0,5.3,2.6,9271.1,7696.5,46.0,17540.8,14968.7,1.4,54.3,0.0,12403.2,0.0,2.0,84.8,258.4,1.0,4.0,0.0,0.0,323.0
2026-10-08T02:55:18.051097+00:00,10.2,1969.0,5.8,3.5,9582.6,8057.7,46.0,17550.1,14959.4,1.4,54.3,0.0,4061.1,0.0,1.0,334.1,393.6,4.0,5.0,0.0,0.0,325.0
2026-10-08T02:55:19.050912+00:00,13.5,1969.0,9.3,3.1,41234.9,28077.3,46.0,17546.9,14962.6,1.4,54.3,0.0,103228.3,0.0,10.1,928.4,1310.5,7.1,11.1,0.0,0.0,325.0
2026-10-08T02:55:20.041581+00:00,11.0,1969.0,5.6,3.9,9516.9,8281.6,46.0,17549.0,14960.5,1.4,54.3,0.0,12291.8,0.0,2.0,17148.3,4318.3,33.0,37.0,0.0,0.0,323.0
2026-10-08T02:55:21.050945+00:00,10.3,1969.0,5.9,3.5,9948.4,8230.0,46.1,17536.6,14972.9,1.4,54.3,0.0,0.0,0.0,0.0,374.5,434.0,4.0,5.0,0.0,0.0,325.0
2026-10-08T02:55:22.041180+00:00,12.9,1969.0,6.7,5.4,40284.0,27653.4,46.0,17544.3,14965.2,1.4,54.3,0.0,230831.7,0.0,5.0,1322.3,1607.1,13.1,16.1,0.0,0.0,323.0
2026-10-08T02:55:23.049242+00:00,9.4,1969.0,4.8,3.6,9929.3,8307.6,46.0,17551.9,14957.6,1.4,54.3,0.0,464015.4,0.0,28.8,757.2,1039.4,7.9,11.9,0.0,0.0,323.0
2026-10-08T02:55:24.042199+00:00,7.9,1969.0,4.5,2.3,9374.7,7869.6,46.0,17553.7,14955.8,1.4,54.3,0.0,8264.1,0.0,2.0,632.5,866.6,6.1,9.1,0.0,0.0,325.0
2026-10-08T02:55:25.048937+00:00,13.4,1969.0,7.1,5.3,39491.1,27462.3,46.0,17553.9,14955.6,1.4,54.3,0.0,0.0,0.0,0.0,1755.8,555.9,5.0,5.9,0.0,0.0,323.0
2026-10-08T02:55:26.043487+00:00,11.5,1969.0,6.3,4.0,10199.7,8472.8,46.0,17551.2,14958.3,1.4,54.3,0.0,28937.8,0.0,6.1,817.5,825.6,7.1,7.1,0.0,0.0,323.0
2026-10-08T02:55:27.052827+00:00,9.9,1969.0,6.4,2.6,9478.7,7951.9,46.0,17553.2,14956.3,1.4,54.3,0.0,0.0,0.0,0.0,83.1,142.5,1.0,2.0,0.0,0.0,325.0
2026-10-08T02:55:28.051752+00:00,13.5,1969.0,8.6,3.8,39195.5,26574.6,46.0,17551.7,14957.8,1.4,54.3,0.0,0.0,0.0,0.0,339.2,456.0,4.0,6.0,0.0,0.0,323.0
2026-10-08T02:55:29.043304+00:00,9.3,1969.0,4.8,3.1,9826.5,8169.9,46.0,17553.7,14955.8,1.4,54.3,0.0,12300.0,0.0,2.0,927.9,1124.1,10.0,12.0,0.0,0.0,323.0
2026-10-08T02:55:30.052004+00:00,8.6,1969.0,6.0,1.9,10018.7,8240.6,46.0,17551.9,14957.6,1.4,54.3,0.0,183089.5,0.0,7.0,1469.1,397.3,2.0,6.0,0.0,0.0,325.0
2026-10-08T02:55:31.045405+00:00,14.4,1969.0,7.0,5.3,40609.5,28397.1,46.0,17552.8,14956.7,1.4,54.3,0.0,1335241.6,0.0,272.7,84.5,426.6,1.0,7.0,0.0,0.0,323.0
2026-10-08T02:55:32.035796+00:00,9.2,1969.0,5.1,2.7,9852.0,8173.5,46.0,17553.4,14956.1,1.4,54.3,0.0,0.0,0.0,0.0,126.9,314.1,2.0,5.0,0.0,0.0,323.0
2026-10-08T02:55:33.046007+00:00,11.2,1969.0,6.9,3.3,15332.9,11906.8,46.0,17548.0,14961.5,1.4,54.3,12938928.6,134308.9,484.9,3.0,6294.7,39385.1,43.7,55.6,0.0,0.0,326.0
2026-10-08T02:55:34.037645+00:00,20.9,1969.0,11.5,7.7,49229.5,32442.8,46.3,17460.2,15049.3,1.4,54.3,1083620.1,288416.0,50.3,14.1,43885.1,126862.0,192.1,222.3,0.0,0.0,326.0
2026-10-08T02:55:35.045943+00:00,10.0,1969.0,6.5,2.6,11092.6,9268.4,46.3,17465.7,15043.9,1.4,54.3,0.0,264254.3,0.0,15.9,11453.9,26154.5,46.6,60.5,0.0,0.0,326.0
2026-10-08T02:55:36.039156+00:00,10.6,1969.0,6.9,2.7,9908.1,8301.1,46.2,17479.6,15029.9,1.4,54.3,99045.1,53649.4,2.0,5.0,1895.2,2025.2,18.1,23.2,0.0,0.0,327.0
2026-10-08T02:55:37.048506+00:00,12.3,1969.0,7.0,4.2,40236.9,27792.2,46.2,17479.0,15030.5,1.4,54.3,0.0,202903.3,0.0,2.0,663.8,925.4,6.9,10.9,0.0,0.0,325.0
2026-10-08T02:55:38.040526+00:00,12.3,1969.0,6.9,4.4,11283.0,9435.5,46.2,17476.1,15033.4,1.4,54.3,16136678.9,115527.2,39.3,8.1,65752.7,10476.1,68.5,63.5,0.0,0.0,325.0
2026-10-08T02:55:39.051470+00:00,8.3,1969.0,5.5,2.0,9635.9,8096.4,46.2,17483.2,15026.4,1.4,54.3,0.0,4063.1,0.0,1.0,374.0,766.8,4.0,10.9,0.0,0.0,327.0
2026-10-08T02:55:40.043025+00:00,12.8,1969.0,7.3,4.8,39878.2,27785.9,46.2,17480.0,15029.5,1.4,54.3,0.0,4117.9,0.0,1.0,17477.0,5173.5,35.2,46.2,0.0,0.0,325.0
2026-10-08T02:55:41.050473+00:00,7.3,1969.0,4.8,1.8,10098.1,8403.5,46.2,17481.6,15027.9,1.4,54.3,0.0,215383.5,0.0,3.0,83.3,420.7,1.0,6.9,0.0,0.0,325.0
2026-10-08T02:55:42.046025+00:00,8.4,1969.0,5.7,1.9,9687.9,7936.0,46.2,17480.7,15028.8,1.4,54.3,0.0,140377.6,0.0,3.0,613.9,1070.5,6.0,13.1,0.0,0.0,327.0
2026-10-08T02:55:43.040097+00:00,14.3,1969.0,9.2,4.2,41482.2,28493.3,46.2,17479.4,15030.1,1.4,54.3,0.0,8232.5,0.0,2.0,18774.4,29303.2,50.2,64.3,0.0,0.0,325.0
2026-10-08T02:55:44.048785+00:00,7.8,1969.0,5.4,1.5,10015.9,8294.0,46.2,17479.9,15029.6,1.4,54.3,0.0,4055.9,0.0,1.0,3326.1,55874.4,33.7,57.4,0.0,0.0,325.0
2026-10-08T02:55:45.043966+00:00,8.6,1969.0,5.0,2.3,9764.9,8098.8,46.2,17480.9,15028.6,1.4,54.3,0.0,210293.4,0.0,9.1,2459.3,4758.6,11.1,15.1,0.0,0.0,327.0
2026-10-08T02:55:46.035162+00:00,11.9,1969.0,6.5,4.0,40159.6,28078.2,46.2,17478.6,15030.9,1.4,54.3,0.0,20586.4,0.0,4.0,84.4,313.6,1.0,5.0,0.0,0.0,325.0
2026-10-08T02:55:47.043548+00:00,9.0,1969.0,5.7,2.5,10117.8,8275.2,46.3,17472.9,15036.6,1.4,54.3,0.0,8137.2,0.0,2.0,83.4,532.4,1.0,8.9,0.0,0.0,325.0
2026-10-08T02:55:48.051311+00:00,7.6,1969.0,5.1,1.5,10012.8,8284.5,46.2,17482.9,15026.6,1.4,54.3,0.0,471409.3,0.0,80.4,625.1,1236.2,6.9,15.9,0.0,0.0,327.0
2026-10-08T02:55:49.044476+00:00,11.1,1969.0,5.8,4.3,40584.7,27706.2,46.2,17480.6,15028.9,1.4,54.3,0.0,4126.3,0.0,1.0,1273.3,1528.2,10.1,14.1,0.0,0.0,325.0
2026-10-08T02:55:50.035948+00:00,8.0,1969.0,5.2,2.1,9763.2,8163.1,46.2,17482.0,15027.5,1.4,54.3,0.0,111439.4,0.0,6.0,4209.0,2066.7,15.1,21.2,0.0,0.0,325.0
2026-10-08T02:55:51.045348+00:00,7.7,1969.0,5.1,2.1,9558.8,7995.1,46.3,17471.4,15038.1,1.4,54.3,0.0,0.0,0.0,0.0,1408.9,19440.0,13.9,31.8,0.0,0.0,327.0
2026-10-08T02:55:52.038052+00:00,15.1,1969.0,9.0,5.0,41760.5,28295.5,46.2,17481.5,15028.0,1.4,54.3,0.0,28854.0,0.0,4.0,674.3,1298.2,7.0,18.1,0.0,0.0,325.0
2026-10-08T02:55:53.045433+00:00,9.1,1969.0,5.5,2.4,10047.4,8297.5,46.2,17482.2,15027.3,1.4,54.3,0.0,146109.7,0.0,3.0,665.9,1080.0,6.9,13.9,0.0,0.0,325.0
2026-10-08T02:55:54.038574+00:00,7.5,1969.0,5.2,1.6,9611.2,7963.3,46.2,17486.2,15023.3,1.4,54.3,0.0,82670.1,0.0,4.0,1014.2,1357.3,11.1,17.2,0.0,0.0,327.0
2026-10-08T02:55:55.046054+00:00,11.3,1969.0,6.5,3.8,40469.3,28258.8,46.2,17489.1,15020.4,1.4,54.3,0.0,0.0,0.0,0.0,1756.0,1249.6,5.0,14.9,0.0,0.0,325.0
2026-10-08T02:55:56.038105+00:00,10.2,1969.0,5.9,3.1,10069.9,8379.2,46.2,17490.8,15018.7,1.4,54.3,0.0,243792.6,0.0,9.1,473.1,790.9,5.0,9.1,0.0,0.0,325.0
2026-10-08T02:55:57.052541+00:00,7.9,1969.0,5.3,1.9,9661.4,8023.6,46.2,17491.9,15017.6,1.4,54.3,0.0,0.0,0.0,0.0,83.3,613.1,1.0,9.9,0.0,0.0,327.0
2026-10-08T02:55:58.044311+00:00,12.4,1969.0,7.5,3.6,39883.9,27838.4,46.2,17491.5,15018.0,1.4,54.3,0.0,0.0,0.0,0.0,631.2,867.7,7.0,11.0,0.0,0.0,325.0
2026-10-08T02:55:59.034451+00:00,8.5,1969.0,5.6,2.1,9883.8,8322.0,46.2,17492.9,15016.6,1.4,54.3,0.0,16519.1,0.0,2.0,639.2,1093.9,7.1,12.1,0.0,0.0,325.0
2026-10-08T02:56:00.048103+00:00,11.4,1969.0,7.7,2.7,10407.5,8879.3,46.2,17486.6,15022.9,1.4,54.3,0.0,52874.8,0.0,5.0,16789.5,3882.6,29.8,31.8,0.0,0.0,327.0
2026-10-08T02:56:01.038836+00:00,13.7,1969.0,7.7,5.3,40707.1,28232.7,46.2,17486.0,15023.5,1.4,54.3,0.0,349431.3,0.0,5.0,84.3,395.4,1.0,6.0,0.0,0.0,325.0
2026-10-08T02:56:02.047215+00:00,8.4,1969.0,5.4,2.1,10263.9,8572.1,46.2,17489.7,15019.8,1.4,54.3,0.0,0.0,0.0,0.0,57241.2,20015.8,86.3,74.4,0.0,0.0,325.0
2026-10-08T02:56:03.040629+00:00,7.3,1969.0,4.6,1.9,9267.4,7889.1,46.2,17492.3,15017.2,1.4,54.3,0.0,136188.2,0.0,2.0,84.6,551.1,1.0,7.1,0.0,0.0,327.0
2026-10-08T02:56:04.048104+00:00,14.8,1969.0,8.7,5.1,42093.9,29041.1,46.0,17547.8,14961.7,1.4,54.3,0.0,328799.5,0.0,68.4,873.1,1440.0,6.9,13.9,0.0,0.0,323.0
2026-10-08T02:56:05.040895+00:00,10.8,1969.0,6.0,3.6,9142.6,7673.6,46.0,17555.0,14954.5,1.4,54.3,0.0,33037.5,0.0,4.0,2377.4,1483.1,11.1,19.2,0.0,0.0,324.0
2026-10-08T02:56:06.052139+00:00,10.7,1969.0,6.4,3.4,10516.2,8743.7,46.0,17553.3,14956.2,1.4,54.3,0.0,20302.7,0.0,3.0,1385.9,1926.2,12.9,19.8,0.0,0.0,325.0
2026-10-08T02:56:07.051743+00:00,13.3,1969.0,6.5,4.9,39588.1,27285.4,46.0,17552.5,14957.1,1.4,54.3,0.0,16476.0,0.0,2.0,673.8,985.5,7.0,12.1,0.0,0.0,323.0
2026-10-08T02:56:08.043917+00:00,9.6,1969.0,7.6,1.6,9692.5,7948.1,46.0,17551.7,14957.8,1.4,54.3,0.0,221241.8,0.0,24.0,672.2,1034.3,7.0,13.0,0.0,0.0,323.0
2026-10-08T02:56:09.038754+00:00,9.8,1969.0,6.3,3.0,14361.8,10348.1,46.1,17522.5,14987.0,1.4,54.3,0.0,0.0,0.0,0.0,1162.9,1899.5,10.1,15.1,0.0,0.0,325.0
2026-10-08T02:56:10.047793+00:00,16.3,1969.0,9.0,6.1,47184.3,31309.1,46.1,17508.4,15001.1,1.4,54.3,0.0,121587.3,0.0,14.8,1463.4,451.2,2.0,6.9,0.0,0.0,323.0
2026-10-08T02:56:11.041995+00:00,9.5,1969.0,6.1,2.8,10577.2,7891.6,46.1,17513.1,14996.5,1.4,54.3,65992.9,383583.5,1.0,22.2,84.6,483.3,1.0,8.1,0.0,0.0,323.0
2026-10-08T02:56:12.053725+00:00,13.5,1969.0,10.1,2.9,15001.9,10573.4,46.3,17450.9,15058.6,1.4,54.3,0.0,174337.7,0.0,4.0,96858.3,7494.0,90.1,69.3,0.0,0.0,325.0
2026-10-08T02:56:13.045142+00:00,18.8,1969.0,9.3,7.4,46561.9,30938.2,46.3,17457.1,15052.4,1.4,54.3,0.0,8225.0,0.0,2.0,6317.4,2491.0,17.1,29.1,0.0,0.0,323.0
2026-10-08T02:56:14.037849+00:00,8.5,1969.0,6.1,1.8,10378.2,8038.3,46.3,17457.9,15051.6,1.4,54.3,0.0,8262.2,0.0,1.0,1240.5,4669.7,13.1,16.1,0.0,0.0,323.0
2026-10-08T02:56:15.050608+00:00,11.9,1969.0,7.9,3.2,20379.2,14779.1,46.3,17463.2,15046.3,1.4,54.3,0.0,16247.8,0.0,4.0,1757.3,520.6,5.0,6.0,0.0,0.0,325.0
2026-10-08T02:56:16.043479+00:00,13.0,1969.0,7.3,5.2,41703.0,28691.4,46.3,17462.2,15047.3,1.4,54.3,0.0,316378.3,0.0,18.1,1087.4,1630.1,10.0,16.1,0.0,0.0,323.0
2026-10-08T02:56:17.051441+00:00,10.4,1969.0,7.8,1.9,12161.7,8512.3,46.3,17452.2,15057.3,1.4,54.3,0.0,12182.5,0.0,2.0,48499.1,3832.8,45.6,38.7,0.0,0.0,323.0
2026-10-08T02:56:18.044352+00:00,7.1,1969.0,5.5,1.2,9296.3,7227.2,46.3,17452.6,15056.9,1.4,54.3,0.0,160996.2,0.0,5.0,1097.5,2094.3,11.1,17.1,0.0,0.0,325.0
2026-10-08T02:56:19.035813+00:00,16.8,1969.0,8.3,6.9,44360.0,30032.9,46.3,17451.4,15058.1,1.4,54.3,0.0,12375.3,0.0,2.0,927.5,1647.6,7.0,17.1,0.0,0.0,323.0
2026-10-08T02:56:20.044021+00:00,13.0,1969.0,6.3,5.0,9639.1,8321.8,46.3,17455.3,15054.3,1.4,54.3,0.0,365948.4,0.0,83.4,18469.2,5848.0,38.7,49.6,0.0,0.0,323.0
2026-10-08T02:56:21.039334+00:00,12.7,1969.0,6.9,4.5,10522.6,8583.4,46.3,17453.1,15056.5,1.4,54.3,0.0,144494.2,0.0,3.0,380.0,871.8,4.0,12.1,0.0,0.0,325.0
2026-10-08T02:56:22.048425+00:00,16.6,1969.0,8.4,6.8,40371.4,27642.8,46.3,17454.9,15054.6,1.4,54.3,0.0,210651.3,0.0,4.0,805.1,1340.1,7.9,15.8,0.0,0.0,323.0
2026-10-08T02:56:23.039593+00:00,9.2,1969.0,5.9,2.1,9160.8,7703.8,46.2,17474.6,15034.9,1.4,54.3,0.0,144350.1,0.0,4.0,1225.4,1579.8,12.1,17.1,0.0,0.0,323.0
2026-10-08T02:56:24.055411+00:00,8.1,1969.0,5.4,1.9,10304.2,8529.1,46.2,17477.1,15032.4,1.4,54.3,0.0,4064.1,0.0,1.0,374.1,802.7,4.0,10.9,0.0,0.0,325.0
2026-10-08T02:56:25.046189+00:00,11.7,1969.0,7.7,3.2,40766.1,27813.9,46.2,17488.4,15021.1,1.4,54.3,0.0,0.0,0.0,0.0,3092.2,2026.4,17.0,20.0,0.0,0.0,323.0
2026-10-08T02:56:26.037840+00:00,9.5,1969.0,6.2,2.5,9640.5,7925.6,46.2,17488.7,15020.8,1.4,54.3,49581.5,144612.6,1.0,12.1,84.7,258.2,1.0,4.0,0.0,0.0,323.0
2026-10-08T02:56:27.048402+00:00,8.4,1969.0,5.9,1.9,13881.4,10365.6,46.2,17489.5,15020.0,1.4,54.3,0.0,0.0,0.0,0.0,83.4,309.9,1.0,5.0,0.0,0.0,325.0
2026-10-08T02:56:28.044155+00:00,12.6,1969.0,7.4,4.1,42200.6,29250.0,46.1,17537.6,14971.9,1.4,54.3,0.0,0.0,0.0,0.0,378.8,607.9,4.0,8.0,0.0,0.0,323.0
2026-10-08T02:56:29.040795+00:00,8.0,1969.0,5.4,1.9,9411.0,7853.1,46.0,17540.9,14968.6,1.4,54.3,0.0,41170.1,0.0,5.0,1482.6,1946.9,16.1,23.1,0.0,0.0,323.0
2026-10-08T02:56:30.048932+00:00,9.9,1969.0,6.3,2.4,10869.0,8847.0,46.0,17539.2,14970.3,1.4,54.3,0.0,48505.0,0.0,8.9,2465.1,1293.7,10.9,12.8,0.0,0.0,325.0
2026-10-08T02:56:31.041200+00:00,11.9,1969.0,7.0,3.9,40300.2,28022.7,46.0,17541.1,14968.4,1.4,54.3,0.0,115577.6,0.0,4.0,84.7,201.6,1.0,3.0,0.0,0.0,323.0
2026-10-08T02:56:32.048565+00:00,7.9,1969.0,5.3,1.9,9125.8,7677.3,46.0,17541.1,14968.4,1.4,54.3,0.0,0.0,0.0,0.0,374.0,733.2,4.0,9.9,0.0,0.0,323.0
2026-10-08T02:56:33.041738+00:00,8.9,1969.0,5.5,2.6,10129.0,8306.8,46.0,17540.5,14969.0,1.4,54.3,0.0,272760.6,0.0,3.0,380.4,698.2,4.0,8.1,0.0,0.0,325.0
2026-10-08T02:56:34.049060+00:00,18.8,1969.0,9.9,7.1,40675.0,28005.2,46.1,17536.7,14972.8,1.4,54.3,0.0,40600.7,0.0,8.9,1163.7,1337.2,9.9,10.9,0.0,0.0,323.0
2026-10-08T02:56:35.040295+00:00,12.5,1969.0,7.0,4.3,9464.7,8202.2,46.0,17539.8,14969.7,1.4,54.3,0.0,408905.4,0.0,13.1,1786.9,585.9,5.0,7.1,0.0,0.0,323.0
2026-10-08T02:56:36.049614+00:00,9.2,1969.0,6.0,2.2,10522.6,8599.0,46.1,17538.7,14970.8,1.4,54.3,0.0,16262.9,0.0,2.0,667.0,1026.4,6.9,12.9,0.0,0.0,325.0
2026-10-08T02:56:37.041203+00:00,12.8,1969.0,7.5,4.3,40518.3,28132.2,46.1,17533.8,14975.8,1.4,54.3,0.0,371281.6,0.0,39.3,505.6,566.0,5.0,6.0,0.0,0.0,323.0
2026-10-08T02:56:38.048258+00:00,13.6,1969.0,8.6,3.7,9864.9,8278.6,46.1,17531.8,14977.7,1.4,54.3,0.0,101585.1,0.0,7.9,63863.7,8239.9,59.5,49.6,0.0,0.0,323.0
2026-10-08T02:56:39.040838+00:00,13.5,1969.0,7.5,4.6,10332.1,8465.8,46.0,17539.7,14969.8,1.4,54.3,0.0,4132.0,0.0,1.0,1309.4,1327.6,14.1,14.1,0.0,0.0,325.0
2026-10-08T02:56:40.048066+00:00,12.4,1969.0,7.1,4.1,39761.7,28086.9,46.1,17534.5,14975.0,1.4,54.3,0.0,0.0,0.0,0.0,16157.3,3883.7,23.8,22.8,0.0,0.0,323.0
2026-10-08T02:56:41.039978+00:00,7.3,1969.0,5.2,1.5,9577.3,8015.4,46.0,17539.3,14970.2,1.4,54.3,0.0,347374.0,0.0,6.1,817.8,1278.2,7.1,15.1,0.0,0.0,323.0
2026-10-08T02:56:42.057990+00:00,8.2,1969.0,5.3,2.2,10549.2,8673.3,46.0,17543.1,14966.4,1.4,54.3,0.0,138011.3,0.0,2.0,5585.3,1107.9,9.9,13.9,0.0,0.0,325.0
2026-10-08T02:56:43.056035+00:00,13.4,1969.0,7.2,4.9,40521.5,27312.8,46.1,17538.3,14971.3,1.4,54.3,0.0,4088.5,0.0,1.0,464.1,1225.7,5.0,14.0,0.0,0.0,323.0
2026-10-08T02:56:44.046549+00:00,7.8,1969.0,5.4,1.7,9394.7,7850.1,46.0,17542.0,14967.5,1.4,54.3,0.0,8216.2,0.0,1.0,2487.3,5952.5,26.1,30.1,0.0,0.0,323.0
2026-10-08T02:56:45.040505+00:00,9.0,1969.0,6.4,1.9,10553.0,8568.3,46.0,17542.5,14967.0,1.4,54.3,0.0,49593.7,0.0,5.0,1492.3,2494.2,2.0,43.4,0.0,0.0,325.0
2026-10-08T02:56:46.047705+00:00,13.1,1969.0,6.5,5.1,39323.6,27138.4,46.1,17538.3,14971.2,1.4,54.3,0.0,85151.2,0.0,16.8,83.2,11673.4,1.0,207.9,0.0,0.0,323.0
2026-10-08T02:56:47.039264+00:00,9.5,1969.0,6.2,2.4,9696.4,8011.8,46.1,17530.7,14978.8,1.4,54.3,0.0,8264.0,0.0,2.0,380.3,17501.4,4.0,309.7,0.0,0.0,323.0
2026-10-08T02:56:48.055130+00:00,8.5,1969.0,4.7,3.0,9724.2,8193.2,46.0,17540.2,14969.3,1.4,54.3,0.0,162672.3,0.0,7.9,627.5,9025.2,7.0,148.9,0.0,0.0,327.0
2026-10-08T02:56:49.045750+00:00,14.1,1969.0,6.8,6.0,41092.7,28305.3,46.0,17540.6,14968.9,1.4,54.3,0.0,8196.1,0.0,1.0,1595.8,5695.9,13.0,81.0,0.0,0.0,323.0
2026-10-08T02:56:50.036270+00:00,9.2,1969.0,5.5,2.7,9105.0,7769.0,46.0,17539.3,14970.2,1.4,54.3,0.0,95064.1,0.0,10.1,3444.0,1193.8,9.1,14.1,0.0,0.0,323.0
2026-10-08T02:56:51.048643+00:00,10.4,1969.0,6.6,2.9,9896.3,8152.4,46.1,17527.7,14981.9,1.4,54.3,0.0,122032.5,0.0,3.0,913.7,19326.8,8.9,23.8,0.0,0.0,325.0
2026-10-08T02:56:52.041472+00:00,17.4,1969.0,8.7,7.2,41096.4,28075.1,46.1,17531.6,14977.9,1.4,54.3,0.0,176865.7,0.0,8.0,672.8,1077.5,7.0,10.0,0.0,0.0,323.0
2026-10-08T02:56:53.048510+00:00,9.5,1969.0,5.1,3.2,9518.5,7935.2,46.1,17534.3,14975.2,1.4,54.3,0.0,207100.5,0.0,49.6,375.7,512.6,4.0,5.9,0.0,0.0,323.0
2026-10-08T02:56:54.043893+00:00,9.2,1969.0,5.5,2.9,9421.8,7961.6,46.1,17534.8,14974.8,1.4,54.3,0.0,12391.7,0.0,3.0,632.3,982.2,6.1,8.1,0.0,0.0,325.0
2026-10-08T02:56:55.035909+00:00,14.1,1969.0,7.0,5.9,41010.6,28593.8,46.1,17530.0,14979.6,1.4,54.3,0.0,0.0,0.0,0.0,2075.7,822.2,8.0,9.0,0.0,0.0,323.0
2026-10-08T02:56:56.042983+00:00,9.6,1969.0,6.2,2.5,10040.6,8194.7,46.1,17532.0,14977.5,1.4,54.3,0.0,251884.3,0.0,8.9,373.9,489.0,4.0,6.0,0.0,0.0,323.0
2026-10-08T02:56:57.055609+00:00,7.9,1969.0,5.7,1.9,9849.0,8148.4,46.1,17534.1,14975.4,1.4,54.3,0.0,16265.1,0.0,3.0,83.4,254.1,1.0,4.0,0.0,0.0,325.0
2026-10-08T02:56:58.048971+00:00,14.3,1969.0,7.5,4.9,41333.0,28365.5,46.1,17532.1,14977.4,1.4,54.3,0.0,0.0,0.0,0.0,378.2,782.4,4.0,7.0,0.0,0.0,323.0
2026-10-08T02:56:59.040527+00:00,7.3,1969.0,5.2,1.6,9219.9,7821.9,46.1,17533.7,14975.8,1.4,54.3,0.0,8251.0,0.0,2.0,802.7,1022.3,8.1,11.1,0.0,0.0,323.0
2026-10-08T02:57:00.049615+00:00,9.3,1969.0,6.4,2.4,10194.5,8620.4,46.1,17530.0,14979.5,1.4,54.3,0.0,24390.5,0.0,5.0,26695.0,14884.8,47.6,51.6,0.0,0.0,325.0
2026-10-08T02:57:01.042115+00:00,18.0,1969.0,9.8,6.8,41954.3,29137.7,46.1,17529.1,14980.4,1.4,54.3,0.0,482305.0,0.0,8.1,4770.4,3415.8,24.2,32.2,0.0,0.0,323.0
2026-10-08T02:57:02.050826+00:00,12.1,1969.0,7.0,3.9,9146.1,7845.2,46.0,17543.5,14966.0,1.4,54.3,0.0,0.0,0.0,0.0,1482.5,1890.4,13.9,19.8,0.0,0.0,323.0
2026-10-08T02:57:03.043799+00:00,8.5,1969.0,5.7,2.1,9585.6,7995.5,46.0,17549.6,14959.9,1.4,54.3,0.0,0.0,0.0,0.0,379.9,666.0,4.0,9.1,0.0,0.0,325.0
2026-10-08T02:57:04.052184+00:00,15.9,1969.0,8.5,5.7,41302.9,28227.1,46.0,17547.8,14961.7,1.4,54.3,0.0,24335.5,0.0,5.0,872.4,1156.6,6.9,9.9,0.0,0.0,323.0
2026-10-08T02:57:05.043382+00:00,9.4,1969.0,6.0,2.6,9334.6,7814.5,46.0,17552.1,14957.4,1.4,54.3,0.0,24774.1,0.0,5.0,1490.9,233.9,2.0,3.0,0.0,0.0,323.0
2026-10-08T02:57:06.056523+00:00,11.4,1969.0,6.7,3.7,9499.0,8012.2,46.0,17550.5,14959.0,1.4,54.3,0.0,40681.6,0.0,7.9,958.4,1583.2,9.9,15.9,0.0,0.0,325.0
2026-10-08T02:57:07.048839+00:00,13.0,1969.0,6.7,4.8,40821.4,28312.0,46.0,17548.5,14961.0,1.4,54.3,0.0,4105.0,0.0,1.0,377.8,550.2,4.0,7.0,0.0,0.0,323.0
2026-10-08T02:57:08.041011+00:00,11.3,1969.0,6.6,3.6,9827.1,8272.7,46.0,17548.5,14961.0,1.4,54.3,16527.2,235512.6,1.0,24.2,1138.9,1671.5,11.1,18.2,0.0,0.0,323.0
2026-10-08T02:57:09.051276+00:00,8.1,1969.0,5.1,2.0,10042.7,8304.6,46.0,17557.6,14951.9,1.4,54.3,0.0,276154.7,0.0,62.5,83.3,142.8,1.0,2.0,0.0,0.0,325.0
2026-10-08T02:57:10.042484+00:00,14.5,1969.0,7.5,5.6,40407.2,27431.1,46.0,17547.0,14962.5,1.4,54.3,0.0,0.0,0.0,0.0,2376.8,1245.7,11.1,13.1,0.0,0.0,323.0
2026-10-08T02:57:11.049977+00:00,8.7,1969.0,5.3,2.4,9339.7,7881.7,46.0,17553.4,14956.2,1.4,54.3,0.0,219532.1,0.0,13.9,83.4,254.1,1.0,4.0,0.0,0.0,323.0
2026-10-08T02:57:12.049800+00:00,7.5,1969.0,4.6,2.1,9850.7,8181.1,46.0,17556.6,14952.9,1.4,54.3,0.0,148840.9,0.0,2.0,740.9,1084.1,7.1,11.1,0.0,0.0,325.0
2026-10-08T02:57:13.042459+00:00,14.8,1969.0,8.6,5.1,41304.4,27885.0,46.0,17552.9,14956.6,1.4,54.3,0.0,28677.2,0.0,5.0,5874.1,1385.2,13.0,15.0,0.0,0.0,323.0
2026-10-08T02:57:14.050786+00:00,8.1,1969.0,5.5,1.9,9172.9,7730.5,45.9,17599.4,14910.1,1.4,54.3,0.0,0.0,0.0,0.0,375.7,568.0,4.0,6.9,0.0,0.0,322.0
2026-10-08T02:57:15.043737+00:00,8.7,1969.0,5.5,2.1,11212.8,9450.9,45.9,17598.7,14910.8,1.4,54.3,0.0,16514.8,0.0,3.0,2709.5,5016.7,14.1,19.2,0.0,0.0,324.0
2026-10-08T02:57:16.050073+00:00,12.7,1969.0,7.5,3.9,40084.3,27544.6,45.9,17596.4,14913.1,1.4,54.3,0.0,259857.5,0.0,5.9,621.5,1061.7,5.9,12.9,0.0,0.0,322.0
2026-10-08T02:57:17.043386+00:00,9.3,1969.0,5.8,2.6,9860.2,8075.3,45.9,17587.0,14922.5,1.4,54.3,0.0,12405.2,0.0,2.0,380.6,667.3,4.0,9.1,0.0,0.0,322.0
2026-10-08T02:57:18.053568+00:00,8.1,1969.0,5.6,2.1,9551.4,7928.8,45.9,17597.1,14912.4,1.4,54.3,0.0,158242.6,0.0,4.0,626.1,818.2,6.9,9.9,0.0,0.0,324.0
2026-10-08T02:57:19.046531+00:00,13.5,1969.0,7.0,5.1,41598.2,28396.9,45.9,17593.1,14916.4,1.4,54.3,0.0,37075.4,0.0,4.0,1165.6,1576.0,8.0,11.1,0.0,0.0,322.0
2026-10-08T02:57:20.038997+00:00,8.4,1969.0,5.7,1.8,9220.0,7930.8,45.9,17596.0,14913.5,1.4,54.3,0.0,16502.2,0.0,4.0,16579.7,3729.7,26.2,30.2,0.0,0.0,322.0
2026-10-08T02:57:21.051351+00:00,8.9,1969.0,5.4,2.4,9668.4,8053.3,45.9,17588.6,14920.9,1.4,54.3,0.0,0.0,0.0,0.0,83.3,198.3,1.0,3.0,0.0,0.0,324.0
2026-10-08T02:57:22.042921+00:00,13.9,1969.0,8.4,4.7,41357.5,28407.7,45.9,17589.8,14919.7,1.4,54.3,0.0,386148.8,0.0,9.0,1110.2,1567.6,11.0,14.0,0.0,0.0,322.0
2026-10-08T02:57:23.051510+00:00,7.8,1969.0,5.7,1.6,9255.2,7684.3,45.9,17593.6,14915.9,1.4,54.3,0.0,142347.4,0.0,4.0,376.3,513.3,4.0,6.0,0.0,0.0,322.0
2026-10-08T02:57:24.043323+00:00,8.8,1969.0,6.2,2.1,10773.0,8829.0,45.9,17592.6,14916.9,1.4,54.3,0.0,4127.8,0.0,1.0,35417.9,38158.0,111.9,116.9,0.0,0.0,324.0
2026-10-08T02:57:25.050529+00:00,12.0,1969.0,6.7,4.1,40361.3,27972.8,45.9,17598.2,14911.3,1.4,54.3,0.0,0.0,0.0,0.0,1757.6,612.0,5.0,6.9,0.0,0.0,322.0
2026-10-08T02:57:26.041208+00:00,11.1,1969.0,6.1,3.7,9780.8,8142.4,45.9,17590.0,14919.5,1.4,54.3,0.0,256357.1,0.0,58.5,84.8,371.5,1.0,6.1,0.0,0.0,322.0
2026-10-08T02:57:27.052002+00:00,8.4,1969.0,5.6,2.1,9770.1,8115.4,45.9,17594.5,14915.0,1.4,54.3,0.0,97635.4,0.0,4.0,83.4,532.4,1.0,8.9,0.0,0.0,324.0
2026-10-08T02:57:28.045405+00:00,12.5,1969.0,6.8,4.5,40259.5,27604.3,45.9,17595.0,14914.5,1.4,54.3,0.0,8230.5,0.0,2.0,378.8,700.3,4.0,9.0,0.0,0.0,322.0
2026-10-08T02:57:29.037043+00:00,8.1,1969.0,5.0,2.0,9374.3,7853.9,45.9,17594.7,14914.8,1.4,54.3,0.0,0.0,0.0,0.0,1097.5,1594.9,11.1,17.1,0.0,0.0,322.0
2026-10-08T02:57:30.046948+00:00,10.2,1969.0,5.8,3.5,9918.7,8342.5,45.9,17594.9,14914.6,1.4,54.3,0.0,130097.4,0.0,16.9,1760.8,878.4,5.0,11.9,0.0,0.0,324.0
2026-10-08T02:57:31.043653+00:00,17.6,1969.0,10.4,6.0,45074.6,30516.0,46.0,17543.3,14966.2,1.4,54.3,0.0,49463.2,0.0,4.0,32267.0,32388.8,111.7,110.7,0.0,0.0,325.0
2026-10-08T02:57:32.051824+00:00,11.4,1969.0,7.8,3.2,11344.4,9158.5,46.1,17518.6,14990.9,1.4,54.3,137499.7,40441.1,13.8,3.9,2556.2,6085.9,23.7,36.5,0.0,0.0,323.0
2026-10-08T02:57:33.046758+00:00,8.4,1969.0,5.2,2.1,9860.2,8093.5,46.1,17520.4,14989.1,1.4,54.3,0.0,305463.8,0.0,10.1,2613.2,2135.5,13.1,17.1,0.0,0.0,325.0
2026-10-08T02:57:34.038945+00:00,14.3,1969.0,8.1,4.9,41592.8,27851.5,46.1,17518.1,14991.4,1.4,54.3,0.0,37061.7,0.0,8.0,1916.2,3176.9,16.1,19.1,0.0,0.0,323.0
2026-10-08T02:57:35.046317+00:00,8.7,1969.0,5.6,2.3,10528.9,8880.8,46.1,17529.7,14979.9,1.4,54.3,324746.6,884934.4,3.0,19.8,1756.1,889.0,5.0,11.9,0.0,0.0,323.0
2026-10-08T02:57:36.042066+00:00,9.5,1969.0,5.6,3.0,9988.6,8230.4,46.1,17532.2,14977.3,1.4,54.3,66109.5,0.0,1.0,0.0,22466.9,23956.8,55.5,69.6,0.0,0.0,325.0
2026-10-08T02:57:37.049076+00:00,14.7,1969.0,8.0,5.4,39699.3,26655.8,46.1,17530.8,14978.8,1.4,54.3,210768.9,591774.2,1.0,8.9,663.0,868.8,6.9,9.9,0.0,0.0,323.0
2026-10-08T02:57:38.041623+00:00,11.2,1969.0,6.4,4.1,10908.6,8946.1,46.1,17521.3,14988.2,1.4,54.3,16522.8,165227.6,1.0,15.1,65270.2,9561.3,63.5,52.4,0.0,0.0,323.0
2026-10-08T02:57:39.052332+00:00,7.4,1969.0,5.2,1.6,9865.5,8263.7,46.1,17531.8,14977.8,1.4,54.3,0.0,8119.9,0.0,1.0,621.5,907.0,5.9,9.9,0.0,0.0,325.0
2026-10-08T02:57:40.042388+00:00,15.1,1969.0,8.8,4.8,40462.8,27563.9,46.1,17527.3,14982.2,1.4,54.3,0.0,0.0,0.0,0.0,17436.4,4501.2,30.2,29.2,0.0,0.0,323.0
2026-10-08T02:57:41.049625+00:00,8.9,1969.0,5.5,2.5,10196.4,8475.2,46.1,17526.9,14982.6,1.4,54.3,0.0,69160.0,0.0,3.0,83.4,198.6,1.0,3.0,0.0,0.0,323.0
2026-10-08T02:57:42.055457+00:00,7.7,1969.0,5.4,1.5,10097.3,8376.9,46.1,17530.9,14978.6,1.4,54.3,0.0,628212.7,0.0,61.6,732.6,903.1,7.1,9.1,0.0,0.0,325.0
2026-10-08T02:57:43.046850+00:00,12.9,1969.0,7.5,4.7,40340.4,26771.9,46.1,17530.7,14978.9,1.4,54.3,0.0,12221.8,0.0,3.0,5674.3,1481.0,10.9,16.9,0.0,0.0,323.0
2026-10-08T02:57:44.038495+00:00,9.2,1969.0,5.3,3.0,10277.9,8406.6,46.1,17537.6,14971.9,1.4,54.3,0.0,0.0,0.0,0.0,972.9,4534.0,10.1,15.1,0.0,0.0,322.0
2026-10-08T02:57:45.049817+00:00,8.4,1969.0,5.2,2.3,10141.5,8281.8,46.1,17538.2,14971.3,1.4,54.3,170811.7,8133.9,17.9,2.0,1468.5,397.2,2.0,6.0,0.0,0.0,324.0
2026-10-08T02:57:46.042426+00:00,12.2,1969.0,6.6,4.8,40142.9,27343.8,46.1,17537.0,14972.5,1.4,54.3,0.0,20570.1,0.0,3.0,1389.1,1608.0,14.1,17.1,0.0,0.0,322.0
2026-10-08T02:57:47.049010+00:00,9.4,1969.0,5.6,3.0,10559.1,8602.6,46.1,17528.5,14981.0,1.4,54.3,0.0,166533.8,0.0,12.9,124.9,253.9,2.0,4.0,0.0,0.0,322.0
2026-10-08T02:57:48.044995+00:00,8.2,1969.0,5.8,1.7,9385.7,7893.2,46.0,17539.5,14970.0,1.4,54.3,0.0,24799.7,0.0,6.1,1689.2,1696.3,17.2,19.2,0.0,0.0,324.0
2026-10-08T02:57:49.037088+00:00,12.9,1969.0,6.9,4.7,40874.8,27351.2,46.1,17538.5,14971.0,1.4,54.3,0.0,37002.3,0.0,8.0,974.6,1003.8,7.0,7.0,0.0,0.0,322.0
2026-10-08T02:57:50.044448+00:00,8.8,1969.0,5.3,2.8,9993.5,8290.1,46.0,17538.9,14970.6,1.4,54.3,0.0,12191.1,0.0,3.0,3423.8,1088.3,8.9,10.9,0.0,0.0,322.0
2026-10-08T02:57:51.041832+00:00,8.8,1969.0,5.4,2.6,9537.0,8018.0,46.1,17538.7,14970.8,1.4,54.3,0.0,0.0,0.0,0.0,1482.7,19809.7,15.1,32.3,0.0,0.0,324.0
2026-10-08T02:57:52.048445+00:00,17.7,1969.0,10.6,5.8,40587.4,26436.1,46.1,17532.0,14977.6,1.4,54.3,0.0,24245.9,0.0,3.9,661.0,1615.0,6.9,17.8,0.0,0.0,322.0
2026-10-08T02:57:53.041670+00:00,9.0,1969.0,5.4,2.5,10293.1,8471.7,46.1,17533.7,14975.8,1.4,54.3,0.0,243870.8,0.0,6.1,2041.5,3459.3,19.2,35.3,0.0,0.0,322.0
2026-10-08T02:57:54.051056+00:00,8.4,1969.0,5.7,1.8,10365.1,8294.1,46.1,17533.9,14975.6,1.4,54.3,40588.5,430237.9,2.0,56.5,83.2,420.2,1.0,6.9,0.0,0.0,324.0
2026-10-08T02:57:55.042162+00:00,10.6,1969.0,6.2,3.8,39856.3,26641.0,46.1,17530.5,14979.0,1.4,54.3,0.0,0.0,0.0,0.0,2674.1,1866.9,14.1,17.1,0.0,0.0,322.0
2026-10-08T02:57:56.050050+00:00,9.2,1969.0,6.2,2.2,10154.9,8333.0,46.1,17532.6,14976.9,1.4,54.3,0.0,239936.5,0.0,6.0,665.2,724.8,6.9,7.9,0.0,0.0,322.0
2026-10-08T02:57:57.042895+00:00,7.4,1969.0,4.8,1.9,9822.5,8084.4,46.1,17534.5,14975.0,1.4,54.3,0.0,0.0,0.0,0.0,816.6,994.0,7.1,10.1,0.0,0.0,324.0
2026-10-08T02:57:58.037068+00:00,11.6,1969.0,6.1,4.6,39786.4,26770.7,46.1,17531.9,14977.6,1.4,54.3,0.0,313553.1,0.0,43.3,84.6,145.0,1.0,2.0,0.0,0.0,322.0
2026-10-08T02:57:59.043430+00:00,8.4,1969.0,5.3,2.1,9942.1,8262.6,46.1,17533.5,14976.0,1.4,54.3,0.0,0.0,0.0,0.0,665.4,1232.9,6.9,11.9,0.0,0.0,322.0
2026-10-08T02:58:00.057143+00:00,9.6,1969.0,6.2,2.8,10167.6,8559.5,46.1,17531.1,14978.4,1.4,54.3,0.0,12205.9,0.0,2.0,16720.6,4284.2,28.8,35.8,0.0,0.0,324.0
2026-10-08T02:58:01.047823+00:00,12.8,1969.0,7.0,4.6,39955.7,26686.3,46.1,17538.0,14971.5,1.4,54.3,0.0,258778.1,0.0,10.0,84.2,355.0,1.0,6.0,0.0,0.0,322.0
2026-10-08T02:58:02.040557+00:00,10.2,1969.0,6.8,2.5,10481.7,8736.8,45.9,17590.5,14919.0,1.4,54.3,0.0,4131.4,0.0,1.0,821.0,1084.3,8.1,11.1,0.0,0.0,321.0
2026-10-08T02:58:03.051502+00:00,8.2,1969.0,5.6,2.1,9572.4,8048.7,45.9,17603.4,14906.1,1.4,54.3,0.0,259874.8,0.0,5.9,83.3,475.8,1.0,7.9,0.0,0.0,323.0
2026-10-08T02:58:04.041990+00:00,15.2,1969.0,7.4,6.8,40950.3,27309.9,45.9,17599.4,14910.1,1.4,54.3,0.0,164750.5,0.0,8.0,885.9,1238.8,7.0,11.1,0.0,0.0,321.0
2026-10-08T02:58:05.049533+00:00,13.3,1969.0,6.4,5.1,9800.8,8127.4,45.8,17605.2,14904.3,1.4,54.3,0.0,16280.6,0.0,3.0,1850.3,744.3,6.0,9.9,0.0,0.0,321.0
2026-10-08T02:58:06.043467+00:00,11.8,1969.0,6.1,4.0,9413.6,7938.2,45.9,17603.6,14905.9,1.4,54.3,0.0,0.0,0.0,0.0,677.7,1357.3,7.1,18.2,0.0,0.0,323.0
2026-10-08T02:58:07.051650+00:00,15.9,1969.0,7.4,7.0,39786.9,27031.5,45.9,17602.5,14907.0,1.4,54.3,0.0,8110.8,0.0,2.0,663.4,1260.4,6.9,13.9,0.0,0.0,321.0
2026-10-08T02:58:08.048540+00:00,10.6,1969.0,7.0,2.8,10976.3,9011.7,45.9,17599.7,14909.8,1.4,54.3,16515.3,255987.7,1.0,26.2,472.8,896.1,5.0,12.1,0.0,0.0,321.0
2026-10-08T02:58:09.042152+00:00,9.8,1969.0,5.3,3.2,9638.5,8062.2,45.8,17607.6,14901.9,1.4,54.3,0.0,8219.8,0.0,1.0,716.4,1037.5,8.0,13.0,0.0,0.0,323.0
2026-10-08T02:58:10.048898+00:00,14.1,1969.0,8.2,4.7,39492.4,26367.2,45.8,17605.5,14904.0,1.4,54.3,0.0,77090.7,0.0,7.9,2045.5,1261.0,7.9,12.9,0.0,0.0,321.0
2026-10-08T02:58:11.039911+00:00,9.4,1969.0,5.7,2.8,9753.2,8193.1,45.8,17611.3,14898.3,1.4,54.3,0.0,90878.3,0.0,12.1,380.2,610.1,4.0,8.1,0.0,0.0,321.0
2026-10-08T02:58:12.052172+00:00,7.8,1969.0,4.5,2.1,9992.6,8196.0,45.8,17611.2,14898.3,1.4,54.3,0.0,146438.3,0.0,3.0,1263.2,2088.5,11.9,18.9,0.0,0.0,323.0
2026-10-08T02:58:13.042186+00:00,12.5,1969.0,7.5,4.3,40242.5,26926.1,45.8,17610.2,14899.3,1.4,54.3,0.0,156368.8,0.0,5.0,5311.5,906.2,7.0,10.0,0.0,0.0,321.0
2026-10-08T02:58:14.050835+00:00,8.6,1969.0,5.3,2.3,9883.2,8278.0,45.8,17609.2,14900.3,1.4,54.3,0.0,0.0,0.0,0.0,2058.1,5464.0,19.9,21.9,0.0,0.0,321.0
2026-10-08T02:58:15.044421+00:00,10.0,1969.0,6.1,2.8,12226.5,10513.4,45.8,17610.6,14899.0,1.4,54.3,0.0,318006.8,0.0,69.6,2245.5,1063.7,9.1,12.1,0.0,0.0,323.0
2026-10-08T02:58:16.036753+00:00,10.4,1969.0,6.7,3.0,39843.8,27119.3,45.8,17608.9,14900.6,1.4,54.3,197703.7,469546.2,1.0,12.1,379.1,608.4,4.0,8.0,0.0,0.0,321.0
2026-10-08T02:58:17.043865+00:00,8.9,1969.0,5.6,2.4,10441.1,8533.7,45.9,17599.6,14909.9,1.4,54.3,0.0,12194.7,0.0,2.0,666.9,915.0,6.9,10.9,0.0,0.0,322.0
2026-10-08T02:58:18.038854+00:00,8.0,1969.0,5.9,1.7,10223.4,8409.5,45.8,17608.2,14901.3,1.4,54.3,0.0,132228.4,0.0,7.1,1072.4,1362.9,10.1,15.1,0.0,0.0,323.0
2026-10-08T02:58:19.046468+00:00,11.9,1969.0,6.9,4.3,40579.4,26841.3,45.9,17603.8,14905.7,1.4,54.3,0.0,72895.1,0.0,3.0,912.6,1162.7,6.9,8.9,0.0,0.0,321.0
2026-10-08T02:58:20.037310+00:00,8.1,1969.0,5.3,1.8,9023.6,7770.1,45.8,17606.3,14903.2,1.4,54.3,0.0,12401.5,0.0,3.0,16439.5,3058.0,24.2,23.2,0.0,0.0,321.0
2026-10-08T02:58:21.045435+00:00,11.3,1969.0,7.1,3.6,10503.1,8576.2,45.9,17594.1,14915.4,1.4,54.3,0.0,0.0,0.0,0.0,374.3,600.6,4.0,7.9,0.0,0.0,323.0
2026-10-08T02:58:22.038780+00:00,13.9,1969.0,7.7,5.1,40013.3,26460.8,45.9,17601.2,14908.3,1.4,54.3,0.0,227080.5,0.0,6.0,820.5,1704.5,8.1,22.2,0.0,0.0,321.0
2026-10-08T02:58:23.045659+00:00,10.4,1969.0,5.6,3.4,9147.7,7652.6,45.8,17609.2,14900.3,1.4,54.3,0.0,150151.9,0.0,4.0,956.1,1259.3,9.9,14.9,0.0,0.0,321.0
2026-10-08T02:58:24.039026+00:00,14.1,1969.0,6.9,5.7,10239.0,8515.4,45.8,17608.5,14901.0,1.4,54.3,0.0,41311.2,0.0,8.1,506.3,873.4,5.0,11.1,0.0,0.0,323.0
2026-10-08T02:58:25.046863+00:00,11.9,1969.0,6.7,4.4,40092.0,27390.5,45.8,17608.4,14901.1,1.4,54.3,0.0,0.0,0.0,0.0,2450.3,1292.6,9.9,10.9,0.0,0.0,321.0
2026-10-08T02:58:26.050538+00:00,17.3,1969.0,10.0,5.9,14025.0,11317.5,46.0,17538.9,14970.6,1.4,54.3,45451.5,140486.3,2.0,12.1,1532950.6,139328.2,1236.8,923.0,0.0,0.0,321.0
2026-10-08T02:58:27.042182+00:00,14.2,1969.0,8.7,4.4,10677.6,8799.1,46.0,17549.9,14959.6,1.4,54.3,32620.0,150867.5,1.0,12.9,540.5,915.8,5.0,10.0,0.0,0.0,323.0
2026-10-08T02:58:28.050137+00:00,17.2,1969.0,9.0,6.4,39903.1,26464.2,46.0,17545.0,14964.5,1.4,54.3,0.0,101598.3,0.0,5.0,298835.1,30362.4,267.9,177.6,0.0,0.0,321.0
2026-10-08T02:58:29.041209+00:00,9.8,1969.0,5.6,3.2,8923.1,7542.7,46.0,17549.5,14960.0,1.4,54.3,0.0,0.0,0.0,0.0,84.8,145.3,1.0,2.0,0.0,0.0,321.0
2026-10-08T02:58:30.053456+00:00,9.1,1969.0,6.0,2.6,10940.6,8765.8,46.0,17547.0,14962.5,1.4,54.3,0.0,52854.7,0.0,8.9,1468.1,341.5,2.0,5.0,0.0,0.0,323.0
2026-10-08T02:58:31.046268+00:00,11.5,1969.0,6.6,4.1,40083.8,26724.5,46.0,17548.7,14960.8,1.4,54.3,0.0,333028.7,0.0,72.3,674.5,961.6,7.0,11.0,0.0,0.0,321.0
2026-10-08T02:58:32.039578+00:00,13.0,1969.0,7.6,4.3,10526.5,8924.0,46.1,17527.7,14981.8,1.4,54.3,0.0,32982.5,0.0,7.0,1336963.3,61928.8,1058.9,495.2,0.0,0.0,321.0
2026-10-08T02:58:33.049670+00:00,8.9,1969.0,6.6,1.5,10515.3,8731.2,46.1,17537.9,14971.6,1.4,54.3,454700.4,1806622.2,3.0,24.8,826794.9,65796.7,672.0,651.2,0.0,0.0,323.0
2026-10-08T02:58:34.043113+00:00,14.4,1969.0,7.6,5.5,42266.0,28467.2,46.0,17539.8,14969.7,1.4,54.3,0.0,16475.6,0.0,3.0,1811247.7,109934.1,1439.0,1029.7,0.0,0.0,321.0
2026-10-08T02:58:35.061262+00:00,10.3,1969.0,6.6,2.6,10582.6,9045.7,46.1,17534.1,14975.4,1.4,54.3,0.0,40612.9,0.0,5.9,1015870.3,30661.0,851.7,216.2,0.0,0.0,321.0
2026-10-08T02:58:36.042654+00:00,14.8,1969.0,10.0,3.9,12061.8,9838.0,46.1,17523.9,14985.6,1.4,54.3,0.0,0.0,0.0,0.0,516803.7,78328.0,420.3,760.5,0.0,0.0,323.0
2026-10-08T02:58:37.049541+00:00,11.2,1969.0,6.3,4.2,40017.6,27266.8,46.1,17520.2,14989.3,1.4,54.3,32366.5,1302751.2,2.0,24.7,1404.6,2178.0,13.8,17.8,0.0,0.0,321.0
2026-10-08T02:58:38.041195+00:00,11.6,1969.0,8.4,2.4,11291.6,9259.1,46.2,17494.2,15015.3,1.4,54.3,8267.1,202544.1,2.0,10.1,1514074.3,49863.0,1244.3,348.2,0.0,0.0,321.0
2026-10-08T02:58:39.056305+00:00,9.0,1969.0,5.9,2.4,10544.4,8808.7,46.2,17505.7,15003.8,1.4,54.3,16259.7,1048753.6,1.0,20.8,527985.2,52369.8,421.8,518.0,0.0,0.0,323.0
2026-10-08T02:58:40.046913+00:00,12.7,1969.0,7.8,4.1,40541.9,27380.3,46.2,17498.1,15011.5,1.4,54.3,0.0,24605.1,0.0,3.0,39610.8,54169.0,121.1,133.2,0.0,0.0,321.0
2026-10-08T02:58:41.039204+00:00,13.1,1969.0,6.8,5.2,9242.8,7745.7,46.2,17501.4,15008.2,1.4,54.3,0.0,111567.7,0.0,5.0,1988.4,4056.5,20.2,27.2,0.0,0.0,321.0
2026-10-08T02:58:42.052984+00:00,11.7,1969.0,6.3,3.7,11062.9,9011.5,46.2,17499.5,15010.0,1.4,54.3,0.0,467485.8,0.0,4.0,2323339.4,111695.8,1894.6,993.4,0.0,0.0,323.0
2026-10-08T02:58:43.045664+00:00,15.1,1969.0,8.8,5.5,41149.6,27890.1,46.2,17500.1,15009.4,1.4,54.3,0.0,114943.8,0.0,6.0,1011658.6,69224.1,889.0,698.6,0.0,0.0,321.0
2026-10-08T02:58:44.036065+00:00,13.7,1969.0,7.0,5.2,9607.5,8124.1,46.1,17506.8,15002.7,1.4,54.3,0.0,0.0,0.0,0.0,728028.4,41480.6,646.5,364.6,0.0,0.0,321.0
2026-10-08T02:58:45.047413+00:00,12.6,1969.0,8.1,3.4,11080.3,9083.4,46.2,17506.2,15003.3,1.4,54.3,0.0,28485.0,0.0,6.0,719640.7,37500.8,639.8,356.7,0.0,0.0,323.0
2026-10-08T02:58:46.040590+00:00,13.0,1969.0,7.1,4.7,39643.0,27401.0,46.2,17503.8,15005.7,1.4,54.3,0.0,4114.5,0.0,1.0,10205.8,4472.1,36.2,36.2,0.0,0.0,321.0
2026-10-08T02:58:47.050492+00:00,9.7,1969.0,6.1,2.6,9437.8,7869.7,46.1,17518.2,14991.3,1.4,54.3,0.0,40602.2,0.0,3.0,2494.0,3508.1,25.8,27.8,0.0,0.0,321.0
2026-10-08T02:58:48.043963+00:00,11.2,1969.0,6.7,3.3,10332.0,8503.4,46.1,17520.5,14989.0,1.4,54.3,0.0,613867.1,0.0,89.5,633.7,883.1,7.0,9.1,0.0,0.0,323.0
2026-10-08T02:58:49.035893+00:00,13.0,1969.0,7.4,4.3,40611.4,27892.1,46.1,17521.1,14988.4,1.4,54.3,16494.6,49483.9,1.0,4.0,2451.4,3640.4,21.1,26.2,0.0,0.0,321.0
2026-10-08T02:58:50.042305+00:00,9.9,1969.0,5.7,3.1,10530.8,8167.5,46.1,17518.5,14991.0,1.4,54.3,0.0,113789.5,0.0,14.9,3008.2,465.3,5.0,5.0,0.0,0.0,321.0
2026-10-08T02:58:51.055620+00:00,9.2,1969.0,6.1,2.7,10535.4,8370.1,46.1,17509.8,14999.7,1.4,54.3,0.0,0.0,0.0,0.0,1205.4,19003.8,11.9,26.8,0.0,0.0,323.0
2026-10-08T02:58:52.047301+00:00,14.5,1969.0,7.3,5.3,40384.9,27458.5,46.1,17507.0,15002.6,1.4,54.3,0.0,24645.5,0.0,3.0,965.7,993.8,10.0,11.0,0.0,0.0,321.0
2026-10-08T02:58:53.038011+00:00,7.9,1969.0,5.6,1.6,9119.9,7642.1,46.1,17513.7,14995.8,1.4,54.3,0.0,148644.7,0.0,4.0,1113.9,1482.9,10.1,16.1,0.0,0.0,321.0
2026-10-08T02:58:54.048979+00:00,8.7,1969.0,5.6,2.3,9712.1,8052.0,46.1,17514.8,14994.7,1.4,54.3,0.0,0.0,0.0,0.0,1000.4,1374.0,10.9,16.9,0.0,0.0,323.0
2026-10-08T02:58:55.039552+00:00,13.1,1969.0,8.0,4.0,40183.8,27754.3,46.1,17511.6,14997.9,1.4,54.3,0.0,0.0,0.0,0.0,3298.3,2209.9,20.1,23.1,0.0,0.0,321.0
2026-10-08T02:58:56.048447+00:00,10.3,1969.0,5.8,3.5,9336.9,7806.8,46.1,17510.5,14999.0,1.4,54.3,211495.6,463663.4,1.0,7.9,669.3,1224.3,7.0,11.9,0.0,0.0,321.0
2026-10-08T02:58:57.042476+00:00,10.8,1969.0,5.9,3.6,9724.4,8133.4,46.1,17514.4,14995.1,1.4,54.3,0.0,0.0,0.0,0.0,769.8,1145.6,8.1,14.1,0.0,0.0,323.0
2026-10-08T02:58:58.049218+00:00,11.7,1969.0,7.0,3.7,39330.2,26321.2,46.1,17511.1,14998.4,1.4,54.3,0.0,141974.7,0.0,6.9,83.2,364.4,1.0,5.9,0.0,0.0,321.0
2026-10-08T02:58:59.040266+00:00,7.5,1969.0,4.9,1.8,8608.4,7379.8,46.1,17514.5,14995.0,1.4,54.3,0.0,0.0,0.0,0.0,380.6,554.2,4.0,7.1,0.0,0.0,321.0
2026-10-08T02:59:00.054725+00:00,10.3,1969.0,6.5,2.7,10538.3,8750.3,46.1,17508.5,15001.1,1.4,54.3,0.0,8137.4,0.0,2.0,17202.5,5430.6,32.8,33.8,0.0,0.0,324.0
2026-10-08T02:59:01.046566+00:00,17.3,1969.0,11.0,5.1,39474.4,26261.9,46.1,17516.4,14993.1,1.4,54.3,0.0,217178.3,0.0,3.0,84.0,984.4,1.0,17.0,0.0,0.0,321.0
2026-10-08T02:59:02.037407+00:00,10.5,1969.0,5.8,3.8,8704.7,7458.6,46.1,17518.6,14990.9,1.4,54.3,0.0,0.0,0.0,0.0,1118.1,2157.5,11.1,28.2,0.0,0.0,321.0
2026-10-08T02:59:03.045463+00:00,9.7,1969.0,6.3,2.5,10134.1,7905.5,46.1,17518.4,14991.1,1.4,54.3,0.0,268720.4,0.0,8.0,374.7,1325.0,4.0,20.9,0.0,0.0,323.0
2026-10-08T02:59:04.036681+00:00,16.9,1969.0,8.7,6.8,42242.6,28500.3,46.1,17517.9,14991.6,1.4,54.3,0.0,193956.6,0.0,41.3,1184.8,2398.9,10.1,29.2,0.0,0.0,321.0
2026-10-08T02:59:05.044427+00:00,12.9,1969.0,7.6,4.7,11845.7,9706.9,46.2,17475.1,15034.4,1.4,54.3,0.0,69139.8,0.0,12.9,28724.5,27873.6,96.3,124.1,0.0,0.0,323.0
2026-10-08T02:59:06.040212+00:00,10.9,1969.0,6.9,3.3,10388.5,8613.3,46.3,17472.1,15037.4,1.4,54.3,0.0,0.0,0.0,0.0,3261.8,6069.7,23.2,43.4,0.0,0.0,325.0
2026-10-08T02:59:07.047763+00:00,12.9,1969.0,7.6,4.1,40123.0,27024.8,46.3,17459.7,15049.8,1.4,54.3,0.0,44539.8,0.0,4.0,662.3,1219.9,6.9,16.8,0.0,0.0,323.0
2026-10-08T02:59:08.039095+00:00,9.7,1969.0,6.4,2.3,9819.7,8111.8,46.3,17452.9,15056.7,1.4,54.3,0.0,289065.6,0.0,16.1,1098.9,2109.1,11.1,28.2,0.0,0.0,323.0
2026-10-08T02:59:09.049361+00:00,8.6,1969.0,6.2,1.7,9256.1,7844.7,46.2,17491.9,15017.6,1.4,54.3,0.0,4068.4,0.0,1.0,622.8,1262.4,6.0,16.9,0.0,0.0,325.0
2026-10-08T02:59:10.041277+00:00,16.4,1969.0,9.8,4.9,40633.8,27225.9,46.2,17488.1,15021.4,1.4,54.3,0.0,0.0,0.0,0.0,1486.6,908.7,2.0,15.1,0.0,0.0,323.0
2026-10-08T02:59:11.047865+00:00,10.0,1969.0,6.2,2.8,8974.9,7642.7,46.2,17491.5,15018.0,1.4,54.3,0.0,77255.0,0.0,10.9,1928.8,3286.8,17.9,39.7,0.0,0.0,323.0
2026-10-08T02:59:12.045353+00:00,9.3,1969.0,5.9,2.3,9391.5,7814.5,46.2,17498.6,15010.9,1.4,54.3,0.0,144646.1,0.0,1.0,412.7,1490.2,4.0,23.2,0.0,0.0,325.0
2026-10-08T02:59:13.035697+00:00,14.7,1969.0,8.0,5.6,41598.2,28195.0,46.2,17496.0,15013.5,1.4,54.3,0.0,160164.4,0.0,5.0,5594.7,2185.7,10.0,31.1,0.0,0.0,323.0
2026-10-08T02:59:14.043927+00:00,8.2,1969.0,5.7,1.8,9568.0,7865.6,46.2,17498.6,15010.9,1.4,54.3,0.0,0.0,0.0,0.0,9160.8,9771.6,30.8,39.7,0.0,0.0,323.0
2026-10-08T02:59:15.040167+00:00,8.6,1969.0,5.8,2.3,10526.8,9077.6,46.2,17498.4,15011.1,1.4,54.3,0.0,57831.8,0.0,6.1,1491.6,831.0,2.0,13.1,0.0,0.0,325.0
2026-10-08T02:59:16.046884+00:00,14.4,1969.0,7.9,4.9,40726.3,27519.8,46.2,17499.0,15010.5,1.4,54.3,0.0,315462.5,0.0,9.9,1527.5,2494.2,14.8,28.6,0.0,0.0,322.0
2026-10-08T02:59:17.038760+00:00,9.7,1969.0,6.2,2.6,9332.7,7773.3,46.2,17496.7,15012.9,1.4,54.3,0.0,8267.9,0.0,2.0,127.2,1153.6,2.0,19.2,0.0,0.0,322.0
2026-10-08T02:59:18.048344+00:00,8.2,1969.0,5.3,2.1,9249.3,7705.6,46.2,17498.6,15010.9,1.4,54.3,0.0,166715.5,0.0,5.0,749.5,1388.8,7.9,18.9,0.0,0.0,324.0
2026-10-08T02:59:19.040294+00:00,13.8,1969.0,8.1,4.8,42019.9,27487.7,46.2,17496.4,15013.1,1.4,54.3,0.0,4119.0,0.0,1.0,1096.1,1464.2,9.1,14.1,0.0,0.0,322.0
2026-10-08T02:59:20.046958+00:00,8.0,1969.0,5.1,1.9,9505.3,8090.7,46.2,17500.5,15009.0,1.4,54.3,0.0,357824.4,0.0,79.4,27090.4,16529.8,51.6,76.4,0.0,0.0,322.0
2026-10-08T02:59:21.041457+00:00,8.3,1969.0,5.7,2.0,9249.8,7742.8,46.2,17486.4,15023.1,1.4,54.3,0.0,0.0,0.0,0.0,4340.4,2460.2,21.2,21.2,0.0,0.0,324.0
2026-10-08T02:59:22.049744+00:00,14.9,1969.0,7.3,6.1,41555.8,28323.8,46.2,17490.6,15018.9,1.4,54.3,0.0,271639.3,0.0,11.9,1182.8,1409.5,11.9,14.8,0.0,0.0,322.0
2026-10-08T02:59:23.039599+00:00,7.0,1969.0,4.9,1.5,8584.5,7215.4,46.2,17494.4,15015.1,1.4,54.3,16529.3,309925.0,1.0,13.1,1905.8,2129.7,19.2,22.2,0.0,0.0,322.0
2026-10-08T02:59:24.055025+00:00,10.6,1969.0,7.7,2.1,9526.1,7744.9,46.2,17488.1,15021.4,1.4,54.3,0.0,16285.0,0.0,4.0,83.5,310.1,1.0,5.0,0.0,0.0,324.0
2026-10-08T02:59:25.045369+00:00,14.3,1969.0,8.5,5.1,40379.6,27238.9,46.2,17485.3,15024.2,1.4,54.3,0.0,0.0,0.0,0.0,3307.2,2540.7,19.0,25.0,0.0,0.0,322.0
2026-10-08T02:59:26.036388+00:00,10.1,1969.0,6.4,2.9,8642.3,6847.1,46.2,17483.9,15025.6,1.4,54.3,57868.6,95069.8,3.0,13.1,3722.7,3326.2,19.2,26.2,0.0,0.0,322.0
2026-10-08T02:59:27.047164+00:00,11.5,1969.0,8.0,2.7,13942.4,10308.3,46.4,17427.2,15082.3,1.4,54.3,0.0,211542.0,0.0,4.0,376.4,624.7,4.0,7.9,0.0,0.0,324.0
2026-10-08T02:59:28.043322+00:00,15.2,1969.0,10.1,4.4,43365.4,28882.1,46.4,17432.2,15077.3,1.4,54.3,0.0,45275.7,0.0,5.0,464.3,942.6,5.0,13.1,0.0,0.0,322.0
2026-10-08T02:59:29.051063+00:00,8.5,1969.0,6.4,1.6,11807.9,8719.5,46.4,17440.2,15069.3,1.4,54.3,0.0,0.0,0.0,0.0,144435.1,7921.7,129.5,76.1,0.0,0.0,322.0
2026-10-08T02:59:30.044344+00:00,12.4,1969.0,7.7,3.6,12840.6,9366.9,46.4,17439.8,15069.7,1.4,54.3,16516.0,173418.1,1.0,21.2,2670.3,2499.0,13.1,20.2,0.0,0.0,324.0
2026-10-08T02:59:31.035274+00:00,14.9,1969.0,8.5,5.5,41806.9,28397.3,46.4,17431.5,15078.0,1.4,54.3,0.0,697090.8,0.0,59.4,84.6,427.0,1.0,7.0,0.0,0.0,322.0
2026-10-08T02:59:32.042969+00:00,9.7,1969.0,5.7,2.8,12626.6,9483.3,46.4,17434.5,15075.0,1.4,54.3,0.0,0.0,0.0,0.0,461.5,747.4,5.0,9.9,0.0,0.0,322.0
2026-10-08T02:59:33.054929+00:00,9.3,1969.0,5.7,2.4,11522.4,9055.3,46.4,17434.4,15075.1,1.4,54.3,0.0,150460.3,0.0,5.0,83.4,420.9,1.0,6.9,0.0,0.0,324.0
2026-10-08T02:59:34.048290+00:00,15.7,1969.0,10.5,4.4,42472.3,28305.1,46.4,17410.3,15099.2,1.4,54.3,0.0,12336.0,0.0,3.0,884.4,1003.9,7.0,7.0,0.0,0.0,322.0
2026-10-08T02:59:35.039958+00:00,12.8,1969.0,8.4,3.1,13227.7,10032.1,46.3,17470.0,15039.5,1.4,54.3,16500.9,231012.6,1.0,32.2,149475.9,10199.3,140.0,92.7,0.0,0.0,320.0
2026-10-08T02:59:36.047630+00:00,10.2,1969.0,6.9,2.3,13089.1,9701.7,46.3,17470.4,15039.1,1.4,54.3,0.0,0.0,0.0,0.0,1094.7,1658.5,9.9,19.9,0.0,0.0,322.0
2026-10-08T02:59:37.038240+00:00,17.1,1969.0,9.8,6.3,41348.2,26997.8,46.3,17473.4,15036.1,1.4,54.3,0.0,569547.8,0.0,80.6,970.3,1087.2,10.1,12.1,0.0,0.0,320.0
2026-10-08T02:59:38.046063+00:00,10.0,1969.0,7.8,1.8,10244.8,7582.0,46.3,17459.2,15050.3,1.4,54.3,0.0,244087.5,0.0,10.9,63765.1,7819.4,57.6,48.7,0.0,0.0,320.0
2026-10-08T02:59:39.039855+00:00,6.3,1969.0,4.9,0.9,7917.2,6040.7,46.3,17469.9,15039.7,1.4,54.3,0.0,61949.9,0.0,2.0,424.5,521.3,5.0,6.0,0.0,0.0,322.0
2026-10-08T02:59:40.046892+00:00,11.5,1969.0,7.5,3.5,39571.7,27014.4,46.3,17473.4,15036.2,1.4,54.3,0.0,129824.5,0.0,1.0,66454.4,9663.1,86.2,80.2,0.0,0.0,320.0
2026-10-08T02:59:41.038041+00:00,6.2,1969.0,5.2,0.9,8052.9,6162.6,46.2,17476.4,15033.1,1.4,54.3,0.0,20669.8,0.0,3.0,1539.1,2096.2,14.1,21.2,0.0,0.0,320.0
2026-10-08T02:59:42.050340+00:00,6.3,1969.0,5.2,1.1,8315.4,6225.9,46.2,17477.0,15032.5,1.4,54.3,0.0,207459.6,0.0,2.0,5597.2,1026.9,9.9,12.9,0.0,0.0,322.0
2026-10-08T02:59:43.041779+00:00,12.7,1969.0,9.0,3.5,40258.6,26880.9,46.2,17476.1,15033.4,1.4,54.3,0.0,156181.7,0.0,8.0,426.5,1383.7,5.0,17.1,0.0,0.0,321.0
2026-10-08T02:59:44.049545+00:00,7.3,1969.0,5.7,1.3,8352.4,6244.4,46.2,17482.5,15027.0,1.4,54.3,0.0,8133.9,0.0,2.0,1209.4,4883.1,12.9,20.9,0.0,0.0,320.0
2026-10-08T02:59:45.042482+00:00,8.2,1969.0,6.1,1.7,8243.2,6084.1,46.2,17493.5,15016.0,1.4,54.3,0.0,8257.3,0.0,2.0,1912.1,772.1,6.0,8.1,0.0,0.0,322.0
2026-10-08T02:59:46.049091+00:00,11.1,1969.0,8.1,2.6,38382.7,26159.7,46.1,17513.4,14996.1,1.4,54.3,0.0,48741.5,0.0,10.9,373.9,488.9,4.0,5.9,0.0,0.0,321.0
2026-10-08T02:59:47.039460+00:00,8.3,1969.0,6.5,1.7,8683.2,6556.8,46.1,17514.1,14995.4,1.4,54.3,0.0,53738.3,0.0,4.0,382.5,634.8,4.0,8.1,0.0,0.0,320.0
2026-10-08T02:59:48.050955+00:00,6.1,1969.0,5.4,0.6,8423.9,6252.4,46.1,17518.9,14990.6,1.4,54.3,0.0,8137.8,0.0,1.0,334.8,763.9,4.0,10.9,0.0,0.0,322.0
2026-10-08T02:59:49.042222+00:00,10.6,1969.0,6.9,3.3,38968.7,27056.3,46.0,17549.9,14959.6,1.4,54.3,0.0,127547.7,0.0,4.0,1898.5,2243.1,16.1,21.1,0.0,0.0,320.0
2026-10-08T02:59:50.048356+00:00,7.2,1969.0,5.5,1.4,8329.0,6354.0,46.0,17552.9,14956.6,1.4,54.3,0.0,12201.5,0.0,3.0,3389.0,1119.1,8.9,12.9,0.0,0.0,320.0
2026-10-08T02:59:51.041979+00:00,7.9,1969.0,6.8,1.0,8125.8,6180.2,46.0,17542.8,14966.7,1.4,54.3,0.0,136475.3,0.0,3.0,840.0,19055.5,8.1,19.2,0.0,0.0,322.0
2026-10-08T02:59:52.049060+00:00,11.9,1969.0,8.0,3.6,38368.9,25982.0,46.0,17552.2,14957.3,1.4,54.3,0.0,36504.3,0.0,4.0,663.5,814.0,6.9,8.9,0.0,0.0,320.0
2026-10-08T02:59:53.039226+00:00,7.4,1969.0,5.4,1.7,9211.7,7074.1,46.0,17552.9,14956.6,1.4,54.3,0.0,372224.7,0.0,52.5,14464.3,9943.8,43.4,39.4,0.0,0.0,320.0
2026-10-08T02:59:54.049699+00:00,7.0,1969.0,5.4,1.1,8636.2,6483.3,46.0,17553.9,14955.6,1.4,54.3,0.0,321468.5,0.0,4.0,622.9,1276.6,6.0,12.9,0.0,0.0,322.0
2026-10-08T02:59:55.039726+00:00,10.6,1969.0,7.4,2.7,38131.1,26441.8,46.0,17551.5,14958.0,1.4,54.3,0.0,0.0,0.0,0.0,3905.1,2560.5,25.1,27.2,0.0,0.0,320.0
2026-10-08T02:59:56.046913+00:00,8.3,1969.0,6.1,1.9,9041.4,6715.9,46.0,17550.4,14959.1,1.4,54.3,0.0,236089.1,0.0,6.0,1249.2,1143.8,11.9,12.9,0.0,0.0,320.0
2026-10-08T02:59:57.044622+00:00,11.2,1969.0,7.2,3.5,7932.8,6098.4,46.0,17551.9,14957.6,1.4,54.3,0.0,0.0,0.0,0.0,380.4,849.6,4.0,10.1,0.0,0.0,322.0
2026-10-08T02:59:58.036058+00:00,10.1,1969.0,6.9,2.8,38373.1,26327.1,46.0,17550.7,14958.8,1.4,54.3,0.0,12311.4,0.0,3.0,337.6,566.1,4.0,8.0,0.0,0.0,320.0
2026-10-08T02:59:59.044237+00:00,7.3,1969.0,5.3,1.5,8700.7,6574.4,46.0,17549.7,14959.8,1.4,54.3,0.0,8131.9,0.0,2.0,1348.0,1433.4,12.9,13.9,0.0,0.0,320.0
2026-10-08T03:00:00.040251+00:00,9.9,1969.0,6.9,2.9,8814.8,6720.6,46.0,17548.5,14961.0,1.4,54.3,0.0,8264.0,0.0,1.0,16348.5,3160.5,23.2,23.2,0.0,0.0,322.0
2026-10-08T03:00:01.049025+00:00,12.8,1969.0,7.1,4.7,38113.4,26065.2,46.0,17550.3,14959.3,1.4,54.3,0.0,226596.1,0.0,4.0,372.4,542.3,4.0,6.9,0.0,0.0,320.0
2026-10-08T03:00:02.039289+00:00,7.5,1969.0,5.8,1.5,8746.9,6624.4,46.0,17549.4,14960.1,1.4,54.3,0.0,0.0,0.0,0.0,567.4,921.1,6.0,11.1,0.0,0.0,320.0
2026-10-08T03:00:03.057462+00:00,9.4,1969.0,6.1,2.3,8243.8,6249.1,46.0,17549.8,14959.7,1.4,54.3,0.0,138337.5,0.0,2.0,374.5,934.7,4.0,13.9,0.0,0.0,322.0
2026-10-08T03:00:04.049148+00:00,15.2,1969.0,9.9,4.5,38832.7,26461.9,46.0,17554.9,14954.7,1.4,54.3,0.0,130720.8,0.0,6.0,1169.9,1624.6,10.0,16.0,0.0,0.0,320.0
2026-10-08T03:00:05.044867+00:00,7.6,1969.0,6.2,1.2,8640.0,6501.4,46.0,17560.6,14948.9,1.4,54.3,0.0,49605.4,0.0,10.1,1788.3,755.9,5.0,10.1,0.0,0.0,320.0
2026-10-08T03:00:06.038283+00:00,6.4,1969.0,5.6,0.8,7824.8,5993.1,46.0,17563.6,14945.9,1.4,54.3,0.0,0.0,0.0,0.0,970.6,1380.1,10.0,17.1,0.0,0.0,322.0
2026-10-08T03:00:07.045135+00:00,11.0,1969.0,7.8,2.8,38087.7,25797.9,46.0,17563.3,14946.3,1.4,54.3,0.0,8120.5,0.0,2.0,373.7,655.2,4.0,8.9,0.0,0.0,320.0
2026-10-08T03:00:08.037226+00:00,10.6,1969.0,7.4,2.7,10088.7,7517.9,46.0,17560.8,14948.7,1.4,54.3,66124.1,1111711.8,2.0,131.2,1352.0,1938.2,13.1,21.2,0.0,0.0,320.0
2026-10-08T03:00:09.047301+00:00,8.3,1969.0,6.2,1.9,8112.1,6211.5,46.0,17563.3,14946.2,1.4,54.3,0.0,312698.7,0.0,72.4,373.8,433.3,4.0,5.0,0.0,0.0,322.0
2026-10-08T03:00:10.037780+00:00,12.9,1969.0,7.9,4.4,38293.7,26007.4,46.0,17561.3,14948.2,1.4,54.3,0.0,78297.8,0.0,8.0,2796.9,1981.0,15.1,23.1,0.0,0.0,320.0
2026-10-08T03:00:11.045147+00:00,7.4,1969.0,5.9,1.3,8143.1,6318.4,46.0,17562.8,14946.7,1.4,54.3,0.0,81371.0,0.0,10.9,1088.7,1593.3,10.9,17.9,0.0,0.0,320.0
2026-10-08T03:00:12.038182+00:00,11.3,1969.0,8.4,2.3,8739.1,6615.3,46.0,17560.9,14948.6,1.4,54.3,0.0,0.0,0.0,0.0,412.6,586.2,4.0,7.1,0.0,0.0,322.0
2026-10-08T03:00:13.046632+00:00,12.3,1969.0,7.9,3.5,39081.7,26241.0,46.0,17568.3,14941.2,1.4,54.3,0.0,227228.9,0.0,5.9,5902.2,1614.7,13.9,17.8,0.0,0.0,320.0
2026-10-08T03:00:14.036904+00:00,7.2,1969.0,5.0,1.7,8549.2,6461.8,46.0,17571.2,14938.4,1.4,54.3,0.0,90868.7,0.0,3.0,726.0,2479.6,8.1,12.1,0.0,0.0,320.0
2026-10-08T03:00:15.046768+00:00,7.3,1969.0,5.9,1.1,10337.2,8452.3,46.0,17569.3,14940.2,1.4,54.3,0.0,24406.4,0.0,4.0,3266.3,4257.4,18.9,28.8,0.0,0.0,322.0
2026-10-08T03:00:16.038160+00:00,10.4,1969.0,7.1,2.9,38182.0,25918.9,46.0,17570.0,14939.6,1.4,54.3,0.0,284389.3,0.0,14.1,379.4,834.2,4.0,12.1,0.0,0.0,320.0
2026-10-08T03:00:17.044285+00:00,9.7,1969.0,6.8,2.5,9357.0,6930.4,46.0,17570.6,14938.9,1.4,54.3,0.0,4068.6,0.0,1.0,374.5,545.3,4.0,7.0,0.0,0.0,320.0
2026-10-08T03:00:18.040616+00:00,14.8,1969.0,8.1,5.5,8691.1,6570.5,45.9,17572.4,14937.1,1.4,54.3,0.0,4136.0,0.0,1.0,340.3,400.9,4.0,5.0,0.0,0.0,322.0
2026-10-08T03:00:19.048702+00:00,10.2,1969.0,6.1,3.4,38448.0,26135.7,45.9,17571.5,14938.0,1.4,54.3,0.0,16172.8,0.0,3.0,619.9,958.5,3.9,7.9,0.0,0.0,320.0
2026-10-08T03:00:20.039034+00:00,12.9,1969.0,7.8,4.3,8762.1,6785.9,45.9,17573.8,14935.8,1.4,54.3,0.0,16527.5,0.0,4.0,18495.6,6063.6,40.4,45.4,0.0,0.0,320.0
2026-10-08T03:00:21.050214+00:00,8.4,1969.0,5.8,2.0,8357.7,6402.9,46.0,17560.0,14949.5,1.4,54.3,0.0,0.0,0.0,0.0,83.4,143.0,1.0,2.0,0.0,0.0,322.0
2026-10-08T03:00:22.043549+00:00,15.4,1969.0,8.8,5.8,37981.5,25276.8,46.0,17568.4,14941.1,1.4,54.3,0.0,234593.2,0.0,5.0,1237.9,1431.8,12.1,14.1,0.0,0.0,320.0
2026-10-08T03:00:23.050402+00:00,7.3,1969.0,6.0,1.1,8772.9,6637.4,45.9,17574.0,14935.5,1.4,54.3,0.0,203037.7,0.0,10.9,375.7,1676.4,4.0,14.9,0.0,0.0,320.0
2026-10-08T03:00:24.044453+00:00,8.0,1969.0,7.3,0.7,8597.1,6628.0,45.9,17575.4,14934.1,1.4,54.3,0.0,140557.7,0.0,4.0,1453.4,2759.4,14.1,22.2,0.0,0.0,322.0
2026-10-08T03:00:25.035227+00:00,9.6,1969.0,6.7,2.7,38187.1,26034.0,45.9,17575.3,14934.2,1.4,54.3,0.0,0.0,0.0,0.0,2371.5,2153.2,11.1,21.1,0.0,0.0,320.0
2026-10-08T03:00:26.043155+00:00,8.3,1969.0,6.5,1.7,9335.9,7007.2,45.9,17575.4,14934.1,1.4,54.3,0.0,219560.1,0.0,47.6,917.2,2215.6,8.9,13.9,0.0,0.0,320.0
2026-10-08T03:00:27.054181+00:00,6.3,1969.0,5.6,0.5,8073.2,6149.8,45.9,17575.8,14933.7,1.4,54.3,0.0,0.0,0.0,0.0,83.4,198.6,1.0,3.0,0.0,0.0,322.0
2026-10-08T03:00:28.046116+00:00,10.0,1969.0,6.5,3.0,38119.0,26042.2,45.9,17574.4,14935.1,1.4,54.3,0.0,8229.4,0.0,2.0,378.7,1136.2,4.0,8.0,0.0,0.0,320.0
2026-10-08T03:00:29.039563+00:00,6.8,1969.0,5.9,0.7,8110.5,6265.6,45.9,17576.9,14932.6,1.4,54.3,0.0,90845.6,0.0,3.0,980.9,1349.9,11.1,17.1,0.0,0.0,322.0
2026-10-08T03:00:30.049981+00:00,7.5,1969.0,6.3,1.0,9024.5,6796.3,45.9,17575.6,14933.9,1.4,54.3,0.0,44618.2,0.0,5.0,2170.7,1652.8,8.9,14.9,0.0,0.0,322.0
2026-10-08T03:00:31.042772+00:00,11.3,1969.0,7.3,3.2,38169.9,25745.3,45.9,17575.2,14934.3,1.4,54.3,0.0,8238.2,0.0,1.0,379.1,495.8,4.0,6.0,0.0,0.0,320.0
2026-10-08T03:00:32.050543+00:00,6.8,1969.0,5.4,1.2,7791.1,5956.9,45.9,17579.5,14930.0,1.4,54.3,0.0,0.0,0.0,0.0,375.8,1089.6,4.0,6.9,0.0,0.0,320.0
2026-10-08T03:00:33.045756+00:00,6.9,1969.0,5.3,1.4,8518.4,6376.5,45.9,17579.3,14930.2,1.4,54.3,0.0,144572.1,0.0,3.0,84.7,427.6,1.0,7.1,0.0,0.0,322.0
2026-10-08T03:00:34.035711+00:00,13.4,1969.0,7.6,5.0,40001.3,26993.8,45.9,17575.2,14934.3,1.4,54.3,0.0,28808.4,0.0,5.0,1896.0,2568.2,17.1,26.1,0.0,0.0,320.0
2026-10-08T03:00:35.042556+00:00,7.7,1969.0,6.6,0.9,7891.7,6248.4,45.9,17577.6,14932.0,1.4,54.3,0.0,20347.8,0.0,4.0,1469.5,953.8,2.0,15.9,0.0,0.0,320.0
2026-10-08T03:00:36.052789+00:00,9.9,1969.0,7.2,2.4,9049.5,6665.1,45.9,17578.0,14931.5,1.4,54.3,65107.6,0.0,1.0,0.0,498.7,1361.0,5.0,19.9,0.0,0.0,322.0
2026-10-08T03:00:37.045568+00:00,9.9,1969.0,6.5,3.1,38187.7,25792.5,45.9,17576.7,14932.8,1.4,54.3,214326.0,478111.8,1.0,7.0,379.4,608.8,4.0,8.1,0.0,0.0,320.0
2026-10-08T03:00:38.036886+00:00,13.7,1969.0,10.9,2.7,10581.7,7859.7,46.0,17555.2,14954.3,1.4,54.3,16511.5,227033.6,1.0,20.2,65203.6,9373.4,63.5,60.5,0.0,0.0,321.0
2026-10-08T03:00:39.044801+00:00,8.5,1969.0,6.2,2.0,8974.6,6935.8,46.0,17548.2,14961.3,1.4,54.3,0.0,154419.1,0.0,4.0,1203.4,1477.2,11.9,15.9,0.0,0.0,323.0
2026-10-08T03:00:40.036310+00:00,12.5,1969.0,8.1,4.0,38629.2,26376.5,46.0,17546.3,14963.2,1.4,54.3,0.0,0.0,0.0,0.0,16875.3,4760.6,28.2,35.3,0.0,0.0,321.0
2026-10-08T03:00:41.043846+00:00,6.9,1969.0,5.8,1.1,7850.4,6100.5,46.0,17549.1,14960.5,1.4,54.3,0.0,8135.4,0.0,1.0,793.5,1327.8,7.9,11.9,0.0,0.0,321.0
2026-10-08T03:00:42.039919+00:00,8.8,1969.0,6.4,2.1,9800.3,7414.8,46.0,17540.1,14969.4,1.4,54.3,627991.7,1991394.7,3.0,65.6,1996.2,2225.1,17.1,22.2,0.0,0.0,323.0
2026-10-08T03:00:43.046616+00:00,12.1,1969.0,8.6,3.2,38572.2,25822.5,46.0,17547.7,14961.9,1.4,54.3,0.0,287382.9,0.0,6.9,5224.6,678.9,6.9,6.9,0.0,0.0,321.0
2026-10-08T03:00:44.037034+00:00,8.0,1969.0,7.2,0.5,8107.8,6268.7,46.0,17551.2,14958.3,1.4,54.3,0.0,128094.6,0.0,6.1,686.0,942.2,8.1,12.1,0.0,0.0,321.0
2026-10-08T03:00:45.045123+00:00,7.6,1969.0,6.4,1.1,9151.2,6921.0,46.0,17551.3,14958.2,1.4,54.3,0.0,28495.0,0.0,5.0,2773.8,4855.8,13.9,16.9,0.0,0.0,323.0
2026-10-08T03:00:46.036479+00:00,11.8,1969.0,7.6,3.5,37926.6,25983.4,46.0,17552.0,14957.5,1.4,54.3,0.0,8259.2,0.0,2.0,380.1,497.0,4.0,6.0,0.0,0.0,321.0
2026-10-08T03:00:47.044213+00:00,7.6,1969.0,6.2,1.2,7908.3,6110.1,46.0,17550.9,14958.7,1.4,54.3,0.0,28453.8,0.0,2.0,125.0,309.6,2.0,5.0,0.0,0.0,321.0
2026-10-08T03:00:48.038091+00:00,6.8,1969.0,5.4,1.1,8789.4,6677.3,46.0,17554.0,14955.5,1.4,54.3,0.0,8259.1,0.0,2.0,930.6,1329.8,10.1,17.1,0.0,0.0,323.0
2026-10-08T03:00:49.045307+00:00,11.4,1969.0,7.2,3.1,38396.9,26079.9,46.0,17552.8,14956.7,1.4,54.3,0.0,89249.4,0.0,6.9,1754.0,2302.7,14.9,21.8,0.0,0.0,321.0
2026-10-08T03:00:50.036364+00:00,7.4,1969.0,5.9,1.3,7931.7,6226.3,46.0,17552.8,14956.7,1.4,54.3,0.0,119867.8,0.0,13.1,4473.4,712.4,7.1,8.1,0.0,0.0,321.0
2026-10-08T03:00:51.046401+00:00,7.5,1969.0,5.7,1.5,8625.1,6709.8,46.0,17541.8,14967.7,1.4,54.3,0.0,0.0,0.0,0.0,2477.2,19052.2,12.9,26.8,0.0,0.0,323.0
2026-10-08T03:00:52.037040+00:00,12.7,1969.0,8.5,3.7,38994.0,26350.6,46.0,17548.2,14961.3,1.4,54.3,0.0,20609.5,0.0,3.0,2565.1,52189.9,24.2,51.3,0.0,0.0,321.0
2026-10-08T03:00:53.046137+00:00,6.5,1969.0,5.4,0.9,8270.5,6565.1,46.0,17551.1,14958.4,1.4,54.3,0.0,211545.6,0.0,7.9,14042.0,14516.7,52.6,55.6,0.0,0.0,321.0
2026-10-08T03:00:54.044281+00:00,7.8,1969.0,5.4,1.9,8560.9,6566.7,46.0,17551.3,14958.2,1.4,54.3,0.0,321778.1,0.0,5.0,379.7,1155.2,4.0,10.1,0.0,0.0,323.0
2026-10-08T03:00:55.035062+00:00,12.1,1969.0,7.9,3.7,38772.6,26644.9,46.0,17549.4,14960.1,1.4,54.3,0.0,0.0,0.0,0.0,1775.3,638.2,5.0,8.0,0.0,0.0,321.0
2026-10-08T03:00:56.040979+00:00,10.1,1969.0,7.3,2.3,8385.9,6501.1,46.0,17554.4,14955.1,1.4,54.3,0.0,236046.2,0.0,6.0,2086.5,3062.3,20.9,25.8,0.0,0.0,321.0
2026-10-08T03:00:57.050923+00:00,7.3,1969.0,5.5,1.5,8650.0,6654.1,46.0,17550.7,14958.8,1.4,54.3,0.0,0.0,0.0,0.0,83.4,365.6,1.0,6.0,0.0,0.0,323.0
2026-10-08T03:00:58.042422+00:00,10.2,1969.0,7.1,2.8,39110.9,26464.4,46.0,17548.1,14961.4,1.4,54.3,0.0,230643.2,0.0,54.3,338.9,4509.8,4.0,78.4,0.0,0.0,321.0
2026-10-08T03:00:59.048420+00:00,6.7,1969.0,5.6,1.0,7587.8,5945.5,46.0,17552.6,14956.9,1.4,54.3,0.0,260455.5,0.0,6.0,1349.3,9001.6,12.9,149.0,0.0,0.0,321.0
2026-10-08T03:01:00.048750+00:00,8.9,1969.0,6.5,2.2,9386.7,7505.6,46.0,17551.7,14957.8,1.4,54.3,0.0,49631.8,0.0,5.0,66240.3,19727.7,71.7,273.6,0.0,0.0,323.0
2026-10-08T03:01:01.041341+00:00,11.8,1969.0,7.5,3.6,38241.5,26063.6,46.0,17553.8,14955.7,1.4,54.3,0.0,221163.8,0.0,3.0,835.9,11655.9,8.0,188.0,0.0,0.0,321.0
2026-10-08T03:01:02.047478+00:00,7.2,1969.0,5.6,1.3,8089.0,5926.2,46.0,17553.4,14956.2,1.4,54.3,0.0,0.0,0.0,0.0,894.5,2240.2,8.9,31.7,0.0,0.0,321.0
2026-10-08T03:01:03.042251+00:00,7.5,1969.0,6.4,1.0,8645.9,6715.5,46.0,17553.1,14956.4,1.4,54.3,0.0,132264.1,0.0,2.0,380.4,836.5,4.0,12.1,0.0,0.0,323.0
2026-10-08T03:01:04.050526+00:00,12.5,1969.0,8.0,4.3,39499.5,27328.0,46.0,17558.2,14951.3,1.4,54.3,0.0,20275.9,0.0,4.0,872.2,1099.9,6.9,8.9,0.0,0.0,321.0
2026-10-08T03:01:05.043462+00:00,8.5,1969.0,7.0,1.4,7810.4,6202.4,45.9,17575.6,14933.9,1.4,54.3,0.0,12372.6,0.0,3.0,1784.2,528.6,5.0,6.0,0.0,0.0,321.0
2026-10-08T03:01:06.052007+00:00,8.1,1969.0,6.4,1.4,8967.4,6851.4,45.9,17576.5,14933.0,1.4,54.3,0.0,0.0,0.0,0.0,83.3,364.9,1.0,5.9,0.0,0.0,323.0
2026-10-08T03:01:07.044069+00:00,10.0,1969.0,6.9,2.6,37791.0,25815.9,45.9,17575.4,14934.1,1.4,54.3,0.0,8253.4,0.0,2.0,1519.3,1738.9,15.1,18.1,0.0,0.0,321.0
2026-10-08T03:01:08.034468+00:00,9.7,1969.0,7.1,2.2,8962.1,6860.0,45.9,17601.9,14907.6,1.4,54.3,0.0,235497.0,0.0,20.2,975.4,1193.3,10.1,13.1,0.0,0.0,320.0
2026-10-08T03:01:09.043873+00:00,9.1,1969.0,6.4,2.2,8581.8,6664.1,45.8,17605.5,14904.1,1.4,54.3,0.0,97631.0,0.0,4.0,418.1,513.5,5.0,6.0,0.0,0.0,322.0
2026-10-08T03:01:10.034828+00:00,10.3,1969.0,6.7,3.2,38434.9,26404.3,45.9,17600.1,14909.5,1.4,54.3,0.0,4122.9,0.0,1.0,2204.4,1311.6,9.1,16.1,0.0,0.0,320.0
2026-10-08T03:01:11.041904+00:00,10.0,1969.0,6.6,2.9,7764.1,6098.0,45.9,17603.3,14906.2,1.4,54.3,0.0,77317.2,0.0,10.9,1386.9,1617.4,12.9,16.9,0.0,0.0,320.0
2026-10-08T03:01:12.051010+00:00,10.5,1969.0,6.7,3.3,9324.1,7077.7,45.9,17596.2,14913.3,1.4,54.3,0.0,65055.1,0.0,11.9,5776.3,1002.6,11.9,11.9,0.0,0.0,322.0
2026-10-08T03:01:13.041853+00:00,14.1,1969.0,9.4,4.0,38823.5,25981.0,45.9,17600.3,14909.3,1.4,54.3,0.0,169022.2,0.0,5.0,553.6,1804.6,6.0,24.2,0.0,0.0,320.0
2026-10-08T03:01:14.048131+00:00,6.2,1969.0,5.1,0.9,7989.6,6131.8,45.9,17600.6,14908.9,1.4,54.3,0.0,4069.3,0.0,1.0,1292.5,5076.7,13.9,24.8,0.0,0.0,320.0
2026-10-08T03:01:15.043971+00:00,11.5,1969.0,7.2,3.8,9384.9,7610.9,45.9,17600.0,14909.5,1.4,54.3,0.0,293630.0,0.0,66.6,2211.2,1372.1,9.1,17.2,0.0,0.0,324.0
2026-10-08T03:01:16.034979+00:00,14.8,1969.0,8.8,5.2,47078.9,31205.4,46.0,17569.0,14940.5,1.4,54.3,0.0,238733.9,0.0,7.0,504.5,733.6,5.0,9.0,0.0,0.0,321.0
2026-10-08T03:01:17.042425+00:00,15.9,1969.0,9.6,5.0,14342.5,10693.4,46.0,17552.0,14957.5,1.4,54.3,0.0,89429.5,0.0,6.0,666.9,1081.7,6.9,13.9,0.0,0.0,321.0
2026-10-08T03:01:18.050110+00:00,10.3,1969.0,8.6,1.5,10547.6,7870.7,46.1,17514.1,14995.5,1.4,54.3,0.0,32510.8,0.0,5.0,334.4,782.8,4.0,11.9,0.0,0.0,323.0
2026-10-08T03:01:19.041414+00:00,15.0,1969.0,9.2,5.2,45866.8,30274.3,46.2,17483.2,15026.3,1.4,54.3,0.0,136335.6,0.0,7.1,1394.9,1683.4,12.1,15.1,0.0,0.0,321.0
2026-10-08T03:01:20.050294+00:00,9.7,1969.0,7.0,2.0,13552.7,9844.6,46.2,17488.9,15020.6,1.4,54.3,0.0,52864.6,0.0,10.9,16089.3,3428.1,22.8,25.8,0.0,0.0,321.0
2026-10-08T03:01:21.042911+00:00,11.7,1969.0,6.9,3.8,15856.9,11017.4,46.2,17493.0,15016.5,1.4,54.3,0.0,0.0,0.0,0.0,99073.0,6843.0,95.7,65.5,0.0,0.0,323.0
2026-10-08T03:01:22.059202+00:00,16.1,1969.0,9.6,5.7,40044.3,26505.0,46.2,17490.7,15018.8,1.4,54.3,0.0,227266.6,0.0,5.0,2565.2,4059.3,23.8,34.7,0.0,0.0,321.0
2026-10-08T03:01:23.049741+00:00,9.0,1969.0,7.5,1.2,9987.9,7441.4,46.2,17485.3,15024.2,1.4,54.3,0.0,311480.7,0.0,21.0,967.6,1632.0,10.0,21.0,0.0,0.0,321.0
2026-10-08T03:01:24.044690+00:00,15.0,1969.0,11.2,3.0,10638.8,7799.5,46.2,17484.8,15024.7,1.4,54.3,0.0,28929.9,0.0,4.0,632.6,1419.7,6.1,19.2,0.0,0.0,323.0
2026-10-08T03:01:25.034653+00:00,10.9,1969.0,7.5,2.9,39439.9,26823.3,46.2,17479.5,15030.0,1.4,54.3,0.0,0.0,0.0,0.0,1781.0,760.8,5.0,10.1,0.0,0.0,321.0
2026-10-08T03:01:26.043496+00:00,9.7,1969.0,7.3,2.1,8175.1,6283.5,46.2,17483.2,15026.4,1.4,54.3,0.0,20345.7,0.0,4.0,498.7,1231.9,5.0,9.9,0.0,0.0,321.0
2026-10-08T03:01:27.051191+00:00,7.3,1969.0,6.2,1.2,8201.9,6476.3,46.2,17487.2,15022.3,1.4,54.3,0.0,0.0,0.0,0.0,96473.5,6380.1,85.3,64.5,0.0,0.0,323.0
2026-10-08T03:01:28.042784+00:00,10.5,1969.0,7.1,3.0,39192.2,26902.5,46.2,17485.6,15023.9,1.4,54.3,0.0,12384.4,0.0,2.0,1137.9,2989.3,11.1,18.1,0.0,0.0,321.0
2026-10-08T03:01:29.048260+00:00,7.5,1969.0,6.1,1.2,9374.3,6611.1,46.2,17489.3,15020.3,1.4,54.3,65093.9,284785.9,1.0,10.9,376.4,736.0,4.0,9.9,0.0,0.0,321.0
2026-10-08T03:01:30.043660+00:00,11.0,1969.0,7.0,3.4,13222.1,9582.0,46.2,17495.2,15014.3,1.4,54.3,0.0,8274.1,0.0,2.0,1493.8,630.3,2.0,10.1,0.0,0.0,323.0
2026-10-08T03:01:31.051397+00:00,16.5,1969.0,8.8,6.0,45261.9,30491.5,46.2,17488.0,15021.5,1.4,54.3,32383.0,255016.4,1.0,57.3,372.6,976.4,4.0,13.8,0.0,0.0,321.0
2026-10-08T03:01:32.043108+00:00,8.6,1969.0,6.5,1.6,8577.0,6778.8,46.2,17481.1,15028.4,1.4,54.3,70262.7,214921.1,3.0,5.0,422.8,780.0,5.0,11.1,0.0,0.0,321.0
2026-10-08T03:01:33.055057+00:00,12.7,1969.0,8.7,3.7,16367.2,11823.0,46.4,17435.2,15074.4,1.4,54.3,0.0,0.0,0.0,0.0,65334.9,20010.5,91.3,91.3,0.0,0.0,324.0
2026-10-08T03:01:34.046223+00:00,16.4,1969.0,9.1,5.9,42587.6,28386.7,46.4,17422.2,15087.3,1.4,54.3,0.0,180897.6,0.0,9.0,1639.1,2897.8,14.1,16.1,0.0,0.0,322.0
2026-10-08T03:01:35.037883+00:00,9.5,1969.0,6.2,2.6,9087.1,7267.1,46.4,17430.2,15079.3,1.4,54.3,4134.7,37212.6,1.0,7.1,1877.6,849.0,6.1,11.1,0.0,0.0,322.0
2026-10-08T03:01:36.047216+00:00,9.3,1969.0,6.8,2.1,9603.3,7313.6,46.4,17432.9,15076.7,1.4,54.3,0.0,0.0,0.0,0.0,1248.5,1552.2,12.9,17.9,0.0,0.0,324.0
2026-10-08T03:01:37.038602+00:00,13.0,1969.0,7.7,4.4,39884.4,27345.5,46.4,17432.9,15076.6,1.4,54.3,0.0,234875.9,0.0,4.0,1560.3,2073.4,16.1,24.1,0.0,0.0,322.0
2026-10-08T03:01:38.047518+00:00,10.9,1969.0,8.6,2.2,9391.3,7129.1,46.4,17428.8,15080.7,1.4,54.3,0.0,142304.5,0.0,15.9,64471.8,9891.6,64.5,68.5,0.0,0.0,322.0
2026-10-08T03:01:39.041804+00:00,12.2,1969.0,7.7,4.0,8483.4,6530.6,46.4,17429.9,15079.6,1.4,54.3,0.0,4127.3,0.0,1.0,1202.1,1433.9,11.1,15.1,0.0,0.0,324.0
2026-10-08T03:01:40.049180+00:00,11.9,1969.0,8.0,3.6,39327.7,27066.4,46.4,17433.1,15076.4,1.4,54.3,0.0,0.0,0.0,0.0,27689.9,16408.5,56.4,59.4,0.0,0.0,322.0
2026-10-08T03:01:41.041031+00:00,7.1,1969.0,6.0,0.9,8540.4,6600.5,46.3,17447.5,15062.0,1.4,54.3,0.0,4132.0,0.0,1.0,4915.8,4006.9,27.2,36.3,0.0,0.0,322.0
2026-10-08T03:01:42.051921+00:00,6.8,1969.0,5.3,1.3,8946.5,6817.5,46.3,17459.1,15050.4,1.4,54.3,0.0,211396.5,0.0,2.0,5973.9,1384.6,13.9,14.9,0.0,0.0,324.0
2026-10-08T03:01:43.044458+00:00,12.9,1969.0,8.4,4.2,40335.8,27235.1,46.2,17491.2,15018.3,1.4,54.3,0.0,193407.8,0.0,7.0,2958.7,1064.9,5.0,11.1,0.0,0.0,322.0
2026-10-08T03:01:44.034654+00:00,7.8,1969.0,6.3,1.0,8254.6,6311.6,46.1,17507.4,15002.1,1.4,54.3,0.0,140276.9,0.0,3.0,1620.7,4983.0,15.1,17.1,0.0,0.0,322.0
2026-10-08T03:01:45.045010+00:00,8.5,1969.0,6.6,1.8,8630.5,6528.0,46.1,17508.2,15001.3,1.4,54.3,0.0,32558.5,0.0,3.0,1469.5,286.2,2.0,4.0,0.0,0.0,324.0
2026-10-08T03:01:46.037238+00:00,13.4,1969.0,8.3,4.5,39343.6,26222.0,46.1,17512.0,14997.5,1.4,54.3,0.0,61829.0,0.0,15.1,762.8,883.6,8.1,10.1,0.0,0.0,322.0
2026-10-08T03:01:47.043592+00:00,9.2,1969.0,6.5,2.4,9142.3,6835.1,46.1,17536.4,14973.1,1.4,54.3,0.0,304842.9,0.0,71.4,374.1,600.4,4.0,7.9,0.0,0.0,321.0
2026-10-08T03:01:48.053446+00:00,8.7,1969.0,6.4,2.4,8736.9,6599.4,46.1,17534.9,14974.6,1.4,54.3,0.0,130191.2,0.0,1.0,713.2,1499.9,7.9,21.9,0.0,0.0,323.0
2026-10-08T03:01:49.044689+00:00,12.6,1969.0,7.2,4.4,40276.3,26252.2,46.0,17540.6,14968.9,1.4,54.3,0.0,111219.7,0.0,6.0,976.5,1287.3,7.0,12.1,0.0,0.0,321.0
2026-10-08T03:01:50.036133+00:00,6.8,1969.0,5.3,1.1,7940.1,6170.4,46.1,17536.5,14973.0,1.4,54.3,0.0,37216.2,0.0,7.1,3484.0,1164.0,9.1,12.1,0.0,0.0,321.0
2026-10-08T03:01:51.043771+00:00,6.6,1969.0,5.4,1.0,8669.8,6617.8,46.1,17525.4,14984.1,1.4,54.3,0.0,0.0,0.0,0.0,1204.2,19293.4,11.9,26.8,0.0,0.0,323.0
2026-10-08T03:01:52.049869+00:00,12.9,1969.0,8.8,3.9,39046.1,25658.4,46.1,17534.2,14975.3,1.4,54.3,0.0,40637.5,0.0,6.0,1538.8,1842.4,15.9,20.8,0.0,0.0,321.0
2026-10-08T03:01:53.041661+00:00,6.8,1969.0,5.3,0.9,8352.4,6462.8,46.1,17535.8,14973.7,1.4,54.3,0.0,148926.1,0.0,3.0,382.8,578.7,4.0,7.1,0.0,0.0,321.0
2026-10-08T03:01:54.057014+00:00,7.0,1969.0,5.9,0.9,8595.5,6541.8,46.1,17535.2,14974.3,1.4,54.3,0.0,24370.4,0.0,5.0,1246.5,2222.3,12.9,29.7,0.0,0.0,323.0
2026-10-08T03:01:55.046661+00:00,12.1,1969.0,8.5,3.3,39112.1,25881.9,46.1,17535.6,14973.9,1.4,54.3,0.0,0.0,0.0,0.0,2274.8,2075.6,9.0,27.0,0.0,0.0,321.0
2026-10-08T03:01:56.045317+00:00,8.7,1969.0,7.1,1.5,8437.0,6511.7,46.1,17531.4,14978.1,1.4,54.3,0.0,239841.3,0.0,6.1,676.4,1056.0,7.1,13.1,0.0,0.0,321.0
2026-10-08T03:01:57.038522+00:00,10.0,1969.0,7.2,2.3,8232.0,6464.2,46.1,17534.8,14974.7,1.4,54.3,0.0,0.0,0.0,0.0,379.8,798.7,4.0,11.0,0.0,0.0,323.0
2026-10-08T03:01:58.051459+00:00,10.7,1969.0,7.3,3.2,38759.3,25400.1,46.1,17527.7,14981.8,1.4,54.3,0.0,12172.5,0.0,2.0,373.5,488.4,4.0,5.9,0.0,0.0,323.0
2026-10-08T03:01:59.041380+00:00,6.9,1969.0,5.7,0.9,8577.9,6557.6,46.1,17530.6,14978.9,1.4,54.3,0.0,156137.9,0.0,6.0,84.3,144.5,1.0,2.0,0.0,0.0,321.0
2026-10-08T03:02:00.050337+00:00,8.5,1969.0,7.4,1.0,9005.7,7031.5,46.1,17525.6,14983.9,1.4,54.3,0.0,4069.7,0.0,1.0,17405.3,4536.6,34.8,35.8,0.0,0.0,323.0
2026-10-08T03:02:01.042418+00:00,12.2,1969.0,8.3,3.3,38721.1,25511.2,46.1,17523.9,14985.6,1.4,54.3,0.0,218709.6,0.0,3.0,379.8,553.1,4.0,7.1,0.0,0.0,321.0
2026-10-08T03:02:02.049589+00:00,8.4,1969.0,6.4,1.9,8856.6,6877.4,46.1,17528.8,14980.8,1.4,54.3,16262.1,207341.4,1.0,11.9,1389.6,1859.1,13.9,21.8,0.0,0.0,321.0
2026-10-08T03:02:03.042359+00:00,8.1,1969.0,6.7,1.2,8977.7,7001.8,46.0,17570.1,14939.4,1.4,54.3,0.0,181777.2,0.0,28.2,817.0,1107.5,7.1,12.1,0.0,0.0,322.0
2026-10-08T03:02:04.049346+00:00,13.9,1969.0,8.6,4.1,40454.6,26659.5,46.0,17566.9,14942.7,1.4,54.3,0.0,353179.4,0.0,54.5,1746.3,1965.3,15.9,17.8,0.0,0.0,320.0
2026-10-08T03:02:05.040119+00:00,7.8,1969.0,6.6,1.1,8928.8,6872.2,46.0,17569.2,14940.3,1.4,54.3,0.0,57867.6,0.0,6.1,1492.5,290.6,2.0,4.0,0.0,0.0,320.0
2026-10-08T03:02:06.054146+00:00,6.7,1969.0,5.9,0.7,8269.3,6460.6,46.0,17569.9,14939.6,1.4,54.3,0.0,0.0,0.0,0.0,1248.8,1477.2,12.9,15.9,0.0,0.0,322.0
2026-10-08T03:02:07.043779+00:00,10.3,1969.0,7.8,2.3,38239.8,25088.5,46.0,17568.4,14941.1,1.4,54.3,0.0,8219.0,0.0,2.0,968.2,10354.1,10.0,176.6,0.0,0.0,320.0
2026-10-08T03:02:08.035718+00:00,14.9,1969.0,8.1,6.1,9537.3,7318.0,46.0,17567.7,14941.8,1.4,54.3,0.0,202558.3,0.0,22.2,980.0,11569.9,10.1,197.8,0.0,0.0,320.0
2026-10-08T03:02:09.045026+00:00,6.5,1969.0,4.9,1.3,8408.1,6564.6,46.0,17569.8,14939.7,1.4,54.3,0.0,4064.2,0.0,1.0,1079.5,11698.4,10.9,197.5,0.0,0.0,322.0
2026-10-08T03:02:10.037193+00:00,11.0,1969.0,7.5,2.9,38473.1,25479.2,46.0,17568.3,14941.2,1.4,54.3,0.0,82484.1,0.0,8.1,1489.2,2094.3,2.0,36.2,0.0,0.0,320.0
2026-10-08T03:02:11.043601+00:00,10.0,1969.0,6.8,2.7,8749.0,6739.4,46.0,17569.9,14939.7,1.4,54.3,0.0,56908.4,0.0,9.9,374.1,989.4,4.0,14.9,0.0,0.0,320.0
2026-10-08T03:02:12.051552+00:00,11.6,1969.0,8.9,2.2,9114.9,6894.7,46.0,17563.4,14946.2,1.4,54.3,0.0,0.0,0.0,0.0,699.3,892.0,7.0,9.9,0.0,0.0,322.0
2026-10-08T03:02:13.042638+00:00,12.1,1969.0,8.6,3.2,38575.3,25715.5,45.9,17578.8,14930.7,1.4,54.3,0.0,181661.6,0.0,5.0,5417.9,886.0,8.1,9.1,0.0,0.0,320.0
2026-10-08T03:02:14.049242+00:00,8.7,1969.0,5.8,2.6,8732.7,6763.4,45.9,17583.4,14926.1,1.4,54.3,0.0,146361.4,0.0,3.0,83.4,198.5,1.0,3.0,0.0,0.0,320.0
2026-10-08T03:02:15.042052+00:00,8.5,1969.0,6.6,1.7,10595.5,8796.3,45.9,17583.3,14926.2,1.4,54.3,0.0,4135.6,0.0,1.0,2929.1,5238.2,16.2,21.2,0.0,0.0,322.0
2026-10-08T03:02:16.048143+00:00,11.5,1969.0,7.7,3.3,38116.3,25893.4,45.9,17582.3,14927.2,1.4,54.3,0.0,259909.5,0.0,8.9,952.8,1358.3,8.9,11.9,0.0,0.0,320.0
2026-10-08T03:02:17.039578+00:00,9.5,1969.0,7.4,1.8,9777.9,7453.9,45.9,17573.3,14936.2,1.4,54.3,0.0,41369.9,0.0,8.1,127.3,597.9,2.0,10.1,0.0,0.0,320.0
2026-10-08T03:02:18.048215+00:00,7.4,1969.0,6.2,1.0,8500.5,6612.7,45.9,17582.9,14926.6,1.4,54.3,0.0,0.0,0.0,0.0,1303.9,1840.1,11.9,19.9,0.0,0.0,322.0
2026-10-08T03:02:19.040163+00:00,11.7,1969.0,6.7,4.3,39361.2,25556.6,45.9,17580.3,14929.2,1.4,54.3,0.0,12375.5,0.0,3.0,632.5,1034.3,4.0,9.1,0.0,0.0,320.0
2026-10-08T03:02:20.046901+00:00,7.2,1969.0,6.3,0.9,8980.8,7115.2,45.9,17592.2,14917.3,1.4,54.3,0.0,308915.2,0.0,67.5,16337.1,4030.9,25.8,35.7,0.0,0.0,320.0
2026-10-08T03:02:21.042303+00:00,7.1,1969.0,6.2,0.8,8342.7,6432.5,45.9,17591.4,14918.1,1.4,54.3,0.0,0.0,0.0,0.0,676.5,1056.1,7.1,13.1,0.0,0.0,322.0
2026-10-08T03:02:22.049231+00:00,11.1,1969.0,8.5,2.4,38326.1,25181.8,45.9,17590.7,14918.8,1.4,54.3,8095.5,222626.1,1.0,4.9,1385.5,1720.5,13.8,17.8,0.0,0.0,320.0
2026-10-08T03:02:23.040930+00:00,7.2,1969.0,5.4,1.4,8729.3,6700.1,45.9,17592.2,14917.3,1.4,54.3,0.0,148791.0,0.0,3.0,680.1,1011.1,7.1,12.1,0.0,0.0,320.0
2026-10-08T03:02:24.049568+00:00,7.0,1969.0,5.7,1.2,9266.5,7189.4,45.9,17592.3,14917.2,1.4,54.3,0.0,130138.4,0.0,4.0,36120.9,49201.0,97.3,112.2,0.0,0.0,322.0
2026-10-08T03:02:25.041761+00:00,13.3,1969.0,8.1,4.5,43664.0,28019.6,45.9,17589.9,14919.6,1.4,54.3,8255.5,12383.3,2.0,1.0,2869.1,1869.4,13.1,17.1,0.0,0.0,322.0
2026-10-08T03:02:26.049380+00:00,15.6,1969.0,10.7,4.5,21874.6,12502.4,46.0,17554.1,14955.4,1.4,54.3,52798.0,272112.7,5.0,13.9,2296.4,2443.2,22.8,24.8,0.0,0.0,322.0
2026-10-08T03:02:27.045944+00:00,15.2,1969.0,12.4,2.1,18534.9,11542.5,46.0,17553.7,14955.8,1.4,54.3,0.0,0.0,0.0,0.0,84.7,201.7,1.0,3.0,0.0,0.0,324.0
2026-10-08T03:02:28.037311+00:00,17.3,1969.0,11.9,4.7,45847.0,28160.1,46.0,17550.0,14959.5,1.4,54.3,0.0,16426.6,0.0,2.0,84.2,256.7,1.0,4.0,0.0,0.0,322.0
2026-10-08T03:02:29.043875+00:00,13.6,1969.0,10.4,2.8,13302.5,8908.1,46.0,17558.1,14951.4,1.4,54.3,0.0,268469.1,0.0,2.0,83.4,198.6,1.0,3.0,0.0,0.0,322.0
2026-10-08T03:02:30.041445+00:00,15.9,1969.0,12.0,3.3,13556.7,9077.8,46.0,17539.6,14969.9,1.4,54.3,3116475.5,74423.3,5.0,13.1,2382.3,2254.1,11.1,22.2,0.0,0.0,324.0
2026-10-08T03:02:31.048553+00:00,17.6,1969.0,12.6,4.5,42135.4,26436.3,46.0,17551.7,14957.8,1.4,54.3,409856.7,4043.0,6.9,1.0,82.9,1524.0,1.0,26.7,0.0,0.0,322.0
2026-10-08T03:02:32.039649+00:00,13.1,1969.0,10.3,2.4,12947.2,8446.1,46.0,17553.7,14955.8,1.4,54.3,16531.1,198372.9,1.0,8.1,676.0,1945.3,7.1,20.2,0.0,0.0,322.0
2026-10-08T03:02:33.048545+00:00,7.2,1969.0,6.2,0.8,8556.7,6512.8,46.0,17559.7,14949.8,1.4,54.3,0.0,162636.3,0.0,7.9,83.4,921.2,1.0,15.9,0.0,0.0,324.0
2026-10-08T03:02:34.039976+00:00,11.5,1969.0,7.9,3.4,39495.2,25919.7,46.0,17556.2,14953.3,1.4,54.3,0.0,16495.2,0.0,3.0,1312.8,2091.1,11.1,23.2,0.0,0.0,322.0
2026-10-08T03:02:35.046823+00:00,12.4,1969.0,7.4,4.4,8881.5,7182.1,46.0,17561.1,14948.4,1.4,54.3,65092.8,166800.3,1.0,7.9,1760.0,1244.5,5.0,18.9,0.0,0.0,322.0
2026-10-08T03:02:36.046728+00:00,14.2,1969.0,9.0,4.4,10117.6,7765.3,46.1,17527.7,14981.8,1.4,54.3,0.0,66134.7,0.0,4.0,2097.0,3215.1,20.2,28.3,0.0,0.0,326.0
2026-10-08T03:02:37.040360+00:00,17.0,1969.0,11.2,5.1,43394.3,28586.1,46.3,17461.7,15047.8,1.4,54.3,0.0,613909.1,0.0,88.9,29510.4,28687.1,107.9,116.9,0.0,0.0,325.0
2026-10-08T03:02:38.047585+00:00,11.1,1969.0,8.4,2.2,10108.7,7730.2,46.3,17458.6,15050.9,1.4,54.3,16237.4,235441.8,1.0,15.9,64044.6,10175.1,60.5,53.5,0.0,0.0,325.0
2026-10-08T03:02:39.041244+00:00,7.2,1969.0,5.9,1.2,8251.4,6459.0,46.3,17465.2,15044.3,1.4,54.3,0.0,24802.7,0.0,1.0,127.2,201.8,2.0,3.0,0.0,0.0,327.0
2026-10-08T03:02:40.048140+00:00,10.8,1969.0,7.9,2.4,38518.9,25664.1,46.3,17464.9,15044.6,1.4,54.3,0.0,89229.1,0.0,3.0,27032.5,16338.3,50.5,69.3,0.0,0.0,325.0
2026-10-08T03:02:41.040103+00:00,8.1,1969.0,6.3,1.7,8932.7,6970.9,46.2,17474.7,15034.8,1.4,54.3,0.0,66171.0,0.0,4.0,4014.5,2542.4,18.2,24.2,0.0,0.0,325.0
2026-10-08T03:02:42.048572+00:00,6.9,1969.0,6.0,0.8,8973.5,6896.5,46.3,17470.8,15038.7,1.4,54.3,56878.1,207198.7,7.9,2.0,2966.7,851.0,7.9,9.9,0.0,0.0,327.0
2026-10-08T03:02:43.039992+00:00,14.9,1969.0,8.4,5.7,40196.0,26307.4,46.3,17467.6,15041.9,1.4,54.3,49485.6,160828.3,7.0,5.0,2836.1,917.2,4.0,11.1,0.0,0.0,325.0
2026-10-08T03:02:44.048923+00:00,7.2,1969.0,6.0,1.2,8017.5,6351.4,46.3,17470.6,15038.9,1.4,54.3,0.0,524948.3,0.0,7.0,83.5,421.2,1.0,7.0,0.0,0.0,327.0
2026-10-08T03:02:45.042570+00:00,7.7,1969.0,6.5,1.2,9013.8,6871.9,46.3,17470.8,15038.7,1.4,54.3,0.0,4124.7,0.0,1.0,2168.1,4540.6,9.1,15.1,0.0,0.0,327.0
2026-10-08T03:02:46.049235+00:00,11.5,1969.0,6.0,4.5,38251.6,25322.5,46.3,17468.4,15041.1,1.4,54.3,0.0,16219.7,0.0,4.0,83.2,974.1,1.0,16.8,0.0,0.0,325.0
2026-10-08T03:02:47.041107+00:00,10.5,1969.0,7.4,2.9,8233.2,6510.4,46.3,17462.2,15047.3,1.4,54.3,0.0,82674.9,0.0,10.1,84.8,1049.6,1.0,18.2,0.0,0.0,325.0
2026-10-08T03:02:48.050364+00:00,12.4,1969.0,8.2,3.6,8941.3,6901.2,46.3,17472.9,15036.7,1.4,54.3,0.0,130058.6,0.0,1.0,458.4,875.2,5.0,11.9,0.0,0.0,327.0
2026-10-08T03:02:49.041095+00:00,9.8,1969.0,6.7,2.7,39289.2,25993.7,46.3,17472.7,15036.9,1.4,54.3,0.0,12376.9,0.0,2.0,1311.4,1554.2,10.1,13.1,0.0,0.0,325.0
2026-10-08T03:02:50.048413+00:00,10.9,1969.0,7.4,3.0,7693.0,6112.1,46.3,17471.1,15038.4,1.4,54.3,0.0,219642.9,0.0,13.9,3098.3,1217.5,6.0,16.9,0.0,0.0,325.0
2026-10-08T03:02:51.047291+00:00,11.0,1969.0,7.3,3.3,9370.5,7154.7,46.3,17465.6,15043.9,1.4,54.3,0.0,0.0,0.0,0.0,1815.2,20050.6,18.2,34.3,0.0,0.0,327.0
2026-10-08T03:02:52.039509+00:00,14.5,1969.0,8.5,5.4,39093.2,25931.3,46.3,17464.3,15045.2,1.4,54.3,0.0,20498.4,0.0,3.0,1259.1,1677.5,13.0,20.0,0.0,0.0,325.0
2026-10-08T03:02:53.045967+00:00,10.0,1969.0,6.4,2.9,8297.0,6502.7,46.3,17468.1,15041.4,1.4,54.3,0.0,394080.9,0.0,59.5,668.5,1216.0,6.9,15.9,0.0,0.0,325.0
2026-10-08T03:02:54.038121+00:00,9.2,1969.0,7.4,1.6,8865.9,6955.8,46.3,17466.8,15042.7,1.4,54.3,0.0,54790.4,0.0,10.1,1661.7,1944.4,15.1,19.2,0.0,0.0,327.0
2026-10-08T03:02:55.045566+00:00,10.3,1969.0,6.6,3.2,38546.5,26118.4,46.3,17465.4,15044.1,1.4,54.3,0.0,113727.5,0.0,3.0,2047.7,1088.8,7.9,13.9,0.0,0.0,325.0
2026-10-08T03:02:56.037318+00:00,8.3,1969.0,6.4,1.5,8176.0,6449.8,46.3,17465.1,15044.4,1.4,54.3,0.0,243810.0,0.0,6.1,380.3,836.4,4.0,12.1,0.0,0.0,325.0
2026-10-08T03:02:57.046919+00:00,12.1,1969.0,8.9,3.0,12983.1,9620.2,46.5,17402.2,15107.3,1.4,54.3,0.0,48802.9,0.0,5.0,23431.4,26074.5,78.4,90.4,0.0,0.0,328.0
2026-10-08T03:02:58.038123+00:00,17.1,1969.0,13.0,3.5,40248.2,25220.1,46.5,17395.9,15113.6,1.4,54.3,0.0,37078.8,0.0,7.0,1514.8,4071.6,14.1,20.1,0.0,0.0,326.0
2026-10-08T03:02:59.044816+00:00,7.4,1969.0,6.3,0.8,8003.4,6232.5,46.5,17403.7,15105.8,1.4,54.3,0.0,0.0,0.0,0.0,374.4,755.8,4.0,9.9,0.0,0.0,326.0
2026-10-08T03:03:00.041476+00:00,9.8,1969.0,7.5,2.1,9674.5,7635.7,46.5,17401.2,15108.4,1.4,54.3,0.0,61981.2,0.0,10.1,17179.0,4010.0,30.3,26.2,0.0,0.0,328.0
2026-10-08T03:03:01.047992+00:00,13.1,1969.0,8.4,3.8,39426.4,25563.7,46.4,17432.4,15077.1,1.4,54.3,0.0,283380.4,0.0,10.9,170.0,400.3,2.0,4.9,0.0,0.0,325.0
2026-10-08T03:03:02.039525+00:00,6.4,1969.0,5.4,0.9,8202.6,6436.4,46.4,17435.8,15073.8,1.4,54.3,0.0,140560.1,0.0,3.0,1596.7,1878.3,15.1,18.2,0.0,0.0,325.0
2026-10-08T03:03:03.048213+00:00,9.0,1969.0,6.9,1.8,9180.7,7150.8,46.4,17433.0,15076.5,1.4,54.3,0.0,0.0,0.0,0.0,83.4,309.7,1.0,5.0,0.0,0.0,327.0
2026-10-08T03:03:04.038787+00:00,12.3,1969.0,7.4,4.5,40107.5,26538.9,46.4,17429.8,15079.8,1.4,54.3,0.0,20633.1,0.0,4.0,1732.9,1916.2,15.1,18.1,0.0,0.0,325.0
2026-10-08T03:03:05.045599+00:00,6.4,1969.0,5.3,0.7,7888.8,6236.8,46.4,17437.1,15072.4,1.4,54.3,0.0,211458.8,0.0,11.9,1468.4,341.5,2.0,5.0,0.0,0.0,325.0
2026-10-08T03:03:06.043456+00:00,7.4,1969.0,5.7,1.4,9421.8,7246.5,46.3,17459.7,15049.8,1.4,54.3,0.0,57883.3,0.0,9.1,1269.8,1784.6,13.1,21.2,0.0,0.0,326.0
2026-10-08T03:03:07.051187+00:00,9.6,1969.0,7.0,2.6,38869.7,25931.9,46.1,17519.7,14989.9,1.4,54.3,0.0,149572.8,0.0,26.6,952.4,1088.6,9.9,11.8,0.0,0.0,322.0
2026-10-08T03:03:08.042017+00:00,7.5,1969.0,6.0,1.4,9186.4,7172.3,46.1,17514.8,14994.8,1.4,54.3,16515.9,247738.4,1.0,27.2,1270.1,1487.9,13.1,16.1,0.0,0.0,322.0
2026-10-08T03:03:09.051475+00:00,11.8,1969.0,8.6,2.6,10126.1,7900.6,46.1,17517.2,14992.3,1.4,54.3,0.0,447647.3,0.0,102.3,914.1,1466.5,8.9,17.9,0.0,0.0,324.0
2026-10-08T03:03:10.041356+00:00,16.8,1969.0,9.2,6.7,38180.8,25418.9,46.1,17520.0,14989.5,1.4,54.3,0.0,140195.8,0.0,3.0,1488.9,346.3,2.0,5.0,0.0,0.0,322.0
2026-10-08T03:03:11.049110+00:00,9.6,1969.0,6.1,2.6,8838.4,6864.3,46.1,17526.4,14983.1,1.4,54.3,0.0,146501.8,0.0,12.9,22509.4,51517.4,91.4,104.3,0.0,0.0,322.0
2026-10-08T03:03:12.043910+00:00,8.6,1969.0,6.3,2.2,9600.4,7376.7,46.1,17517.3,14992.2,1.4,54.3,0.0,24773.2,0.0,3.0,1836.6,2247.9,16.1,19.2,0.0,0.0,324.0
2026-10-08T03:03:13.034714+00:00,13.1,1969.0,8.5,4.2,39015.9,25631.1,46.1,17526.3,14983.2,1.4,54.3,0.0,185383.7,0.0,6.0,5612.2,1009.8,10.1,10.1,0.0,0.0,322.0
2026-10-08T03:03:14.041171+00:00,7.7,1969.0,5.8,1.7,8095.4,6281.0,46.1,17527.1,14982.4,1.4,54.3,0.0,0.0,0.0,0.0,462.1,4173.4,5.0,10.9,0.0,0.0,322.0
2026-10-08T03:03:15.050516+00:00,10.2,1969.0,7.3,2.5,10539.3,8418.5,46.1,17526.6,14982.9,1.4,54.3,0.0,138270.4,0.0,4.0,1759.4,563.0,5.0,7.0,0.0,0.0,324.0
2026-10-08T03:03:16.045545+00:00,11.8,1969.0,7.4,3.8,38815.3,25365.0,46.1,17526.3,14983.2,1.4,54.3,0.0,263797.2,0.0,11.1,379.4,676.2,4.0,7.0,0.0,0.0,322.0
2026-10-08T03:03:17.037208+00:00,8.6,1969.0,7.0,1.6,8399.3,6512.3,46.1,17526.1,14983.4,1.4,54.3,0.0,20588.6,0.0,4.0,379.0,720.8,4.0,10.1,0.0,0.0,322.0
2026-10-08T03:03:18.048554+00:00,8.0,1969.0,6.7,1.2,9072.5,7059.4,46.1,17525.8,14983.7,1.4,54.3,0.0,130047.0,0.0,1.0,334.4,338.3,4.0,4.0,0.0,0.0,324.0
2026-10-08T03:03:19.040223+00:00,12.2,1969.0,8.7,3.2,39654.9,25821.0,46.1,17523.6,14985.9,1.4,54.3,0.0,8236.0,0.0,2.0,631.4,886.7,4.0,5.0,0.0,0.0,322.0
2026-10-08T03:03:20.048011+00:00,7.2,1969.0,6.0,0.9,8094.4,6561.2,46.1,17526.8,14982.7,1.4,54.3,65032.7,44710.0,1.0,7.9,16509.2,4185.6,27.8,26.8,0.0,0.0,322.0
2026-10-08T03:03:21.040865+00:00,8.5,1969.0,6.7,1.5,9142.4,7082.7,46.1,17516.6,14993.0,1.4,54.3,0.0,0.0,0.0,0.0,84.7,145.2,1.0,2.0,0.0,0.0,324.0
2026-10-08T03:03:22.049372+00:00,13.2,1969.0,7.4,4.8,38432.0,24886.0,46.1,17517.9,14991.6,1.4,54.3,0.0,243354.1,0.0,5.0,2521.1,3217.2,23.8,33.7,0.0,0.0,322.0
2026-10-08T03:03:23.039989+00:00,6.6,1969.0,5.4,1.0,8376.2,6418.5,46.1,17520.9,14988.6,1.4,54.3,0.0,144519.1,0.0,3.0,972.8,1845.8,10.1,25.2,0.0,0.0,322.0
2026-10-08T03:03:24.049550+00:00,7.5,1969.0,5.9,1.2,9048.6,6947.8,46.1,17522.6,14986.9,1.4,54.3,0.0,4066.6,0.0,1.0,125.1,421.0,2.0,6.9,0.0,0.0,324.0
2026-10-08T03:03:25.041353+00:00,13.7,1969.0,8.4,4.7,43792.6,28632.4,46.2,17489.9,15019.6,1.4,54.3,0.0,140191.2,0.0,4.0,2204.6,1104.3,9.1,13.1,0.0,0.0,323.0
2026-10-08T03:03:26.049231+00:00,15.8,1969.0,9.6,5.2,13805.1,10356.8,46.3,17463.8,15045.7,1.4,54.3,0.0,317124.9,0.0,65.5,957.9,1261.6,9.9,14.9,0.0,0.0,323.0
2026-10-08T03:03:27.043199+00:00,10.7,1969.0,8.2,2.2,11996.2,9018.1,46.4,17441.3,15068.2,1.4,54.3,0.0,78459.9,0.0,13.1,17211.5,49617.1,78.6,96.8,0.0,0.0,325.0
2026-10-08T03:03:28.051915+00:00,17.0,1969.0,9.7,6.2,41127.2,26515.2,46.2,17476.5,15033.0,1.4,54.3,0.0,170375.7,0.0,24.8,83.2,586.3,1.0,9.9,0.0,0.0,322.0
2026-10-08T03:03:29.045802+00:00,12.4,1969.0,8.4,3.4,11198.8,8744.5,46.3,17461.3,15048.2,1.4,54.3,0.0,12380.7,0.0,1.0,105537.1,22433.0,117.9,92.7,0.0,0.0,322.0
2026-10-08T03:03:30.044393+00:00,13.9,1969.0,8.3,4.2,13012.2,9712.9,46.2,17480.2,15029.3,1.4,54.3,0.0,391291.1,0.0,18.1,1487.3,1405.8,2.0,16.1,0.0,0.0,326.0
2026-10-08T03:03:31.035060+00:00,15.4,1969.0,8.9,4.9,44976.9,28540.0,46.2,17479.8,15029.7,1.4,54.3,4616.4,98483.4,2.0,11.0,1590.9,1744.2,7.0,19.0,0.0,0.0,321.0
2026-10-08T03:03:32.041961+00:00,11.0,1969.0,6.5,3.6,9934.7,7753.2,46.2,17482.9,15026.6,1.4,54.3,65075.7,162689.2,1.0,5.0,1938.3,1499.4,7.0,18.9,0.0,0.0,321.0
2026-10-08T03:03:33.054913+00:00,9.6,1969.0,6.6,2.2,9685.6,7599.7,46.2,17485.6,15023.9,1.4,54.3,0.0,0.0,0.0,0.0,83.4,650.3,1.0,6.9,0.0,0.0,323.0
2026-10-08T03:03:34.048140+00:00,15.6,1969.0,10.2,4.2,46170.1,30312.3,46.2,17483.9,15025.7,1.4,54.3,65784.0,143902.5,3.0,16.1,972.7,1152.3,8.0,9.0,0.0,0.0,321.0
2026-10-08T03:03:35.040269+00:00,9.1,1969.0,7.0,1.7,9494.6,7595.0,46.2,17479.9,15029.6,1.4,54.3,329678.6,24725.9,80.5,5.0,1782.8,5071.7,5.0,86.5,0.0,0.0,321.0
2026-10-08T03:03:36.050019+00:00,10.0,1969.0,8.2,1.6,9478.4,7392.0,46.2,17484.1,15025.5,1.4,54.3,0.0,134169.2,0.0,8.9,955.9,11910.3,9.9,205.5,0.0,0.0,323.0
2026-10-08T03:03:37.039573+00:00,11.3,1969.0,7.6,3.3,40134.3,26410.4,46.2,17484.1,15025.5,1.4,54.3,0.0,263776.1,0.0,11.1,1560.7,5425.6,16.1,80.5,0.0,0.0,321.0
2026-10-08T03:03:38.047656+00:00,8.7,1969.0,6.5,2.0,9028.2,7088.2,46.2,17494.6,15014.9,1.4,54.3,32566.7,199470.9,8.0,9.9,64273.7,8891.0,62.6,55.7,0.0,0.0,321.0
2026-10-08T03:03:39.039979+00:00,7.6,1969.0,5.8,1.6,8487.5,6658.9,46.2,17495.2,15014.3,1.4,54.3,0.0,74363.0,0.0,14.1,49845.7,4516.6,50.4,43.4,0.0,0.0,323.0
2026-10-08T03:03:40.047290+00:00,11.4,1969.0,7.7,3.3,38784.0,25877.9,46.2,17492.9,15016.6,1.4,54.3,0.0,0.0,0.0,0.0,26839.0,14323.6,48.6,54.6,0.0,0.0,321.0
2026-10-08T03:03:41.038390+00:00,6.8,1969.0,5.7,0.9,8878.9,6792.2,46.2,17495.9,15013.6,1.4,54.3,0.0,136255.9,0.0,4.0,5622.9,5700.5,32.3,39.3,0.0,0.0,321.0
2026-10-08T03:03:42.048407+00:00,6.9,1969.0,5.6,1.0,8721.3,6874.8,46.2,17488.4,15021.2,1.4,54.3,0.0,203431.9,0.0,2.0,3884.9,1889.3,16.9,19.9,0.0,0.0,323.0
2026-10-08T03:03:43.039076+00:00,13.4,1969.0,7.6,4.8,40889.4,26910.0,46.1,17518.1,14991.4,1.4,54.3,0.0,177261.1,0.0,9.1,3822.4,2284.6,13.1,21.1,0.0,0.0,321.0
2026-10-08T03:03:44.045414+00:00,6.6,1969.0,5.0,1.0,7999.4,6206.2,46.1,17522.4,14987.1,1.4,54.3,0.0,0.0,0.0,0.0,83.5,254.3,1.0,4.0,0.0,0.0,321.0
2026-10-08T03:03:45.040678+00:00,6.4,1969.0,4.9,1.4,8664.6,6607.5,46.1,17526.9,14982.6,1.4,54.3,0.0,16537.9,0.0,3.0,2173.2,4417.1,9.1,13.1,0.0,0.0,323.0
2026-10-08T03:03:46.049270+00:00,11.4,1969.0,7.3,3.5,39371.4,25842.4,46.1,17528.9,14980.6,1.4,54.3,0.0,48570.2,0.0,5.9,372.5,849.8,4.0,8.9,0.0,0.0,321.0
2026-10-08T03:03:47.039663+00:00,8.5,1969.0,6.4,1.7,8210.2,6336.6,46.0,17553.9,14955.6,1.4,54.3,0.0,12390.9,0.0,2.0,127.1,403.4,2.0,6.1,0.0,0.0,321.0
2026-10-08T03:03:48.049541+00:00,7.6,1969.0,5.7,1.5,8680.9,6640.3,46.0,17562.3,14947.2,1.4,54.3,8138.4,0.0,2.0,0.0,334.8,886.2,4.0,12.9,0.0,0.0,323.0
2026-10-08T03:03:49.040625+00:00,10.4,1969.0,7.4,3.0,40022.2,26523.2,46.0,17561.4,14948.1,1.4,54.3,0.0,185419.0,0.0,16.1,976.8,1104.5,7.0,9.1,0.0,0.0,321.0
2026-10-08T03:03:50.047439+00:00,7.2,1969.0,6.4,0.8,8254.6,6433.6,46.0,17562.7,14946.8,1.4,54.3,0.0,16276.8,0.0,3.0,3428.4,1201.1,8.9,12.9,0.0,0.0,321.0
2026-10-08T03:03:51.041240+00:00,6.8,1969.0,5.6,1.1,8483.0,6526.5,46.0,17553.3,14956.2,1.4,54.3,0.0,144656.0,0.0,3.0,1815.3,19807.5,18.2,33.3,0.0,0.0,323.0
2026-10-08T03:03:52.048593+00:00,16.7,1969.0,9.9,5.9,39046.8,25223.1,46.0,17553.2,14956.3,1.4,54.3,0.0,12174.1,0.0,3.0,956.1,1314.7,9.9,15.9,0.0,0.0,321.0
2026-10-08T03:03:53.038615+00:00,6.4,1969.0,5.3,0.9,8299.7,6384.3,46.0,17557.5,14952.0,1.4,54.3,0.0,152779.9,0.0,3.0,679.5,1010.1,7.1,12.1,0.0,0.0,321.0
2026-10-08T03:03:54.049137+00:00,9.0,1969.0,6.6,2.0,9050.9,6751.6,46.0,17557.0,14952.5,1.4,54.3,0.0,0.0,0.0,0.0,914.1,1220.2,8.9,13.9,0.0,0.0,323.0
2026-10-08T03:03:55.040138+00:00,11.5,1969.0,7.8,3.3,39124.8,25798.6,46.0,17554.0,14955.5,1.4,54.3,0.0,0.0,0.0,0.0,2165.1,1253.0,9.1,16.1,0.0,0.0,321.0
2026-10-08T03:03:56.047377+00:00,8.0,1969.0,6.0,1.6,8644.7,6740.5,46.0,17570.5,14939.0,1.4,54.3,0.0,240044.0,0.0,7.0,1917.1,2614.4,18.9,28.8,0.0,0.0,320.0
2026-10-08T03:03:57.040321+00:00,8.3,1969.0,7.7,0.5,8367.3,6674.5,45.9,17580.8,14928.7,1.4,54.3,0.0,12404.1,0.0,1.0,976.1,1250.7,10.1,14.1,0.0,0.0,322.0
2026-10-08T03:03:58.048100+00:00,13.4,1969.0,8.4,4.0,38827.8,25404.7,45.9,17583.1,14926.4,1.4,54.3,0.0,32466.0,0.0,6.9,83.2,364.6,1.0,5.9,0.0,0.0,320.0
2026-10-08T03:03:59.039628+00:00,6.8,1969.0,5.4,1.1,7960.5,6149.7,45.9,17591.2,14918.3,1.4,54.3,0.0,0.0,0.0,0.0,1378.5,1616.3,11.1,15.1,0.0,0.0,320.0
2026-10-08T03:04:00.047837+00:00,8.5,1969.0,6.4,1.8,8854.2,6951.2,45.9,17588.1,14921.4,1.4,54.3,0.0,12211.0,0.0,2.0,17401.3,4998.5,33.8,36.8,0.0,0.0,322.0
2026-10-08T03:04:01.038865+00:00,13.9,1969.0,8.7,5.0,39737.2,26456.2,45.9,17591.4,14918.1,1.4,54.3,0.0,338240.2,0.0,7.0,84.6,459.2,1.0,7.0,0.0,0.0,320.0
2026-10-08T03:04:02.047672+00:00,7.7,1969.0,5.8,1.6,7715.7,6007.6,45.9,17590.5,14919.0,1.4,54.3,0.0,138379.7,0.0,4.0,517.7,1563.0,5.0,17.9,0.0,0.0,320.0
2026-10-08T03:04:03.040894+00:00,9.2,1969.0,6.4,2.6,10688.4,7142.1,45.9,17589.2,14920.3,1.4,54.3,0.0,288703.9,0.0,8.1,84.6,314.2,1.0,5.0,0.0,0.0,322.0
2026-10-08T03:04:04.047804+00:00,15.1,1969.0,8.6,5.5,39904.2,26493.8,45.9,17583.2,14926.3,1.4,54.3,0.0,48703.1,0.0,10.9,873.0,1355.5,6.9,12.9,0.0,0.0,320.0
2026-10-08T03:04:05.038656+00:00,7.8,1969.0,6.4,1.3,8570.1,6464.1,45.9,17599.7,14909.8,1.4,54.3,0.0,12393.6,0.0,3.0,1880.0,755.4,6.1,10.1,0.0,0.0,320.0
2026-10-08T03:04:06.048637+00:00,7.8,1969.0,6.1,1.6,8267.0,6342.5,45.9,17600.7,14908.8,1.4,54.3,65110.5,4069.4,1.0,1.0,667.6,860.4,7.0,9.9,0.0,0.0,322.0
2026-10-08T03:04:07.038355+00:00,11.9,1969.0,8.2,3.4,38873.7,25794.4,45.9,17599.7,14909.8,1.4,54.3,0.0,8243.3,0.0,2.0,1391.7,2041.7,14.1,24.2,0.0,0.0,320.0
2026-10-08T03:04:08.045927+00:00,10.4,1969.0,8.6,1.6,8950.4,6882.5,45.9,17596.8,14912.7,1.4,54.3,16281.1,175021.8,1.0,12.9,667.8,916.2,7.0,10.9,0.0,0.0,320.0
2026-10-08T03:04:09.039719+00:00,7.4,1969.0,6.1,1.2,8252.7,6460.7,45.9,17599.9,14909.7,1.4,54.3,0.0,33063.4,0.0,7.1,127.1,362.2,2.0,5.0,0.0,0.0,322.0
2026-10-08T03:04:10.046280+00:00,11.5,1969.0,7.2,3.6,38714.4,25662.0,45.8,17604.5,14905.0,1.4,54.3,0.0,81145.2,0.0,7.9,3042.0,2197.0,17.8,24.8,0.0,0.0,320.0
2026-10-08T03:04:11.037725+00:00,7.3,1969.0,5.9,1.3,8008.6,6359.7,45.9,17600.4,14909.1,1.4,54.3,0.0,305878.1,0.0,18.2,971.8,1088.9,10.1,12.1,0.0,0.0,320.0
2026-10-08T03:04:12.046616+00:00,6.9,1969.0,6.0,0.9,8683.6,6641.3,45.9,17588.4,14921.1,1.4,54.3,0.0,0.0,0.0,0.0,3474.0,1492.3,12.9,15.9,0.0,0.0,322.0
2026-10-08T03:04:13.038605+00:00,13.0,1969.0,7.3,5.5,39583.8,26661.5,45.9,17599.5,14910.0,1.4,54.3,0.0,160917.9,0.0,4.0,3225.5,1297.5,8.1,15.1,0.0,0.0,322.0
2026-10-08T03:04:14.046258+00:00,9.7,1969.0,7.0,2.5,10309.9,7681.8,45.9,17603.2,14906.3,1.4,54.3,8124.1,0.0,2.0,0.0,20944.1,21201.9,55.5,63.5,0.0,0.0,320.0
2026-10-08T03:04:15.038793+00:00,16.3,1969.0,10.1,5.4,14244.3,10773.0,45.9,17589.0,14920.5,1.4,54.3,43878.4,371675.8,2.0,34.3,19809.8,125043.4,87.7,142.2,0.0,0.0,322.0
2026-10-08T03:04:16.045732+00:00,11.9,1969.0,8.9,2.7,40800.9,27295.8,45.9,17587.6,14921.9,1.4,54.3,16247.0,718928.2,1.0,47.6,373.8,544.4,4.0,6.9,0.0,0.0,321.0
2026-10-08T03:04:17.036279+00:00,9.2,1969.0,6.8,2.2,9915.2,7534.3,45.9,17578.4,14931.1,1.4,54.3,31005.3,214970.2,4.0,22.2,84.8,201.9,1.0,3.0,0.0,0.0,321.0
2026-10-08T03:04:18.045403+00:00,6.8,1969.0,5.3,1.5,9410.7,7238.7,45.9,17587.5,14922.0,1.4,54.3,0.0,0.0,0.0,0.0,148966.3,43117.3,184.6,156.8,0.0,0.0,323.0
2026-10-08T03:04:19.038222+00:00,10.7,1969.0,7.5,2.8,40032.8,26600.5,45.9,17583.9,14925.6,1.4,54.3,0.0,132097.4,0.0,16.1,8649.1,43463.4,45.4,68.5,0.0,0.0,321.0
2026-10-08T03:04:20.044567+00:00,6.9,1969.0,5.6,1.2,9851.1,7608.4,45.9,17585.4,14924.1,1.4,54.3,0.0,166501.3,0.0,19.8,16525.6,3754.6,27.8,29.7,0.0,0.0,321.0
2026-10-08T03:04:21.040132+00:00,7.0,1969.0,5.2,1.3,8304.0,6458.1,45.9,17583.8,14925.7,1.4,54.3,0.0,128149.3,0.0,3.0,380.5,533.9,4.0,6.1,0.0,0.0,323.0
2026-10-08T03:04:22.047874+00:00,11.9,1969.0,7.9,3.6,39020.1,25975.6,45.9,17583.5,14926.0,1.4,54.3,0.0,254913.1,0.0,13.8,1674.4,1898.7,16.8,18.8,0.0,0.0,321.0
2026-10-08T03:04:23.037619+00:00,6.5,1969.0,5.4,0.9,8710.8,6807.7,45.9,17585.9,14923.6,1.4,54.3,16541.2,219170.7,1.0,14.1,974.3,1081.3,10.1,12.1,0.0,0.0,321.0
2026-10-08T03:04:24.045839+00:00,6.3,1969.0,5.1,0.8,8402.9,6597.7,45.9,17586.3,14923.2,1.4,54.3,0.0,24430.4,0.0,5.0,1038.8,1722.7,9.9,18.9,0.0,0.0,323.0
2026-10-08T03:04:25.037488+00:00,10.3,1969.0,7.5,2.6,38733.1,26262.7,45.9,17584.1,14925.4,1.4,54.3,16496.9,156720.6,1.0,8.1,1784.2,979.7,5.0,14.1,0.0,0.0,321.0
2026-10-08T03:04:26.046601+00:00,8.9,1969.0,7.1,1.6,9467.2,7174.6,45.9,17583.6,14926.0,1.4,54.3,0.0,288748.6,0.0,24.8,958.1,1150.8,9.9,12.9,0.0,0.0,321.0
2026-10-08T03:04:27.039097+00:00,7.5,1969.0,6.1,1.2,8296.6,6728.8,45.9,17585.7,14923.8,1.4,54.3,0.0,136195.6,0.0,13.1,3289.8,2613.7,15.1,18.1,0.0,0.0,323.0
2026-10-08T03:04:28.046388+00:00,11.0,1969.0,7.1,3.2,38541.6,25736.4,45.9,17583.2,14926.3,1.4,54.3,0.0,219151.9,0.0,5.9,1517.9,1899.4,14.9,17.8,0.0,0.0,321.0
2026-10-08T03:04:29.037789+00:00,7.7,1969.0,6.4,1.1,8486.3,6582.0,45.9,17583.4,14926.1,1.4,54.3,0.0,0.0,0.0,0.0,342.1,594.4,4.0,8.1,0.0,0.0,321.0
2026-10-08T03:04:30.047881+00:00,7.6,1969.0,6.1,1.5,8739.8,6679.7,45.9,17580.8,14928.7,1.4,54.3,0.0,191130.1,0.0,21.8,1468.4,508.3,2.0,7.9,0.0,0.0,323.0
2026-10-08T03:04:31.038207+00:00,13.9,1969.0,8.7,4.8,38364.2,26140.3,45.9,17578.0,14931.5,1.4,54.3,0.0,692480.9,0.0,62.4,84.5,201.3,1.0,3.0,0.0,0.0,321.0
2026-10-08T03:04:32.046804+00:00,8.9,1969.0,7.6,1.2,8842.9,6896.0,45.9,17586.4,14923.2,1.4,54.3,0.0,28465.6,0.0,3.0,706.9,835.9,7.9,9.9,0.0,0.0,321.0
2026-10-08T03:04:33.039210+00:00,6.4,1969.0,5.9,0.5,8441.5,6513.5,45.9,17586.7,14922.8,1.4,54.3,0.0,132096.8,0.0,1.0,722.6,998.7,8.1,12.1,0.0,0.0,323.0
2026-10-08T03:04:34.048018+00:00,11.8,1969.0,7.9,3.5,38846.8,25876.7,45.9,17583.1,14926.4,1.4,54.3,0.0,16242.6,0.0,3.0,6901.9,3327.0,19.8,20.8,0.0,0.0,321.0
2026-10-08T03:04:35.039491+00:00,7.2,1969.0,5.8,1.0,9386.9,7496.8,45.9,17597.2,14912.3,1.4,54.3,0.0,24760.3,0.0,4.0,1490.1,266.0,2.0,3.0,0.0,0.0,321.0
2026-10-08T03:04:36.050035+00:00,7.7,1969.0,6.0,1.5,9698.8,7452.5,46.0,17569.5,14940.0,1.4,54.3,0.0,97577.5,0.0,6.0,665.0,1001.5,6.9,11.9,0.0,0.0,324.0
2026-10-08T03:04:37.040367+00:00,10.2,1969.0,7.1,2.8,38597.8,25538.3,46.0,17569.6,14939.9,1.4,54.3,0.0,259647.4,0.0,12.1,2424.9,3647.5,22.1,25.2,0.0,0.0,322.0
2026-10-08T03:04:38.048971+00:00,11.2,1969.0,6.8,3.6,10507.1,8126.2,46.0,17557.8,14951.7,1.4,54.3,386183.1,292686.2,91.3,34.7,71689.8,29948.2,95.3,93.3,0.0,0.0,322.0
2026-10-08T03:04:39.041156+00:00,9.7,1969.0,7.0,2.3,8443.3,6657.6,46.0,17570.2,14939.3,1.4,54.3,181715.2,0.0,44.4,0.0,1914.7,3070.2,18.1,20.2,0.0,0.0,324.0
2026-10-08T03:04:40.049519+00:00,12.9,1969.0,8.4,3.8,38421.7,25979.8,46.0,17567.4,14942.1,1.4,54.3,0.0,16248.1,0.0,3.0,23530.3,12002.6,41.7,47.6,0.0,0.0,322.0
2026-10-08T03:04:41.039638+00:00,13.6,1969.0,8.9,4.0,9388.1,7365.9,46.0,17566.8,14942.8,1.4,54.3,0.0,454193.3,0.0,37.3,5477.8,4776.2,32.3,38.3,0.0,0.0,322.0
2026-10-08T03:04:42.055155+00:00,9.9,1969.0,7.0,2.6,9133.7,6891.8,46.0,17558.9,14950.6,1.4,54.3,0.0,264351.2,0.0,15.9,1188.5,1437.7,11.9,14.9,0.0,0.0,324.0
2026-10-08T03:04:43.046618+00:00,15.5,1969.0,9.0,5.6,38642.8,25270.6,45.9,17573.1,14936.4,1.4,54.3,0.0,90160.6,0.0,20.0,5631.0,1164.6,11.0,13.0,0.0,0.0,322.0
2026-10-08T03:04:44.036456+00:00,8.7,1969.0,6.0,2.3,9138.3,6914.9,45.9,17574.5,14935.0,1.4,54.3,0.0,78583.7,0.0,8.1,934.0,4387.4,10.1,13.1,0.0,0.0,322.0
2026-10-08T03:04:45.045164+00:00,7.3,1969.0,5.7,1.4,8429.7,6412.2,45.9,17574.6,14934.9,1.4,54.3,0.0,40707.3,0.0,8.9,1469.9,230.6,2.0,3.0,0.0,0.0,324.0
2026-10-08T03:04:46.035190+00:00,11.6,1969.0,7.4,3.6,38841.8,25893.2,45.9,17573.1,14936.4,1.4,54.3,0.0,74253.3,0.0,13.1,84.6,314.2,1.0,5.0,0.0,0.0,322.0
2026-10-08T03:04:47.043898+00:00,11.9,1969.0,7.5,3.5,14973.8,10608.3,46.0,17550.4,14959.1,1.4,54.3,97689.5,150604.7,2.0,6.0,83.5,468.1,1.0,7.0,0.0,0.0,322.0
2026-10-08T03:04:48.039703+00:00,8.8,1969.0,6.6,1.5,14428.8,10322.4,46.0,17550.7,14958.8,1.4,54.3,0.0,131985.2,0.0,1.0,594.1,1141.9,7.0,16.1,0.0,0.0,324.0
2026-10-08T03:04:49.048077+00:00,16.0,1969.0,10.8,4.3,40240.4,27759.0,46.1,17512.7,14996.8,1.4,54.3,0.0,64846.9,0.0,13.9,1501.0,1585.2,12.9,13.9,0.0,0.0,322.0
2026-10-08T03:04:50.039220+00:00,14.0,1969.0,8.5,4.7,16223.3,11496.7,46.2,17498.3,15011.2,1.4,54.3,0.0,132067.9,0.0,23.2,102188.6,8560.6,100.8,76.6,0.0,0.0,322.0
2026-10-08T03:04:51.054165+00:00,8.4,1969.0,6.6,1.7,11108.3,8541.6,46.2,17489.3,15020.2,1.4,54.3,0.0,32522.9,0.0,4.0,1079.9,18785.4,10.9,21.8,0.0,0.0,324.0
2026-10-08T03:04:52.047242+00:00,16.6,1969.0,10.1,5.1,45589.1,30743.1,46.2,17498.9,15010.7,1.4,54.3,16399.5,192694.2,1.0,9.0,1643.6,1839.7,16.0,20.0,0.0,0.0,322.0
2026-10-08T03:04:53.038171+00:00,9.4,1969.0,6.9,2.0,13354.6,10144.0,46.2,17502.8,15006.7,1.4,54.3,0.0,4123.7,0.0,1.0,5689.2,5204.9,30.2,40.3,0.0,0.0,322.0
2026-10-08T03:04:54.052270+00:00,7.8,1969.0,6.5,1.2,11330.8,8489.4,46.2,17501.3,15008.2,1.4,54.3,0.0,203325.5,0.0,2.0,125.1,254.2,2.0,4.0,0.0,0.0,324.0
2026-10-08T03:04:55.046767+00:00,15.8,1969.0,9.9,5.3,41953.0,28140.3,46.2,17491.6,15017.9,1.4,54.3,0.0,16415.7,0.0,1.0,52848.0,7236.0,70.1,63.1,0.0,0.0,323.0
2026-10-08T03:04:56.037785+00:00,9.6,1969.0,6.3,2.8,9983.8,7237.7,46.2,17492.8,15016.7,1.4,54.3,0.0,268006.5,0.0,9.1,1524.0,1612.6,15.1,16.1,0.0,0.0,323.0
2026-10-08T03:04:57.045170+00:00,6.8,1969.0,5.7,0.8,9241.1,6758.6,46.2,17492.6,15016.9,1.4,54.3,0.0,191087.6,0.0,1.0,2224.4,2344.5,20.8,23.8,0.0,0.0,325.0
2026-10-08T03:04:58.036547+00:00,14.2,1969.0,8.4,4.9,41262.5,26251.5,46.2,17489.3,15020.2,1.4,54.3,0.0,41292.7,0.0,7.1,339.7,456.7,4.0,6.0,0.0,0.0,323.0
2026-10-08T03:04:59.050609+00:00,6.9,1969.0,5.6,1.0,8150.5,6361.9,46.2,17491.0,15018.5,1.4,54.3,69152.8,0.0,8.9,0.0,336.7,696.2,4.0,9.9,0.0,0.0,325.0
2026-10-08T03:05:00.044953+00:00,8.5,1969.0,6.4,1.9,9856.9,7448.8,46.2,17488.4,15021.1,1.4,54.3,0.0,45170.0,0.0,9.0,16654.0,4201.6,23.1,28.1,0.0,0.0,325.0
2026-10-08T03:05:01.036015+00:00,11.9,1969.0,7.0,4.5,39660.0,27205.4,46.2,17497.5,15012.0,1.4,54.3,0.0,350004.3,0.0,6.0,2279.0,1894.0,13.1,15.1,0.0,0.0,323.0
2026-10-08T03:05:02.044613+00:00,12.0,1969.0,7.9,3.7,13448.7,9125.7,46.2,17497.1,15012.4,1.4,54.3,259207.0,105715.8,27.8,13.9,3245.1,11757.2,27.8,38.7,0.0,0.0,324.0
2026-10-08T03:05:03.039586+00:00,9.1,1969.0,6.2,2.5,9208.8,6993.3,46.1,17507.3,15002.2,1.4,54.3,0.0,12380.6,0.0,2.0,723.4,1199.0,8.1,15.1,0.0,0.0,326.0
2026-10-08T03:05:04.051925+00:00,12.2,1969.0,8.3,3.8,38959.1,25963.5,46.2,17502.5,15007.0,1.4,54.3,0.0,16200.3,0.0,3.0,871.1,1543.5,6.9,16.8,0.0,0.0,324.0
2026-10-08T03:05:05.043679+00:00,6.7,1969.0,5.9,0.7,8530.2,6388.1,46.1,17510.9,14998.6,1.4,54.3,0.0,16446.1,0.0,3.0,1778.7,808.0,5.0,11.0,0.0,0.0,324.0
2026-10-08T03:05:06.054875+00:00,10.0,1969.0,7.5,2.2,9622.1,7194.5,46.0,17557.6,14951.9,1.4,54.3,0.0,44717.1,0.0,7.9,376.1,791.0,4.0,10.9,0.0,0.0,326.0
2026-10-08T03:05:07.047136+00:00,13.5,1969.0,9.1,3.9,38552.3,25992.5,46.0,17550.3,14959.2,1.4,54.3,0.0,16459.7,0.0,3.0,927.3,1156.3,10.0,14.1,0.0,0.0,324.0
2026-10-08T03:05:08.038857+00:00,11.3,1969.0,8.3,2.5,9298.6,7062.0,46.0,17541.2,14968.4,1.4,54.3,0.0,156958.6,0.0,18.2,677.7,1150.6,7.1,14.1,0.0,0.0,324.0
2026-10-08T03:05:09.048188+00:00,8.5,1969.0,7.1,1.3,9118.5,6896.9,46.0,17551.6,14957.9,1.4,54.3,0.0,16263.6,0.0,3.0,870.6,2203.7,7.9,21.8,0.0,0.0,326.0
2026-10-08T03:05:10.038816+00:00,11.0,1969.0,7.4,3.2,38802.4,26254.5,46.0,17549.4,14960.1,1.4,54.3,0.0,197772.0,0.0,10.1,1782.5,772.5,5.0,10.1,0.0,0.0,324.0
2026-10-08T03:05:11.046949+00:00,7.2,1969.0,5.9,0.9,7984.5,6221.9,46.0,17564.0,14945.5,1.4,54.3,0.0,77325.6,0.0,10.9,665.7,970.7,7.0,11.9,0.0,0.0,324.0
2026-10-08T03:05:12.040971+00:00,8.0,1969.0,6.3,1.2,9363.0,6996.5,46.0,17556.0,14953.5,1.4,54.3,0.0,144485.9,0.0,2.0,709.5,1513.8,7.1,19.1,0.0,0.0,326.0
2026-10-08T03:05:13.048786+00:00,11.7,1969.0,7.6,3.8,38664.9,25348.4,46.0,17563.0,14946.6,1.4,54.3,0.0,44595.7,0.0,4.0,5483.4,2565.5,9.9,46.5,0.0,0.0,324.0
2026-10-08T03:05:14.041873+00:00,7.3,1969.0,5.9,1.0,8083.0,6139.2,46.0,17563.1,14946.4,1.4,54.3,0.0,0.0,0.0,0.0,342.0,4491.9,4.0,101.9,0.0,0.0,324.0
2026-10-08T03:05:15.050925+00:00,8.1,1969.0,6.4,1.4,10532.4,8256.4,46.0,17561.8,14947.8,1.4,54.3,64964.9,0.0,1.0,0.0,1756.6,8389.3,5.0,191.3,0.0,0.0,326.0
2026-10-08T03:05:16.042462+00:00,10.2,1969.0,6.4,3.2,39566.7,26560.4,46.0,17558.6,14950.9,1.4,54.3,0.0,268101.7,0.0,8.1,3231.4,10750.7,29.2,122.9,0.0,0.0,324.0
2026-10-08T03:05:17.048140+00:00,7.5,1969.0,5.6,1.7,8843.3,6662.2,45.9,17577.4,14932.1,1.4,54.3,0.0,166715.4,0.0,19.9,376.2,2576.1,5.0,54.6,0.0,0.0,323.0
2026-10-08T03:05:18.042870+00:00,7.1,1969.0,5.8,0.9,9405.7,7051.5,45.9,17579.0,14930.5,1.4,54.3,0.0,0.0,0.0,0.0,636.0,1361.8,7.1,17.2,0.0,0.0,324.0
2026-10-08T03:05:19.049953+00:00,19.4,1969.0,13.0,5.6,39498.5,25998.6,45.9,17582.7,14926.8,1.4,54.3,8106.1,28371.4,2.0,4.9,621.4,1270.5,4.0,12.9,0.0,0.0,322.0
2026-10-08T03:05:20.041197+00:00,6.8,1969.0,5.5,1.2,9124.8,7044.9,45.9,17582.5,14927.0,1.4,54.3,0.0,49602.2,0.0,8.1,18723.9,9014.8,37.3,105.0,0.0,0.0,322.0
2026-10-08T03:05:21.050427+00:00,6.8,1969.0,5.7,1.0,9574.7,7207.3,45.9,17574.5,14935.0,1.4,54.3,0.0,0.0,0.0,0.0,18379.1,24313.9,33.7,242.2,0.0,0.0,324.0
2026-10-08T03:05:22.041450+00:00,13.1,1969.0,8.6,3.9,39813.5,26726.6,45.9,17585.6,14923.9,1.4,54.3,0.0,482547.0,0.0,17.1,4788.9,21189.6,30.2,229.6,0.0,0.0,322.0
2026-10-08T03:05:23.048537+00:00,6.3,1969.0,5.3,1.0,8180.3,6249.2,45.9,17588.8,14920.7,1.4,54.3,0.0,142338.7,0.0,10.9,376.3,4944.5,4.0,83.4,0.0,0.0,322.0
2026-10-08T03:05:24.046316+00:00,7.5,1969.0,6.0,1.3,9388.8,7081.5,45.9,17588.0,14921.5,1.4,54.3,0.0,20662.3,0.0,5.0,1054.3,2184.3,10.1,28.2,0.0,0.0,324.0
2026-10-08T03:05:25.037016+00:00,10.9,1969.0,7.4,3.0,39082.0,25766.3,45.9,17584.8,14924.7,1.4,54.3,0.0,0.0,0.0,0.0,1482.4,4425.2,2.0,76.2,0.0,0.0,322.0
2026-10-08T03:05:26.044483+00:00,13.8,1969.0,7.8,4.8,8655.0,6481.3,45.9,17585.8,14923.7,1.4,54.3,0.0,65107.0,0.0,13.9,1506.1,10135.2,14.9,165.9,0.0,0.0,322.0
2026-10-08T03:05:27.037168+00:00,8.8,1969.0,6.5,1.7,8812.5,6792.4,45.9,17587.1,14922.4,1.4,54.3,0.0,0.0,0.0,0.0,382.2,13398.3,4.0,236.0,0.0,0.0,324.0
2026-10-08T03:05:28.045616+00:00,10.7,1969.0,7.4,2.8,38492.6,26006.6,45.9,17582.2,14927.3,1.4,54.3,0.0,8119.1,0.0,2.0,334.0,13269.9,4.0,234.9,0.0,0.0,322.0
2026-10-08T03:05:29.049828+00:00,7.8,1969.0,6.1,1.3,7940.5,6158.5,45.9,17585.2,14924.3,1.4,54.3,0.0,0.0,0.0,0.0,341.7,14930.5,4.0,264.1,0.0,0.0,322.0
2026-10-08T03:05:30.043220+00:00,11.7,1969.0,9.0,2.3,9769.1,7364.6,45.9,17589.5,14920.0,1.4,54.3,0.0,40780.7,0.0,4.0,1472.5,9151.8,2.0,162.3,0.0,0.0,324.0
2026-10-08T03:05:31.050566+00:00,10.9,1969.0,7.5,3.1,38518.5,25803.2,45.9,17596.1,14913.4,1.4,54.3,16232.5,194790.1,1.0,6.9,1496.0,11005.3,14.9,182.3,0.0,0.0,322.0
2026-10-08T03:05:32.041730+00:00,7.0,1969.0,6.1,0.8,7999.6,6099.6,45.9,17594.7,14914.8,1.4,54.3,0.0,45463.0,0.0,7.1,380.4,7716.1,4.0,135.2,0.0,0.0,322.0
2026-10-08T03:05:33.050506+00:00,7.9,1969.0,5.6,1.8,9022.8,6752.7,45.9,17594.5,14915.0,1.4,54.3,0.0,0.0,0.0,0.0,83.4,2812.3,1.0,49.7,0.0,0.0,324.0
2026-10-08T03:05:34.041890+00:00,12.5,1969.0,7.7,3.7,39183.6,26082.5,45.9,17590.7,14918.8,1.4,54.3,0.0,16497.5,0.0,3.0,887.1,5646.9,7.0,87.6,0.0,0.0,322.0
2026-10-08T03:05:35.052695+00:00,6.2,1969.0,5.3,0.8,8853.5,6803.1,45.9,17595.5,14914.0,1.4,54.3,0.0,12195.0,0.0,3.0,2009.7,4162.3,7.9,69.5,0.0,0.0,322.0
2026-10-08T03:05:36.046352+00:00,10.7,1969.0,7.1,3.4,9270.8,6907.9,45.9,17597.0,14912.5,1.4,54.3,0.0,0.0,0.0,0.0,505.0,2392.2,5.0,38.2,0.0,0.0,324.0
2026-10-08T03:05:37.037570+00:00,11.8,1969.0,7.5,3.8,38502.0,25791.1,45.9,17595.7,14913.8,1.4,54.3,0.0,296661.3,0.0,6.0,379.2,495.9,4.0,6.0,0.0,0.0,322.0
2026-10-08T03:05:38.044536+00:00,10.3,1969.0,7.5,2.4,8963.4,6782.7,45.9,17588.4,14921.1,1.4,54.3,0.0,109825.4,0.0,8.9,63787.7,8238.5,57.6,47.7,0.0,0.0,322.0
2026-10-08T03:05:39.039567+00:00,7.4,1969.0,6.0,1.4,8787.3,6770.2,45.9,17598.8,14910.8,1.4,54.3,0.0,0.0,0.0,0.0,127.1,427.6,2.0,7.1,0.0,0.0,324.0
2026-10-08T03:05:40.046849+00:00,12.6,1969.0,8.2,3.9,38516.5,26400.5,45.9,17589.6,14919.9,1.4,54.3,0.0,0.0,0.0,0.0,28723.4,13810.7,46.5,58.4,0.0,0.0,322.0
2026-10-08T03:05:41.037685+00:00,9.5,1969.0,7.0,2.3,8210.2,6317.8,45.9,17593.3,14916.2,1.4,54.3,0.0,8263.7,0.0,1.0,4608.0,4551.5,23.2,30.3,0.0,0.0,322.0
2026-10-08T03:05:42.049313+00:00,9.4,1969.0,6.3,2.9,10142.2,7696.6,45.9,17585.8,14923.7,1.4,54.3,0.0,1440917.3,0.0,225.6,7461.1,3557.6,25.8,39.7,0.0,0.0,324.0
2026-10-08T03:05:43.040082+00:00,12.3,1969.0,8.2,3.9,39724.5,26296.8,45.9,17594.8,14914.8,1.4,54.3,0.0,197485.2,0.0,6.0,515.3,1573.0,6.0,20.1,0.0,0.0,322.0
2026-10-08T03:05:44.046715+00:00,9.7,1969.0,6.8,2.4,8010.9,6065.8,45.9,17593.9,14915.6,1.4,54.3,0.0,0.0,0.0,0.0,630.5,812.2,7.0,10.9,0.0,0.0,322.0
2026-10-08T03:05:45.042310+00:00,7.8,1969.0,6.3,1.4,8308.6,6370.5,45.9,17593.5,14916.0,1.4,54.3,0.0,4134.6,0.0,1.0,2592.2,4840.2,13.1,18.2,0.0,0.0,325.0
2026-10-08T03:05:46.049478+00:00,12.3,1969.0,7.3,4.3,39345.0,26353.2,45.9,17591.1,14918.5,1.4,54.3,0.0,32388.5,0.0,4.0,622.7,958.8,6.9,12.8,0.0,0.0,322.0
2026-10-08T03:05:47.041511+00:00,8.5,1969.0,6.8,1.4,7975.9,6238.4,45.9,17594.4,14915.1,1.4,54.3,0.0,169550.4,0.0,12.1,84.8,201.9,1.0,3.0,0.0,0.0,322.0
2026-10-08T03:05:48.054099+00:00,8.3,1969.0,5.9,1.9,8449.3,6496.1,45.9,17592.3,14917.2,1.4,54.3,0.0,0.0,0.0,0.0,334.1,717.8,4.0,9.9,0.0,0.0,324.0
2026-10-08T03:05:49.044885+00:00,11.7,1969.0,7.4,3.6,39672.7,26145.0,45.9,17584.8,14924.7,1.4,54.3,0.0,12337.1,0.0,2.0,1142.5,1493.9,9.0,12.0,0.0,0.0,322.0
2026-10-08T03:05:50.036131+00:00,6.7,1969.0,5.5,0.8,8745.6,6588.2,45.9,17589.1,14920.4,1.4,54.3,0.0,66130.5,0.0,11.1,3569.1,1096.9,10.1,13.1,0.0,0.0,322.0
2026-10-08T03:05:51.048858+00:00,8.7,1969.0,5.8,2.3,8432.5,6466.6,45.9,17583.0,14926.5,1.4,54.3,0.0,305013.2,0.0,23.8,1509.2,18768.4,15.9,24.8,0.0,0.0,324.0
2026-10-08T03:05:52.039700+00:00,15.8,1969.0,10.0,5.0,39529.0,26043.6,45.9,17581.9,14927.6,1.4,54.3,0.0,16443.1,0.0,3.0,672.4,1126.0,7.0,15.1,0.0,0.0,322.0
2026-10-08T03:05:53.047302+00:00,6.2,1969.0,5.1,0.9,7808.6,6151.0,45.9,17587.3,14922.2,1.4,54.3,0.0,4065.6,0.0,1.0,376.2,926.1,4.0,13.9,0.0,0.0,322.0
2026-10-08T03:05:54.040972+00:00,6.6,1969.0,5.8,0.8,8405.2,6406.9,45.9,17586.9,14922.6,1.4,54.3,0.0,0.0,0.0,0.0,928.5,1582.5,9.1,19.2,0.0,0.0,324.0
2026-10-08T03:05:55.048362+00:00,16.0,1969.0,8.4,6.7,40975.8,28560.9,46.0,17555.1,14954.4,1.4,54.3,1272904.8,40538.4,84.1,3.0,2043.7,1142.1,7.9,14.8,0.0,0.0,323.0
2026-10-08T03:05:56.038503+00:00,7.0,1969.0,5.9,1.1,8737.0,6517.2,46.0,17560.2,14949.3,1.4,54.3,0.0,45461.9,0.0,5.0,678.1,930.3,7.1,11.1,0.0,0.0,323.0
2026-10-08T03:05:57.047529+00:00,5.7,1969.0,5.2,0.5,8341.0,6379.0,46.0,17565.1,14944.4,1.4,54.3,0.0,349949.8,0.0,4.0,916.0,1525.9,8.9,17.9,0.0,0.0,325.0
2026-10-08T03:05:58.039171+00:00,12.0,1969.0,7.4,4.0,39821.3,26563.3,46.0,17562.3,14947.2,1.4,54.3,0.0,350566.4,0.0,51.4,177.2,402.8,2.0,6.0,0.0,0.0,323.0
2026-10-08T03:05:59.046125+00:00,7.5,1969.0,6.2,1.2,8535.2,6546.8,46.0,17565.7,14943.8,1.4,54.3,0.0,0.0,0.0,0.0,8819.0,15603.0,30.8,39.7,0.0,0.0,323.0
2026-10-08T03:06:00.043885+00:00,14.2,1969.0,8.9,4.7,8927.7,7035.5,46.0,17563.8,14945.7,1.4,54.3,0.0,8271.4,0.0,2.0,16707.3,7823.1,27.3,103.0,0.0,0.0,325.0
2026-10-08T03:06:01.035199+00:00,10.9,1969.0,7.4,3.2,40056.8,27422.4,46.0,17555.8,14953.7,1.4,54.3,0.0,373368.3,0.0,7.0,50050.8,15493.2,53.1,225.4,0.0,0.0,323.0
2026-10-08T03:06:02.043695+00:00,9.7,1969.0,6.8,2.7,8894.4,6591.1,46.0,17564.8,14944.8,1.4,54.3,0.0,130126.7,0.0,7.9,4387.1,76105.1,43.7,144.0,0.0,0.0,322.0
2026-10-08T03:06:03.051381+00:00,8.4,1969.0,5.9,2.2,9564.2,7042.2,46.0,17566.0,14943.5,1.4,54.3,0.0,8127.6,0.0,2.0,83.3,823.5,1.0,14.9,0.0,0.0,324.0
2026-10-08T03:06:04.043369+00:00,12.7,1969.0,7.5,4.4,39923.0,27141.6,46.0,17562.2,14947.3,1.4,54.3,0.0,16516.4,0.0,4.0,1144.2,1832.7,10.1,20.2,0.0,0.0,322.0
2026-10-08T03:06:05.049638+00:00,6.9,1969.0,5.5,1.3,8448.1,6486.9,45.9,17571.8,14937.7,1.4,54.3,0.0,20326.3,0.0,4.0,1467.9,480.4,2.0,7.9,0.0,0.0,322.0
2026-10-08T03:06:06.041117+00:00,6.7,1969.0,5.5,0.9,8175.5,6260.8,45.9,17571.6,14937.9,1.4,54.3,0.0,33073.4,0.0,4.0,84.8,654.0,1.0,11.1,0.0,0.0,324.0
2026-10-08T03:06:07.047799+00:00,12.1,1969.0,7.9,3.6,38701.3,26248.1,46.0,17569.5,14940.0,1.4,54.3,0.0,8130.7,0.0,2.0,1385.6,1782.6,12.9,19.9,0.0,0.0,322.0
2026-10-08T03:06:08.041947+00:00,16.3,1969.0,11.0,4.7,13135.1,9877.1,46.2,17484.7,15024.8,1.4,54.3,0.0,235790.4,0.0,28.3,31957.2,28996.1,110.1,120.2,0.0,0.0,324.0
2026-10-08T03:06:09.051631+00:00,7.1,1969.0,6.1,0.9,9013.7,6782.3,46.2,17498.5,15011.0,1.4,54.3,0.0,40549.2,0.0,4.0,1416.6,3152.1,12.9,18.8,0.0,0.0,326.0
2026-10-08T03:06:10.044212+00:00,10.2,1969.0,7.2,2.6,39925.2,27361.5,46.2,17496.1,15013.4,1.4,54.3,0.0,78239.9,0.0,8.0,1486.9,345.8,2.0,5.0,0.0,0.0,324.0
2026-10-08T03:06:11.034966+00:00,7.6,1969.0,5.6,1.6,7874.2,6059.1,46.2,17499.7,15009.8,1.4,54.3,0.0,78433.7,0.0,11.1,638.0,1014.9,6.0,11.1,0.0,0.0,324.0
2026-10-08T03:06:12.043120+00:00,7.0,1969.0,6.0,0.9,8477.8,6352.9,46.2,17499.8,15009.7,1.4,54.3,0.0,301250.0,0.0,6.0,990.9,1330.8,9.9,14.9,0.0,0.0,326.0
2026-10-08T03:06:13.049999+00:00,14.3,1969.0,9.1,4.2,40093.0,27041.2,46.2,17504.0,15005.6,1.4,54.3,0.0,16239.4,0.0,3.0,5618.0,1125.0,10.9,12.9,0.0,0.0,324.0
2026-10-08T03:06:14.043980+00:00,6.1,1969.0,5.8,0.2,8087.2,6180.3,46.2,17504.1,15005.4,1.4,54.3,0.0,0.0,0.0,0.0,676.7,4086.5,7.1,9.1,0.0,0.0,324.0
2026-10-08T03:06:15.036500+00:00,9.7,1969.0,6.7,2.7,10155.7,8544.9,46.2,17503.8,15005.7,1.4,54.3,0.0,329683.7,0.0,72.4,1908.6,903.5,6.0,11.1,0.0,0.0,326.0
2026-10-08T03:06:16.043847+00:00,11.0,1969.0,7.5,2.9,39890.3,27294.7,46.2,17498.8,15010.7,1.4,54.3,0.0,312503.5,0.0,18.8,1165.2,1624.0,11.9,17.8,0.0,0.0,324.0
2026-10-08T03:06:17.035035+00:00,8.3,1969.0,6.5,1.7,9042.9,6949.7,46.2,17500.1,15009.4,1.4,54.3,66113.1,285112.8,1.0,11.1,382.3,521.6,4.0,6.1,0.0,0.0,324.0
2026-10-08T03:06:18.045253+00:00,8.6,1969.0,6.1,2.0,8450.2,6446.7,46.2,17500.6,15009.0,1.4,54.3,0.0,130196.8,0.0,1.0,586.1,756.9,7.0,9.9,0.0,0.0,326.0
2026-10-08T03:06:19.038878+00:00,12.3,1969.0,8.7,3.4,39963.3,27435.8,46.2,17502.4,15007.1,1.4,54.3,0.0,61777.4,0.0,5.0,632.5,808.4,4.0,5.0,0.0,0.0,324.0
2026-10-08T03:06:20.047842+00:00,7.5,1969.0,5.8,1.5,10928.1,8112.0,46.2,17480.6,15029.0,1.4,54.3,0.0,20299.9,0.0,4.0,17587.0,6423.0,35.7,54.5,0.0,0.0,324.0
2026-10-08T03:06:21.044657+00:00,13.4,1969.0,8.3,3.9,16311.9,11282.2,46.3,17473.1,15036.4,1.4,54.3,0.0,375171.1,0.0,5.0,379.5,1454.4,4.0,23.2,0.0,0.0,326.0
2026-10-08T03:06:22.036485+00:00,17.0,1969.0,11.6,4.6,42437.6,28951.8,46.3,17446.4,15063.1,1.4,54.3,0.0,78071.5,0.0,10.0,1110.5,1898.0,11.0,24.1,0.0,0.0,324.0
2026-10-08T03:06:23.046116+00:00,14.3,1969.0,9.4,3.9,14414.2,10257.3,46.4,17417.1,15092.4,1.4,54.3,0.0,32493.5,0.0,4.0,1678.8,2321.4,15.9,25.8,0.0,0.0,324.0
2026-10-08T03:06:24.039963+00:00,10.2,1969.0,6.4,2.9,9979.8,7605.8,46.4,17417.7,15091.8,1.4,54.3,0.0,24764.1,0.0,3.0,1153.8,1796.6,11.1,22.2,0.0,0.0,326.0
2026-10-08T03:06:25.050164+00:00,17.9,1969.0,10.7,6.1,52267.5,34019.9,46.4,17420.2,15089.3,1.4,54.3,24312.9,52678.0,3.0,9.9,2690.9,1727.3,11.9,15.8,0.0,0.0,326.0
2026-10-08T03:06:26.042355+00:00,16.4,1969.0,9.4,6.2,11432.8,8456.9,46.5,17399.4,15110.1,1.4,54.3,0.0,123667.5,0.0,9.1,98809.2,8343.1,94.6,74.5,0.0,0.0,327.0
2026-10-08T03:06:27.052935+00:00,13.4,1969.0,9.1,3.8,13678.0,9978.9,46.5,17389.0,15120.5,1.4,54.3,0.0,93402.0,0.0,4.0,3701.1,4659.8,31.7,33.7,0.0,0.0,329.0
2026-10-08T03:06:28.045636+00:00,11.1,1969.0,7.4,3.7,39681.1,26631.0,46.5,17387.4,15122.2,1.4,54.3,26251.0,45295.8,5.0,7.0,6085.2,12775.6,31.2,39.2,0.0,0.0,329.0
2026-10-08T03:06:29.036907+00:00,7.3,1969.0,6.0,1.2,9250.2,7046.5,46.5,17403.1,15106.4,1.4,54.3,0.0,148648.3,0.0,6.0,892.2,1628.1,10.1,11.1,0.0,0.0,326.0
2026-10-08T03:06:30.047663+00:00,8.2,1969.0,6.5,1.5,9062.0,6888.3,46.5,17404.5,15105.0,1.4,54.3,0.0,56916.8,0.0,9.9,1468.0,508.2,2.0,7.9,0.0,0.0,328.0
2026-10-08T03:06:31.039366+00:00,11.2,1969.0,7.1,3.5,39647.3,26985.8,46.5,17405.1,15104.4,1.4,54.3,0.0,559997.7,0.0,96.5,379.0,700.7,4.0,9.0,0.0,0.0,326.0
2026-10-08T03:06:32.046370+00:00,7.5,1969.0,5.8,1.3,9348.3,7097.8,46.5,17407.8,15101.7,1.4,54.3,0.0,117817.2,0.0,3.0,49595.0,6448.1,55.5,56.5,0.0,0.0,326.0
2026-10-08T03:06:33.039635+00:00,7.3,1969.0,5.7,1.1,8101.9,6329.1,46.4,17416.2,15093.3,1.4,54.3,0.0,4135.3,0.0,1.0,84.8,315.0,1.0,5.0,0.0,0.0,328.0
2026-10-08T03:06:34.046409+00:00,14.7,1969.0,8.5,5.6,39487.7,26822.6,46.4,17427.2,15082.3,1.4,54.3,0.0,16235.4,0.0,3.0,874.0,1324.9,6.9,12.9,0.0,0.0,326.0
2026-10-08T03:06:35.038554+00:00,9.1,1969.0,6.0,2.6,10479.0,7730.4,46.4,17437.6,15071.9,1.4,54.3,0.0,16532.3,0.0,3.0,1788.0,1094.8,5.0,16.1,0.0,0.0,326.0
2026-10-08T03:06:36.046221+00:00,7.0,1969.0,5.5,1.2,8647.1,6485.3,46.3,17442.8,15066.7,1.4,54.3,0.0,264134.4,0.0,6.9,374.0,933.6,4.0,13.9,0.0,0.0,328.0
2026-10-08T03:06:37.037164+00:00,10.7,1969.0,7.7,2.9,39264.5,26880.7,46.3,17453.7,15055.8,1.4,54.3,0.0,8258.6,0.0,2.0,801.5,1087.8,8.1,13.1,0.0,0.0,326.0
2026-10-08T03:06:38.046107+00:00,9.7,1969.0,7.2,2.2,10376.3,7881.5,46.1,17531.1,14978.4,1.4,54.3,16265.4,333440.5,1.0,34.7,63938.7,8778.0,59.6,55.6,0.0,0.0,324.0
2026-10-08T03:06:39.040866+00:00,7.9,1969.0,6.5,1.2,8480.2,6560.4,46.0,17545.2,14964.3,1.4,54.3,0.0,20638.6,0.0,2.0,757.8,1116.6,7.1,12.1,0.0,0.0,326.0
2026-10-08T03:06:40.048033+00:00,14.1,1969.0,8.9,4.6,40276.0,26645.5,46.0,17540.2,14969.3,1.4,54.3,209713.3,48629.2,5.9,7.9,25697.7,10211.2,41.6,44.5,0.0,0.0,324.0
2026-10-08T03:06:41.038647+00:00,8.3,1969.0,6.8,1.2,9177.8,7054.9,46.0,17544.5,14965.0,1.4,54.3,0.0,4132.8,0.0,1.0,6963.1,7880.2,31.3,36.3,0.0,0.0,324.0
2026-10-08T03:06:42.047957+00:00,7.1,1969.0,5.4,1.5,9075.9,6935.1,46.1,17538.9,14970.6,1.4,54.3,0.0,492142.4,0.0,7.9,3757.5,1692.1,15.9,19.9,0.0,0.0,326.0
2026-10-08T03:06:43.039417+00:00,11.6,1969.0,8.3,3.0,39955.2,26818.3,46.0,17541.4,14968.1,1.4,54.3,0.0,8245.9,0.0,2.0,3654.9,1858.1,11.1,18.1,0.0,0.0,324.0
2026-10-08T03:06:44.046304+00:00,7.7,1969.0,6.5,1.1,8948.4,6812.8,46.0,17543.0,14966.5,1.4,54.3,0.0,0.0,0.0,0.0,664.9,4181.9,6.9,11.9,0.0,0.0,324.0
2026-10-08T03:06:45.041020+00:00,9.2,1969.0,6.7,1.9,8467.7,6426.8,46.0,17543.5,14966.0,1.4,54.3,0.0,4136.4,0.0,1.0,2226.8,1234.1,8.1,13.1,0.0,0.0,326.0
2026-10-08T03:06:46.047523+00:00,10.4,1969.0,7.1,2.9,39119.8,26669.5,46.0,17542.2,14967.3,1.4,54.3,0.0,76997.0,0.0,15.8,749.9,1311.9,7.9,17.8,0.0,0.0,324.0
2026-10-08T03:06:47.038286+00:00,8.2,1969.0,6.7,1.6,9286.7,7144.2,46.0,17541.3,14968.2,1.4,54.3,0.0,326563.2,0.0,77.7,424.9,1086.9,5.0,16.1,0.0,0.0,324.0
2026-10-08T03:06:48.047188+00:00,6.5,1969.0,5.6,0.8,8388.0,6331.5,46.0,17541.8,14967.7,1.4,54.3,0.0,0.0,0.0,0.0,422.2,1391.9,5.0,20.9,0.0,0.0,326.0
2026-10-08T03:06:49.038413+00:00,10.5,1969.0,7.4,2.8,39114.7,26795.0,46.0,17541.6,14967.9,1.4,54.3,0.0,8252.1,0.0,2.0,1401.2,2811.5,11.1,34.2,0.0,0.0,324.0
2026-10-08T03:06:50.045103+00:00,6.7,1969.0,6.1,0.7,9679.1,7145.6,46.0,17541.0,14968.5,1.4,54.3,0.0,97629.0,0.0,10.9,3011.2,1188.8,5.0,17.9,0.0,0.0,324.0
2026-10-08T03:06:51.039556+00:00,7.4,1969.0,5.9,1.0,8707.6,6666.7,46.0,17551.8,14957.7,1.4,54.3,0.0,161161.9,0.0,3.0,928.2,19193.9,9.1,22.2,0.0,0.0,325.0
2026-10-08T03:06:52.046001+00:00,11.6,1969.0,7.5,3.9,39269.7,26508.1,46.0,17559.2,14950.3,1.4,54.3,0.0,141877.8,0.0,4.9,663.1,1055.0,6.9,13.9,0.0,0.0,323.0
2026-10-08T03:06:53.038087+00:00,7.7,1969.0,5.5,1.8,8768.4,6685.8,46.0,17560.3,14949.2,1.4,54.3,0.0,8265.9,0.0,1.0,382.4,634.7,4.0,8.1,0.0,0.0,323.0
2026-10-08T03:06:54.046860+00:00,7.0,1969.0,5.6,1.2,8505.5,6516.1,46.0,17561.2,14948.3,1.4,54.3,0.0,0.0,0.0,0.0,746.2,1266.1,6.9,14.9,0.0,0.0,325.0
2026-10-08T03:06:55.038809+00:00,10.6,1969.0,7.4,3.1,39171.2,27002.1,46.0,17559.3,14950.2,1.4,54.3,0.0,0.0,0.0,0.0,2080.7,937.1,8.1,11.1,0.0,0.0,323.0
2026-10-08T03:06:56.046070+00:00,9.4,1969.0,6.8,2.3,9905.0,7234.6,46.0,17559.2,14950.4,1.4,54.3,0.0,158464.6,0.0,5.0,1042.6,1413.6,9.9,14.9,0.0,0.0,323.0
2026-10-08T03:06:57.039961+00:00,7.1,1969.0,5.9,1.1,8698.5,6626.0,46.0,17564.1,14945.4,1.4,54.3,0.0,268632.0,0.0,7.1,676.0,1075.6,7.1,14.1,0.0,0.0,324.0
2026-10-08T03:06:58.047278+00:00,11.2,1969.0,6.7,3.9,38771.4,26625.3,46.0,17563.1,14946.4,1.4,54.3,0.0,28382.4,0.0,5.9,375.2,899.8,4.0,12.9,0.0,0.0,322.0
2026-10-08T03:06:59.038170+00:00,7.1,1969.0,5.9,1.0,8732.1,6662.6,46.0,17564.5,14945.0,1.4,54.3,0.0,0.0,0.0,0.0,84.8,201.9,1.0,3.0,0.0,0.0,322.0
2026-10-08T03:07:00.052222+00:00,10.4,1969.0,7.0,3.0,14086.0,9768.2,46.1,17509.4,15000.1,1.4,54.3,0.0,12197.0,0.0,2.0,16884.1,4081.6,28.8,33.7,0.0,0.0,324.0
2026-10-08T03:07:01.044655+00:00,4.9,1969.0,2.5,2.5,34418.8,23513.5,46.1,17510.3,14999.2,1.4,54.3,0.0,496724.0,0.0,8.0,377.8,698.6,4.0,9.0,0.0,0.0,322.0
2026-10-08T03:07:02.036118+00:00,1.2,1969.0,0.6,0.6,4956.8,3761.9,46.1,17516.8,14992.7,1.4,54.3,0.0,148559.0,0.0,3.0,1119.3,1503.2,11.1,16.1,0.0,0.0,322.0
2026-10-08T03:07:03.047015+00:00,1.4,1969.0,0.7,0.7,4380.4,3359.0,46.1,17519.7,14989.8,1.4,54.3,0.0,0.0,0.0,0.0,83.4,476.5,1.0,7.9,0.0,0.0,324.0
2026-10-08T03:07:04.039780+00:00,6.6,1969.0,2.3,3.9,34733.1,23731.2,46.1,17518.4,14991.1,1.4,54.3,0.0,218257.7,0.0,51.3,1616.7,2058.0,13.1,18.1,0.0,0.0,322.0
2026-10-08T03:07:05.046221+00:00,1.3,1969.0,0.7,0.6,5564.7,4100.5,46.1,17526.7,14982.8,1.4,54.3,0.0,16231.4,0.0,3.0,1755.5,797.5,5.0,10.9,0.0,0.0,321.0
2026-10-08T03:07:06.042270+00:00,3.4,1969.0,1.0,1.9,4436.7,3357.6,46.0,17551.6,14957.9,1.4,54.3,66158.2,4134.9,1.0,1.0,678.4,1100.3,7.1,14.1,0.0,0.0,323.0
2026-10-08T03:07:07.051918+00:00,5.1,1969.0,1.9,2.6,33516.9,23679.7,46.0,17550.2,14959.3,1.4,54.3,0.0,97170.2,0.0,3.0,838.2,1226.7,7.9,13.8,0.0,0.0,321.0
2026-10-08T03:07:08.043679+00:00,4.9,1969.0,2.5,2.3,5997.4,4764.1,44.9,17898.0,14611.5,1.4,54.3,16495.0,280415.6,1.0,34.2,973.6,1303.8,10.1,15.1,0.0,0.0,321.0
2026-10-08T03:07:09.052809+00:00,1.6,1969.0,1.0,1.0,5040.3,3880.2,44.9,17901.1,14608.4,1.4,54.3,0.0,0.0,0.0,0.0,3718.4,20197.7,29.8,40.7,0.0,0.0,323.0
2026-10-08T03:07:10.043096+00:00,5.2,1969.0,1.5,3.0,33524.9,22434.1,44.9,17909.1,14600.4,1.4,54.3,0.0,0.0,0.0,0.0,6310.7,5546.9,29.2,41.3,0.0,0.0,321.0
2026-10-08T03:07:11.049330+00:00,1.4,1969.0,0.6,0.7,4788.7,3704.4,44.9,17913.9,14595.6,1.4,54.3,0.0,97706.6,0.0,13.9,374.7,990.9,4.0,14.9,0.0,0.0,321.0
2026-10-08T03:07:12.048919+00:00,2.0,1969.0,0.9,0.9,4770.3,3584.3,44.9,17907.1,14602.4,1.4,54.3,0.0,148837.8,0.0,4.0,1036.6,1218.3,10.1,12.1,0.0,0.0,323.0
2026-10-08T03:07:13.041560+00:00,6.6,1969.0,2.4,3.5,35421.0,23629.3,44.9,17914.2,14595.3,1.4,54.3,0.0,28714.9,0.0,3.0,5590.4,880.3,10.0,9.0,0.0,0.0,321.0
2026-10-08T03:07:14.055839+00:00,0.7,1969.0,0.2,0.5,4133.8,3126.3,44.9,17914.1,14595.5,1.4,54.3,0.0,0.0,0.0,0.0,663.7,4584.5,6.9,19.8,0.0,0.0,323.0
2026-10-08T03:07:15.051466+00:00,3.1,1969.0,1.7,1.4,7004.6,5694.0,44.9,17913.3,14596.2,1.4,54.3,0.0,4101.0,0.0,1.0,27357.5,8729.7,49.1,52.1,0.0,0.0,323.0
2026-10-08T03:07:16.042964+00:00,13.4,1969.0,5.6,6.7,34207.3,23481.1,44.9,17911.6,14597.9,1.4,54.3,0.0,317054.0,0.0,8.0,22404.4,13997.4,53.3,63.3,0.0,0.0,321.0
2026-10-08T03:07:17.052617+00:00,6.1,1969.0,3.5,2.2,4431.9,3563.4,44.9,17912.0,14597.5,1.4,54.3,0.0,121969.3,0.0,9.9,376.2,726.6,4.0,8.9,0.0,0.0,321.0
2026-10-08T03:07:18.047797+00:00,3.0,1969.0,1.1,1.7,4992.1,3801.2,44.9,17912.3,14597.2,1.4,54.3,0.0,131840.4,0.0,1.0,633.7,863.0,7.0,11.1,0.0,0.0,323.0
2026-10-08T03:07:19.039627+00:00,5.2,1969.0,1.6,2.9,33998.4,23019.4,44.9,17911.3,14598.2,1.4,54.3,0.0,12353.2,0.0,2.0,632.3,1290.8,4.0,13.1,0.0,0.0,321.0
2026-10-08T03:07:20.048843+00:00,2.5,1969.0,1.1,1.4,5178.5,4162.7,44.9,17913.4,14596.1,1.4,54.3,0.0,308823.6,0.0,68.5,16508.8,4641.8,27.8,34.7,0.0,0.0,321.0
2026-10-08T03:07:21.049067+00:00,2.1,1969.0,0.9,1.2,5326.8,4039.5,44.9,17904.5,14605.0,1.4,54.3,0.0,412609.2,0.0,10.1,84.6,483.5,1.0,8.1,0.0,0.0,323.0
2026-10-08T03:07:22.040595+00:00,5.3,1969.0,2.0,3.1,33683.6,23641.4,44.9,17910.9,14598.6,1.4,54.3,0.0,151509.7,0.0,5.0,962.7,1254.6,10.0,15.0,0.0,0.0,321.0
2026-10-08T03:07:23.048336+00:00,1.0,1969.0,0.5,0.5,4103.5,3179.1,44.9,17913.8,14595.7,1.4,54.3,0.0,8133.5,0.0,1.0,667.2,971.0,7.0,11.9,0.0,0.0,321.0
2026-10-08T03:07:24.043609+00:00,1.7,1969.0,0.4,1.3,5723.1,4311.7,44.9,17912.6,14596.9,1.4,54.3,0.0,4129.2,0.0,1.0,13384.7,10169.8,47.4,53.4,0.0,0.0,323.0
2026-10-08T03:07:25.052931+00:00,4.3,1969.0,1.9,2.4,33365.0,23595.6,44.9,17912.6,14596.9,1.4,54.3,0.0,0.0,0.0,0.0,1751.6,961.8,4.9,13.8,0.0,0.0,321.0
2026-10-08T03:07:26.045090+00:00,2.2,1969.0,0.9,1.3,4515.5,3367.5,44.9,17911.2,14598.3,1.4,54.3,0.0,82496.4,0.0,8.1,381.7,689.8,4.0,9.1,0.0,0.0,321.0
2026-10-08T03:07:27.041661+00:00,1.9,1969.0,0.6,1.1,5053.6,3885.6,44.9,17912.4,14597.1,1.4,54.3,0.0,4124.2,0.0,1.0,1143.8,1490.2,11.1,18.1,0.0,0.0,323.0
2026-10-08T03:07:28.048585+00:00,4.9,1969.0,1.9,2.7,33282.5,23304.5,44.9,17910.6,14598.9,1.4,54.3,0.0,20246.7,0.0,4.0,83.0,363.8,1.0,5.9,0.0,0.0,321.0
2026-10-08T03:07:29.041372+00:00,0.9,1969.0,0.2,0.6,4068.7,3133.2,44.9,17913.1,14596.5,1.4,54.3,0.0,0.0,0.0,0.0,677.4,1135.1,7.1,14.1,0.0,0.0,321.0
2026-10-08T03:07:30.050355+00:00,3.4,1969.0,1.4,1.8,6886.0,5044.2,44.9,17910.0,14599.5,1.4,54.3,0.0,134136.5,0.0,17.9,2340.0,1102.5,10.9,11.9,0.0,0.0,323.0
2026-10-08T03:07:31.041524+00:00,8.6,1969.0,2.6,4.7,33778.5,22996.8,44.9,17910.3,14599.2,1.4,54.3,0.0,152552.2,0.0,4.0,1110.3,1738.4,10.1,21.1,0.0,0.0,321.0
2026-10-08T03:07:32.049835+00:00,0.3,1969.0,0.1,0.2,3935.7,3188.5,44.9,17912.9,14596.6,1.4,54.3,358150.2,415128.7,15.9,18.9,1432.8,1721.0,13.9,17.9,0.0,0.0,321.0
2026-10-08T03:07:33.046696+00:00,7.2,1969.0,2.5,3.5,4999.6,3828.0,44.9,17912.2,14597.3,1.4,54.3,0.0,0.0,0.0,0.0,84.6,314.0,1.0,5.0,0.0,0.0,323.0
2026-10-08T03:07:34.039650+00:00,7.0,1969.0,2.9,3.6,33833.5,23365.1,44.9,17909.0,14600.5,1.4,54.3,0.0,12334.5,0.0,3.0,885.3,1117.2,7.0,9.0,0.0,0.0,321.0
2026-10-08T03:07:35.047157+00:00,1.5,1969.0,0.5,0.8,5073.0,4068.5,44.9,17912.0,14597.5,1.4,54.3,0.0,16230.5,0.0,3.0,1842.6,555.7,5.9,5.9,0.0,0.0,321.0
2026-10-08T03:07:36.043739+00:00,1.6,1969.0,0.8,0.7,5405.8,4158.7,44.9,17911.3,14598.2,1.4,54.3,0.0,462503.4,0.0,55.4,525.3,1373.1,5.0,19.2,0.0,0.0,323.0
2026-10-08T03:07:37.051462+00:00,4.7,1969.0,1.9,2.5,33218.8,22862.2,44.9,17909.2,14600.3,1.4,54.3,0.0,109330.6,0.0,3.0,785.9,1323.7,7.9,16.8,0.0,0.0,321.0
2026-10-08T03:07:38.042521+00:00,2.7,1969.0,1.1,1.4,4710.3,3643.6,44.9,17906.1,14603.4,1.4,54.3,16518.4,156924.8,1.0,14.1,65188.4,9072.8,63.5,63.5,0.0,0.0,321.0
2026-10-08T03:07:39.053291+00:00,1.0,1969.0,0.5,0.5,5421.0,4135.5,44.9,17907.7,14601.8,1.4,54.3,0.0,0.0,0.0,0.0,24072.2,4095.8,33.8,30.8,0.0,0.0,323.0
2026-10-08T03:07:40.046265+00:00,5.2,1969.0,2.4,2.5,33642.1,23491.6,44.9,17903.7,14605.9,1.4,54.3,0.0,32918.8,0.0,7.0,17488.1,5014.0,34.2,36.2,0.0,0.0,321.0
2026-10-08T03:07:41.037578+00:00,1.3,1969.0,0.5,0.9,4921.1,3751.3,44.9,17907.4,14602.1,1.4,54.3,0.0,4127.1,0.0,1.0,23063.7,52945.8,93.7,111.8,0.0,0.0,321.0
2026-10-08T03:07:42.046052+00:00,1.3,1969.0,0.8,0.5,5533.2,4152.6,44.9,17899.3,14610.2,1.4,54.3,0.0,353423.7,0.0,6.9,174.6,198.4,2.0,3.0,0.0,0.0,323.0
2026-10-08T03:07:43.039422+00:00,6.0,1969.0,2.8,2.9,34653.9,23844.9,44.9,17907.0,14602.5,1.4,54.3,0.0,12383.0,0.0,2.0,5327.9,998.7,7.1,12.1,0.0,0.0,321.0
2026-10-08T03:07:44.047672+00:00,0.9,1969.0,0.2,0.6,3853.7,2903.6,44.9,17908.8,14600.7,1.4,54.3,0.0,0.0,0.0,0.0,83.2,420.0,1.0,6.9,0.0,0.0,321.0
2026-10-08T03:07:45.042294+00:00,2.4,1969.0,0.9,1.3,5410.4,4133.7,44.9,17908.4,14601.1,1.4,54.3,0.0,82613.5,0.0,10.1,2673.4,4951.6,14.1,20.2,0.0,0.0,323.0
2026-10-08T03:07:46.049501+00:00,5.0,1969.0,1.5,3.0,33542.7,23070.9,44.9,17905.9,14603.6,1.4,54.3,0.0,60760.2,0.0,9.9,16740.7,4156.5,24.7,35.6,0.0,0.0,321.0
2026-10-08T03:07:47.039519+00:00,2.8,1969.0,1.0,1.5,4620.6,3637.6,44.9,17906.7,14602.8,1.4,54.3,0.0,173634.0,0.0,7.1,678.3,1362.6,7.1,18.2,0.0,0.0,321.0
2026-10-08T03:07:48.051040+00:00,1.6,1969.0,0.5,1.0,4969.3,3819.1,44.9,17907.1,14602.4,1.4,54.3,0.0,0.0,0.0,0.0,1055.8,1508.8,9.9,17.9,0.0,0.0,323.0
2026-10-08T03:07:49.043850+00:00,5.4,1969.0,1.6,3.1,33841.9,23588.8,44.9,17907.9,14601.6,1.4,54.3,0.0,12350.7,0.0,2.0,977.0,1511.7,7.0,16.1,0.0,0.0,321.0
2026-10-08T03:07:50.035755+00:00,0.6,1969.0,0.2,0.3,4624.9,3517.8,44.9,17908.7,14600.8,1.4,54.3,0.0,16504.9,0.0,3.0,3476.5,1367.0,9.1,15.1,0.0,0.0,321.0
2026-10-08T03:07:51.049661+00:00,1.8,1969.0,0.5,1.2,5413.4,4078.4,44.9,17907.9,14601.6,1.4,54.3,0.0,162620.4,0.0,4.0,2418.9,20492.3,22.8,41.7,0.0,0.0,323.0
2026-10-08T03:07:52.040869+00:00,5.8,1969.0,2.0,3.5,33557.8,22964.9,44.9,17906.3,14603.2,1.4,54.3,0.0,24617.7,0.0,4.0,502.9,802.4,5.0,9.0,0.0,0.0,321.0
2026-10-08T03:07:53.050380+00:00,1.1,1969.0,0.6,0.5,4196.1,3287.2,44.9,17910.3,14599.2,1.4,54.3,0.0,239783.4,0.0,53.6,1007.1,1630.2,10.9,19.8,0.0,0.0,321.0
2026-10-08T03:07:54.043622+00:00,2.6,1969.0,1.1,1.2,4962.1,3910.8,44.9,17911.5,14598.0,1.4,54.3,0.0,148475.3,0.0,23.2,716.9,1073.4,8.1,14.1,0.0,0.0,323.0
2026-10-08T03:07:55.052385+00:00,4.3,1969.0,1.9,2.3,33356.9,22786.7,44.9,17907.2,14602.4,1.4,54.3,0.0,0.0,0.0,0.0,2460.9,1447.0,11.9,16.8,0.0,0.0,321.0
2026-10-08T03:07:56.043769+00:00,1.9,1969.0,0.9,0.9,4472.0,3414.9,44.9,17907.3,14602.2,1.4,54.3,0.0,28865.6,0.0,4.0,524.5,1089.3,5.0,14.1,0.0,0.0,321.0
2026-10-08T03:07:57.057354+00:00,1.8,1969.0,0.8,1.0,4805.4,3734.3,44.9,17908.2,14601.3,1.4,54.3,0.0,313070.7,0.0,4.0,83.4,254.1,1.0,4.0,0.0,0.0,325.0
2026-10-08T03:07:58.048169+00:00,4.4,1969.0,2.4,2.0,33306.3,23029.8,44.9,17908.4,14601.1,1.4,54.3,0.0,12327.0,0.0,2.0,84.3,369.2,1.0,6.0,0.0,0.0,321.0
2026-10-08T03:07:59.041471+00:00,0.7,1969.0,0.3,0.4,4006.6,3135.3,44.9,17909.0,14600.5,1.4,54.3,0.0,0.0,0.0,0.0,84.7,371.1,1.0,6.1,0.0,0.0,321.0
2026-10-08T03:08:00.054008+00:00,2.5,1969.0,1.3,1.2,4837.8,3962.6,44.9,17905.7,14603.9,1.4,54.3,0.0,40597.5,0.0,4.0,16389.7,3770.3,25.8,29.7,0.0,0.0,323.0
2026-10-08T03:08:01.046640+00:00,7.7,1969.0,3.3,4.4,36691.1,25296.4,45.0,17875.7,14633.8,1.4,54.3,0.0,419324.0,0.0,10.0,378.4,551.0,4.0,7.0,0.0,0.0,322.0
2026-10-08T03:08:02.040427+00:00,1.7,1969.0,0.8,0.9,4000.8,3069.6,45.0,17876.8,14632.7,1.4,54.3,0.0,140204.5,0.0,6.0,1352.1,1292.7,13.1,13.1,0.0,0.0,322.0
2026-10-08T03:08:03.050365+00:00,1.2,1969.0,0.4,0.7,4359.2,3339.5,45.0,17879.0,14630.5,1.4,54.3,0.0,0.0,0.0,0.0,83.2,142.7,1.0,2.0,0.0,0.0,324.0
2026-10-08T03:08:04.044362+00:00,6.9,1969.0,2.5,4.0,35484.9,25057.2,45.0,17875.4,14634.1,1.4,54.3,0.0,12357.6,0.0,3.0,887.0,1175.6,7.0,10.1,0.0,0.0,322.0
2026-10-08T03:08:05.035190+00:00,2.0,1969.0,0.6,1.2,4782.8,3604.2,45.0,17879.8,14629.7,1.4,54.3,0.0,20612.8,0.0,3.0,1488.6,515.3,2.0,8.1,0.0,0.0,322.0
2026-10-08T03:08:06.049707+00:00,1.5,1969.0,0.3,1.2,4208.9,3158.6,45.0,17879.6,14629.9,1.4,54.3,0.0,4065.9,0.0,1.0,915.2,1143.5,8.9,11.9,0.0,0.0,324.0
2026-10-08T03:08:07.043962+00:00,5.7,1969.0,2.3,3.0,34698.8,24314.7,45.0,17877.3,14632.2,1.4,54.3,0.0,147727.4,0.0,3.0,1218.2,1390.6,13.0,16.0,0.0,0.0,322.0
